Query,Restaurant,Relevance Score
Where can I find a restaurant with an interesting backstory?,City Tavern Restaurant,3
Where can I find a restaurant with an interesting backstory?,Butcher and Singer,3
Where can I find a restaurant with an interesting backstory?,Serpico,3
Where can I find a restaurant with an interesting backstory?,Del Frisco's Double Eagle Steakhouse,3
Where can I find a restaurant with an interesting backstory?,Lacroix Restaurant at The Rittenhouse,2
Where can I find a restaurant with an interesting backstory?,Tashan,2
Where can I find a restaurant with an interesting backstory?,Ralphs Italian Restaurant,3
Where can I find a restaurant with an interesting backstory?,The Continental Mid-town,3
Where can I find a restaurant with an interesting backstory?,The Victor Cafe,3
Where can I find a restaurant with an interesting backstory?,Marigold Kitchen,3
Where can I find a restaurant with an interesting backstory?,Heritage,3
Where can I find a restaurant with an interesting backstory?,Supper,2
Where can I find a restaurant with an interesting backstory?,Bistrot La Minette,2
Where can I find a restaurant with an interesting backstory?,Sbraga,3
Where can I find a restaurant with an interesting backstory?,Rittenhouse Grill,2
Where can I find a restaurant with an interesting backstory?,Spice Finch,3
Where can I find a restaurant with an interesting backstory?,Barclay Prime,2
Where can I find a restaurant with an interesting backstory?,Davios,2
Where can I find a restaurant with an interesting backstory?,Rose Tattoo Cafe,3
Where can I find a restaurant with an interesting backstory?,Vietnam Cafe,2
Where can I find a restaurant with an interesting backstory?,a.kitchen,2
Where can I find a restaurant with an interesting backstory?,Kanella,3
Where can I find a restaurant with an interesting backstory?,Positano Coast by Aldo Lamberti,2
Where can I find a restaurant with an interesting backstory?,Bibou,3
Where can I find a restaurant with an interesting backstory?,La Peg,3
Where can I find a restaurant with an interesting backstory?,Alma de Cuba,3
Where can I find a restaurant with an interesting backstory?,Hardena_Waroeng Surabaya Restaurant,3
Where can I find a restaurant with an interesting backstory?,Laurel,3
Where can I find a restaurant with an interesting backstory?,Marrakesh,3
Where can I find a restaurant with an interesting backstory?,Pub & Kitchen,3
Where can I find a restaurant with an interesting backstory?,Vetri Cucina,3
Where can I find a restaurant with an interesting backstory?,Buddakan,2
Where can I find a restaurant with an interesting backstory?,Friday Saturday Sunday,2
Where can I find a restaurant with an interesting backstory?,The Farmers' Cabinet,3
Where can I find a restaurant with an interesting backstory?,Morimoto,3
Where can I find a restaurant with an interesting backstory?,Villa Di Roma,3
Where can I find a restaurant with an interesting backstory?,The Dandelion,3
Where can I find a restaurant with an interesting backstory?,Dante & Luigi's,3
Where can I find a restaurant with an interesting backstory?,Tequilas Restaurant,3
Where can I find a restaurant with an interesting backstory?,Karma Restaurant & Bar,2
Where can I find a restaurant with an interesting backstory?,Pod,3
Where can I find a restaurant with an interesting backstory?,Harp & Crown,3
Where can I find a restaurant with an interesting backstory?,La Locanda Del Ghiottone,2
Where can I find a restaurant with an interesting backstory?,Seorabol Korean Restaurant,2
Where can I find a restaurant with an interesting backstory?,White Dog Cafe,3
Where can I find a restaurant with an interesting backstory?,The Capital Grille,1
Where can I find a restaurant with an interesting backstory?,Le Viet Restaurant,0
Where can I find a restaurant with an interesting backstory?,The Continental Restaurant and Martini Bar,2
Where can I find a restaurant with an interesting backstory?,Mad Rex,3
Where can I find a restaurant with an interesting backstory?,XIX Nineteen,2
Where can I find a restaurant with an interesting backstory?,Matyson,2
Where can I find a restaurant with an interesting backstory?,Twenty Manning,2
Where can I find a restaurant with an interesting backstory?,R2L,2
Where can I find a restaurant with an interesting backstory?,Han Dynasty,2
Where can I find a restaurant with an interesting backstory?,Landmark Americana Tap & Grill - University City,1
Where can I find a restaurant with an interesting backstory?,Sassafras Bar,3
Where can I find a restaurant with an interesting backstory?,Fogo de Chao,2
Where can I find a restaurant with an interesting backstory?,Lolita,3
Where can I find a restaurant with an interesting backstory?,Fork,2
Where can I find a restaurant with an interesting backstory?,La Fourno Ristorante Trattoria,1
Where can I find a restaurant with an interesting backstory?,Fond,2
Where can I find a restaurant with an interesting backstory?,The Industry,2
Where can I find a restaurant with an interesting backstory?,National Mechanics,3
Where can I find a restaurant with an interesting backstory?,Vedge,3
Where can I find a restaurant with an interesting backstory?,Louie Louie,2
Where can I find a restaurant with an interesting backstory?,Urban Farmer Philadelphia,2
Where can I find a restaurant with an interesting backstory?,Porcini,2
Where can I find a restaurant with an interesting backstory?,Bud & Marilyn's,3
Where can I find a restaurant with an interesting backstory?,Bistro Romano,3
Where can I find a restaurant with an interesting backstory?,Distrito,3
Where can I find a restaurant with an interesting backstory?,Audrey Claire,2
Where can I find a restaurant with an interesting backstory?,Uzbekistan Restaurant,3
Where can I find a restaurant with an interesting backstory?,Rex at the Royal,3
Where can I find a restaurant with an interesting backstory?,Vernick Food & Drink,3
Where can I find a restaurant with an interesting backstory?,Square 1682,2
Where can I find a restaurant with an interesting backstory?,Las Bugambilias,2
Where can I find a restaurant with an interesting backstory?,Jones,2
Where can I find a restaurant with an interesting backstory?,Ocean Prime,0
Where can I find a restaurant with an interesting backstory?,City Tap House,0
Where can I find a restaurant with an interesting backstory?,Russet,3
Where can I find a restaurant with an interesting backstory?,Dim Sum House,2
Where can I find a restaurant with an interesting backstory?,London Grill,2
Where can I find a restaurant with an interesting backstory?,Suraya,3
Where can I find a restaurant with an interesting backstory?,Abe Fisher,2
Where can I find a restaurant with an interesting backstory?,Harvest Seasonal Grill & Wine Bar - Philadelphia,1
Where can I find a restaurant with an interesting backstory?,Chifa,3
Where can I find a restaurant with an interesting backstory?,Red Owl Tavern,2
Where can I find a restaurant with an interesting backstory?,The Little Lion,3
Where can I find a restaurant with an interesting backstory?,Wm Mulherin's Sons,3
Where can I find a restaurant with an interesting backstory?,Kensington Quarters,2
Where can I find a restaurant with an interesting backstory?,Double Knot,3
Where can I find a restaurant with an interesting backstory?,Barbuzzo,2
Where can I find a restaurant with an interesting backstory?,New Delhi Indian Restaurant,1
Where can I find a restaurant with an interesting backstory?,Porta,2
Where can I find a restaurant with an interesting backstory?,The Rooster,3
Where can I find a restaurant with an interesting backstory?,Race Street Cafe,1
Where can I find a restaurant with an interesting backstory?,Stateside,2
Where can I find a restaurant with an interesting backstory?,Ristorante Pesto,3
Where can I find a restaurant with an interesting backstory?,Little Pete's Restaurant,3
Where can I find a restaurant with an interesting backstory?,Talula's Garden,3
Where can I find a restaurant with an interesting backstory?,Garces Trading Company,2
Where can I find a restaurant with an interesting backstory?,Khmer Kitchen,3
Where can I find a restaurant with an interesting backstory?,Amada,2
Where can I find a restaurant with an interesting backstory?,IndeBlue Modern Indian Food & Spirits,2
Where can I find a restaurant with an interesting backstory?,Gran Caffe L'Aquila,3
Where can I find a restaurant with an interesting backstory?,Devil's Alley Bar & Grille,2
Where can I find a restaurant with an interesting backstory?,Modo Mio,3
Where can I find a restaurant with an interesting backstory?,Bellini,0
Where can I find a restaurant with an interesting backstory?,Veda - Modern Indian Bistro,3
Where can I find a restaurant with an interesting backstory?,La Viola,2
Where can I find a restaurant with an interesting backstory?,Indian Restaurant,2
Where can I find a restaurant with an interesting backstory?,South,3
Where can I find a restaurant with an interesting backstory?,The Adobe Cafe,3
Where can I find a restaurant with an interesting backstory?,Farmicia,2
Where can I find a restaurant with an interesting backstory?,Little Fish,3
Where can I find a restaurant with an interesting backstory?,Tierra Colombiana Restaurant,3
Where can I find a restaurant with an interesting backstory?,Pumpkin,2
Where can I find a restaurant with an interesting backstory?,Kalaya,3
Where can I find a restaurant with an interesting backstory?,Joe's Steaks + Soda Shop,3
Where can I find a restaurant with an interesting backstory?,The Love,2
Where can I find a restaurant with an interesting backstory?,Jamonera,3
Where can I find a restaurant with an interesting backstory?,Dinardo's Famous Crabs,3
Where can I find a restaurant with an interesting backstory?,Osteria,2
Where can I find a restaurant with an interesting backstory?,High Street Philadelphia,2
Where can I find a restaurant with an interesting backstory?,Royal Tavern,2
Where can I find a restaurant with an interesting backstory?,Noord,3
Where can I find a restaurant with an interesting backstory?,Butcher Bar,2
Where can I find a restaurant with an interesting backstory?,Trolley Car Diner,2
Where can I find a restaurant with an interesting backstory?,Le Virtu,3
Where can I find a restaurant with an interesting backstory?,Catahoula,2
Where can I find a restaurant with an interesting backstory?,Tredici Enoteca,2
Where can I find a restaurant with an interesting backstory?,North Third,3
Where can I find a restaurant with an interesting backstory?,The Spicy Belly,3
Where can I find a restaurant with an interesting backstory?,Bank & Bourbon,2
Where can I find a restaurant with an interesting backstory?,Zahav,3
Where can I find a restaurant with an interesting backstory?,Ela,2
Where can I find a restaurant with an interesting backstory?,La Calaca Feliz,2
Where can I find a restaurant with an interesting backstory?,Walnut Street Cafe,2
Where can I find a restaurant with an interesting backstory?,Wedge + Fig,2
Where can I find a restaurant with an interesting backstory?,Entree BYOB,1
Where can I find a restaurant with an interesting backstory?,Panorama,2
Where can I find a restaurant with an interesting backstory?,Pennsylvania 6,2
Where can I find a restaurant with an interesting backstory?,Sabrina's Café,2
Where can I find a restaurant with an interesting backstory?,Resurrection Ale House,2
Where can I find a restaurant with an interesting backstory?,Caribou Cafe,2
Where can I find a restaurant with an interesting backstory?,Zavino,2
Where can I find a restaurant with an interesting backstory?,Kabobeesh,2
Where can I find a restaurant with an interesting backstory?,Trolley Car Cafe,1
Where can I find a restaurant with an interesting backstory?,Chima Steakhouse,2
Where can I find a restaurant with an interesting backstory?,Café y Chocolate,3
Where can I find a restaurant with an interesting backstory?,Valanni,2
Where can I find a restaurant with an interesting backstory?,Amis Trattoria,2
Where can I find a restaurant with an interesting backstory?,Jerry's Bar,2
Where can I find a restaurant with an interesting backstory?,Sitar India,1
Where can I find a restaurant with an interesting backstory?,Melograno,2
Where can I find a restaurant with an interesting backstory?,Figs,2
Where can I find a restaurant with an interesting backstory?,The Fat Ham,3
Where can I find a restaurant with an interesting backstory?,PYT,2
Where can I find a restaurant with an interesting backstory?,LaScala's,2
Where can I find a restaurant with an interesting backstory?,Revolution House,3
Where can I find a restaurant with an interesting backstory?,Darling's Diner,2
Where can I find a restaurant with an interesting backstory?,Spasso Italian Grill,0
Where can I find a restaurant with an interesting backstory?,Gyu-Kaku Japanese BBQ,1
Where can I find a restaurant with an interesting backstory?,Sampan,2
Where can I find a restaurant with an interesting backstory?,The Gaslight,2
Where can I find a restaurant with an interesting backstory?,Rangoon Burmese Restaurant,3
Where can I find a restaurant with an interesting backstory?,The Good King Tavern,2
Where can I find a restaurant with an interesting backstory?,Iron Hill Brewery & Restaurant,1
Where can I find a restaurant with an interesting backstory?,48th Street Grille,2
Where can I find a restaurant with an interesting backstory?,Deke's Bar-B-Que,3
Where can I find a restaurant with an interesting backstory?,Smile Cafe,2
Where can I find a restaurant with an interesting backstory?,Tinto,2
Where can I find a restaurant with an interesting backstory?,Melrose Diner,2
Where can I find a restaurant with an interesting backstory?,Kilimandjaro Restaurant,2
Where can I find a restaurant with an interesting backstory?,Triumph Brewing Company,2
Where can I find a restaurant with an interesting backstory?,Mercato BYOB,2
Where can I find a restaurant with an interesting backstory?,Sketch Burger,3
Where can I find a restaurant with an interesting backstory?,Penang,2
Where can I find a restaurant with an interesting backstory?,Miles Table,1
Where can I find a restaurant with an interesting backstory?,Estia,1
Where can I find a restaurant with an interesting backstory?,Barcelona Wine Bar Passyunk,2
Where can I find a restaurant with an interesting backstory?,La Fontana Della Citta,0
Where can I find a restaurant with an interesting backstory?,Bridget Foy's,2
Where can I find a restaurant with an interesting backstory?,El Rey,3
Where can I find a restaurant with an interesting backstory?,Radicchio Cafe,2
Where can I find a restaurant with an interesting backstory?,Jasmine Rice - Rittenhouse,1
Where can I find a restaurant with an interesting backstory?,Jack's Firehouse,3
Where can I find a restaurant with an interesting backstory?,Paris Bistro and Jazz Cafe,3
Where can I find a restaurant with an interesting backstory?,Marmont Steakhouse & Bar,1
Where can I find a restaurant with an interesting backstory?,Bobby's Burger Palace,2
Where can I find a restaurant with an interesting backstory?,Xochitl,2
Where can I find a restaurant with an interesting backstory?,Bar Ferdinand,2
Where can I find a restaurant with an interesting backstory?,New Harmony Vegetarian Restaurant,2
Where can I find a restaurant with an interesting backstory?,Branzino Italian Ristorante,0
Where can I find a restaurant with an interesting backstory?,Southgate,2
Where can I find a restaurant with an interesting backstory?,K-POT Korean BBQ & Hot Pot,2
Where can I find a restaurant with an interesting backstory?,Ratchada Thai & Laos Cuisine,2
Where can I find a restaurant with an interesting backstory?,Talula's Daily,2
Where can I find a restaurant with an interesting backstory?,Bourbon & Branch,3
Where can I find a restaurant with an interesting backstory?,Shiao Lan Kung,2
Where can I find a restaurant with an interesting backstory?,Rouge,2
Where can I find a restaurant with an interesting backstory?,Monsú,3
Where can I find a restaurant with an interesting backstory?,Kraftwork,2
Where can I find a restaurant with an interesting backstory?,Hinge Cafe,2
Where can I find a restaurant with an interesting backstory?,Sate Kampar,3
Where can I find a restaurant with an interesting backstory?,Sazon Restaurant & Cafe,3
Where can I find a restaurant with an interesting backstory?,Chart House,2
Where can I find a restaurant with an interesting backstory?,Moshulu,3
Where can I find a restaurant with an interesting backstory?,Royal Sushi & Izakaya,3
Where can I find a restaurant with an interesting backstory?,Percy Street Barbecue,2
Where can I find a restaurant with an interesting backstory?,Vientiane Café,0
Where can I find a restaurant with an interesting backstory?,Cafe La Maude,3
Where can I find a restaurant with an interesting backstory?,Marathon On the Square,1
Where can I find a restaurant with an interesting backstory?,Sang Kee Noodle House,1
Where can I find a restaurant with an interesting backstory?,Doma,2
Where can I find a restaurant with an interesting backstory?,Giorgio On Pine,2
Where can I find a restaurant with an interesting backstory?,Vietnam Restaurant,2
Where can I find a restaurant with an interesting backstory?,McCormick & Schmick's Seafood & Steaks,1
Where can I find a restaurant with an interesting backstory?,Smokin Bettys,2
Where can I find a restaurant with an interesting backstory?,Indian Kitchen Lovash,2
Where can I find a restaurant with an interesting backstory?,Good Dog Bar,2
Where can I find a restaurant with an interesting backstory?,Mission Taqueria,2
Where can I find a restaurant with an interesting backstory?,Bar Hygge,3
Where can I find a restaurant with an interesting backstory?,Standard Tap,2
Where can I find a restaurant with an interesting backstory?,E Mei Restaurant,2
Where can I find a restaurant with an interesting backstory?,Copabanana,2
Where can I find a restaurant with an interesting backstory?,Erawan Thai Cuisine,1
Where can I find a restaurant with an interesting backstory?,Fette Sau,3
Where can I find a restaurant with an interesting backstory?,Alla Spina,2
Where can I find a restaurant with an interesting backstory?,The Gold Standard Cafe,2
Where can I find a restaurant with an interesting backstory?,Marathon,1
Where can I find a restaurant with an interesting backstory?,Hickory Lane American Bistro,2
Where can I find a restaurant with an interesting backstory?,House of Thai Cuisine,1
Where can I find a restaurant with an interesting backstory?,Vintage Wine Bar,2
Where can I find a restaurant with an interesting backstory?,Three Monkeys Cafe,2
Where can I find a restaurant with an interesting backstory?,Sahara Grill,2
Where can I find a restaurant with an interesting backstory?,Hard Rock Cafe,3
Where can I find a restaurant with an interesting backstory?,Bar-Ly Chinatown,1
Where can I find a restaurant with an interesting backstory?,In Riva,2
Where can I find a restaurant with an interesting backstory?,The Blue Duck,2
Where can I find a restaurant with an interesting backstory?,Parc,3
Where can I find a restaurant with an interesting backstory?,Aksum Cafe,2
Where can I find a restaurant with an interesting backstory?,Cantina Los Caballitos,2
Where can I find a restaurant with an interesting backstory?,Spice 28,2
Where can I find a restaurant with an interesting backstory?,Opa,2
Where can I find a restaurant with an interesting backstory?,Maggiano's Little Italy,2
Where can I find a restaurant with an interesting backstory?,Pinefish,2
Where can I find a restaurant with an interesting backstory?,Sweet Lucy's Smokehouse,2
Where can I find a restaurant with an interesting backstory?,Dmitri's,2
Where can I find a restaurant with an interesting backstory?,El Vez,2
Where can I find a restaurant with an interesting backstory?,Down Home Diner,2
Where can I find a restaurant with an interesting backstory?,The Olde Bar,3
Where can I find a restaurant with an interesting backstory?,Yakitori Boy,2
Where can I find a restaurant with an interesting backstory?,Tattooed Mom,3
Where can I find a restaurant with an interesting backstory?,1225Raw Sushi and Sake Lounge,1
Where can I find a restaurant with an interesting backstory?,Hippot Shabu Shabu,2
Where can I find a restaurant with an interesting backstory?,Memphis Taproom,2
Where can I find a restaurant with an interesting backstory?,The Twisted Tail,2
Where can I find a restaurant with an interesting backstory?,Charlie Was a Sinner,3
Where can I find a restaurant with an interesting backstory?,Harper's Garden,1
Where can I find a restaurant with an interesting backstory?,Cafe Ynez,0
Where can I find a restaurant with an interesting backstory?,V Street,2
Where can I find a restaurant with an interesting backstory?,Booker's Restaurant and Bar,2
Where can I find a restaurant with an interesting backstory?,Destination Dogs,3
Where can I find a restaurant with an interesting backstory?,Cuba Libre Restaurant & Rum Bar - Philadelphia,2
Where can I find a restaurant with an interesting backstory?,Café Soho,2
Where can I find a restaurant with an interesting backstory?,Relish,2
Where can I find a restaurant with an interesting backstory?,Hungry Pigeon,3
Where can I find a restaurant with an interesting backstory?,Bourbon Blue,1
Where can I find a restaurant with an interesting backstory?,Abyssinia,3
Where can I find a restaurant with an interesting backstory?,Ms Tootsie's RBL,2
Where can I find a restaurant with an interesting backstory?,Blue Corn,3
Where can I find a restaurant with an interesting backstory?,Little Nonna's,3
Where can I find a restaurant with an interesting backstory?,Zento Contemporary Japanese Cuisine,2
Where can I find a restaurant with an interesting backstory?,Joy Tsin Lau Chinese Restaurant,2
Where can I find a restaurant with an interesting backstory?,Zama,2
Where can I find a restaurant with an interesting backstory?,Serafina Philadelphia,1
Where can I find a restaurant with an interesting backstory?,Tai Lake Restaurant,2
Where can I find a restaurant with an interesting backstory?,Jong Ka Jib,3
Where can I find a restaurant with an interesting backstory?,Jose Pistola's,1
Where can I find a restaurant with an interesting backstory?,Banana Leaf,2
Where can I find a restaurant with an interesting backstory?,Ramen Bar,2
Where can I find a restaurant with an interesting backstory?,The Goat's Beard,2
Where can I find a restaurant with an interesting backstory?,Bing Bing Dim Sum,2
Where can I find a restaurant with an interesting backstory?,Koreana,0
Where can I find a restaurant with an interesting backstory?,El Jarocho,2
Where can I find a restaurant with an interesting backstory?,Brauhaus Schmitz,2
Where can I find a restaurant with an interesting backstory?,L'Angolo Ristorante,2
Where can I find a restaurant with an interesting backstory?,Time,2
Where can I find a restaurant with an interesting backstory?,Francoluigi's Pizzeria & Italian Restaurant,3
Where can I find a restaurant with an interesting backstory?,McCrossen's Tavern,2
Where can I find a restaurant with an interesting backstory?,Fare,3
Where can I find a restaurant with an interesting backstory?,Jake's & Cooper's Wine Bar & Wine Shop,2
Where can I find a restaurant with an interesting backstory?,Local 44,2
Where can I find a restaurant with an interesting backstory?,Strangelove's,2
Where can I find a restaurant with an interesting backstory?,Taqueria La Veracruzana,1
Where can I find a restaurant with an interesting backstory?,Soup Kitchen Cafe,2
Where can I find a restaurant with an interesting backstory?,Dim Sum Garden,2
Where can I find a restaurant with an interesting backstory?,Bonchon Philadelphia,1
Where can I find a restaurant with an interesting backstory?,South Philly Barbacoa,3
Where can I find a restaurant with an interesting backstory?,Ten Stone Bar & Restaurant,1
Where can I find a restaurant with an interesting backstory?,MilkBoy,2
Where can I find a restaurant with an interesting backstory?,Marra's,3
Where can I find a restaurant with an interesting backstory?,Apricot Stone,3
Where can I find a restaurant with an interesting backstory?,Effie's Restaurant,2
Where can I find a restaurant with an interesting backstory?,Urban Saloon,1
Where can I find a restaurant with an interesting backstory?,Las Cazuelas Restaurant BYOB,0
Where can I find a restaurant with an interesting backstory?,Manakeesh Cafe Bakery & Grill,2
Where can I find a restaurant with an interesting backstory?,JJ Thai Cuisine,2
Where can I find a restaurant with an interesting backstory?,Cafe Lift,2
Where can I find a restaurant with an interesting backstory?,New Deck Tavern,2
Where can I find a restaurant with an interesting backstory?,Sakura Mandarin,3
Where can I find a restaurant with an interesting backstory?,Ting Wong Restaurant,1
Where can I find a restaurant with an interesting backstory?,Green Eggs Café,2
Where can I find a restaurant with an interesting backstory?,Bainbridge Street Barrel House,2
Where can I find a restaurant with an interesting backstory?,Stogie Joe's Tavern,2
Where can I find a restaurant with an interesting backstory?,South Philadelphia Tap Room,1
Where can I find a restaurant with an interesting backstory?,Nine Ting,2
Where can I find a restaurant with an interesting backstory?,Prohibition Taproom,3
Where can I find a restaurant with an interesting backstory?,Varga Bar,2
Where can I find a restaurant with an interesting backstory?,Jamaican Jerk Hut,3
Where can I find a restaurant with an interesting backstory?,Perch Pub,2
Where can I find a restaurant with an interesting backstory?,Bleu Sushi,3
Where can I find a restaurant with an interesting backstory?,Dan Dan,1
Where can I find a restaurant with an interesting backstory?,Los Gallos Mexican Taqueria,2
Where can I find a restaurant with an interesting backstory?,Bar Bombón,2
Where can I find a restaurant with an interesting backstory?,Amma's South Indian Cuisine,2
Where can I find a restaurant with an interesting backstory?,Murph's Bar,2
Where can I find a restaurant with an interesting backstory?,Village Whiskey,2
Where can I find a restaurant with an interesting backstory?,Front Street Cafe,1
Where can I find a restaurant with an interesting backstory?,Di Bruno Bros.,3
Where can I find a restaurant with an interesting backstory?,Giwa Korean Kitchen,2
Where can I find a restaurant with an interesting backstory?,Ladder 15,2
Where can I find a restaurant with an interesting backstory?,2nd Story Brewing,2
Where can I find a restaurant with an interesting backstory?,Tamarind,1
Where can I find a restaurant with an interesting backstory?,American Sardine Bar,2
Where can I find a restaurant with an interesting backstory?,The Belgian Café,2
Where can I find a restaurant with an interesting backstory?,The Plough & the Stars,2
Where can I find a restaurant with an interesting backstory?,Cantina Dos Segundos,2
Where can I find a restaurant with an interesting backstory?,Silk City Diner & Lounge,2
Where can I find a restaurant with an interesting backstory?,Baby Blues BBQ Philly,2
Where can I find a restaurant with an interesting backstory?,Pizzeria Vetri,2
Where can I find a restaurant with an interesting backstory?,Nam Phuong,2
Where can I find a restaurant with an interesting backstory?,The Happy Rooster,2
Where can I find a restaurant with an interesting backstory?,Pietro's Coal Oven Pizzeria,2
Where can I find a restaurant with an interesting backstory?,Pattaya,1
Where can I find a restaurant with an interesting backstory?,Little Sicily 2,2
Where can I find a restaurant with an interesting backstory?,Misconduct Tavern,2
Where can I find a restaurant with an interesting backstory?,Empress Garden,2
Where can I find a restaurant with an interesting backstory?,McGillin's Olde Ale House,3
Where can I find a restaurant with an interesting backstory?,LaScala's Birra,2
Where can I find a restaurant with an interesting backstory?,David's Mai Lai Wah,2
Where can I find a restaurant with an interesting backstory?,Reading Terminal Market,3
Where can I find a restaurant with an interesting backstory?,The Cheesecake Factory,2
Where can I find a restaurant with an interesting backstory?,Xiandu Thai,1
Where can I find a restaurant with an interesting backstory?,Cedar Park Cafe,2
Where can I find a restaurant with an interesting backstory?,Johnny Brenda's,3
Where can I find a restaurant with an interesting backstory?,Penrose Diner,2
Where can I find a restaurant with an interesting backstory?,Luna Café,1
Where can I find a restaurant with an interesting backstory?,Steve's Prince of Steaks,2
Where can I find a restaurant with an interesting backstory?,Zorba's Taverna,2
Where can I find a restaurant with an interesting backstory?,Devon Seafood Grill,2
Where can I find a restaurant with an interesting backstory?,Devil's Den,2
Where can I find a restaurant with an interesting backstory?,Bok Bar,3
Where can I find a restaurant with an interesting backstory?,Khyber Pass Pub,3
Where can I find a restaurant with an interesting backstory?,Umai Umai,2
Where can I find a restaurant with an interesting backstory?,SOMO Manayunk,2
Where can I find a restaurant with an interesting backstory?,Little Spoon Cafe,2
Where can I find a restaurant with an interesting backstory?,JJ Bootleggers,2
Where can I find a restaurant with an interesting backstory?,El Camino Real,2
Where can I find a restaurant with an interesting backstory?,Dock Street Brewery,2
Where can I find a restaurant with an interesting backstory?,Pho Xe Lua Viet Thai Restaurant,2
Where can I find a restaurant with an interesting backstory?,Taqueria Feliz,0
Where can I find a restaurant with an interesting backstory?,Tria Cafe Rittenhouse,1
Where can I find a restaurant with an interesting backstory?,Isot Mediterranean Cuisine,2
Where can I find a restaurant with an interesting backstory?,El Poquito,0
Where can I find a restaurant with an interesting backstory?,Kite & Key,2
Where can I find a restaurant with an interesting backstory?,Saad's Halal Restaurant,2
Where can I find a restaurant with an interesting backstory?,Sancho Pistola's,2
Where can I find a restaurant with an interesting backstory?,Lucky's Last Chance,2
Where can I find a restaurant with an interesting backstory?,Mixto,1
Where can I find a restaurant with an interesting backstory?,Tampopo,1
Where can I find a restaurant with an interesting backstory?,Tres Jalapenos,2
Where can I find a restaurant with an interesting backstory?,The Sidecar Bar & Grille,2
Where can I find a restaurant with an interesting backstory?,Day By Day,2
Where can I find a restaurant with an interesting backstory?,Gnocchi,2
Where can I find a restaurant with an interesting backstory?,Fuji Mountain,2
Where can I find a restaurant with an interesting backstory?,Su Xing House,2
Where can I find a restaurant with an interesting backstory?,Chhaya Cafe,2
Where can I find a restaurant with an interesting backstory?,Las Margaritas,1
Where can I find a restaurant with an interesting backstory?,Mad Mex - University City,1
Where can I find a restaurant with an interesting backstory?,Banh Mi and Bottles,2
Where can I find a restaurant with an interesting backstory?,Alyan's Restaurant,2
Where can I find a restaurant with an interesting backstory?,Winnie's Manayunk,2
Where can I find a restaurant with an interesting backstory?,The Black Sheep Pub & Restaurant,2
Where can I find a restaurant with an interesting backstory?,Que Chula Es Puebla,2
Where can I find a restaurant with an interesting backstory?,Mood Cafe,3
Where can I find a restaurant with an interesting backstory?,BurgerFi,2
Where can I find a restaurant with an interesting backstory?,Loco Pez,0
Where can I find a restaurant with an interesting backstory?,Moriarty's Restaurant and Irish Pub,3
Where can I find a restaurant with an interesting backstory?,Tria Taproom,2
Where can I find a restaurant with an interesting backstory?,Circles Contemporary Thai,2
Where can I find a restaurant with an interesting backstory?,Fat Salmon,2
Where can I find a restaurant with an interesting backstory?,Anastasi Seafood,2
Where can I find a restaurant with an interesting backstory?,The Cambridge,2
Where can I find a restaurant with an interesting backstory?,Creperie Beau Monde & L'Etage,2
Where can I find a restaurant with an interesting backstory?,Nifty Fifty's,2
Where can I find a restaurant with an interesting backstory?,Cafe Olé,3
Where can I find a restaurant with an interesting backstory?,The Abbaye,2
Where can I find a restaurant with an interesting backstory?,Nick's Old Original Roast Beef,3
Where can I find a restaurant with an interesting backstory?,Con Murphy's,1
Where can I find a restaurant with an interesting backstory?,Morgan's Pier,2
Where can I find a restaurant with an interesting backstory?,Eulogy Belgian Tavern,2
Where can I find a restaurant with an interesting backstory?,Sam's Morning Glory Diner,2
Where can I find a restaurant with an interesting backstory?,Manayunk Brewery,2
Where can I find a restaurant with an interesting backstory?,Honey's Sit-N-Eat,2
Where can I find a restaurant with an interesting backstory?,Yanako,2
Where can I find a restaurant with an interesting backstory?,Taco Riendo,1
Where can I find a restaurant with an interesting backstory?,Max Brenner - Philadelphia,2
Where can I find a restaurant with an interesting backstory?,Nom Wah Philadelphia,3
Where can I find a restaurant with an interesting backstory?,Bubblefish,2
Where can I find a restaurant with an interesting backstory?,Nodding Head Brewery & Restaurant,3
Where can I find a restaurant with an interesting backstory?,Bufad,3
Where can I find a restaurant with an interesting backstory?,Loews Philadelphia Hotel,2
Where can I find a restaurant with an interesting backstory?,One Shot Coffee,2
Where can I find a restaurant with an interesting backstory?,Pizzeria Stella,2
Where can I find a restaurant with an interesting backstory?,Barra Rossa Ristorante,2
Where can I find a restaurant with an interesting backstory?,The Foodery at Rittenhouse,0
Where can I find a restaurant with an interesting backstory?,500 Degrees,1
Where can I find a restaurant with an interesting backstory?,SPOT Gourmet Burgers,3
Where can I find a restaurant with an interesting backstory?,Bareburger - Midtown Village,2
Where can I find a restaurant with an interesting backstory?,Hiro Ramen House,2
Where can I find a restaurant with an interesting backstory?,Le Pain Quotidien,2
Where can I find a restaurant with an interesting backstory?,Crazy Sushi,2
Where can I find a restaurant with an interesting backstory?,Bistro SouthEast,2
Where can I find a restaurant with an interesting backstory?,Oyster House,3
Where can I find a restaurant with an interesting backstory?,HipCityVeg,2
Where can I find a restaurant with an interesting backstory?,Tiffin,0
Where can I find a restaurant with an interesting backstory?,World Cafe Live,3
Where can I find a restaurant with an interesting backstory?,Famous 4th Street Delicatessen,3
Where can I find a restaurant with an interesting backstory?,Cedar Point Bar and Kitchen,2
Where can I find a restaurant with an interesting backstory?,Pizza Brain,3
Where can I find a restaurant with an interesting backstory?,Santucci's Original Square Pizza,2
Where can I find a restaurant with an interesting backstory?,El Fuego,2
Where can I find a restaurant with an interesting backstory?,Shake Shack,2
Where can I find a restaurant with an interesting backstory?,Honest Tom's Plant Based Taco Shop,2
Where can I find a restaurant with an interesting backstory?,P S & Co,2
Where can I find a restaurant with an interesting backstory?,Almaz Cafe,2
Where can I find a restaurant with an interesting backstory?,Green Eggs Cafe,2
Where can I find a restaurant with an interesting backstory?,Monk's Cafe,2
Where can I find a restaurant with an interesting backstory?,Bottle Bar East,2
Where can I find a restaurant with an interesting backstory?,Soy Cafe,2
Where can I find a restaurant with an interesting backstory?,Happily Ever After,3
Where can I find a restaurant with an interesting backstory?,Hawthornes Biercafé,1
Where can I find a restaurant with an interesting backstory?,Chabaa Thai Bistro,1
Where can I find a restaurant with an interesting backstory?,Stock,2
Where can I find a restaurant with an interesting backstory?,Molly Malloy's,2
Where can I find a restaurant with an interesting backstory?,Chapterhouse Café & Gallery,2
Where can I find a restaurant with an interesting backstory?,Govinda's Vegetarian,2
Where can I find a restaurant with an interesting backstory?,Philadelphia Museum of Art,3
Where can I find a restaurant with an interesting backstory?,Tacconelli's Pizzeria,3
Where can I find a restaurant with an interesting backstory?,Rosy's Taco Bar,2
Where can I find a restaurant with an interesting backstory?,QT Vietnamese Sandwich,1
Where can I find a restaurant with an interesting backstory?,Cheu Noodle Bar,2
Where can I find a restaurant with an interesting backstory?,Black & Brew,2
Where can I find a restaurant with an interesting backstory?,Geno's Steaks,3
Where can I find a restaurant with an interesting backstory?,Cactus Restaurant & Bar,0
Where can I find a restaurant with an interesting backstory?,The Dutch,2
Where can I find a restaurant with an interesting backstory?,Fergie's Pub,3
Where can I find a restaurant with an interesting backstory?,RIM Cafe,3
Where can I find a restaurant with an interesting backstory?,Paesano's Philly Style,3
Where can I find a restaurant with an interesting backstory?,Honey's Sit N Eat,2
Where can I find a restaurant with an interesting backstory?,Cafe Diem,2
Where can I find a restaurant with an interesting backstory?,Frankford Hall,2
Where can I find a restaurant with an interesting backstory?,Middle Child,2
Where can I find a restaurant with an interesting backstory?,Stockyard Sandwich,2
Where can I find a restaurant with an interesting backstory?,Gooey Looie's,2
Where can I find a restaurant with an interesting backstory?,Greek Lady,2
Where can I find a restaurant with an interesting backstory?,Fuel Center City,1
Where can I find a restaurant with an interesting backstory?,Independence Beer Garden,2
Where can I find a restaurant with an interesting backstory?,Lucha Cartel,3
Where can I find a restaurant with an interesting backstory?,Ekta Indian Cuisine,2
Where can I find a restaurant with an interesting backstory?,Greg's Kitchen,2
Where can I find a restaurant with an interesting backstory?,Real Food Eatery,0
Where can I find a restaurant with an interesting backstory?,Max's Steaks,2
Where can I find a restaurant with an interesting backstory?,John's Roast Pork,3
Where can I find a restaurant with an interesting backstory?,Earth Bread + Brewery,2
Where can I find a restaurant with an interesting backstory?,Buena Onda,2
Where can I find a restaurant with an interesting backstory?,Cleavers,1
Where can I find a restaurant with an interesting backstory?,Circles Contemporary Asian,2
Where can I find a restaurant with an interesting backstory?,Ishkabibble's,3
Where can I find a restaurant with an interesting backstory?,Lucky Strike - Philadelphia,2
Where can I find a restaurant with an interesting backstory?,Drinker's Pub,2
Where can I find a restaurant with an interesting backstory?,Mac's Tavern,3
Where can I find a restaurant with an interesting backstory?,Sonny's Famous Steaks,2
Where can I find a restaurant with an interesting backstory?,Jim's South St,2
Where can I find a restaurant with an interesting backstory?,Chickie's & Pete's,2
Where can I find a restaurant with an interesting backstory?,Shang Hai 1,1
Where can I find a restaurant with an interesting backstory?,Pho Ha Saigon,1
Where can I find a restaurant with an interesting backstory?,Koto Sushi,2
Where can I find a restaurant with an interesting backstory?,K'Far Cafe,3
Where can I find a restaurant with an interesting backstory?,Tela's Market & Kitchen,2
Where can I find a restaurant with an interesting backstory?,Koch's Deli,3
Where can I find a restaurant with an interesting backstory?,The QUICK FIXX,2
Where can I find a restaurant with an interesting backstory?,Warmdaddy's,2
Where can I find a restaurant with an interesting backstory?,Philadelphia Marriott Downtown,1
Where can I find a restaurant with an interesting backstory?,Campo's Philly Cheesesteaks,2
Where can I find a restaurant with an interesting backstory?,Smiley's Cafe,3
Where can I find a restaurant with an interesting backstory?,Hai Street Kitchen & Co,2
Where can I find a restaurant with an interesting backstory?,So Crepe,3
Where can I find a restaurant with an interesting backstory?,IKEA,2
Where can I find a restaurant with an interesting backstory?,Tom's Dim Sum,2
Where can I find a restaurant with an interesting backstory?,HipCityVeg - University City,2
Where can I find a restaurant with an interesting backstory?,P'unk Burger,2
Where can I find a restaurant with an interesting backstory?,Schlesinger's,2
Where can I find a restaurant with an interesting backstory?,Fox and Hound,0
Where can I find a restaurant with an interesting backstory?,Terakawa Ramen,2
Where can I find a restaurant with an interesting backstory?,The Original Tony Lukes,2
Where can I find a restaurant with an interesting backstory?,Hummus Grill,0
Where can I find a restaurant with an interesting backstory?,BRÜ Craft & Wurst,2
Where can I find a restaurant with an interesting backstory?,Nomad Pizza Company,2
Where can I find a restaurant with an interesting backstory?,Dalessandro’s Steaks & Hoagies,2
Where can I find a restaurant with an interesting backstory?,Chubbys Steaks,2
Where can I find a restaurant with an interesting backstory?,Tria Cafe Wash West,2
Where can I find a restaurant with an interesting backstory?,Spice C,2
Where can I find a restaurant with an interesting backstory?,Ants Pants Café,2
Where can I find a restaurant with an interesting backstory?,Aki Nom Nom Sushi & Ramen,1
Where can I find a restaurant with an interesting backstory?,Toast,2
Where can I find a restaurant with an interesting backstory?,Tavern on Broad,1
Where can I find a restaurant with an interesting backstory?,Pizzeria Beddia,3
Where can I find a restaurant with an interesting backstory?,Dave & Buster's,0
Where can I find a restaurant with an interesting backstory?,Sang Kee Peking Duck House,2
Where can I find a restaurant with an interesting backstory?,Rose Petals Cafe,3
Where can I find a restaurant with an interesting backstory?,North Bowl,3
Where can I find a restaurant with an interesting backstory?,Yards Brewing Company,3
Where can I find a restaurant with an interesting backstory?,Oscar's Tavern,3
Where can I find a restaurant with an interesting backstory?,The Couch Tomato Cafe,2
Where can I find a restaurant with an interesting backstory?,Philadelphia Chutney Company,2
Where can I find a restaurant with an interesting backstory?,Vic Sushi Bar,1
Where can I find a restaurant with an interesting backstory?,Barcade,2
Where can I find a restaurant with an interesting backstory?,Underdogs,3
Where can I find a restaurant with an interesting backstory?,Ocean Harbor,0
Where can I find a restaurant with an interesting backstory?,Nomad Roman Pizza,2
Where can I find a restaurant with an interesting backstory?,La Colombe Coffee,2
Where can I find a restaurant with an interesting backstory?,Federal Donuts,3
Where can I find a restaurant with an interesting backstory?,Sardi's Pollo A La Brasa,2
Where can I find a restaurant with an interesting backstory?,Wrap Shack,2
Where can I find a restaurant with an interesting backstory?,Octopus Falafel Truck,3
Where can I find a restaurant with an interesting backstory?,honeygrow,2
Where can I find a restaurant with an interesting backstory?,Vango Lounge & Skybar,0
Where can I find a restaurant with an interesting backstory?,Rybread,2
Where can I find a restaurant with an interesting backstory?,Philip's Steaks,2
Where can I find a restaurant with an interesting backstory?,Pat's King of Steaks,3
Where can I find a restaurant with an interesting backstory?,Rustica,2
Where can I find a restaurant with an interesting backstory?,Jim's Steaks,3
Where can I find a restaurant with an interesting backstory?,Fadó Irish Pub,2
Where can I find a restaurant with an interesting backstory?,Nom Nom Ramen,2
Where can I find a restaurant with an interesting backstory?,Fuel,2
Where can I find a restaurant with an interesting backstory?,Oh Brother Philly,2
Where can I find a restaurant with an interesting backstory?,Cosmi's Deli,3
Where can I find a restaurant with an interesting backstory?,Bluestone Lane,2
Where can I find a restaurant with an interesting backstory?,Jakes Sandwich Board - 12th St,2
Where can I find a restaurant with an interesting backstory?,Magpie,2
Where can I find a restaurant with an interesting backstory?,Dim Sum & Noodle,0
Where can I find a restaurant with an interesting backstory?,Carmen's Famous Italian Hoagies,2
Where can I find a restaurant with an interesting backstory?,Pho Saigon,0
Where can I find a restaurant with an interesting backstory?,Mac Mart,3
Where can I find a restaurant with an interesting backstory?,Love & Honey Fried Chicken,2
Where can I find a restaurant with an interesting backstory?,Miel Patisserie,2
Where can I find a restaurant with an interesting backstory?,&pizza - Walnut,2
Where can I find a restaurant with an interesting backstory?,Pho Cali Vietnamese Restaurant,1
Where can I find a restaurant with an interesting backstory?,Pho Ha,1
Where can I find a restaurant with an interesting backstory?,TGI Fridays,1
Where can I find a restaurant with an interesting backstory?,Revolution Taco,2
Where can I find a restaurant with an interesting backstory?,Woodrow's Sandwich Shop,3
Where can I find a restaurant with an interesting backstory?,Pearl's Oyster Bar,2
Where can I find a restaurant with an interesting backstory?,Nook Bakery & Coffee Bar,2
Where can I find a restaurant with an interesting backstory?,Spice End,1
Where can I find a restaurant with an interesting backstory?,Mama's Vegetarian,2
Where can I find a restaurant with an interesting backstory?,Del Rossi's Cheesesteak,0
Where can I find a restaurant with an interesting backstory?,Pho 75,1
Where can I find a restaurant with an interesting backstory?,Sumo Sushi,1
Where can I find a restaurant with an interesting backstory?,Blackbird Pizzeria,1
Where can I find a restaurant with an interesting backstory?,J'aime French Bakery,2
Where can I find a restaurant with an interesting backstory?,Yamitsuki Ramen,3
Where can I find a restaurant with an interesting backstory?,Elixr Coffee Roasters,2
Where can I find a restaurant with an interesting backstory?,Evil Genius Beer,3
Where can I find a restaurant with an interesting backstory?,Masala Kitchen Kati Rolls and Platters,1
Where can I find a restaurant with an interesting backstory?,Beck's Cajun Cafe,2
Where can I find a restaurant with an interesting backstory?,Chubby Cattle,3
Where can I find a restaurant with an interesting backstory?,Dutch Eating Place,3
Where can I find a restaurant with an interesting backstory?,Nan Zhou Hand Drawn Noodle House,2
Where can I find a restaurant with an interesting backstory?,Termini Bros Bakery,3
Where can I find a restaurant with an interesting backstory?,By George! Pizza Pasta & Cheesesteaks,2
Where can I find a restaurant with an interesting backstory?,Lorenzo & Sons Pizza,3
Where can I find a restaurant with an interesting backstory?,OCF Coffee House,2
Where can I find a restaurant with an interesting backstory?,Grindcore House,3
Where can I find a restaurant with an interesting backstory?,Goldie,2
Where can I find a restaurant with an interesting backstory?,Local Tavern,2
Where can I find a restaurant with an interesting backstory?,Jimmy G's Steaks,2
Where can I find a restaurant with an interesting backstory?,Angelo's Pizzeria,2
Where can I find a restaurant with an interesting backstory?,Meltkraft At Reading Terminal Market,2
Where can I find a restaurant with an interesting backstory?,Dos Tacos,1
Where can I find a restaurant with an interesting backstory?,Legal Sea Foods,2
Where can I find a restaurant with an interesting backstory?,Animo Juice,2
Where can I find a restaurant with an interesting backstory?,Chickie's and Pete's,2
Where can I find a restaurant with an interesting backstory?,Byblos,2
Where can I find a restaurant with an interesting backstory?,Snap Custom Pizza - Center City,1
Where can I find a restaurant with an interesting backstory?,Kabuki Sushi,1
Where can I find a restaurant with an interesting backstory?,Helium Comedy Club,2
Where can I find a restaurant with an interesting backstory?,Xfinity Live! Philadelphia,3
Where can I find a restaurant with an interesting backstory?,Isgro Pastries,3
Where can I find a restaurant with an interesting backstory?,T-Swirl Crêpe,2
Where can I find a restaurant with an interesting backstory?,Slice,1
Where can I find a restaurant with an interesting backstory?,Spataro's Cheesesteaks,2
Where can I find a restaurant with an interesting backstory?,Hershel's East Side Deli,3
Where can I find a restaurant with an interesting backstory?,The Bakeshop on 20th,2
Where can I find a restaurant with an interesting backstory?,A La Mousse,1
Where can I find a restaurant with an interesting backstory?,Punch Line Philly,2
Where can I find a restaurant with an interesting backstory?,Tommy DiNic's,3
Where can I find a restaurant with an interesting backstory?,Lazaro's Pizzeria & Grill,1
Where can I find a restaurant with an interesting backstory?,Luke's Lobster Rittenhouse,2
Where can I find a restaurant with an interesting backstory?,Volo Coffeehouse,2
Where can I find a restaurant with an interesting backstory?,Capogiro Gelato,1
Where can I find a restaurant with an interesting backstory?,Dizengoff,2
Where can I find a restaurant with an interesting backstory?,Bredenbeck's Bakery & Ice Cream Parlor,2
Where can I find a restaurant with an interesting backstory?,Swiss Haus Cafe & Pastry Bar,1
Where can I find a restaurant with an interesting backstory?,Little Baby's Ice Cream,3
Where can I find a restaurant with an interesting backstory?,Woody's,2
Where can I find a restaurant with an interesting backstory?,Sweet Freedom Bakery,2
Where can I find a restaurant with an interesting backstory?,Flying Monkey Bakery,2
Where can I find a restaurant with an interesting backstory?,Knead Bagels,2
Where can I find a restaurant with an interesting backstory?,Sweet Box Cupcakes,2
Where can I find a restaurant with an interesting backstory?,Spread Bagelry,2
Where can I find a restaurant with an interesting backstory?,Kung Fu Tea,2
Where can I find a restaurant with an interesting backstory?,Beiler's Bakery,2
Where can I find a restaurant with an interesting backstory?,The Famous 4th Street Cookie Company,2
Recommend a place with tables that offer privacy for conversations.,Chapterhouse Café & Gallery,2
Recommend a place with tables that offer privacy for conversations.,Philadelphia Marriott Downtown,1
Recommend a place with tables that offer privacy for conversations.,Elixr Coffee Roasters,2
Recommend a place with tables that offer privacy for conversations.,The Farmers' Cabinet,1
Recommend a place with tables that offer privacy for conversations.,Loews Philadelphia Hotel,1
Recommend a place with tables that offer privacy for conversations.,The Gold Standard Cafe,2
Recommend a place with tables that offer privacy for conversations.,La Colombe Coffee,1
Recommend a place with tables that offer privacy for conversations.,Nook Bakery & Coffee Bar,2
Recommend a place with tables that offer privacy for conversations.,Prohibition Taproom,1
Recommend a place with tables that offer privacy for conversations.,Yakitori Boy,2
Recommend a place with tables that offer privacy for conversations.,Ten Stone Bar & Restaurant,2
Recommend a place with tables that offer privacy for conversations.,Tavern on Broad,0
Recommend a place with tables that offer privacy for conversations.,Sassafras Bar,3
Recommend a place with tables that offer privacy for conversations.,Silk City Diner & Lounge,1
Recommend a place with tables that offer privacy for conversations.,World Cafe Live,1
Recommend a place with tables that offer privacy for conversations.,OCF Coffee House,2
Recommend a place with tables that offer privacy for conversations.,Cafe Olé,1
Recommend a place with tables that offer privacy for conversations.,Frankford Hall,1
Recommend a place with tables that offer privacy for conversations.,Time,2
Recommend a place with tables that offer privacy for conversations.,XIX Nineteen,2
Recommend a place with tables that offer privacy for conversations.,City Tap House,1
Recommend a place with tables that offer privacy for conversations.,Audrey Claire,0
Recommend a place with tables that offer privacy for conversations.,Harp & Crown,2
Recommend a place with tables that offer privacy for conversations.,The Good King Tavern,2
Recommend a place with tables that offer privacy for conversations.,Johnny Brenda's,2
Recommend a place with tables that offer privacy for conversations.,Pub & Kitchen,1
Recommend a place with tables that offer privacy for conversations.,Square 1682,2
Recommend a place with tables that offer privacy for conversations.,One Shot Coffee,2
Recommend a place with tables that offer privacy for conversations.,Local 44,1
Recommend a place with tables that offer privacy for conversations.,Independence Beer Garden,2
Recommend a place with tables that offer privacy for conversations.,The Belgian Café,1
Recommend a place with tables that offer privacy for conversations.,Black & Brew,1
Recommend a place with tables that offer privacy for conversations.,Porta,1
Recommend a place with tables that offer privacy for conversations.,Zavino,2
Recommend a place with tables that offer privacy for conversations.,La Viola,0
Recommend a place with tables that offer privacy for conversations.,MilkBoy,1
Recommend a place with tables that offer privacy for conversations.,Oscar's Tavern,1
Recommend a place with tables that offer privacy for conversations.,Pizzeria Vetri,1
Recommend a place with tables that offer privacy for conversations.,The Black Sheep Pub & Restaurant,1
Recommend a place with tables that offer privacy for conversations.,Nodding Head Brewery & Restaurant,2
Recommend a place with tables that offer privacy for conversations.,LaScala's Birra,1
Recommend a place with tables that offer privacy for conversations.,Chhaya Cafe,2
Recommend a place with tables that offer privacy for conversations.,Marrakesh,3
Recommend a place with tables that offer privacy for conversations.,Helium Comedy Club,1
Recommend a place with tables that offer privacy for conversations.,Mercato BYOB,1
Recommend a place with tables that offer privacy for conversations.,Barbuzzo,1
Recommend a place with tables that offer privacy for conversations.,The Cambridge,1
Recommend a place with tables that offer privacy for conversations.,Tattooed Mom,1
Recommend a place with tables that offer privacy for conversations.,Local Tavern,1
Recommend a place with tables that offer privacy for conversations.,The Plough & the Stars,1
Recommend a place with tables that offer privacy for conversations.,Trolley Car Cafe,1
Recommend a place with tables that offer privacy for conversations.,Evil Genius Beer,2
Recommend a place with tables that offer privacy for conversations.,Harper's Garden,1
Recommend a place with tables that offer privacy for conversations.,Twenty Manning,1
Recommend a place with tables that offer privacy for conversations.,Tria Taproom,2
Recommend a place with tables that offer privacy for conversations.,Race Street Cafe,1
Recommend a place with tables that offer privacy for conversations.,Bar Hygge,2
Recommend a place with tables that offer privacy for conversations.,Perch Pub,2
Recommend a place with tables that offer privacy for conversations.,Landmark Americana Tap & Grill - University City,1
Recommend a place with tables that offer privacy for conversations.,Cafe Lift,2
Recommend a place with tables that offer privacy for conversations.,Drinker's Pub,0
Recommend a place with tables that offer privacy for conversations.,Sabrina's Café,2
Recommend a place with tables that offer privacy for conversations.,Iron Hill Brewery & Restaurant,1
Recommend a place with tables that offer privacy for conversations.,Monk's Cafe,2
Recommend a place with tables that offer privacy for conversations.,Vintage Wine Bar,2
Recommend a place with tables that offer privacy for conversations.,Caribou Cafe,1
Recommend a place with tables that offer privacy for conversations.,Bibou,2
Recommend a place with tables that offer privacy for conversations.,Misconduct Tavern,1
Recommend a place with tables that offer privacy for conversations.,Walnut Street Cafe,1
Recommend a place with tables that offer privacy for conversations.,Kite & Key,1
Recommend a place with tables that offer privacy for conversations.,Bistrot La Minette,2
Recommend a place with tables that offer privacy for conversations.,Lacroix Restaurant at The Rittenhouse,2
Recommend a place with tables that offer privacy for conversations.,Urban Saloon,0
Recommend a place with tables that offer privacy for conversations.,The Continental Mid-town,1
Recommend a place with tables that offer privacy for conversations.,Devil's Alley Bar & Grille,1
Recommend a place with tables that offer privacy for conversations.,Rose Tattoo Cafe,3
Recommend a place with tables that offer privacy for conversations.,Bok Bar,1
Recommend a place with tables that offer privacy for conversations.,Vango Lounge & Skybar,0
Recommend a place with tables that offer privacy for conversations.,Bottle Bar East,1
Recommend a place with tables that offer privacy for conversations.,Talula's Daily,1
Recommend a place with tables that offer privacy for conversations.,Royal Tavern,1
Recommend a place with tables that offer privacy for conversations.,Soy Cafe,2
Recommend a place with tables that offer privacy for conversations.,La Peg,2
Recommend a place with tables that offer privacy for conversations.,Triumph Brewing Company,1
Recommend a place with tables that offer privacy for conversations.,The Industry,1
Recommend a place with tables that offer privacy for conversations.,Rouge,2
Recommend a place with tables that offer privacy for conversations.,Morgan's Pier,1
Recommend a place with tables that offer privacy for conversations.,Byblos,0
Recommend a place with tables that offer privacy for conversations.,Front Street Cafe,1
Recommend a place with tables that offer privacy for conversations.,Double Knot,2
Recommend a place with tables that offer privacy for conversations.,Rittenhouse Grill,2
Recommend a place with tables that offer privacy for conversations.,The Twisted Tail,2
Recommend a place with tables that offer privacy for conversations.,The Sidecar Bar & Grille,1
Recommend a place with tables that offer privacy for conversations.,Fadó Irish Pub,2
Recommend a place with tables that offer privacy for conversations.,Pumpkin,1
Recommend a place with tables that offer privacy for conversations.,Serpico,2
Recommend a place with tables that offer privacy for conversations.,The Abbaye,2
Recommend a place with tables that offer privacy for conversations.,Pod,3
Recommend a place with tables that offer privacy for conversations.,Copabanana,1
Recommend a place with tables that offer privacy for conversations.,Volo Coffeehouse,2
Recommend a place with tables that offer privacy for conversations.,Lolita,1
Recommend a place with tables that offer privacy for conversations.,The Happy Rooster,2
Recommend a place with tables that offer privacy for conversations.,Hinge Cafe,2
Recommend a place with tables that offer privacy for conversations.,Bridget Foy's,1
Recommend a place with tables that offer privacy for conversations.,Ladder 15,1
Recommend a place with tables that offer privacy for conversations.,Valanni,2
Recommend a place with tables that offer privacy for conversations.,McGillin's Olde Ale House,1
Recommend a place with tables that offer privacy for conversations.,Wedge + Fig,2
Recommend a place with tables that offer privacy for conversations.,IKEA,1
Recommend a place with tables that offer privacy for conversations.,Woody's,1
Recommend a place with tables that offer privacy for conversations.,Opa,1
Recommend a place with tables that offer privacy for conversations.,The Olde Bar,2
Recommend a place with tables that offer privacy for conversations.,Barcade,1
Recommend a place with tables that offer privacy for conversations.,Positano Coast by Aldo Lamberti,1
Recommend a place with tables that offer privacy for conversations.,Xfinity Live! Philadelphia,0
Recommend a place with tables that offer privacy for conversations.,Good Dog Bar,1
Recommend a place with tables that offer privacy for conversations.,R2L,1
Recommend a place with tables that offer privacy for conversations.,Varga Bar,0
Recommend a place with tables that offer privacy for conversations.,Fergie's Pub,2
Recommend a place with tables that offer privacy for conversations.,Matyson,2
Recommend a place with tables that offer privacy for conversations.,National Mechanics,1
Recommend a place with tables that offer privacy for conversations.,Little Pete's Restaurant,1
Recommend a place with tables that offer privacy for conversations.,Standard Tap,1
Recommend a place with tables that offer privacy for conversations.,Cantina Los Caballitos,1
Recommend a place with tables that offer privacy for conversations.,Dock Street Brewery,1
Recommend a place with tables that offer privacy for conversations.,McCrossen's Tavern,2
Recommend a place with tables that offer privacy for conversations.,The Adobe Cafe,2
Recommend a place with tables that offer privacy for conversations.,Spice Finch,2
Recommend a place with tables that offer privacy for conversations.,a.kitchen,2
Recommend a place with tables that offer privacy for conversations.,Tashan,2
Recommend a place with tables that offer privacy for conversations.,Strangelove's,2
Recommend a place with tables that offer privacy for conversations.,South,2
Recommend a place with tables that offer privacy for conversations.,Three Monkeys Cafe,1
Recommend a place with tables that offer privacy for conversations.,Heritage,2
Recommend a place with tables that offer privacy for conversations.,Melrose Diner,2
Recommend a place with tables that offer privacy for conversations.,Trolley Car Diner,1
Recommend a place with tables that offer privacy for conversations.,The Victor Cafe,2
Recommend a place with tables that offer privacy for conversations.,Jerry's Bar,2
Recommend a place with tables that offer privacy for conversations.,Charlie Was a Sinner,2
Recommend a place with tables that offer privacy for conversations.,Barclay Prime,2
Recommend a place with tables that offer privacy for conversations.,The Continental Restaurant and Martini Bar,2
Recommend a place with tables that offer privacy for conversations.,Ants Pants Café,1
Recommend a place with tables that offer privacy for conversations.,Del Frisco's Double Eagle Steakhouse,2
Recommend a place with tables that offer privacy for conversations.,1225Raw Sushi and Sake Lounge,2
Recommend a place with tables that offer privacy for conversations.,Alla Spina,1
Recommend a place with tables that offer privacy for conversations.,Pennsylvania 6,2
Recommend a place with tables that offer privacy for conversations.,Little Fish,3
Recommend a place with tables that offer privacy for conversations.,Fond,1
Recommend a place with tables that offer privacy for conversations.,Talula's Garden,2
Recommend a place with tables that offer privacy for conversations.,Eulogy Belgian Tavern,1
Recommend a place with tables that offer privacy for conversations.,Stogie Joe's Tavern,1
Recommend a place with tables that offer privacy for conversations.,Friday Saturday Sunday,2
Recommend a place with tables that offer privacy for conversations.,The Foodery at Rittenhouse,2
Recommend a place with tables that offer privacy for conversations.,Harvest Seasonal Grill & Wine Bar - Philadelphia,2
Recommend a place with tables that offer privacy for conversations.,Bar-Ly Chinatown,1
Recommend a place with tables that offer privacy for conversations.,Smile Cafe,2
Recommend a place with tables that offer privacy for conversations.,Amis Trattoria,0
Recommend a place with tables that offer privacy for conversations.,Bainbridge Street Barrel House,1
Recommend a place with tables that offer privacy for conversations.,Suraya,2
Recommend a place with tables that offer privacy for conversations.,North Third,1
Recommend a place with tables that offer privacy for conversations.,RIM Cafe,1
Recommend a place with tables that offer privacy for conversations.,Kraftwork,0
Recommend a place with tables that offer privacy for conversations.,La Locanda Del Ghiottone,1
Recommend a place with tables that offer privacy for conversations.,Vernick Food & Drink,2
Recommend a place with tables that offer privacy for conversations.,Red Owl Tavern,1
Recommend a place with tables that offer privacy for conversations.,Yards Brewing Company,1
Recommend a place with tables that offer privacy for conversations.,The Dandelion,2
Recommend a place with tables that offer privacy for conversations.,Melograno,0
Recommend a place with tables that offer privacy for conversations.,American Sardine Bar,1
Recommend a place with tables that offer privacy for conversations.,Dmitri's,0
Recommend a place with tables that offer privacy for conversations.,Osteria,2
Recommend a place with tables that offer privacy for conversations.,Porcini,0
Recommend a place with tables that offer privacy for conversations.,Moriarty's Restaurant and Irish Pub,1
Recommend a place with tables that offer privacy for conversations.,Louie Louie,1
Recommend a place with tables that offer privacy for conversations.,New Deck Tavern,0
Recommend a place with tables that offer privacy for conversations.,Grindcore House,2
Recommend a place with tables that offer privacy for conversations.,White Dog Cafe,3
Recommend a place with tables that offer privacy for conversations.,Davios,2
Recommend a place with tables that offer privacy for conversations.,Branzino Italian Ristorante,2
Recommend a place with tables that offer privacy for conversations.,Laurel,3
Recommend a place with tables that offer privacy for conversations.,Devil's Den,2
Recommend a place with tables that offer privacy for conversations.,Paris Bistro and Jazz Cafe,1
Recommend a place with tables that offer privacy for conversations.,Bar Ferdinand,1
Recommend a place with tables that offer privacy for conversations.,Village Whiskey,1
Recommend a place with tables that offer privacy for conversations.,Stateside,0
Recommend a place with tables that offer privacy for conversations.,Wm Mulherin's Sons,1
Recommend a place with tables that offer privacy for conversations.,Jack's Firehouse,1
Recommend a place with tables that offer privacy for conversations.,Fox and Hound,1
Recommend a place with tables that offer privacy for conversations.,Sbraga,2
Recommend a place with tables that offer privacy for conversations.,Dave & Buster's,1
Recommend a place with tables that offer privacy for conversations.,Mac's Tavern,1
Recommend a place with tables that offer privacy for conversations.,Khyber Pass Pub,1
Recommend a place with tables that offer privacy for conversations.,Toast,1
Recommend a place with tables that offer privacy for conversations.,Resurrection Ale House,1
Recommend a place with tables that offer privacy for conversations.,Kensington Quarters,1
Recommend a place with tables that offer privacy for conversations.,Cafe La Maude,1
Recommend a place with tables that offer privacy for conversations.,South Philadelphia Tap Room,1
Recommend a place with tables that offer privacy for conversations.,Tredici Enoteca,2
Recommend a place with tables that offer privacy for conversations.,Wrap Shack,1
Recommend a place with tables that offer privacy for conversations.,Catahoula,1
Recommend a place with tables that offer privacy for conversations.,Sweet Lucy's Smokehouse,2
Recommend a place with tables that offer privacy for conversations.,Bourbon Blue,2
Recommend a place with tables that offer privacy for conversations.,Tria Cafe Rittenhouse,2
Recommend a place with tables that offer privacy for conversations.,Hawthornes Biercafé,1
Recommend a place with tables that offer privacy for conversations.,BRÜ Craft & Wurst,1
Recommend a place with tables that offer privacy for conversations.,Con Murphy's,1
Recommend a place with tables that offer privacy for conversations.,Green Eggs Café,0
Recommend a place with tables that offer privacy for conversations.,Effie's Restaurant,2
Recommend a place with tables that offer privacy for conversations.,Uzbekistan Restaurant,2
Recommend a place with tables that offer privacy for conversations.,Chifa,2
Recommend a place with tables that offer privacy for conversations.,Figs,2
Recommend a place with tables that offer privacy for conversations.,Sampan,2
Recommend a place with tables that offer privacy for conversations.,Lucky Strike - Philadelphia,1
Recommend a place with tables that offer privacy for conversations.,Garces Trading Company,1
Recommend a place with tables that offer privacy for conversations.,Deke's Bar-B-Que,1
Recommend a place with tables that offer privacy for conversations.,Cantina Dos Segundos,1
Recommend a place with tables that offer privacy for conversations.,Pizzeria Stella,1
Recommend a place with tables that offer privacy for conversations.,Creperie Beau Monde & L'Etage,2
Recommend a place with tables that offer privacy for conversations.,Fette Sau,1
Recommend a place with tables that offer privacy for conversations.,La Fourno Ristorante Trattoria,1
Recommend a place with tables that offer privacy for conversations.,Rybread,1
Recommend a place with tables that offer privacy for conversations.,PYT,1
Recommend a place with tables that offer privacy for conversations.,Pizzeria Beddia,0
Recommend a place with tables that offer privacy for conversations.,Dim Sum House,2
Recommend a place with tables that offer privacy for conversations.,Bing Bing Dim Sum,1
Recommend a place with tables that offer privacy for conversations.,Xochitl,2
Recommend a place with tables that offer privacy for conversations.,Miles Table,1
Recommend a place with tables that offer privacy for conversations.,The Gaslight,1
Recommend a place with tables that offer privacy for conversations.,Vientiane Café,2
Recommend a place with tables that offer privacy for conversations.,Kanella,1
Recommend a place with tables that offer privacy for conversations.,Jamonera,2
Recommend a place with tables that offer privacy for conversations.,Han Dynasty,1
Recommend a place with tables that offer privacy for conversations.,Abyssinia,2
Recommend a place with tables that offer privacy for conversations.,Tria Cafe Wash West,2
Recommend a place with tables that offer privacy for conversations.,The Goat's Beard,1
Recommend a place with tables that offer privacy for conversations.,Parc,1
Recommend a place with tables that offer privacy for conversations.,London Grill,2
Recommend a place with tables that offer privacy for conversations.,Punch Line Philly,0
Recommend a place with tables that offer privacy for conversations.,Soup Kitchen Cafe,1
Recommend a place with tables that offer privacy for conversations.,Revolution House,2
Recommend a place with tables that offer privacy for conversations.,El Camino Real,1
Recommend a place with tables that offer privacy for conversations.,Darling's Diner,0
Recommend a place with tables that offer privacy for conversations.,The Love,2
Recommend a place with tables that offer privacy for conversations.,Tierra Colombiana Restaurant,2
Recommend a place with tables that offer privacy for conversations.,Ms Tootsie's RBL,2
Recommend a place with tables that offer privacy for conversations.,The Blue Duck,1
Recommend a place with tables that offer privacy for conversations.,Mixto,1
Recommend a place with tables that offer privacy for conversations.,Bank & Bourbon,1
Recommend a place with tables that offer privacy for conversations.,Legal Sea Foods,1
Recommend a place with tables that offer privacy for conversations.,Bluestone Lane,1
Recommend a place with tables that offer privacy for conversations.,Memphis Taproom,1
Recommend a place with tables that offer privacy for conversations.,Alma de Cuba,2
Recommend a place with tables that offer privacy for conversations.,Le Pain Quotidien,1
Recommend a place with tables that offer privacy for conversations.,Federal Donuts,0
Recommend a place with tables that offer privacy for conversations.,North Bowl,1
Recommend a place with tables that offer privacy for conversations.,Amada,1
Recommend a place with tables that offer privacy for conversations.,Radicchio Cafe,1
Recommend a place with tables that offer privacy for conversations.,Bud & Marilyn's,2
Recommend a place with tables that offer privacy for conversations.,Down Home Diner,1
Recommend a place with tables that offer privacy for conversations.,Reading Terminal Market,1
Recommend a place with tables that offer privacy for conversations.,Bourbon & Branch,2
Recommend a place with tables that offer privacy for conversations.,Bufad,1
Recommend a place with tables that offer privacy for conversations.,Manayunk Brewery,1
Recommend a place with tables that offer privacy for conversations.,Panorama,2
Recommend a place with tables that offer privacy for conversations.,Russet,1
Recommend a place with tables that offer privacy for conversations.,Circles Contemporary Thai,2
Recommend a place with tables that offer privacy for conversations.,Le Virtu,1
Recommend a place with tables that offer privacy for conversations.,2nd Story Brewing,2
Recommend a place with tables that offer privacy for conversations.,Giorgio On Pine,0
Recommend a place with tables that offer privacy for conversations.,High Street Philadelphia,1
Recommend a place with tables that offer privacy for conversations.,Estia,2
Recommend a place with tables that offer privacy for conversations.,Spice 28,1
Recommend a place with tables that offer privacy for conversations.,La Calaca Feliz,2
Recommend a place with tables that offer privacy for conversations.,Murph's Bar,1
Recommend a place with tables that offer privacy for conversations.,Marathon On the Square,1
Recommend a place with tables that offer privacy for conversations.,Royal Sushi & Izakaya,2
Recommend a place with tables that offer privacy for conversations.,Ramen Bar,1
Recommend a place with tables that offer privacy for conversations.,Cedar Park Cafe,1
Recommend a place with tables that offer privacy for conversations.,Ela,2
Recommend a place with tables that offer privacy for conversations.,Buddakan,1
Recommend a place with tables that offer privacy for conversations.,Marathon,1
Recommend a place with tables that offer privacy for conversations.,Supper,1
Recommend a place with tables that offer privacy for conversations.,Bistro Romano,2
Recommend a place with tables that offer privacy for conversations.,Mood Cafe,1
Recommend a place with tables that offer privacy for conversations.,Tequilas Restaurant,2
Recommend a place with tables that offer privacy for conversations.,Hungry Pigeon,1
Recommend a place with tables that offer privacy for conversations.,Fuji Mountain,2
Recommend a place with tables that offer privacy for conversations.,Modo Mio,1
Recommend a place with tables that offer privacy for conversations.,Jones,2
Recommend a place with tables that offer privacy for conversations.,P S & Co,1
Recommend a place with tables that offer privacy for conversations.,Destination Dogs,1
Recommend a place with tables that offer privacy for conversations.,Café Soho,0
Recommend a place with tables that offer privacy for conversations.,LaScala's,1
Recommend a place with tables that offer privacy for conversations.,Honey's Sit-N-Eat,1
Recommend a place with tables that offer privacy for conversations.,Vietnam Cafe,2
Recommend a place with tables that offer privacy for conversations.,Sam's Morning Glory Diner,1
Recommend a place with tables that offer privacy for conversations.,Butcher and Singer,3
Recommend a place with tables that offer privacy for conversations.,Brauhaus Schmitz,1
Recommend a place with tables that offer privacy for conversations.,Mad Mex - University City,1
Recommend a place with tables that offer privacy for conversations.,Sancho Pistola's,1
Recommend a place with tables that offer privacy for conversations.,Jake's & Cooper's Wine Bar & Wine Shop,1
Recommend a place with tables that offer privacy for conversations.,Circles Contemporary Asian,2
Recommend a place with tables that offer privacy for conversations.,Vic Sushi Bar,0
Recommend a place with tables that offer privacy for conversations.,Aksum Cafe,1
Recommend a place with tables that offer privacy for conversations.,The Little Lion,1
Recommend a place with tables that offer privacy for conversations.,Jose Pistola's,1
Recommend a place with tables that offer privacy for conversations.,Cheu Noodle Bar,0
Recommend a place with tables that offer privacy for conversations.,Fogo de Chao,2
Recommend a place with tables that offer privacy for conversations.,El Vez,1
Recommend a place with tables that offer privacy for conversations.,Las Bugambilias,1
Recommend a place with tables that offer privacy for conversations.,Little Spoon Cafe,1
Recommend a place with tables that offer privacy for conversations.,Luna Café,1
Recommend a place with tables that offer privacy for conversations.,Sitar India,3
Recommend a place with tables that offer privacy for conversations.,Distrito,2
Recommend a place with tables that offer privacy for conversations.,Hiro Ramen House,2
Recommend a place with tables that offer privacy for conversations.,Green Eggs Cafe,1
Recommend a place with tables that offer privacy for conversations.,Ralphs Italian Restaurant,0
Recommend a place with tables that offer privacy for conversations.,City Tavern Restaurant,1
Recommend a place with tables that offer privacy for conversations.,Tela's Market & Kitchen,1
Recommend a place with tables that offer privacy for conversations.,Smokin Bettys,1
Recommend a place with tables that offer privacy for conversations.,Farmicia,2
Recommend a place with tables that offer privacy for conversations.,Marigold Kitchen,2
Recommend a place with tables that offer privacy for conversations.,Dim Sum Garden,1
Recommend a place with tables that offer privacy for conversations.,Morimoto,1
Recommend a place with tables that offer privacy for conversations.,Pinefish,1
Recommend a place with tables that offer privacy for conversations.,Jamaican Jerk Hut,0
Recommend a place with tables that offer privacy for conversations.,In Riva,1
Recommend a place with tables that offer privacy for conversations.,Mission Taqueria,1
Recommend a place with tables that offer privacy for conversations.,Manakeesh Cafe Bakery & Grill,2
Recommend a place with tables that offer privacy for conversations.,The Fat Ham,1
Recommend a place with tables that offer privacy for conversations.,Chima Steakhouse,1
Recommend a place with tables that offer privacy for conversations.,Hardena_Waroeng Surabaya Restaurant,1
Recommend a place with tables that offer privacy for conversations.,Penrose Diner,1
Recommend a place with tables that offer privacy for conversations.,Miel Patisserie,1
Recommend a place with tables that offer privacy for conversations.,Earth Bread + Brewery,0
Recommend a place with tables that offer privacy for conversations.,Hickory Lane American Bistro,2
Recommend a place with tables that offer privacy for conversations.,Francoluigi's Pizzeria & Italian Restaurant,2
Recommend a place with tables that offer privacy for conversations.,Baby Blues BBQ Philly,2
Recommend a place with tables that offer privacy for conversations.,La Fontana Della Citta,1
Recommend a place with tables that offer privacy for conversations.,J'aime French Bakery,2
Recommend a place with tables that offer privacy for conversations.,Tinto,2
Recommend a place with tables that offer privacy for conversations.,Entree BYOB,1
Recommend a place with tables that offer privacy for conversations.,Noord,1
Recommend a place with tables that offer privacy for conversations.,The Capital Grille,2
Recommend a place with tables that offer privacy for conversations.,Veda - Modern Indian Bistro,2
Recommend a place with tables that offer privacy for conversations.,Rex at the Royal,2
Recommend a place with tables that offer privacy for conversations.,Nifty Fifty's,0
Recommend a place with tables that offer privacy for conversations.,Capogiro Gelato,2
Recommend a place with tables that offer privacy for conversations.,Dan Dan,1
Recommend a place with tables that offer privacy for conversations.,Banana Leaf,1
Recommend a place with tables that offer privacy for conversations.,Chickie's and Pete's,1
Recommend a place with tables that offer privacy for conversations.,Tamarind,1
Recommend a place with tables that offer privacy for conversations.,Little Nonna's,2
Recommend a place with tables that offer privacy for conversations.,Loco Pez,1
Recommend a place with tables that offer privacy for conversations.,Jasmine Rice - Rittenhouse,2
Recommend a place with tables that offer privacy for conversations.,Nomad Pizza Company,1
Recommend a place with tables that offer privacy for conversations.,Bubblefish,2
Recommend a place with tables that offer privacy for conversations.,Banh Mi and Bottles,2
Recommend a place with tables that offer privacy for conversations.,Bonchon Philadelphia,1
Recommend a place with tables that offer privacy for conversations.,Max Brenner - Philadelphia,2
Recommend a place with tables that offer privacy for conversations.,Nom Wah Philadelphia,2
Recommend a place with tables that offer privacy for conversations.,IndeBlue Modern Indian Food & Spirits,3
Recommend a place with tables that offer privacy for conversations.,Cafe Ynez,1
Recommend a place with tables that offer privacy for conversations.,Alyan's Restaurant,2
Recommend a place with tables that offer privacy for conversations.,Mad Rex,1
Recommend a place with tables that offer privacy for conversations.,Gnocchi,1
Recommend a place with tables that offer privacy for conversations.,Booker's Restaurant and Bar,2
Recommend a place with tables that offer privacy for conversations.,Barcelona Wine Bar Passyunk,1
Recommend a place with tables that offer privacy for conversations.,Dante & Luigi's,2
Recommend a place with tables that offer privacy for conversations.,Ocean Prime,2
Recommend a place with tables that offer privacy for conversations.,Percy Street Barbecue,1
Recommend a place with tables that offer privacy for conversations.,Honey's Sit N Eat,1
Recommend a place with tables that offer privacy for conversations.,Molly Malloy's,1
Recommend a place with tables that offer privacy for conversations.,Apricot Stone,2
Recommend a place with tables that offer privacy for conversations.,Hard Rock Cafe,1
Recommend a place with tables that offer privacy for conversations.,Marmont Steakhouse & Bar,2
Recommend a place with tables that offer privacy for conversations.,Pattaya,2
Recommend a place with tables that offer privacy for conversations.,Taqueria Feliz,0
Recommend a place with tables that offer privacy for conversations.,Serafina Philadelphia,0
Recommend a place with tables that offer privacy for conversations.,Oyster House,1
Recommend a place with tables that offer privacy for conversations.,JJ Bootleggers,0
Recommend a place with tables that offer privacy for conversations.,Doma,2
Recommend a place with tables that offer privacy for conversations.,El Rey,1
Recommend a place with tables that offer privacy for conversations.,Nam Phuong,1
Recommend a place with tables that offer privacy for conversations.,The Dutch,1
Recommend a place with tables that offer privacy for conversations.,Dutch Eating Place,0
Recommend a place with tables that offer privacy for conversations.,Di Bruno Bros.,1
Recommend a place with tables that offer privacy for conversations.,Spasso Italian Grill,2
Recommend a place with tables that offer privacy for conversations.,Butcher Bar,1
Recommend a place with tables that offer privacy for conversations.,Bellini,1
Recommend a place with tables that offer privacy for conversations.,K'Far Cafe,1
Recommend a place with tables that offer privacy for conversations.,Pietro's Coal Oven Pizzeria,1
Recommend a place with tables that offer privacy for conversations.,Kung Fu Tea,1
Recommend a place with tables that offer privacy for conversations.,Southgate,2
Recommend a place with tables that offer privacy for conversations.,Gran Caffe L'Aquila,1
Recommend a place with tables that offer privacy for conversations.,Vietnam Restaurant,2
Recommend a place with tables that offer privacy for conversations.,Marra's,1
Recommend a place with tables that offer privacy for conversations.,Kalaya,0
Recommend a place with tables that offer privacy for conversations.,Cuba Libre Restaurant & Rum Bar - Philadelphia,1
Recommend a place with tables that offer privacy for conversations.,McCormick & Schmick's Seafood & Steaks,1
Recommend a place with tables that offer privacy for conversations.,Lucky's Last Chance,1
Recommend a place with tables that offer privacy for conversations.,Urban Farmer Philadelphia,2
Recommend a place with tables that offer privacy for conversations.,Café y Chocolate,1
Recommend a place with tables that offer privacy for conversations.,Zento Contemporary Japanese Cuisine,2
Recommend a place with tables that offer privacy for conversations.,Devon Seafood Grill,2
Recommend a place with tables that offer privacy for conversations.,Chickie's & Pete's,1
Recommend a place with tables that offer privacy for conversations.,Le Viet Restaurant,3
Recommend a place with tables that offer privacy for conversations.,Rosy's Taco Bar,1
Recommend a place with tables that offer privacy for conversations.,Greg's Kitchen,1
Recommend a place with tables that offer privacy for conversations.,V Street,1
Recommend a place with tables that offer privacy for conversations.,Villa Di Roma,1
Recommend a place with tables that offer privacy for conversations.,Cedar Point Bar and Kitchen,1
Recommend a place with tables that offer privacy for conversations.,The Couch Tomato Cafe,2
Recommend a place with tables that offer privacy for conversations.,Vetri Cucina,3
Recommend a place with tables that offer privacy for conversations.,Erawan Thai Cuisine,2
Recommend a place with tables that offer privacy for conversations.,Day By Day,2
Recommend a place with tables that offer privacy for conversations.,Fork,1
Recommend a place with tables that offer privacy for conversations.,Tom's Dim Sum,1
Recommend a place with tables that offer privacy for conversations.,L'Angolo Ristorante,2
Recommend a place with tables that offer privacy for conversations.,Chart House,2
Recommend a place with tables that offer privacy for conversations.,Su Xing House,2
Recommend a place with tables that offer privacy for conversations.,Moshulu,1
Recommend a place with tables that offer privacy for conversations.,Joe's Steaks + Soda Shop,2
Recommend a place with tables that offer privacy for conversations.,Happily Ever After,1
Recommend a place with tables that offer privacy for conversations.,Tampopo,1
Recommend a place with tables that offer privacy for conversations.,Barra Rossa Ristorante,2
Recommend a place with tables that offer privacy for conversations.,The Rooster,1
Recommend a place with tables that offer privacy for conversations.,Relish,1
Recommend a place with tables that offer privacy for conversations.,Fuel Center City,1
Recommend a place with tables that offer privacy for conversations.,New Harmony Vegetarian Restaurant,1
Recommend a place with tables that offer privacy for conversations.,Gyu-Kaku Japanese BBQ,1
Recommend a place with tables that offer privacy for conversations.,Ocean Harbor,1
Recommend a place with tables that offer privacy for conversations.,Fare,2
Recommend a place with tables that offer privacy for conversations.,Vedge,2
Recommend a place with tables that offer privacy for conversations.,SOMO Manayunk,2
Recommend a place with tables that offer privacy for conversations.,Anastasi Seafood,1
Recommend a place with tables that offer privacy for conversations.,TGI Fridays,0
Recommend a place with tables that offer privacy for conversations.,Sazon Restaurant & Cafe,1
Recommend a place with tables that offer privacy for conversations.,Karma Restaurant & Bar,2
Recommend a place with tables that offer privacy for conversations.,Zama,2
Recommend a place with tables that offer privacy for conversations.,Joy Tsin Lau Chinese Restaurant,1
Recommend a place with tables that offer privacy for conversations.,Kabobeesh,1
Recommend a place with tables that offer privacy for conversations.,El Fuego,1
Recommend a place with tables that offer privacy for conversations.,Spread Bagelry,1
Recommend a place with tables that offer privacy for conversations.,Zahav,1
Recommend a place with tables that offer privacy for conversations.,Sate Kampar,1
Recommend a place with tables that offer privacy for conversations.,Maggiano's Little Italy,2
Recommend a place with tables that offer privacy for conversations.,Yanako,2
Recommend a place with tables that offer privacy for conversations.,The Spicy Belly,1
Recommend a place with tables that offer privacy for conversations.,El Poquito,1
Recommend a place with tables that offer privacy for conversations.,David's Mai Lai Wah,0
Recommend a place with tables that offer privacy for conversations.,Almaz Cafe,1
Recommend a place with tables that offer privacy for conversations.,Saad's Halal Restaurant,1
Recommend a place with tables that offer privacy for conversations.,Fuel,1
Recommend a place with tables that offer privacy for conversations.,Sang Kee Noodle House,1
Recommend a place with tables that offer privacy for conversations.,House of Thai Cuisine,2
Recommend a place with tables that offer privacy for conversations.,K-POT Korean BBQ & Hot Pot,1
Recommend a place with tables that offer privacy for conversations.,So Crepe,2
Recommend a place with tables that offer privacy for conversations.,Winnie's Manayunk,1
Recommend a place with tables that offer privacy for conversations.,JJ Thai Cuisine,1
Recommend a place with tables that offer privacy for conversations.,Chubbys Steaks,1
Recommend a place with tables that offer privacy for conversations.,Shiao Lan Kung,1
Recommend a place with tables that offer privacy for conversations.,Pho Xe Lua Viet Thai Restaurant,1
Recommend a place with tables that offer privacy for conversations.,Nom Nom Ramen,1
Recommend a place with tables that offer privacy for conversations.,Warmdaddy's,1
Recommend a place with tables that offer privacy for conversations.,Pizza Brain,1
Recommend a place with tables that offer privacy for conversations.,Indian Kitchen Lovash,2
Recommend a place with tables that offer privacy for conversations.,Middle Child,0
Recommend a place with tables that offer privacy for conversations.,The QUICK FIXX,0
Recommend a place with tables that offer privacy for conversations.,Cafe Diem,0
Recommend a place with tables that offer privacy for conversations.,Koreana,1
Recommend a place with tables that offer privacy for conversations.,Pearl's Oyster Bar,1
Recommend a place with tables that offer privacy for conversations.,Schlesinger's,1
Recommend a place with tables that offer privacy for conversations.,Umai Umai,2
Recommend a place with tables that offer privacy for conversations.,BurgerFi,0
Recommend a place with tables that offer privacy for conversations.,Little Sicily 2,2
Recommend a place with tables that offer privacy for conversations.,Khmer Kitchen,1
Recommend a place with tables that offer privacy for conversations.,Paesano's Philly Style,1
Recommend a place with tables that offer privacy for conversations.,Pho Ha,0
Recommend a place with tables that offer privacy for conversations.,Shake Shack,1
Recommend a place with tables that offer privacy for conversations.,Dinardo's Famous Crabs,0
Recommend a place with tables that offer privacy for conversations.,SPOT Gourmet Burgers,0
Recommend a place with tables that offer privacy for conversations.,Bobby's Burger Palace,0
Recommend a place with tables that offer privacy for conversations.,Abe Fisher,1
Recommend a place with tables that offer privacy for conversations.,Magpie,1
Recommend a place with tables that offer privacy for conversations.,Chabaa Thai Bistro,2
Recommend a place with tables that offer privacy for conversations.,Nomad Roman Pizza,2
Recommend a place with tables that offer privacy for conversations.,Tai Lake Restaurant,1
Recommend a place with tables that offer privacy for conversations.,Hai Street Kitchen & Co,0
Recommend a place with tables that offer privacy for conversations.,QT Vietnamese Sandwich,1
Recommend a place with tables that offer privacy for conversations.,Seorabol Korean Restaurant,2
Recommend a place with tables that offer privacy for conversations.,500 Degrees,0
Recommend a place with tables that offer privacy for conversations.,Sketch Burger,1
Recommend a place with tables that offer privacy for conversations.,Crazy Sushi,1
Recommend a place with tables that offer privacy for conversations.,Las Cazuelas Restaurant BYOB,2
Recommend a place with tables that offer privacy for conversations.,Jong Ka Jib,2
Recommend a place with tables that offer privacy for conversations.,Buena Onda,1
Recommend a place with tables that offer privacy for conversations.,Ratchada Thai & Laos Cuisine,3
Recommend a place with tables that offer privacy for conversations.,Stock,1
Recommend a place with tables that offer privacy for conversations.,honeygrow,1
Recommend a place with tables that offer privacy for conversations.,Isot Mediterranean Cuisine,2
Recommend a place with tables that offer privacy for conversations.,Hummus Grill,1
Recommend a place with tables that offer privacy for conversations.,Jim's South St,1
Recommend a place with tables that offer privacy for conversations.,Ekta Indian Cuisine,2
Recommend a place with tables that offer privacy for conversations.,Rangoon Burmese Restaurant,3
Recommend a place with tables that offer privacy for conversations.,Gooey Looie's,0
Recommend a place with tables that offer privacy for conversations.,Las Margaritas,1
Recommend a place with tables that offer privacy for conversations.,Nick's Old Original Roast Beef,1
Recommend a place with tables that offer privacy for conversations.,Bar Bombón,0
Recommend a place with tables that offer privacy for conversations.,Sakura Mandarin,2
Recommend a place with tables that offer privacy for conversations.,Giwa Korean Kitchen,0
Recommend a place with tables that offer privacy for conversations.,Lorenzo & Sons Pizza,0
Recommend a place with tables that offer privacy for conversations.,Indian Restaurant,2
Recommend a place with tables that offer privacy for conversations.,Taco Riendo,1
Recommend a place with tables that offer privacy for conversations.,New Delhi Indian Restaurant,2
Recommend a place with tables that offer privacy for conversations.,The Cheesecake Factory,1
Recommend a place with tables that offer privacy for conversations.,Xiandu Thai,1
Recommend a place with tables that offer privacy for conversations.,Tacconelli's Pizzeria,2
Recommend a place with tables that offer privacy for conversations.,Ristorante Pesto,1
Recommend a place with tables that offer privacy for conversations.,Govinda's Vegetarian,1
Recommend a place with tables that offer privacy for conversations.,Cactus Restaurant & Bar,1
Recommend a place with tables that offer privacy for conversations.,E Mei Restaurant,2
Recommend a place with tables that offer privacy for conversations.,Cleavers,1
Recommend a place with tables that offer privacy for conversations.,A La Mousse,1
Recommend a place with tables that offer privacy for conversations.,Monsú,1
Recommend a place with tables that offer privacy for conversations.,Tres Jalapenos,2
Recommend a place with tables that offer privacy for conversations.,El Jarocho,1
Recommend a place with tables that offer privacy for conversations.,Kilimandjaro Restaurant,1
Recommend a place with tables that offer privacy for conversations.,T-Swirl Crêpe,2
Recommend a place with tables that offer privacy for conversations.,Smiley's Cafe,1
Recommend a place with tables that offer privacy for conversations.,Zorba's Taverna,1
Recommend a place with tables that offer privacy for conversations.,Nine Ting,2
Recommend a place with tables that offer privacy for conversations.,Sahara Grill,2
Recommend a place with tables that offer privacy for conversations.,Pho 75,0
Recommend a place with tables that offer privacy for conversations.,Philadelphia Chutney Company,0
Recommend a place with tables that offer privacy for conversations.,Steve's Prince of Steaks,0
Recommend a place with tables that offer privacy for conversations.,Penang,1
Recommend a place with tables that offer privacy for conversations.,Ishkabibble's,0
Recommend a place with tables that offer privacy for conversations.,Bleu Sushi,1
Recommend a place with tables that offer privacy for conversations.,The Original Tony Lukes,1
Recommend a place with tables that offer privacy for conversations.,Mac Mart,1
Recommend a place with tables that offer privacy for conversations.,Aki Nom Nom Sushi & Ramen,2
Recommend a place with tables that offer privacy for conversations.,48th Street Grille,1
Recommend a place with tables that offer privacy for conversations.,HipCityVeg,0
Recommend a place with tables that offer privacy for conversations.,Rustica,1
Recommend a place with tables that offer privacy for conversations.,Bistro SouthEast,1
Recommend a place with tables that offer privacy for conversations.,Hippot Shabu Shabu,1
Recommend a place with tables that offer privacy for conversations.,Greek Lady,1
Recommend a place with tables that offer privacy for conversations.,Rose Petals Cafe,1
Recommend a place with tables that offer privacy for conversations.,Koch's Deli,0
Recommend a place with tables that offer privacy for conversations.,HipCityVeg - University City,2
Recommend a place with tables that offer privacy for conversations.,&pizza - Walnut,1
Recommend a place with tables that offer privacy for conversations.,Santucci's Original Square Pizza,1
Recommend a place with tables that offer privacy for conversations.,Pho Saigon,1
Recommend a place with tables that offer privacy for conversations.,Ting Wong Restaurant,1
Recommend a place with tables that offer privacy for conversations.,Fat Salmon,1
Recommend a place with tables that offer privacy for conversations.,Los Gallos Mexican Taqueria,1
Recommend a place with tables that offer privacy for conversations.,Knead Bagels,1
Recommend a place with tables that offer privacy for conversations.,Termini Bros Bakery,0
Recommend a place with tables that offer privacy for conversations.,Philadelphia Museum of Art,1
Recommend a place with tables that offer privacy for conversations.,Snap Custom Pizza - Center City,1
Recommend a place with tables that offer privacy for conversations.,Mama's Vegetarian,1
Recommend a place with tables that offer privacy for conversations.,Pho Ha Saigon,1
Recommend a place with tables that offer privacy for conversations.,Dalessandro’s Steaks & Hoagies,0
Recommend a place with tables that offer privacy for conversations.,Lucha Cartel,1
Recommend a place with tables that offer privacy for conversations.,Carmen's Famous Italian Hoagies,0
Recommend a place with tables that offer privacy for conversations.,Slice,1
Recommend a place with tables that offer privacy for conversations.,Amma's South Indian Cuisine,1
Recommend a place with tables that offer privacy for conversations.,Bareburger - Midtown Village,1
Recommend a place with tables that offer privacy for conversations.,Taqueria La Veracruzana,0
Recommend a place with tables that offer privacy for conversations.,Beck's Cajun Cafe,0
Recommend a place with tables that offer privacy for conversations.,Max's Steaks,0
Recommend a place with tables that offer privacy for conversations.,Empress Garden,1
Recommend a place with tables that offer privacy for conversations.,Spice C,1
Recommend a place with tables that offer privacy for conversations.,Campo's Philly Cheesesteaks,1
Recommend a place with tables that offer privacy for conversations.,John's Roast Pork,1
Recommend a place with tables that offer privacy for conversations.,Shang Hai 1,1
Recommend a place with tables that offer privacy for conversations.,Underdogs,0
Recommend a place with tables that offer privacy for conversations.,Terakawa Ramen,1
Recommend a place with tables that offer privacy for conversations.,South Philly Barbacoa,0
Recommend a place with tables that offer privacy for conversations.,Honest Tom's Plant Based Taco Shop,1
Recommend a place with tables that offer privacy for conversations.,Animo Juice,0
Recommend a place with tables that offer privacy for conversations.,Philip's Steaks,0
Recommend a place with tables that offer privacy for conversations.,The Bakeshop on 20th,1
Recommend a place with tables that offer privacy for conversations.,Jim's Steaks,1
Recommend a place with tables that offer privacy for conversations.,Pho Cali Vietnamese Restaurant,1
Recommend a place with tables that offer privacy for conversations.,Sardi's Pollo A La Brasa,1
Recommend a place with tables that offer privacy for conversations.,Blue Corn,1
Recommend a place with tables that offer privacy for conversations.,P'unk Burger,1
Recommend a place with tables that offer privacy for conversations.,Spice End,1
Recommend a place with tables that offer privacy for conversations.,Famous 4th Street Delicatessen,1
Recommend a place with tables that offer privacy for conversations.,Dizengoff,1
Recommend a place with tables that offer privacy for conversations.,Nan Zhou Hand Drawn Noodle House,0
Recommend a place with tables that offer privacy for conversations.,Que Chula Es Puebla,1
Recommend a place with tables that offer privacy for conversations.,Stockyard Sandwich,1
Recommend a place with tables that offer privacy for conversations.,Revolution Taco,0
Recommend a place with tables that offer privacy for conversations.,Real Food Eatery,1
Recommend a place with tables that offer privacy for conversations.,Sonny's Famous Steaks,1
Recommend a place with tables that offer privacy for conversations.,Sang Kee Peking Duck House,1
Recommend a place with tables that offer privacy for conversations.,Tiffin,1
Recommend a place with tables that offer privacy for conversations.,Angelo's Pizzeria,1
Recommend a place with tables that offer privacy for conversations.,Yamitsuki Ramen,2
Recommend a place with tables that offer privacy for conversations.,Hershel's East Side Deli,0
Recommend a place with tables that offer privacy for conversations.,Jakes Sandwich Board - 12th St,1
Recommend a place with tables that offer privacy for conversations.,Octopus Falafel Truck,0
Recommend a place with tables that offer privacy for conversations.,Blackbird Pizzeria,0
Recommend a place with tables that offer privacy for conversations.,Dim Sum & Noodle,1
Recommend a place with tables that offer privacy for conversations.,Kabuki Sushi,1
Recommend a place with tables that offer privacy for conversations.,Sumo Sushi,1
Recommend a place with tables that offer privacy for conversations.,Little Baby's Ice Cream,0
Recommend a place with tables that offer privacy for conversations.,Tommy DiNic's,1
Recommend a place with tables that offer privacy for conversations.,Luke's Lobster Rittenhouse,1
Recommend a place with tables that offer privacy for conversations.,Goldie,0
Recommend a place with tables that offer privacy for conversations.,Geno's Steaks,0
Recommend a place with tables that offer privacy for conversations.,Masala Kitchen Kati Rolls and Platters,1
Recommend a place with tables that offer privacy for conversations.,By George! Pizza Pasta & Cheesesteaks,0
Recommend a place with tables that offer privacy for conversations.,Jimmy G's Steaks,0
Recommend a place with tables that offer privacy for conversations.,Sweet Freedom Bakery,1
Recommend a place with tables that offer privacy for conversations.,Del Rossi's Cheesesteak,1
Recommend a place with tables that offer privacy for conversations.,Woodrow's Sandwich Shop,0
Recommend a place with tables that offer privacy for conversations.,Pat's King of Steaks,0
Recommend a place with tables that offer privacy for conversations.,Koto Sushi,1
Recommend a place with tables that offer privacy for conversations.,Meltkraft At Reading Terminal Market,0
Recommend a place with tables that offer privacy for conversations.,Love & Honey Fried Chicken,1
Recommend a place with tables that offer privacy for conversations.,Swiss Haus Cafe & Pastry Bar,2
Recommend a place with tables that offer privacy for conversations.,Isgro Pastries,0
Recommend a place with tables that offer privacy for conversations.,Cosmi's Deli,1
Recommend a place with tables that offer privacy for conversations.,Spataro's Cheesesteaks,0
Recommend a place with tables that offer privacy for conversations.,Oh Brother Philly,0
Recommend a place with tables that offer privacy for conversations.,Lazaro's Pizzeria & Grill,2
Recommend a place with tables that offer privacy for conversations.,Chubby Cattle,1
Recommend a place with tables that offer privacy for conversations.,Beiler's Bakery,0
Recommend a place with tables that offer privacy for conversations.,Dos Tacos,0
Recommend a place with tables that offer privacy for conversations.,Flying Monkey Bakery,0
Recommend a place with tables that offer privacy for conversations.,The Famous 4th Street Cookie Company,0
Recommend a place with tables that offer privacy for conversations.,Sweet Box Cupcakes,0
Recommend a place with tables that offer privacy for conversations.,Bredenbeck's Bakery & Ice Cream Parlor,0
Where can I eat where the menu changes seasonally?,Harvest Seasonal Grill & Wine Bar - Philadelphia,3
Where can I eat where the menu changes seasonally?,Sbraga,3
Where can I eat where the menu changes seasonally?,Supper,3
Where can I eat where the menu changes seasonally?,Marigold Kitchen,3
Where can I eat where the menu changes seasonally?,Lacroix Restaurant at The Rittenhouse,3
Where can I eat where the menu changes seasonally?,Vetri Cucina,3
Where can I eat where the menu changes seasonally?,Fond,3
Where can I eat where the menu changes seasonally?,Pumpkin,3
Where can I eat where the menu changes seasonally?,Spice Finch,2
Where can I eat where the menu changes seasonally?,Talula's Daily,3
Where can I eat where the menu changes seasonally?,Serpico,3
Where can I eat where the menu changes seasonally?,Russet,3
Where can I eat where the menu changes seasonally?,Laurel,3
Where can I eat where the menu changes seasonally?,Panorama,2
Where can I eat where the menu changes seasonally?,Vintage Wine Bar,2
Where can I eat where the menu changes seasonally?,Talula's Garden,3
Where can I eat where the menu changes seasonally?,Bistrot La Minette,3
Where can I eat where the menu changes seasonally?,Matyson,3
Where can I eat where the menu changes seasonally?,Tria Cafe Rittenhouse,2
Where can I eat where the menu changes seasonally?,Tredici Enoteca,2
Where can I eat where the menu changes seasonally?,Little Fish,3
Where can I eat where the menu changes seasonally?,Kanella,2
Where can I eat where the menu changes seasonally?,Butcher and Singer,0
Where can I eat where the menu changes seasonally?,Tria Cafe Wash West,2
Where can I eat where the menu changes seasonally?,Osteria,3
Where can I eat where the menu changes seasonally?,Garces Trading Company,1
Where can I eat where the menu changes seasonally?,Tinto,1
Where can I eat where the menu changes seasonally?,Zavino,2
Where can I eat where the menu changes seasonally?,Farmicia,2
Where can I eat where the menu changes seasonally?,Bar Ferdinand,1
Where can I eat where the menu changes seasonally?,a.kitchen,2
Where can I eat where the menu changes seasonally?,Fork,3
Where can I eat where the menu changes seasonally?,Davios,2
Where can I eat where the menu changes seasonally?,Vedge,3
Where can I eat where the menu changes seasonally?,Kraftwork,3
Where can I eat where the menu changes seasonally?,Iron Hill Brewery & Restaurant,2
Where can I eat where the menu changes seasonally?,Audrey Claire,3
Where can I eat where the menu changes seasonally?,Abe Fisher,2
Where can I eat where the menu changes seasonally?,The Continental Mid-town,1
Where can I eat where the menu changes seasonally?,Vernick Food & Drink,3
Where can I eat where the menu changes seasonally?,The Good King Tavern,2
Where can I eat where the menu changes seasonally?,Jake's & Cooper's Wine Bar & Wine Shop,3
Where can I eat where the menu changes seasonally?,Modo Mio,3
Where can I eat where the menu changes seasonally?,Pub & Kitchen,3
Where can I eat where the menu changes seasonally?,Jamonera,2
Where can I eat where the menu changes seasonally?,Twenty Manning,2
Where can I eat where the menu changes seasonally?,Harp & Crown,1
Where can I eat where the menu changes seasonally?,Butcher Bar,1
Where can I eat where the menu changes seasonally?,Positano Coast by Aldo Lamberti,1
Where can I eat where the menu changes seasonally?,Wedge + Fig,0
Where can I eat where the menu changes seasonally?,Charlie Was a Sinner,3
Where can I eat where the menu changes seasonally?,North Third,2
Where can I eat where the menu changes seasonally?,Lolita,1
Where can I eat where the menu changes seasonally?,The Farmers' Cabinet,3
Where can I eat where the menu changes seasonally?,Heritage,2
Where can I eat where the menu changes seasonally?,Tria Taproom,2
Where can I eat where the menu changes seasonally?,Figs,2
Where can I eat where the menu changes seasonally?,Ela,3
Where can I eat where the menu changes seasonally?,Amada,2
Where can I eat where the menu changes seasonally?,Dmitri's,0
Where can I eat where the menu changes seasonally?,Di Bruno Bros.,1
Where can I eat where the menu changes seasonally?,Han Dynasty,0
Where can I eat where the menu changes seasonally?,Friday Saturday Sunday,2
Where can I eat where the menu changes seasonally?,Mercato BYOB,3
Where can I eat where the menu changes seasonally?,Bibou,3
Where can I eat where the menu changes seasonally?,Zahav,1
Where can I eat where the menu changes seasonally?,Noord,3
Where can I eat where the menu changes seasonally?,Rose Tattoo Cafe,3
Where can I eat where the menu changes seasonally?,The Adobe Cafe,1
Where can I eat where the menu changes seasonally?,Stateside,2
Where can I eat where the menu changes seasonally?,La Locanda Del Ghiottone,2
Where can I eat where the menu changes seasonally?,Fogo de Chao,0
Where can I eat where the menu changes seasonally?,Barcelona Wine Bar Passyunk,1
Where can I eat where the menu changes seasonally?,Race Street Cafe,2
Where can I eat where the menu changes seasonally?,American Sardine Bar,3
Where can I eat where the menu changes seasonally?,Barbuzzo,2
Where can I eat where the menu changes seasonally?,Melograno,2
Where can I eat where the menu changes seasonally?,Front Street Cafe,1
Where can I eat where the menu changes seasonally?,The Industry,2
Where can I eat where the menu changes seasonally?,Trolley Car Diner,1
Where can I eat where the menu changes seasonally?,Kensington Quarters,2
Where can I eat where the menu changes seasonally?,Tashan,1
Where can I eat where the menu changes seasonally?,Marathon On the Square,0
Where can I eat where the menu changes seasonally?,Sweet Lucy's Smokehouse,0
Where can I eat where the menu changes seasonally?,High Street Philadelphia,3
Where can I eat where the menu changes seasonally?,Sampan,1
Where can I eat where the menu changes seasonally?,City Tap House,2
Where can I eat where the menu changes seasonally?,South Philadelphia Tap Room,3
Where can I eat where the menu changes seasonally?,La Peg,2
Where can I eat where the menu changes seasonally?,Estia,0
Where can I eat where the menu changes seasonally?,Tierra Colombiana Restaurant,0
Where can I eat where the menu changes seasonally?,Chifa,1
Where can I eat where the menu changes seasonally?,Wm Mulherin's Sons,2
Where can I eat where the menu changes seasonally?,Barclay Prime,3
Where can I eat where the menu changes seasonally?,Bar Hygge,3
Where can I eat where the menu changes seasonally?,Monsú,2
Where can I eat where the menu changes seasonally?,Caribou Cafe,1
Where can I eat where the menu changes seasonally?,La Fourno Ristorante Trattoria,1
Where can I eat where the menu changes seasonally?,Little Nonna's,1
Where can I eat where the menu changes seasonally?,Chima Steakhouse,0
Where can I eat where the menu changes seasonally?,Reading Terminal Market,1
Where can I eat where the menu changes seasonally?,Apricot Stone,1
Where can I eat where the menu changes seasonally?,White Dog Cafe,3
Where can I eat where the menu changes seasonally?,Sabrina's Café,3
Where can I eat where the menu changes seasonally?,Ocean Prime,1
Where can I eat where the menu changes seasonally?,The Twisted Tail,2
Where can I eat where the menu changes seasonally?,Rittenhouse Grill,0
Where can I eat where the menu changes seasonally?,Double Knot,1
Where can I eat where the menu changes seasonally?,The Continental Restaurant and Martini Bar,1
Where can I eat where the menu changes seasonally?,Bridget Foy's,3
Where can I eat where the menu changes seasonally?,Vietnam Cafe,0
Where can I eat where the menu changes seasonally?,Miles Table,2
Where can I eat where the menu changes seasonally?,Del Frisco's Double Eagle Steakhouse,1
Where can I eat where the menu changes seasonally?,Ristorante Pesto,1
Where can I eat where the menu changes seasonally?,V Street,3
Where can I eat where the menu changes seasonally?,Urban Farmer Philadelphia,2
Where can I eat where the menu changes seasonally?,Strangelove's,2
Where can I eat where the menu changes seasonally?,Soup Kitchen Cafe,2
Where can I eat where the menu changes seasonally?,Harper's Garden,3
Where can I eat where the menu changes seasonally?,Alma de Cuba,0
Where can I eat where the menu changes seasonally?,Maggiano's Little Italy,0
Where can I eat where the menu changes seasonally?,IndeBlue Modern Indian Food & Spirits,1
Where can I eat where the menu changes seasonally?,Bistro Romano,0
Where can I eat where the menu changes seasonally?,Joe's Steaks + Soda Shop,0
Where can I eat where the menu changes seasonally?,Marrakesh,0
Where can I eat where the menu changes seasonally?,Valanni,1
Where can I eat where the menu changes seasonally?,The Capital Grille,1
Where can I eat where the menu changes seasonally?,The Goat's Beard,2
Where can I eat where the menu changes seasonally?,Aksum Cafe,1
Where can I eat where the menu changes seasonally?,Le Virtu,3
Where can I eat where the menu changes seasonally?,Amis Trattoria,2
Where can I eat where the menu changes seasonally?,Marmont Steakhouse & Bar,1
Where can I eat where the menu changes seasonally?,The Love,2
Where can I eat where the menu changes seasonally?,The Dandelion,2
Where can I eat where the menu changes seasonally?,Villa Di Roma,0
Where can I eat where the menu changes seasonally?,Entree BYOB,0
Where can I eat where the menu changes seasonally?,The QUICK FIXX,1
Where can I eat where the menu changes seasonally?,La Viola,0
Where can I eat where the menu changes seasonally?,The Fat Ham,2
Where can I eat where the menu changes seasonally?,Local 44,3
Where can I eat where the menu changes seasonally?,Percy Street Barbecue,1
Where can I eat where the menu changes seasonally?,Suraya,2
Where can I eat where the menu changes seasonally?,XIX Nineteen,2
Where can I eat where the menu changes seasonally?,Royal Tavern,2
Where can I eat where the menu changes seasonally?,Devil's Alley Bar & Grille,2
Where can I eat where the menu changes seasonally?,R2L,2
Where can I eat where the menu changes seasonally?,Gran Caffe L'Aquila,3
Where can I eat where the menu changes seasonally?,Triumph Brewing Company,3
Where can I eat where the menu changes seasonally?,Sitar India,0
Where can I eat where the menu changes seasonally?,Cafe La Maude,0
Where can I eat where the menu changes seasonally?,The Victor Cafe,0
Where can I eat where the menu changes seasonally?,Fare,2
Where can I eat where the menu changes seasonally?,McCrossen's Tavern,2
Where can I eat where the menu changes seasonally?,Uzbekistan Restaurant,0
Where can I eat where the menu changes seasonally?,Pennsylvania 6,2
Where can I eat where the menu changes seasonally?,London Grill,2
Where can I eat where the menu changes seasonally?,Opa,1
Where can I eat where the menu changes seasonally?,South,2
Where can I eat where the menu changes seasonally?,Rex at the Royal,3
Where can I eat where the menu changes seasonally?,Prohibition Taproom,3
Where can I eat where the menu changes seasonally?,Alla Spina,2
Where can I eat where the menu changes seasonally?,Trolley Car Cafe,2
Where can I eat where the menu changes seasonally?,Brauhaus Schmitz,1
Where can I eat where the menu changes seasonally?,Francoluigi's Pizzeria & Italian Restaurant,0
Where can I eat where the menu changes seasonally?,Gyu-Kaku Japanese BBQ,1
Where can I eat where the menu changes seasonally?,Parc,2
Where can I eat where the menu changes seasonally?,Bank & Bourbon,2
Where can I eat where the menu changes seasonally?,Memphis Taproom,2
Where can I eat where the menu changes seasonally?,Bottle Bar East,2
Where can I eat where the menu changes seasonally?,Square 1682,2
Where can I eat where the menu changes seasonally?,Hawthornes Biercafé,1
Where can I eat where the menu changes seasonally?,Spasso Italian Grill,0
Where can I eat where the menu changes seasonally?,New Delhi Indian Restaurant,0
Where can I eat where the menu changes seasonally?,Sate Kampar,0
Where can I eat where the menu changes seasonally?,Bing Bing Dim Sum,2
Where can I eat where the menu changes seasonally?,Standard Tap,3
Where can I eat where the menu changes seasonally?,Branzino Italian Ristorante,0
Where can I eat where the menu changes seasonally?,Bud & Marilyn's,2
Where can I eat where the menu changes seasonally?,Creperie Beau Monde & L'Etage,0
Where can I eat where the menu changes seasonally?,Mixto,0
Where can I eat where the menu changes seasonally?,P S & Co,3
Where can I eat where the menu changes seasonally?,Xochitl,2
Where can I eat where the menu changes seasonally?,Hungry Pigeon,2
Where can I eat where the menu changes seasonally?,Little Sicily 2,0
Where can I eat where the menu changes seasonally?,Walnut Street Cafe,2
Where can I eat where the menu changes seasonally?,Khyber Pass Pub,1
Where can I eat where the menu changes seasonally?,Giorgio On Pine,2
Where can I eat where the menu changes seasonally?,Real Food Eatery,1
Where can I eat where the menu changes seasonally?,Silk City Diner & Lounge,3
Where can I eat where the menu changes seasonally?,L'Angolo Ristorante,1
Where can I eat where the menu changes seasonally?,The Abbaye,3
Where can I eat where the menu changes seasonally?,Marathon,1
Where can I eat where the menu changes seasonally?,Three Monkeys Cafe,2
Where can I eat where the menu changes seasonally?,Cedar Point Bar and Kitchen,2
Where can I eat where the menu changes seasonally?,Paris Bistro and Jazz Cafe,1
Where can I eat where the menu changes seasonally?,Pinefish,1
Where can I eat where the menu changes seasonally?,The Little Lion,2
Where can I eat where the menu changes seasonally?,Alyan's Restaurant,0
Where can I eat where the menu changes seasonally?,Radicchio Cafe,2
Where can I eat where the menu changes seasonally?,Cantina Dos Segundos,2
Where can I eat where the menu changes seasonally?,Time,2
Where can I eat where the menu changes seasonally?,Resurrection Ale House,3
Where can I eat where the menu changes seasonally?,Gnocchi,1
Where can I eat where the menu changes seasonally?,Fette Sau,0
Where can I eat where the menu changes seasonally?,Dante & Luigi's,1
Where can I eat where the menu changes seasonally?,Honey's Sit-N-Eat,1
Where can I eat where the menu changes seasonally?,Distrito,1
Where can I eat where the menu changes seasonally?,National Mechanics,2
Where can I eat where the menu changes seasonally?,El Camino Real,1
Where can I eat where the menu changes seasonally?,The Foodery at Rittenhouse,0
Where can I eat where the menu changes seasonally?,Las Bugambilias,1
Where can I eat where the menu changes seasonally?,New Harmony Vegetarian Restaurant,2
Where can I eat where the menu changes seasonally?,Porta,2
Where can I eat where the menu changes seasonally?,Kite & Key,1
Where can I eat where the menu changes seasonally?,Green Eggs Café,1
Where can I eat where the menu changes seasonally?,Earth Bread + Brewery,3
Where can I eat where the menu changes seasonally?,Varga Bar,2
Where can I eat where the menu changes seasonally?,Bistro SouthEast,0
Where can I eat where the menu changes seasonally?,Bourbon Blue,1
Where can I eat where the menu changes seasonally?,City Tavern Restaurant,0
Where can I eat where the menu changes seasonally?,The Belgian Café,0
Where can I eat where the menu changes seasonally?,48th Street Grille,0
Where can I eat where the menu changes seasonally?,Cantina Los Caballitos,0
Where can I eat where the menu changes seasonally?,Moshulu,1
Where can I eat where the menu changes seasonally?,Cafe Lift,2
Where can I eat where the menu changes seasonally?,Hardena_Waroeng Surabaya Restaurant,0
Where can I eat where the menu changes seasonally?,The Gaslight,1
Where can I eat where the menu changes seasonally?,Sazon Restaurant & Cafe,1
Where can I eat where the menu changes seasonally?,Louie Louie,1
Where can I eat where the menu changes seasonally?,Tequilas Restaurant,1
Where can I eat where the menu changes seasonally?,Dim Sum House,0
Where can I eat where the menu changes seasonally?,Kilimandjaro Restaurant,0
Where can I eat where the menu changes seasonally?,Bourbon & Branch,1
Where can I eat where the menu changes seasonally?,Catahoula,1
Where can I eat where the menu changes seasonally?,Cafe Ynez,0
Where can I eat where the menu changes seasonally?,Effie's Restaurant,0
Where can I eat where the menu changes seasonally?,Sahara Grill,0
Where can I eat where the menu changes seasonally?,The Plough & the Stars,1
Where can I eat where the menu changes seasonally?,Mission Taqueria,0
Where can I eat where the menu changes seasonally?,Khmer Kitchen,0
Where can I eat where the menu changes seasonally?,Johnny Brenda's,2
Where can I eat where the menu changes seasonally?,Hinge Cafe,3
Where can I eat where the menu changes seasonally?,LaScala's Birra,0
Where can I eat where the menu changes seasonally?,McCormick & Schmick's Seafood & Steaks,2
Where can I eat where the menu changes seasonally?,Bellini,0
Where can I eat where the menu changes seasonally?,Hickory Lane American Bistro,2
Where can I eat where the menu changes seasonally?,La Calaca Feliz,2
Where can I eat where the menu changes seasonally?,In Riva,2
Where can I eat where the menu changes seasonally?,Deke's Bar-B-Que,2
Where can I eat where the menu changes seasonally?,Bar-Ly Chinatown,0
Where can I eat where the menu changes seasonally?,Baby Blues BBQ Philly,0
Where can I eat where the menu changes seasonally?,Cuba Libre Restaurant & Rum Bar - Philadelphia,0
Where can I eat where the menu changes seasonally?,Ten Stone Bar & Restaurant,1
Where can I eat where the menu changes seasonally?,Jack's Firehouse,1
Where can I eat where the menu changes seasonally?,Little Pete's Restaurant,0
Where can I eat where the menu changes seasonally?,Morimoto,3
Where can I eat where the menu changes seasonally?,Nam Phuong,0
Where can I eat where the menu changes seasonally?,Ralphs Italian Restaurant,0
Where can I eat where the menu changes seasonally?,K-POT Korean BBQ & Hot Pot,0
Where can I eat where the menu changes seasonally?,LaScala's,1
Where can I eat where the menu changes seasonally?,The Sidecar Bar & Grille,2
Where can I eat where the menu changes seasonally?,Booker's Restaurant and Bar,1
Where can I eat where the menu changes seasonally?,Le Viet Restaurant,0
Where can I eat where the menu changes seasonally?,Isot Mediterranean Cuisine,0
Where can I eat where the menu changes seasonally?,Jones,1
Where can I eat where the menu changes seasonally?,Devil's Den,2
Where can I eat where the menu changes seasonally?,Buddakan,1
Where can I eat where the menu changes seasonally?,Jerry's Bar,0
Where can I eat where the menu changes seasonally?,Anastasi Seafood,1
Where can I eat where the menu changes seasonally?,Bar Bombón,1
Where can I eat where the menu changes seasonally?,Zorba's Taverna,0
Where can I eat where the menu changes seasonally?,La Fontana Della Citta,0
Where can I eat where the menu changes seasonally?,Vietnam Restaurant,0
Where can I eat where the menu changes seasonally?,Honey's Sit N Eat,1
Where can I eat where the menu changes seasonally?,HipCityVeg,0
Where can I eat where the menu changes seasonally?,MilkBoy,1
Where can I eat where the menu changes seasonally?,Porcini,0
Where can I eat where the menu changes seasonally?,Abyssinia,0
Where can I eat where the menu changes seasonally?,Tattooed Mom,0
Where can I eat where the menu changes seasonally?,Banana Leaf,0
Where can I eat where the menu changes seasonally?,Mad Rex,0
Where can I eat where the menu changes seasonally?,Hippot Shabu Shabu,0
Where can I eat where the menu changes seasonally?,honeygrow,2
Where can I eat where the menu changes seasonally?,Darling's Diner,0
Where can I eat where the menu changes seasonally?,The Spicy Belly,0
Where can I eat where the menu changes seasonally?,Stock,2
Where can I eat where the menu changes seasonally?,Sancho Pistola's,1
Where can I eat where the menu changes seasonally?,Bainbridge Street Barrel House,1
Where can I eat where the menu changes seasonally?,The Rooster,2
Where can I eat where the menu changes seasonally?,Pizzeria Vetri,1
Where can I eat where the menu changes seasonally?,Day By Day,2
Where can I eat where the menu changes seasonally?,Ants Pants Café,1
Where can I eat where the menu changes seasonally?,Morgan's Pier,1
Where can I eat where the menu changes seasonally?,Cafe Olé,0
Where can I eat where the menu changes seasonally?,Sam's Morning Glory Diner,2
Where can I eat where the menu changes seasonally?,Sassafras Bar,1
Where can I eat where the menu changes seasonally?,Soy Cafe,1
Where can I eat where the menu changes seasonally?,Smokin Bettys,0
Where can I eat where the menu changes seasonally?,Rangoon Burmese Restaurant,0
Where can I eat where the menu changes seasonally?,Indian Restaurant,0
Where can I eat where the menu changes seasonally?,Su Xing House,0
Where can I eat where the menu changes seasonally?,Penrose Diner,0
Where can I eat where the menu changes seasonally?,Pod,1
Where can I eat where the menu changes seasonally?,Vientiane Café,0
Where can I eat where the menu changes seasonally?,Tamarind,0
Where can I eat where the menu changes seasonally?,Green Eggs Cafe,1
Where can I eat where the menu changes seasonally?,Kabobeesh,0
Where can I eat where the menu changes seasonally?,Murph's Bar,2
Where can I eat where the menu changes seasonally?,Pietro's Coal Oven Pizzeria,0
Where can I eat where the menu changes seasonally?,Café y Chocolate,0
Where can I eat where the menu changes seasonally?,Destination Dogs,0
Where can I eat where the menu changes seasonally?,Copabanana,0
Where can I eat where the menu changes seasonally?,Blue Corn,0
Where can I eat where the menu changes seasonally?,Dalessandro’s Steaks & Hoagies,0
Where can I eat where the menu changes seasonally?,Winnie's Manayunk,2
Where can I eat where the menu changes seasonally?,Revolution House,1
Where can I eat where the menu changes seasonally?,Steve's Prince of Steaks,0
Where can I eat where the menu changes seasonally?,Molly Malloy's,1
Where can I eat where the menu changes seasonally?,Royal Sushi & Izakaya,1
Where can I eat where the menu changes seasonally?,Dan Dan,0
Where can I eat where the menu changes seasonally?,Indian Kitchen Lovash,0
Where can I eat where the menu changes seasonally?,Karma Restaurant & Bar,0
Where can I eat where the menu changes seasonally?,Melrose Diner,0
Where can I eat where the menu changes seasonally?,2nd Story Brewing,1
Where can I eat where the menu changes seasonally?,Perch Pub,1
Where can I eat where the menu changes seasonally?,David's Mai Lai Wah,0
Where can I eat where the menu changes seasonally?,Stogie Joe's Tavern,0
Where can I eat where the menu changes seasonally?,Pizzeria Stella,2
Where can I eat where the menu changes seasonally?,El Rey,1
Where can I eat where the menu changes seasonally?,Ms Tootsie's RBL,0
Where can I eat where the menu changes seasonally?,Frankford Hall,0
Where can I eat where the menu changes seasonally?,Moriarty's Restaurant and Irish Pub,0
Where can I eat where the menu changes seasonally?,Banh Mi and Bottles,0
Where can I eat where the menu changes seasonally?,El Jarocho,0
Where can I eat where the menu changes seasonally?,Veda - Modern Indian Bistro,1
Where can I eat where the menu changes seasonally?,Misconduct Tavern,1
Where can I eat where the menu changes seasonally?,Kalaya,0
Where can I eat where the menu changes seasonally?,Tela's Market & Kitchen,1
Where can I eat where the menu changes seasonally?,Max Brenner - Philadelphia,0
Where can I eat where the menu changes seasonally?,Relish,0
Where can I eat where the menu changes seasonally?,Manakeesh Cafe Bakery & Grill,0
Where can I eat where the menu changes seasonally?,Govinda's Vegetarian,0
Where can I eat where the menu changes seasonally?,Rouge,3
Where can I eat where the menu changes seasonally?,Serafina Philadelphia,0
Where can I eat where the menu changes seasonally?,Blackbird Pizzeria,0
Where can I eat where the menu changes seasonally?,Las Cazuelas Restaurant BYOB,0
Where can I eat where the menu changes seasonally?,Chubbys Steaks,0
Where can I eat where the menu changes seasonally?,Taqueria La Veracruzana,0
Where can I eat where the menu changes seasonally?,Chart House,1
Where can I eat where the menu changes seasonally?,Octopus Falafel Truck,3
Where can I eat where the menu changes seasonally?,SOMO Manayunk,2
Where can I eat where the menu changes seasonally?,Red Owl Tavern,2
Where can I eat where the menu changes seasonally?,Fuel Center City,0
Where can I eat where the menu changes seasonally?,1225Raw Sushi and Sake Lounge,0
Where can I eat where the menu changes seasonally?,Almaz Cafe,0
Where can I eat where the menu changes seasonally?,Dim Sum Garden,0
Where can I eat where the menu changes seasonally?,Manayunk Brewery,2
Where can I eat where the menu changes seasonally?,Eulogy Belgian Tavern,2
Where can I eat where the menu changes seasonally?,The Gold Standard Cafe,2
Where can I eat where the menu changes seasonally?,The Black Sheep Pub & Restaurant,2
Where can I eat where the menu changes seasonally?,Southgate,2
Where can I eat where the menu changes seasonally?,Landmark Americana Tap & Grill - University City,1
Where can I eat where the menu changes seasonally?,Devon Seafood Grill,2
Where can I eat where the menu changes seasonally?,Bufad,3
Where can I eat where the menu changes seasonally?,So Crepe,0
Where can I eat where the menu changes seasonally?,The Olde Bar,1
Where can I eat where the menu changes seasonally?,The Cambridge,2
Where can I eat where the menu changes seasonally?,Honest Tom's Plant Based Taco Shop,1
Where can I eat where the menu changes seasonally?,Down Home Diner,0
Where can I eat where the menu changes seasonally?,Jose Pistola's,1
Where can I eat where the menu changes seasonally?,Barra Rossa Ristorante,0
Where can I eat where the menu changes seasonally?,K'Far Cafe,1
Where can I eat where the menu changes seasonally?,Saad's Halal Restaurant,0
Where can I eat where the menu changes seasonally?,Urban Saloon,0
Where can I eat where the menu changes seasonally?,Mood Cafe,1
Where can I eat where the menu changes seasonally?,Ekta Indian Cuisine,0
Where can I eat where the menu changes seasonally?,Mad Mex - University City,0
Where can I eat where the menu changes seasonally?,Good Dog Bar,1
Where can I eat where the menu changes seasonally?,Rybread,2
Where can I eat where the menu changes seasonally?,Schlesinger's,0
Where can I eat where the menu changes seasonally?,Oyster House,1
Where can I eat where the menu changes seasonally?,Seorabol Korean Restaurant,1
Where can I eat where the menu changes seasonally?,El Poquito,1
Where can I eat where the menu changes seasonally?,Smile Cafe,0
Where can I eat where the menu changes seasonally?,Marra's,0
Where can I eat where the menu changes seasonally?,Le Pain Quotidien,1
Where can I eat where the menu changes seasonally?,Cleavers,0
Where can I eat where the menu changes seasonally?,Que Chula Es Puebla,0
Where can I eat where the menu changes seasonally?,Erawan Thai Cuisine,0
Where can I eat where the menu changes seasonally?,El Vez,0
Where can I eat where the menu changes seasonally?,Village Whiskey,0
Where can I eat where the menu changes seasonally?,Las Margaritas,0
Where can I eat where the menu changes seasonally?,The Couch Tomato Cafe,2
Where can I eat where the menu changes seasonally?,The Dutch,2
Where can I eat where the menu changes seasonally?,Mac Mart,1
Where can I eat where the menu changes seasonally?,Rustica,1
Where can I eat where the menu changes seasonally?,Pho Xe Lua Viet Thai Restaurant,0
Where can I eat where the menu changes seasonally?,Monk's Cafe,3
Where can I eat where the menu changes seasonally?,Mama's Vegetarian,0
Where can I eat where the menu changes seasonally?,Zama,0
Where can I eat where the menu changes seasonally?,The Cheesecake Factory,1
Where can I eat where the menu changes seasonally?,Shiao Lan Kung,0
Where can I eat where the menu changes seasonally?,Mac's Tavern,1
Where can I eat where the menu changes seasonally?,The Blue Duck,2
Where can I eat where the menu changes seasonally?,Con Murphy's,0
Where can I eat where the menu changes seasonally?,Chhaya Cafe,1
Where can I eat where the menu changes seasonally?,Independence Beer Garden,0
Where can I eat where the menu changes seasonally?,Dock Street Brewery,2
Where can I eat where the menu changes seasonally?,Nodding Head Brewery & Restaurant,1
Where can I eat where the menu changes seasonally?,Nomad Pizza Company,2
Where can I eat where the menu changes seasonally?,E Mei Restaurant,0
Where can I eat where the menu changes seasonally?,Cheu Noodle Bar,3
Where can I eat where the menu changes seasonally?,Philip's Steaks,0
Where can I eat where the menu changes seasonally?,HipCityVeg - University City,2
Where can I eat where the menu changes seasonally?,Penang,0
Where can I eat where the menu changes seasonally?,Cedar Park Cafe,0
Where can I eat where the menu changes seasonally?,Luna Café,1
Where can I eat where the menu changes seasonally?,Nine Ting,0
Where can I eat where the menu changes seasonally?,Greg's Kitchen,2
Where can I eat where the menu changes seasonally?,Jim's South St,0
Where can I eat where the menu changes seasonally?,Greek Lady,0
Where can I eat where the menu changes seasonally?,Doma,0
Where can I eat where the menu changes seasonally?,PYT,0
Where can I eat where the menu changes seasonally?,Circles Contemporary Thai,2
Where can I eat where the menu changes seasonally?,Spice 28,0
Where can I eat where the menu changes seasonally?,Beck's Cajun Cafe,0
Where can I eat where the menu changes seasonally?,Fadó Irish Pub,0
Where can I eat where the menu changes seasonally?,Yards Brewing Company,2
Where can I eat where the menu changes seasonally?,South Philly Barbacoa,1
Where can I eat where the menu changes seasonally?,JJ Bootleggers,1
Where can I eat where the menu changes seasonally?,Little Spoon Cafe,1
Where can I eat where the menu changes seasonally?,Meltkraft At Reading Terminal Market,1
Where can I eat where the menu changes seasonally?,El Fuego,0
Where can I eat where the menu changes seasonally?,JJ Thai Cuisine,0
Where can I eat where the menu changes seasonally?,Ladder 15,0
Where can I eat where the menu changes seasonally?,Umai Umai,1
Where can I eat where the menu changes seasonally?,Tres Jalapenos,0
Where can I eat where the menu changes seasonally?,Warmdaddy's,0
Where can I eat where the menu changes seasonally?,New Deck Tavern,0
Where can I eat where the menu changes seasonally?,Barcade,1
Where can I eat where the menu changes seasonally?,Taco Riendo,0
Where can I eat where the menu changes seasonally?,Miel Patisserie,3
Where can I eat where the menu changes seasonally?,Ratchada Thai & Laos Cuisine,0
Where can I eat where the menu changes seasonally?,Paesano's Philly Style,2
Where can I eat where the menu changes seasonally?,Hummus Grill,0
Where can I eat where the menu changes seasonally?,Tampopo,0
Where can I eat where the menu changes seasonally?,Rosy's Taco Bar,0
Where can I eat where the menu changes seasonally?,Black & Brew,2
Where can I eat where the menu changes seasonally?,Jamaican Jerk Hut,0
Where can I eat where the menu changes seasonally?,Taqueria Feliz,0
Where can I eat where the menu changes seasonally?,Wrap Shack,0
Where can I eat where the menu changes seasonally?,One Shot Coffee,3
Where can I eat where the menu changes seasonally?,By George! Pizza Pasta & Cheesesteaks,0
Where can I eat where the menu changes seasonally?,Fergie's Pub,0
Where can I eat where the menu changes seasonally?,Carmen's Famous Italian Hoagies,0
Where can I eat where the menu changes seasonally?,Fuel,0
Where can I eat where the menu changes seasonally?,Nomad Roman Pizza,2
Where can I eat where the menu changes seasonally?,Ramen Bar,0
Where can I eat where the menu changes seasonally?,Los Gallos Mexican Taqueria,0
Where can I eat where the menu changes seasonally?,Sang Kee Noodle House,0
Where can I eat where the menu changes seasonally?,Nifty Fifty's,0
Where can I eat where the menu changes seasonally?,The Happy Rooster,2
Where can I eat where the menu changes seasonally?,Pattaya,0
Where can I eat where the menu changes seasonally?,Amma's South Indian Cuisine,0
Where can I eat where the menu changes seasonally?,Buena Onda,0
Where can I eat where the menu changes seasonally?,Lucky's Last Chance,2
Where can I eat where the menu changes seasonally?,BRÜ Craft & Wurst,0
Where can I eat where the menu changes seasonally?,Tai Lake Restaurant,0
Where can I eat where the menu changes seasonally?,Pearl's Oyster Bar,1
Where can I eat where the menu changes seasonally?,Dutch Eating Place,0
Where can I eat where the menu changes seasonally?,QT Vietnamese Sandwich,0
Where can I eat where the menu changes seasonally?,Santucci's Original Square Pizza,0
Where can I eat where the menu changes seasonally?,Koreana,0
Where can I eat where the menu changes seasonally?,Cactus Restaurant & Bar,0
Where can I eat where the menu changes seasonally?,Smiley's Cafe,0
Where can I eat where the menu changes seasonally?,Bok Bar,2
Where can I eat where the menu changes seasonally?,Sakura Mandarin,0
Where can I eat where the menu changes seasonally?,Yakitori Boy,0
Where can I eat where the menu changes seasonally?,Jasmine Rice - Rittenhouse,0
Where can I eat where the menu changes seasonally?,Legal Sea Foods,1
Where can I eat where the menu changes seasonally?,Loco Pez,0
Where can I eat where the menu changes seasonally?,Spice C,0
Where can I eat where the menu changes seasonally?,House of Thai Cuisine,0
Where can I eat where the menu changes seasonally?,Xiandu Thai,0
Where can I eat where the menu changes seasonally?,The Original Tony Lukes,0
Where can I eat where the menu changes seasonally?,Ishkabibble's,0
Where can I eat where the menu changes seasonally?,Middle Child,1
Where can I eat where the menu changes seasonally?,Chickie's & Pete's,0
Where can I eat where the menu changes seasonally?,Philadelphia Chutney Company,2
Where can I eat where the menu changes seasonally?,Zento Contemporary Japanese Cuisine,1
Where can I eat where the menu changes seasonally?,Rose Petals Cafe,1
Where can I eat where the menu changes seasonally?,Joy Tsin Lau Chinese Restaurant,0
Where can I eat where the menu changes seasonally?,Famous 4th Street Delicatessen,0
Where can I eat where the menu changes seasonally?,OCF Coffee House,1
Where can I eat where the menu changes seasonally?,John's Roast Pork,0
Where can I eat where the menu changes seasonally?,Jong Ka Jib,0
Where can I eat where the menu changes seasonally?,Spice End,0
Where can I eat where the menu changes seasonally?,Campo's Philly Cheesesteaks,0
Where can I eat where the menu changes seasonally?,Local Tavern,0
Where can I eat where the menu changes seasonally?,Jim's Steaks,0
Where can I eat where the menu changes seasonally?,Circles Contemporary Asian,0
Where can I eat where the menu changes seasonally?,World Cafe Live,1
Where can I eat where the menu changes seasonally?,Max's Steaks,0
Where can I eat where the menu changes seasonally?,Cosmi's Deli,0
Where can I eat where the menu changes seasonally?,Goldie,0
Where can I eat where the menu changes seasonally?,Gooey Looie's,0
Where can I eat where the menu changes seasonally?,Nan Zhou Hand Drawn Noodle House,0
Where can I eat where the menu changes seasonally?,Hard Rock Cafe,0
Where can I eat where the menu changes seasonally?,Grindcore House,0
Where can I eat where the menu changes seasonally?,La Colombe Coffee,0
Where can I eat where the menu changes seasonally?,Happily Ever After,0
Where can I eat where the menu changes seasonally?,Tiffin,0
Where can I eat where the menu changes seasonally?,Slice,0
Where can I eat where the menu changes seasonally?,Pho Cali Vietnamese Restaurant,0
Where can I eat where the menu changes seasonally?,McGillin's Olde Ale House,0
Where can I eat where the menu changes seasonally?,Snap Custom Pizza - Center City,0
Where can I eat where the menu changes seasonally?,Café Soho,0
Where can I eat where the menu changes seasonally?,Giwa Korean Kitchen,0
Where can I eat where the menu changes seasonally?,Pizzeria Beddia,2
Where can I eat where the menu changes seasonally?,Koch's Deli,0
Where can I eat where the menu changes seasonally?,Drinker's Pub,0
Where can I eat where the menu changes seasonally?,Nom Wah Philadelphia,0
Where can I eat where the menu changes seasonally?,Dinardo's Famous Crabs,0
Where can I eat where the menu changes seasonally?,Bluestone Lane,1
Where can I eat where the menu changes seasonally?,&pizza - Walnut,0
Where can I eat where the menu changes seasonally?,Jakes Sandwich Board - 12th St,2
Where can I eat where the menu changes seasonally?,Pat's King of Steaks,0
Where can I eat where the menu changes seasonally?,Masala Kitchen Kati Rolls and Platters,0
Where can I eat where the menu changes seasonally?,Stockyard Sandwich,1
Where can I eat where the menu changes seasonally?,Chapterhouse Café & Gallery,1
Where can I eat where the menu changes seasonally?,Hiro Ramen House,1
Where can I eat where the menu changes seasonally?,Magpie,3
Where can I eat where the menu changes seasonally?,Pho Ha Saigon,0
Where can I eat where the menu changes seasonally?,Toast,2
Where can I eat where the menu changes seasonally?,Lucha Cartel,0
Where can I eat where the menu changes seasonally?,Fat Salmon,0
Where can I eat where the menu changes seasonally?,Pho Ha,0
Where can I eat where the menu changes seasonally?,Ting Wong Restaurant,0
Where can I eat where the menu changes seasonally?,SPOT Gourmet Burgers,1
Where can I eat where the menu changes seasonally?,Aki Nom Nom Sushi & Ramen,0
Where can I eat where the menu changes seasonally?,Empress Garden,0
Where can I eat where the menu changes seasonally?,Evil Genius Beer,2
Where can I eat where the menu changes seasonally?,Tacconelli's Pizzeria,0
Where can I eat where the menu changes seasonally?,Bubblefish,0
Where can I eat where the menu changes seasonally?,Fox and Hound,0
Where can I eat where the menu changes seasonally?,Nom Nom Ramen,2
Where can I eat where the menu changes seasonally?,Nick's Old Original Roast Beef,0
Where can I eat where the menu changes seasonally?,Sonny's Famous Steaks,0
Where can I eat where the menu changes seasonally?,North Bowl,0
Where can I eat where the menu changes seasonally?,Woodrow's Sandwich Shop,1
Where can I eat where the menu changes seasonally?,Bareburger - Midtown Village,1
Where can I eat where the menu changes seasonally?,Pho Saigon,0
Where can I eat where the menu changes seasonally?,Yanako,0
Where can I eat where the menu changes seasonally?,Bleu Sushi,1
Where can I eat where the menu changes seasonally?,Underdogs,1
Where can I eat where the menu changes seasonally?,Del Rossi's Cheesesteak,0
Where can I eat where the menu changes seasonally?,Ocean Harbor,0
Where can I eat where the menu changes seasonally?,Cafe Diem,0
Where can I eat where the menu changes seasonally?,Nook Bakery & Coffee Bar,2
Where can I eat where the menu changes seasonally?,Sketch Burger,0
Where can I eat where the menu changes seasonally?,Bonchon Philadelphia,0
Where can I eat where the menu changes seasonally?,Jimmy G's Steaks,0
Where can I eat where the menu changes seasonally?,Geno's Steaks,0
Where can I eat where the menu changes seasonally?,Oh Brother Philly,0
Where can I eat where the menu changes seasonally?,Fuji Mountain,0
Where can I eat where the menu changes seasonally?,Animo Juice,0
Where can I eat where the menu changes seasonally?,Little Baby's Ice Cream,2
Where can I eat where the menu changes seasonally?,Spataro's Cheesesteaks,0
Where can I eat where the menu changes seasonally?,J'aime French Bakery,0
Where can I eat where the menu changes seasonally?,Bobby's Burger Palace,0
Where can I eat where the menu changes seasonally?,Dave & Buster's,0
Where can I eat where the menu changes seasonally?,Tom's Dim Sum,0
Where can I eat where the menu changes seasonally?,Termini Bros Bakery,0
Where can I eat where the menu changes seasonally?,Federal Donuts,2
Where can I eat where the menu changes seasonally?,Sang Kee Peking Duck House,0
Where can I eat where the menu changes seasonally?,Sardi's Pollo A La Brasa,0
Where can I eat where the menu changes seasonally?,Terakawa Ramen,0
Where can I eat where the menu changes seasonally?,Oscar's Tavern,0
Where can I eat where the menu changes seasonally?,Hai Street Kitchen & Co,0
Where can I eat where the menu changes seasonally?,Chubby Cattle,0
Where can I eat where the menu changes seasonally?,Pho 75,0
Where can I eat where the menu changes seasonally?,Shang Hai 1,0
Where can I eat where the menu changes seasonally?,BurgerFi,0
Where can I eat where the menu changes seasonally?,Love & Honey Fried Chicken,0
Where can I eat where the menu changes seasonally?,Lorenzo & Sons Pizza,0
Where can I eat where the menu changes seasonally?,T-Swirl Crêpe,0
Where can I eat where the menu changes seasonally?,Vic Sushi Bar,0
Where can I eat where the menu changes seasonally?,Capogiro Gelato,2
Where can I eat where the menu changes seasonally?,Byblos,0
Where can I eat where the menu changes seasonally?,Pizza Brain,2
Where can I eat where the menu changes seasonally?,Chabaa Thai Bistro,0
Where can I eat where the menu changes seasonally?,Dim Sum & Noodle,0
Where can I eat where the menu changes seasonally?,Revolution Taco,0
Where can I eat where the menu changes seasonally?,500 Degrees,0
Where can I eat where the menu changes seasonally?,Hershel's East Side Deli,0
Where can I eat where the menu changes seasonally?,Shake Shack,0
Where can I eat where the menu changes seasonally?,Knead Bagels,2
Where can I eat where the menu changes seasonally?,Sumo Sushi,0
Where can I eat where the menu changes seasonally?,Chickie's and Pete's,0
Where can I eat where the menu changes seasonally?,Angelo's Pizzeria,0
Where can I eat where the menu changes seasonally?,Tavern on Broad,0
Where can I eat where the menu changes seasonally?,Crazy Sushi,0
Where can I eat where the menu changes seasonally?,Spread Bagelry,0
Where can I eat where the menu changes seasonally?,Koto Sushi,0
Where can I eat where the menu changes seasonally?,RIM Cafe,0
Where can I eat where the menu changes seasonally?,Lucky Strike - Philadelphia,0
Where can I eat where the menu changes seasonally?,A La Mousse,1
Where can I eat where the menu changes seasonally?,The Bakeshop on 20th,1
Where can I eat where the menu changes seasonally?,Yamitsuki Ramen,0
Where can I eat where the menu changes seasonally?,Dos Tacos,0
Where can I eat where the menu changes seasonally?,Lazaro's Pizzeria & Grill,0
Where can I eat where the menu changes seasonally?,Luke's Lobster Rittenhouse,1
Where can I eat where the menu changes seasonally?,Elixr Coffee Roasters,1
Where can I eat where the menu changes seasonally?,Tommy DiNic's,0
Where can I eat where the menu changes seasonally?,IKEA,1
Where can I eat where the menu changes seasonally?,TGI Fridays,0
Where can I eat where the menu changes seasonally?,Loews Philadelphia Hotel,1
Where can I eat where the menu changes seasonally?,P'unk Burger,0
Where can I eat where the menu changes seasonally?,Philadelphia Marriott Downtown,1
Where can I eat where the menu changes seasonally?,Helium Comedy Club,0
Where can I eat where the menu changes seasonally?,Dizengoff,3
Where can I eat where the menu changes seasonally?,Kabuki Sushi,0
Where can I eat where the menu changes seasonally?,Volo Coffeehouse,0
Where can I eat where the menu changes seasonally?,Isgro Pastries,0
Where can I eat where the menu changes seasonally?,Sweet Freedom Bakery,0
Where can I eat where the menu changes seasonally?,Vango Lounge & Skybar,0
Where can I eat where the menu changes seasonally?,Punch Line Philly,0
Where can I eat where the menu changes seasonally?,Xfinity Live! Philadelphia,0
Where can I eat where the menu changes seasonally?,Woody's,0
Where can I eat where the menu changes seasonally?,Bredenbeck's Bakery & Ice Cream Parlor,0
Where can I eat where the menu changes seasonally?,Swiss Haus Cafe & Pastry Bar,0
Where can I eat where the menu changes seasonally?,Kung Fu Tea,0
Where can I eat where the menu changes seasonally?,Flying Monkey Bakery,0
Where can I eat where the menu changes seasonally?,Sweet Box Cupcakes,1
Where can I eat where the menu changes seasonally?,Beiler's Bakery,0
Where can I eat where the menu changes seasonally?,The Famous 4th Street Cookie Company,0
Where can I eat where the menu changes seasonally?,Philadelphia Museum of Art,0
Which restaurants use traditional cooking methods?,K-POT Korean BBQ & Hot Pot,1
Which restaurants use traditional cooking methods?,Tashan,2
Which restaurants use traditional cooking methods?,Nine Ting,1
Which restaurants use traditional cooking methods?,New Delhi Indian Restaurant,1
Which restaurants use traditional cooking methods?,Indian Restaurant,2
Which restaurants use traditional cooking methods?,Sitar India,2
Which restaurants use traditional cooking methods?,Ekta Indian Cuisine,2
Which restaurants use traditional cooking methods?,Han Dynasty,2
Which restaurants use traditional cooking methods?,Seorabol Korean Restaurant,3
Which restaurants use traditional cooking methods?,Karma Restaurant & Bar,1
Which restaurants use traditional cooking methods?,Kabobeesh,2
Which restaurants use traditional cooking methods?,Bellini,1
Which restaurants use traditional cooking methods?,Gyu-Kaku Japanese BBQ,1
Which restaurants use traditional cooking methods?,Tiffin,2
Which restaurants use traditional cooking methods?,Spasso Italian Grill,2
Which restaurants use traditional cooking methods?,Kalaya,3
Which restaurants use traditional cooking methods?,IndeBlue Modern Indian Food & Spirits,1
Which restaurants use traditional cooking methods?,Indian Kitchen Lovash,2
Which restaurants use traditional cooking methods?,Hippot Shabu Shabu,0
Which restaurants use traditional cooking methods?,Melograno,1
Which restaurants use traditional cooking methods?,Serpico,2
Which restaurants use traditional cooking methods?,Banana Leaf,1
Which restaurants use traditional cooking methods?,Dante & Luigi's,3
Which restaurants use traditional cooking methods?,a.kitchen,2
Which restaurants use traditional cooking methods?,Radicchio Cafe,2
Which restaurants use traditional cooking methods?,Little Sicily 2,0
Which restaurants use traditional cooking methods?,La Locanda Del Ghiottone,3
Which restaurants use traditional cooking methods?,Vetri Cucina,2
Which restaurants use traditional cooking methods?,Deke's Bar-B-Que,3
Which restaurants use traditional cooking methods?,La Viola,1
Which restaurants use traditional cooking methods?,Modo Mio,2
Which restaurants use traditional cooking methods?,The Fat Ham,2
Which restaurants use traditional cooking methods?,Laurel,1
Which restaurants use traditional cooking methods?,Supper,1
Which restaurants use traditional cooking methods?,Dmitri's,2
Which restaurants use traditional cooking methods?,Villa Di Roma,3
Which restaurants use traditional cooking methods?,L'Angolo Ristorante,2
Which restaurants use traditional cooking methods?,Little Nonna's,2
Which restaurants use traditional cooking methods?,Lolita,1
Which restaurants use traditional cooking methods?,Le Virtu,3
Which restaurants use traditional cooking methods?,Rangoon Burmese Restaurant,2
Which restaurants use traditional cooking methods?,Kanella,2
Which restaurants use traditional cooking methods?,Marigold Kitchen,0
Which restaurants use traditional cooking methods?,Pattaya,0
Which restaurants use traditional cooking methods?,Fette Sau,2
Which restaurants use traditional cooking methods?,Tamarind,2
Which restaurants use traditional cooking methods?,Veda - Modern Indian Bistro,2
Which restaurants use traditional cooking methods?,Sweet Lucy's Smokehouse,3
Which restaurants use traditional cooking methods?,Porcini,3
Which restaurants use traditional cooking methods?,Amis Trattoria,2
Which restaurants use traditional cooking methods?,Giwa Korean Kitchen,1
Which restaurants use traditional cooking methods?,Tinto,1
Which restaurants use traditional cooking methods?,Gran Caffe L'Aquila,2
Which restaurants use traditional cooking methods?,Vietnam Cafe,1
Which restaurants use traditional cooking methods?,Zavino,2
Which restaurants use traditional cooking methods?,Giorgio On Pine,2
Which restaurants use traditional cooking methods?,Mercato BYOB,0
Which restaurants use traditional cooking methods?,Branzino Italian Ristorante,1
Which restaurants use traditional cooking methods?,Sate Kampar,3
Which restaurants use traditional cooking methods?,Café y Chocolate,2
Which restaurants use traditional cooking methods?,Hardena_Waroeng Surabaya Restaurant,3
Which restaurants use traditional cooking methods?,Little Fish,1
Which restaurants use traditional cooking methods?,Figs,1
Which restaurants use traditional cooking methods?,Spice Finch,1
Which restaurants use traditional cooking methods?,Spice C,3
Which restaurants use traditional cooking methods?,Noord,2
Which restaurants use traditional cooking methods?,Penang,1
Which restaurants use traditional cooking methods?,Ristorante Pesto,2
Which restaurants use traditional cooking methods?,Vietnam Restaurant,2
Which restaurants use traditional cooking methods?,Chifa,1
Which restaurants use traditional cooking methods?,La Fourno Ristorante Trattoria,0
Which restaurants use traditional cooking methods?,Kensington Quarters,2
Which restaurants use traditional cooking methods?,Taqueria La Veracruzana,2
Which restaurants use traditional cooking methods?,Cafe Ynez,2
Which restaurants use traditional cooking methods?,Wm Mulherin's Sons,2
Which restaurants use traditional cooking methods?,Bistro SouthEast,1
Which restaurants use traditional cooking methods?,Circles Contemporary Thai,1
Which restaurants use traditional cooking methods?,Fork,2
Which restaurants use traditional cooking methods?,Russet,2
Which restaurants use traditional cooking methods?,Lacroix Restaurant at The Rittenhouse,2
Which restaurants use traditional cooking methods?,Osteria,2
Which restaurants use traditional cooking methods?,Percy Street Barbecue,2
Which restaurants use traditional cooking methods?,Las Bugambilias,3
Which restaurants use traditional cooking methods?,Gnocchi,2
Which restaurants use traditional cooking methods?,E Mei Restaurant,3
Which restaurants use traditional cooking methods?,Sbraga,2
Which restaurants use traditional cooking methods?,Dim Sum House,2
Which restaurants use traditional cooking methods?,Bibou,2
Which restaurants use traditional cooking methods?,Monsú,2
Which restaurants use traditional cooking methods?,Bistrot La Minette,3
Which restaurants use traditional cooking methods?,Morimoto,1
Which restaurants use traditional cooking methods?,Dim Sum Garden,3
Which restaurants use traditional cooking methods?,Jong Ka Jib,2
Which restaurants use traditional cooking methods?,La Calaca Feliz,2
Which restaurants use traditional cooking methods?,Pietro's Coal Oven Pizzeria,3
Which restaurants use traditional cooking methods?,Baby Blues BBQ Philly,2
Which restaurants use traditional cooking methods?,El Jarocho,2
Which restaurants use traditional cooking methods?,Sampan,0
Which restaurants use traditional cooking methods?,Murph's Bar,2
Which restaurants use traditional cooking methods?,Dan Dan,2
Which restaurants use traditional cooking methods?,JJ Thai Cuisine,1
Which restaurants use traditional cooking methods?,Khmer Kitchen,2
Which restaurants use traditional cooking methods?,Spice End,1
Which restaurants use traditional cooking methods?,Rustica,2
Which restaurants use traditional cooking methods?,Harvest Seasonal Grill & Wine Bar - Philadelphia,1
Which restaurants use traditional cooking methods?,Isot Mediterranean Cuisine,2
Which restaurants use traditional cooking methods?,Uzbekistan Restaurant,2
Which restaurants use traditional cooking methods?,Jack's Firehouse,2
Which restaurants use traditional cooking methods?,Aksum Cafe,0
Which restaurants use traditional cooking methods?,Abe Fisher,2
Which restaurants use traditional cooking methods?,Barbuzzo,1
Which restaurants use traditional cooking methods?,Fond,1
Which restaurants use traditional cooking methods?,Que Chula Es Puebla,3
Which restaurants use traditional cooking methods?,The Victor Cafe,1
Which restaurants use traditional cooking methods?,Southgate,2
Which restaurants use traditional cooking methods?,The Adobe Cafe,1
Which restaurants use traditional cooking methods?,Sang Kee Noodle House,2
Which restaurants use traditional cooking methods?,Octopus Falafel Truck,3
Which restaurants use traditional cooking methods?,Matyson,1
Which restaurants use traditional cooking methods?,Amma's South Indian Cuisine,2
Which restaurants use traditional cooking methods?,Vedge,1
Which restaurants use traditional cooking methods?,Shiao Lan Kung,2
Which restaurants use traditional cooking methods?,Pizzeria Vetri,3
Which restaurants use traditional cooking methods?,High Street Philadelphia,2
Which restaurants use traditional cooking methods?,El Camino Real,1
Which restaurants use traditional cooking methods?,Ralphs Italian Restaurant,3
Which restaurants use traditional cooking methods?,Ratchada Thai & Laos Cuisine,1
Which restaurants use traditional cooking methods?,Doma,1
Which restaurants use traditional cooking methods?,Rose Tattoo Cafe,0
Which restaurants use traditional cooking methods?,Maggiano's Little Italy,2
Which restaurants use traditional cooking methods?,Jamonera,1
Which restaurants use traditional cooking methods?,V Street,0
Which restaurants use traditional cooking methods?,Smile Cafe,0
Which restaurants use traditional cooking methods?,Cafe Diem,1
Which restaurants use traditional cooking methods?,South Philly Barbacoa,3
Which restaurants use traditional cooking methods?,Positano Coast by Aldo Lamberti,2
Which restaurants use traditional cooking methods?,The Capital Grille,0
Which restaurants use traditional cooking methods?,Vernick Food & Drink,1
Which restaurants use traditional cooking methods?,New Harmony Vegetarian Restaurant,1
Which restaurants use traditional cooking methods?,Xochitl,2
Which restaurants use traditional cooking methods?,Bing Bing Dim Sum,1
Which restaurants use traditional cooking methods?,Tres Jalapenos,2
Which restaurants use traditional cooking methods?,Audrey Claire,1
Which restaurants use traditional cooking methods?,Taco Riendo,2
Which restaurants use traditional cooking methods?,Honest Tom's Plant Based Taco Shop,0
Which restaurants use traditional cooking methods?,Chabaa Thai Bistro,1
Which restaurants use traditional cooking methods?,Koreana,2
Which restaurants use traditional cooking methods?,Friday Saturday Sunday,1
Which restaurants use traditional cooking methods?,Butcher and Singer,1
Which restaurants use traditional cooking methods?,Amada,2
Which restaurants use traditional cooking methods?,La Fontana Della Citta,1
Which restaurants use traditional cooking methods?,The QUICK FIXX,0
Which restaurants use traditional cooking methods?,Joe's Steaks + Soda Shop,2
Which restaurants use traditional cooking methods?,Le Viet Restaurant,1
Which restaurants use traditional cooking methods?,Sahara Grill,2
Which restaurants use traditional cooking methods?,The Spicy Belly,0
Which restaurants use traditional cooking methods?,Jasmine Rice - Rittenhouse,2
Which restaurants use traditional cooking methods?,48th Street Grille,1
Which restaurants use traditional cooking methods?,Ting Wong Restaurant,2
Which restaurants use traditional cooking methods?,Distrito,1
Which restaurants use traditional cooking methods?,Masala Kitchen Kati Rolls and Platters,1
Which restaurants use traditional cooking methods?,Tequilas Restaurant,2
Which restaurants use traditional cooking methods?,Valanni,1
Which restaurants use traditional cooking methods?,Mad Rex,2
Which restaurants use traditional cooking methods?,Tai Lake Restaurant,2
Which restaurants use traditional cooking methods?,El Fuego,0
Which restaurants use traditional cooking methods?,Joy Tsin Lau Chinese Restaurant,2
Which restaurants use traditional cooking methods?,House of Thai Cuisine,1
Which restaurants use traditional cooking methods?,Philadelphia Chutney Company,2
Which restaurants use traditional cooking methods?,Davios,1
Which restaurants use traditional cooking methods?,Ramen Bar,1
Which restaurants use traditional cooking methods?,Zorba's Taverna,2
Which restaurants use traditional cooking methods?,Butcher Bar,2
Which restaurants use traditional cooking methods?,Bud & Marilyn's,2
Which restaurants use traditional cooking methods?,Twenty Manning,1
Which restaurants use traditional cooking methods?,Tierra Colombiana Restaurant,2
Which restaurants use traditional cooking methods?,Fogo de Chao,1
Which restaurants use traditional cooking methods?,Cheu Noodle Bar,1
Which restaurants use traditional cooking methods?,Spice 28,1
Which restaurants use traditional cooking methods?,Stateside,1
Which restaurants use traditional cooking methods?,Sancho Pistola's,1
Which restaurants use traditional cooking methods?,Mission Taqueria,1
Which restaurants use traditional cooking methods?,Erawan Thai Cuisine,1
Which restaurants use traditional cooking methods?,Marra's,2
Which restaurants use traditional cooking methods?,Pizzeria Stella,3
Which restaurants use traditional cooking methods?,Blue Corn,2
Which restaurants use traditional cooking methods?,Garces Trading Company,1
Which restaurants use traditional cooking methods?,Tredici Enoteca,0
Which restaurants use traditional cooking methods?,Di Bruno Bros.,1
Which restaurants use traditional cooking methods?,Ela,2
Which restaurants use traditional cooking methods?,Double Knot,1
Which restaurants use traditional cooking methods?,Cafe Lift,1
Which restaurants use traditional cooking methods?,Square 1682,1
Which restaurants use traditional cooking methods?,The Continental Mid-town,0
Which restaurants use traditional cooking methods?,Sakura Mandarin,1
Which restaurants use traditional cooking methods?,Royal Sushi & Izakaya,1
Which restaurants use traditional cooking methods?,Las Cazuelas Restaurant BYOB,2
Which restaurants use traditional cooking methods?,Pub & Kitchen,2
Which restaurants use traditional cooking methods?,Hinge Cafe,0
Which restaurants use traditional cooking methods?,White Dog Cafe,2
Which restaurants use traditional cooking methods?,Nan Zhou Hand Drawn Noodle House,3
Which restaurants use traditional cooking methods?,Panorama,1
Which restaurants use traditional cooking methods?,Terakawa Ramen,1
Which restaurants use traditional cooking methods?,Buddakan,0
Which restaurants use traditional cooking methods?,Vientiane Café,1
Which restaurants use traditional cooking methods?,Talula's Garden,2
Which restaurants use traditional cooking methods?,Tampopo,1
Which restaurants use traditional cooking methods?,Walnut Street Cafe,0
Which restaurants use traditional cooking methods?,Iron Hill Brewery & Restaurant,1
Which restaurants use traditional cooking methods?,Harp & Crown,1
Which restaurants use traditional cooking methods?,Sabrina's Café,2
Which restaurants use traditional cooking methods?,Xiandu Thai,0
Which restaurants use traditional cooking methods?,Alla Spina,1
Which restaurants use traditional cooking methods?,Smokin Bettys,1
Which restaurants use traditional cooking methods?,Effie's Restaurant,2
Which restaurants use traditional cooking methods?,Talula's Daily,1
Which restaurants use traditional cooking methods?,Alma de Cuba,1
Which restaurants use traditional cooking methods?,Suraya,2
Which restaurants use traditional cooking methods?,Bistro Romano,2
Which restaurants use traditional cooking methods?,Charlie Was a Sinner,0
Which restaurants use traditional cooking methods?,Hungry Pigeon,1
Which restaurants use traditional cooking methods?,Zahav,3
Which restaurants use traditional cooking methods?,Heritage,2
Which restaurants use traditional cooking methods?,The Love,1
Which restaurants use traditional cooking methods?,Pumpkin,2
Which restaurants use traditional cooking methods?,North Third,0
Which restaurants use traditional cooking methods?,Chima Steakhouse,0
Which restaurants use traditional cooking methods?,Sazon Restaurant & Cafe,2
Which restaurants use traditional cooking methods?,The Dandelion,2
Which restaurants use traditional cooking methods?,David's Mai Lai Wah,1
Which restaurants use traditional cooking methods?,Tria Taproom,0
Which restaurants use traditional cooking methods?,Serafina Philadelphia,1
Which restaurants use traditional cooking methods?,Los Gallos Mexican Taqueria,2
Which restaurants use traditional cooking methods?,The Little Lion,1
Which restaurants use traditional cooking methods?,Race Street Cafe,0
Which restaurants use traditional cooking methods?,Kilimandjaro Restaurant,2
Which restaurants use traditional cooking methods?,Apricot Stone,2
Which restaurants use traditional cooking methods?,City Tavern Restaurant,3
Which restaurants use traditional cooking methods?,Marmont Steakhouse & Bar,1
Which restaurants use traditional cooking methods?,Bar Ferdinand,1
Which restaurants use traditional cooking methods?,Entree BYOB,0
Which restaurants use traditional cooking methods?,Rex at the Royal,1
Which restaurants use traditional cooking methods?,Circles Contemporary Asian,0
Which restaurants use traditional cooking methods?,LaScala's,2
Which restaurants use traditional cooking methods?,Su Xing House,2
Which restaurants use traditional cooking methods?,Buena Onda,0
Which restaurants use traditional cooking methods?,Hai Street Kitchen & Co,0
Which restaurants use traditional cooking methods?,Pod,0
Which restaurants use traditional cooking methods?,Nom Wah Philadelphia,2
Which restaurants use traditional cooking methods?,The Gaslight,0
Which restaurants use traditional cooking methods?,Francoluigi's Pizzeria & Italian Restaurant,2
Which restaurants use traditional cooking methods?,Stock,2
Which restaurants use traditional cooking methods?,Farmicia,1
Which restaurants use traditional cooking methods?,Green Eggs Café,2
Which restaurants use traditional cooking methods?,El Poquito,0
Which restaurants use traditional cooking methods?,The Twisted Tail,1
Which restaurants use traditional cooking methods?,Catahoula,2
Which restaurants use traditional cooking methods?,In Riva,2
Which restaurants use traditional cooking methods?,The Farmers' Cabinet,2
Which restaurants use traditional cooking methods?,Dim Sum & Noodle,2
Which restaurants use traditional cooking methods?,Shang Hai 1,1
Which restaurants use traditional cooking methods?,Taqueria Feliz,1
Which restaurants use traditional cooking methods?,Ocean Harbor,3
Which restaurants use traditional cooking methods?,Chubby Cattle,0
Which restaurants use traditional cooking methods?,Yanako,0
Which restaurants use traditional cooking methods?,Anastasi Seafood,1
Which restaurants use traditional cooking methods?,Sam's Morning Glory Diner,2
Which restaurants use traditional cooking methods?,Hiro Ramen House,2
Which restaurants use traditional cooking methods?,Sang Kee Peking Duck House,3
Which restaurants use traditional cooking methods?,Estia,2
Which restaurants use traditional cooking methods?,Porta,1
Which restaurants use traditional cooking methods?,South Philadelphia Tap Room,1
Which restaurants use traditional cooking methods?,Bar Hygge,0
Which restaurants use traditional cooking methods?,Marrakesh,2
Which restaurants use traditional cooking methods?,Louie Louie,1
Which restaurants use traditional cooking methods?,Mood Cafe,0
Which restaurants use traditional cooking methods?,honeygrow,0
Which restaurants use traditional cooking methods?,South,1
Which restaurants use traditional cooking methods?,McCormick & Schmick's Seafood & Steaks,1
Which restaurants use traditional cooking methods?,Jose Pistola's,0
Which restaurants use traditional cooking methods?,Wedge + Fig,1
Which restaurants use traditional cooking methods?,La Peg,1
Which restaurants use traditional cooking methods?,Cuba Libre Restaurant & Rum Bar - Philadelphia,1
Which restaurants use traditional cooking methods?,Hickory Lane American Bistro,0
Which restaurants use traditional cooking methods?,Cantina Dos Segundos,1
Which restaurants use traditional cooking methods?,Three Monkeys Cafe,0
Which restaurants use traditional cooking methods?,Opa,2
Which restaurants use traditional cooking methods?,Barclay Prime,0
Which restaurants use traditional cooking methods?,Bufad,2
Which restaurants use traditional cooking methods?,XIX Nineteen,1
Which restaurants use traditional cooking methods?,Prohibition Taproom,0
Which restaurants use traditional cooking methods?,Jamaican Jerk Hut,2
Which restaurants use traditional cooking methods?,Zama,0
Which restaurants use traditional cooking methods?,Jake's & Cooper's Wine Bar & Wine Shop,0
Which restaurants use traditional cooking methods?,Del Frisco's Double Eagle Steakhouse,1
Which restaurants use traditional cooking methods?,Manakeesh Cafe Bakery & Grill,2
Which restaurants use traditional cooking methods?,Kraftwork,1
Which restaurants use traditional cooking methods?,Cafe La Maude,0
Which restaurants use traditional cooking methods?,Pinefish,1
Which restaurants use traditional cooking methods?,Real Food Eatery,1
Which restaurants use traditional cooking methods?,The Industry,0
Which restaurants use traditional cooking methods?,Mixto,1
Which restaurants use traditional cooking methods?,Cantina Los Caballitos,0
Which restaurants use traditional cooking methods?,Bonchon Philadelphia,0
Which restaurants use traditional cooking methods?,The Continental Restaurant and Martini Bar,1
Which restaurants use traditional cooking methods?,El Rey,1
Which restaurants use traditional cooking methods?,Santucci's Original Square Pizza,2
Which restaurants use traditional cooking methods?,The Cheesecake Factory,0
Which restaurants use traditional cooking methods?,Chhaya Cafe,0
Which restaurants use traditional cooking methods?,Paesano's Philly Style,1
Which restaurants use traditional cooking methods?,Empress Garden,2
Which restaurants use traditional cooking methods?,Abyssinia,2
Which restaurants use traditional cooking methods?,Nom Nom Ramen,1
Which restaurants use traditional cooking methods?,PYT,0
Which restaurants use traditional cooking methods?,R2L,0
Which restaurants use traditional cooking methods?,Khyber Pass Pub,1
Which restaurants use traditional cooking methods?,London Grill,0
Which restaurants use traditional cooking methods?,Love & Honey Fried Chicken,3
Which restaurants use traditional cooking methods?,City Tap House,0
Which restaurants use traditional cooking methods?,Café Soho,0
Which restaurants use traditional cooking methods?,Resurrection Ale House,1
Which restaurants use traditional cooking methods?,Miles Table,1
Which restaurants use traditional cooking methods?,Devil's Den,0
Which restaurants use traditional cooking methods?,Jones,1
Which restaurants use traditional cooking methods?,Devil's Alley Bar & Grille,0
Which restaurants use traditional cooking methods?,Trolley Car Diner,1
Which restaurants use traditional cooking methods?,Paris Bistro and Jazz Cafe,2
Which restaurants use traditional cooking methods?,Mac Mart,0
Which restaurants use traditional cooking methods?,Federal Donuts,0
Which restaurants use traditional cooking methods?,Varga Bar,0
Which restaurants use traditional cooking methods?,Nam Phuong,2
Which restaurants use traditional cooking methods?,Ms Tootsie's RBL,2
Which restaurants use traditional cooking methods?,Tom's Dim Sum,2
Which restaurants use traditional cooking methods?,Honey's Sit-N-Eat,1
Which restaurants use traditional cooking methods?,Revolution House,1
Which restaurants use traditional cooking methods?,Silk City Diner & Lounge,1
Which restaurants use traditional cooking methods?,Ocean Prime,0
Which restaurants use traditional cooking methods?,Soup Kitchen Cafe,1
Which restaurants use traditional cooking methods?,Pho Xe Lua Viet Thai Restaurant,1
Which restaurants use traditional cooking methods?,Bourbon Blue,1
Which restaurants use traditional cooking methods?,Sardi's Pollo A La Brasa,3
Which restaurants use traditional cooking methods?,The Good King Tavern,2
Which restaurants use traditional cooking methods?,El Vez,1
Which restaurants use traditional cooking methods?,Brauhaus Schmitz,2
Which restaurants use traditional cooking methods?,Nomad Pizza Company,3
Which restaurants use traditional cooking methods?,Royal Tavern,1
Which restaurants use traditional cooking methods?,Day By Day,1
Which restaurants use traditional cooking methods?,Trolley Car Cafe,0
Which restaurants use traditional cooking methods?,Darling's Diner,0
Which restaurants use traditional cooking methods?,Good Dog Bar,0
Which restaurants use traditional cooking methods?,The Goat's Beard,1
Which restaurants use traditional cooking methods?,Fare,1
Which restaurants use traditional cooking methods?,Govinda's Vegetarian,0
Which restaurants use traditional cooking methods?,Rosy's Taco Bar,1
Which restaurants use traditional cooking methods?,Bar Bombón,0
Which restaurants use traditional cooking methods?,Rittenhouse Grill,1
Which restaurants use traditional cooking methods?,Pennsylvania 6,2
Which restaurants use traditional cooking methods?,Fuel,0
Which restaurants use traditional cooking methods?,Caribou Cafe,1
Which restaurants use traditional cooking methods?,Mad Mex - University City,0
Which restaurants use traditional cooking methods?,Bank & Bourbon,1
Which restaurants use traditional cooking methods?,Bourbon & Branch,1
Which restaurants use traditional cooking methods?,Pizzeria Beddia,3
Which restaurants use traditional cooking methods?,Down Home Diner,2
Which restaurants use traditional cooking methods?,Revolution Taco,1
Which restaurants use traditional cooking methods?,Loco Pez,0
Which restaurants use traditional cooking methods?,The Dutch,0
Which restaurants use traditional cooking methods?,Las Margaritas,1
Which restaurants use traditional cooking methods?,Yamitsuki Ramen,0
Which restaurants use traditional cooking methods?,Urban Farmer Philadelphia,2
Which restaurants use traditional cooking methods?,Cedar Point Bar and Kitchen,1
Which restaurants use traditional cooking methods?,Greg's Kitchen,0
Which restaurants use traditional cooking methods?,K'Far Cafe,1
Which restaurants use traditional cooking methods?,Dinardo's Famous Crabs,1
Which restaurants use traditional cooking methods?,McCrossen's Tavern,1
Which restaurants use traditional cooking methods?,American Sardine Bar,2
Which restaurants use traditional cooking methods?,Moshulu,0
Which restaurants use traditional cooking methods?,Banh Mi and Bottles,1
Which restaurants use traditional cooking methods?,Red Owl Tavern,1
Which restaurants use traditional cooking methods?,Fuel Center City,0
Which restaurants use traditional cooking methods?,Almaz Cafe,2
Which restaurants use traditional cooking methods?,Barra Rossa Ristorante,1
Which restaurants use traditional cooking methods?,Termini Bros Bakery,1
Which restaurants use traditional cooking methods?,The Sidecar Bar & Grille,1
Which restaurants use traditional cooking methods?,Steve's Prince of Steaks,0
Which restaurants use traditional cooking methods?,Kite & Key,0
Which restaurants use traditional cooking methods?,Little Pete's Restaurant,2
Which restaurants use traditional cooking methods?,Alyan's Restaurant,2
Which restaurants use traditional cooking methods?,Parc,2
Which restaurants use traditional cooking methods?,Max Brenner - Philadelphia,0
Which restaurants use traditional cooking methods?,Front Street Cafe,1
Which restaurants use traditional cooking methods?,Cafe Olé,0
Which restaurants use traditional cooking methods?,Honey's Sit N Eat,2
Which restaurants use traditional cooking methods?,Devon Seafood Grill,0
Which restaurants use traditional cooking methods?,Luna Café,1
Which restaurants use traditional cooking methods?,Umai Umai,1
Which restaurants use traditional cooking methods?,1225Raw Sushi and Sake Lounge,0
Which restaurants use traditional cooking methods?,Miel Patisserie,0
Which restaurants use traditional cooking methods?,Memphis Taproom,1
Which restaurants use traditional cooking methods?,P S & Co,1
Which restaurants use traditional cooking methods?,Barcelona Wine Bar Passyunk,1
Which restaurants use traditional cooking methods?,Pho Cali Vietnamese Restaurant,1
Which restaurants use traditional cooking methods?,John's Roast Pork,2
Which restaurants use traditional cooking methods?,Dos Tacos,0
Which restaurants use traditional cooking methods?,Perch Pub,0
Which restaurants use traditional cooking methods?,Dock Street Brewery,2
Which restaurants use traditional cooking methods?,Relish,0
Which restaurants use traditional cooking methods?,Tacconelli's Pizzeria,2
Which restaurants use traditional cooking methods?,Marathon On the Square,0
Which restaurants use traditional cooking methods?,Zento Contemporary Japanese Cuisine,0
Which restaurants use traditional cooking methods?,Greek Lady,0
Which restaurants use traditional cooking methods?,Tria Cafe Rittenhouse,0
Which restaurants use traditional cooking methods?,Marathon,1
Which restaurants use traditional cooking methods?,Rose Petals Cafe,0
Which restaurants use traditional cooking methods?,Pho Ha Saigon,2
Which restaurants use traditional cooking methods?,Bar-Ly Chinatown,0
Which restaurants use traditional cooking methods?,Urban Saloon,0
Which restaurants use traditional cooking methods?,2nd Story Brewing,0
Which restaurants use traditional cooking methods?,Cedar Park Cafe,0
Which restaurants use traditional cooking methods?,Harper's Garden,0
Which restaurants use traditional cooking methods?,The Plough & the Stars,2
Which restaurants use traditional cooking methods?,Yakitori Boy,2
Which restaurants use traditional cooking methods?,Chart House,0
Which restaurants use traditional cooking methods?,Little Spoon Cafe,0
Which restaurants use traditional cooking methods?,Fuji Mountain,1
Which restaurants use traditional cooking methods?,Hawthornes Biercafé,1
Which restaurants use traditional cooking methods?,Cactus Restaurant & Bar,0
Which restaurants use traditional cooking methods?,The Belgian Café,0
Which restaurants use traditional cooking methods?,Bobby's Burger Palace,0
Which restaurants use traditional cooking methods?,The Gold Standard Cafe,0
Which restaurants use traditional cooking methods?,Copabanana,0
Which restaurants use traditional cooking methods?,Carmen's Famous Italian Hoagies,0
Which restaurants use traditional cooking methods?,Green Eggs Cafe,0
Which restaurants use traditional cooking methods?,LaScala's Birra,1
Which restaurants use traditional cooking methods?,The Rooster,2
Which restaurants use traditional cooking methods?,Time,0
Which restaurants use traditional cooking methods?,Village Whiskey,1
Which restaurants use traditional cooking methods?,Bridget Foy's,1
Which restaurants use traditional cooking methods?,Black & Brew,0
Which restaurants use traditional cooking methods?,Meltkraft At Reading Terminal Market,1
Which restaurants use traditional cooking methods?,Local 44,0
Which restaurants use traditional cooking methods?,Standard Tap,2
Which restaurants use traditional cooking methods?,By George! Pizza Pasta & Cheesesteaks,0
Which restaurants use traditional cooking methods?,Soy Cafe,0
Which restaurants use traditional cooking methods?,Hummus Grill,0
Which restaurants use traditional cooking methods?,Earth Bread + Brewery,1
Which restaurants use traditional cooking methods?,Winnie's Manayunk,1
Which restaurants use traditional cooking methods?,Stogie Joe's Tavern,2
Which restaurants use traditional cooking methods?,Local Tavern,0
Which restaurants use traditional cooking methods?,Toast,0
Which restaurants use traditional cooking methods?,Pho Ha,0
Which restaurants use traditional cooking methods?,The Blue Duck,1
Which restaurants use traditional cooking methods?,Triumph Brewing Company,1
Which restaurants use traditional cooking methods?,Pho Saigon,0
Which restaurants use traditional cooking methods?,Bleu Sushi,1
Which restaurants use traditional cooking methods?,Blackbird Pizzeria,0
Which restaurants use traditional cooking methods?,Ten Stone Bar & Restaurant,0
Which restaurants use traditional cooking methods?,Nomad Roman Pizza,2
Which restaurants use traditional cooking methods?,Sassafras Bar,1
Which restaurants use traditional cooking methods?,Strangelove's,0
Which restaurants use traditional cooking methods?,Nook Bakery & Coffee Bar,2
Which restaurants use traditional cooking methods?,Warmdaddy's,2
Which restaurants use traditional cooking methods?,The Happy Rooster,1
Which restaurants use traditional cooking methods?,Bainbridge Street Barrel House,1
Which restaurants use traditional cooking methods?,Famous 4th Street Delicatessen,2
Which restaurants use traditional cooking methods?,Campo's Philly Cheesesteaks,0
Which restaurants use traditional cooking methods?,Destination Dogs,0
Which restaurants use traditional cooking methods?,Lucha Cartel,0
Which restaurants use traditional cooking methods?,Schlesinger's,2
Which restaurants use traditional cooking methods?,Jerry's Bar,1
Which restaurants use traditional cooking methods?,National Mechanics,0
Which restaurants use traditional cooking methods?,Sketch Burger,0
Which restaurants use traditional cooking methods?,500 Degrees,1
Which restaurants use traditional cooking methods?,The Abbaye,1
Which restaurants use traditional cooking methods?,Misconduct Tavern,0
Which restaurants use traditional cooking methods?,Le Pain Quotidien,1
Which restaurants use traditional cooking methods?,Tria Cafe Wash West,0
Which restaurants use traditional cooking methods?,Rouge,0
Which restaurants use traditional cooking methods?,&pizza - Walnut,0
Which restaurants use traditional cooking methods?,Booker's Restaurant and Bar,1
Which restaurants use traditional cooking methods?,Manayunk Brewery,0
Which restaurants use traditional cooking methods?,Wrap Shack,0
Which restaurants use traditional cooking methods?,Dalessandro’s Steaks & Hoagies,1
Which restaurants use traditional cooking methods?,Saad's Halal Restaurant,1
Which restaurants use traditional cooking methods?,Ants Pants Café,0
Which restaurants use traditional cooking methods?,Cleavers,1
Which restaurants use traditional cooking methods?,Tela's Market & Kitchen,1
Which restaurants use traditional cooking methods?,Fat Salmon,0
Which restaurants use traditional cooking methods?,Beck's Cajun Cafe,1
Which restaurants use traditional cooking methods?,Con Murphy's,0
Which restaurants use traditional cooking methods?,SOMO Manayunk,0
Which restaurants use traditional cooking methods?,Bottle Bar East,1
Which restaurants use traditional cooking methods?,Penrose Diner,1
Which restaurants use traditional cooking methods?,Chickie's & Pete's,0
Which restaurants use traditional cooking methods?,Bubblefish,0
Which restaurants use traditional cooking methods?,Reading Terminal Market,2
Which restaurants use traditional cooking methods?,New Deck Tavern,1
Which restaurants use traditional cooking methods?,Isgro Pastries,2
Which restaurants use traditional cooking methods?,QT Vietnamese Sandwich,1
Which restaurants use traditional cooking methods?,Del Rossi's Cheesesteak,0
Which restaurants use traditional cooking methods?,Monk's Cafe,1
Which restaurants use traditional cooking methods?,The Cambridge,0
Which restaurants use traditional cooking methods?,Frankford Hall,1
Which restaurants use traditional cooking methods?,Ishkabibble's,0
Which restaurants use traditional cooking methods?,Chubbys Steaks,1
Which restaurants use traditional cooking methods?,SPOT Gourmet Burgers,0
Which restaurants use traditional cooking methods?,Woodrow's Sandwich Shop,1
Which restaurants use traditional cooking methods?,Jim's Steaks,1
Which restaurants use traditional cooking methods?,Nick's Old Original Roast Beef,3
Which restaurants use traditional cooking methods?,Aki Nom Nom Sushi & Ramen,0
Which restaurants use traditional cooking methods?,Philip's Steaks,2
Which restaurants use traditional cooking methods?,Molly Malloy's,1
Which restaurants use traditional cooking methods?,Pho 75,3
Which restaurants use traditional cooking methods?,Legal Sea Foods,0
Which restaurants use traditional cooking methods?,Creperie Beau Monde & L'Etage,2
Which restaurants use traditional cooking methods?,Angelo's Pizzeria,2
Which restaurants use traditional cooking methods?,Koto Sushi,0
Which restaurants use traditional cooking methods?,So Crepe,1
Which restaurants use traditional cooking methods?,Animo Juice,0
Which restaurants use traditional cooking methods?,Magpie,1
Which restaurants use traditional cooking methods?,The Couch Tomato Cafe,0
Which restaurants use traditional cooking methods?,Melrose Diner,0
Which restaurants use traditional cooking methods?,Slice,2
Which restaurants use traditional cooking methods?,Bareburger - Midtown Village,0
Which restaurants use traditional cooking methods?,Jakes Sandwich Board - 12th St,2
Which restaurants use traditional cooking methods?,La Colombe Coffee,0
Which restaurants use traditional cooking methods?,MilkBoy,1
Which restaurants use traditional cooking methods?,Jim's South St,1
Which restaurants use traditional cooking methods?,Cosmi's Deli,0
Which restaurants use traditional cooking methods?,The Olde Bar,1
Which restaurants use traditional cooking methods?,Vintage Wine Bar,0
Which restaurants use traditional cooking methods?,Ladder 15,0
Which restaurants use traditional cooking methods?,Nodding Head Brewery & Restaurant,0
Which restaurants use traditional cooking methods?,Landmark Americana Tap & Grill - University City,0
Which restaurants use traditional cooking methods?,Underdogs,0
Which restaurants use traditional cooking methods?,Lucky's Last Chance,0
Which restaurants use traditional cooking methods?,The Foodery at Rittenhouse,0
Which restaurants use traditional cooking methods?,Stockyard Sandwich,1
Which restaurants use traditional cooking methods?,Max's Steaks,0
Which restaurants use traditional cooking methods?,Jimmy G's Steaks,1
Which restaurants use traditional cooking methods?,Vic Sushi Bar,0
Which restaurants use traditional cooking methods?,Byblos,1
Which restaurants use traditional cooking methods?,Pearl's Oyster Bar,1
Which restaurants use traditional cooking methods?,Gooey Looie's,0
Which restaurants use traditional cooking methods?,Moriarty's Restaurant and Irish Pub,0
Which restaurants use traditional cooking methods?,HipCityVeg,0
Which restaurants use traditional cooking methods?,Oyster House,0
Which restaurants use traditional cooking methods?,Koch's Deli,1
Which restaurants use traditional cooking methods?,Fergie's Pub,1
Which restaurants use traditional cooking methods?,Sumo Sushi,0
Which restaurants use traditional cooking methods?,Rybread,0
Which restaurants use traditional cooking methods?,Johnny Brenda's,1
Which restaurants use traditional cooking methods?,The Bakeshop on 20th,2
Which restaurants use traditional cooking methods?,Nifty Fifty's,0
Which restaurants use traditional cooking methods?,JJ Bootleggers,0
Which restaurants use traditional cooking methods?,Hard Rock Cafe,0
Which restaurants use traditional cooking methods?,The Original Tony Lukes,2
Which restaurants use traditional cooking methods?,Mac's Tavern,0
Which restaurants use traditional cooking methods?,The Black Sheep Pub & Restaurant,1
Which restaurants use traditional cooking methods?,Spread Bagelry,3
Which restaurants use traditional cooking methods?,Crazy Sushi,0
Which restaurants use traditional cooking methods?,J'aime French Bakery,2
Which restaurants use traditional cooking methods?,Happily Ever After,0
Which restaurants use traditional cooking methods?,Dutch Eating Place,2
Which restaurants use traditional cooking methods?,Pat's King of Steaks,1
Which restaurants use traditional cooking methods?,Chickie's and Pete's,0
Which restaurants use traditional cooking methods?,Smiley's Cafe,2
Which restaurants use traditional cooking methods?,OCF Coffee House,0
Which restaurants use traditional cooking methods?,Sonny's Famous Steaks,1
Which restaurants use traditional cooking methods?,One Shot Coffee,0
Which restaurants use traditional cooking methods?,Hershel's East Side Deli,2
Which restaurants use traditional cooking methods?,Shake Shack,0
Which restaurants use traditional cooking methods?,HipCityVeg - University City,0
Which restaurants use traditional cooking methods?,Snap Custom Pizza - Center City,0
Which restaurants use traditional cooking methods?,Mama's Vegetarian,0
Which restaurants use traditional cooking methods?,Morgan's Pier,0
Which restaurants use traditional cooking methods?,Spataro's Cheesesteaks,0
Which restaurants use traditional cooking methods?,BurgerFi,0
Which restaurants use traditional cooking methods?,Goldie,1
Which restaurants use traditional cooking methods?,RIM Cafe,1
Which restaurants use traditional cooking methods?,Tommy DiNic's,2
Which restaurants use traditional cooking methods?,Middle Child,0
Which restaurants use traditional cooking methods?,Pizza Brain,1
Which restaurants use traditional cooking methods?,TGI Fridays,0
Which restaurants use traditional cooking methods?,BRÜ Craft & Wurst,1
Which restaurants use traditional cooking methods?,Fadó Irish Pub,1
Which restaurants use traditional cooking methods?,Oh Brother Philly,0
Which restaurants use traditional cooking methods?,Lazaro's Pizzeria & Grill,0
Which restaurants use traditional cooking methods?,Fox and Hound,1
Which restaurants use traditional cooking methods?,Geno's Steaks,0
Which restaurants use traditional cooking methods?,Tattooed Mom,0
Which restaurants use traditional cooking methods?,Eulogy Belgian Tavern,1
Which restaurants use traditional cooking methods?,P'unk Burger,0
Which restaurants use traditional cooking methods?,Swiss Haus Cafe & Pastry Bar,1
Which restaurants use traditional cooking methods?,Elixr Coffee Roasters,0
Which restaurants use traditional cooking methods?,Kabuki Sushi,0
Which restaurants use traditional cooking methods?,Lorenzo & Sons Pizza,1
Which restaurants use traditional cooking methods?,Dave & Buster's,0
Which restaurants use traditional cooking methods?,Bluestone Lane,0
Which restaurants use traditional cooking methods?,Chapterhouse Café & Gallery,0
Which restaurants use traditional cooking methods?,Barcade,0
Which restaurants use traditional cooking methods?,T-Swirl Crêpe,0
Which restaurants use traditional cooking methods?,IKEA,0
Which restaurants use traditional cooking methods?,Luke's Lobster Rittenhouse,0
Which restaurants use traditional cooking methods?,A La Mousse,0
Which restaurants use traditional cooking methods?,Sweet Freedom Bakery,0
Which restaurants use traditional cooking methods?,Dizengoff,2
Which restaurants use traditional cooking methods?,Yards Brewing Company,1
Which restaurants use traditional cooking methods?,Bok Bar,0
Which restaurants use traditional cooking methods?,Capogiro Gelato,0
Which restaurants use traditional cooking methods?,World Cafe Live,0
Which restaurants use traditional cooking methods?,McGillin's Olde Ale House,1
Which restaurants use traditional cooking methods?,Independence Beer Garden,0
Which restaurants use traditional cooking methods?,Loews Philadelphia Hotel,0
Which restaurants use traditional cooking methods?,Grindcore House,0
Which restaurants use traditional cooking methods?,Sweet Box Cupcakes,0
Which restaurants use traditional cooking methods?,Knead Bagels,1
Which restaurants use traditional cooking methods?,Evil Genius Beer,0
Which restaurants use traditional cooking methods?,North Bowl,0
Which restaurants use traditional cooking methods?,Flying Monkey Bakery,0
Which restaurants use traditional cooking methods?,Drinker's Pub,0
Which restaurants use traditional cooking methods?,Tavern on Broad,0
Which restaurants use traditional cooking methods?,Philadelphia Marriott Downtown,0
Which restaurants use traditional cooking methods?,Little Baby's Ice Cream,0
Which restaurants use traditional cooking methods?,The Famous 4th Street Cookie Company,0
Which restaurants use traditional cooking methods?,Volo Coffeehouse,0
Which restaurants use traditional cooking methods?,Vango Lounge & Skybar,0
Which restaurants use traditional cooking methods?,Oscar's Tavern,0
Which restaurants use traditional cooking methods?,Lucky Strike - Philadelphia,0
Which restaurants use traditional cooking methods?,Helium Comedy Club,0
Which restaurants use traditional cooking methods?,Beiler's Bakery,2
Which restaurants use traditional cooking methods?,Bredenbeck's Bakery & Ice Cream Parlor,1
Which restaurants use traditional cooking methods?,Xfinity Live! Philadelphia,0
Which restaurants use traditional cooking methods?,Punch Line Philly,0
Which restaurants use traditional cooking methods?,Kung Fu Tea,0
Which restaurants use traditional cooking methods?,Woody's,0
Which restaurants use traditional cooking methods?,Philadelphia Museum of Art,0
Where can I dine with good background music?,Time,3
Where can I dine with good background music?,South,3
Where can I dine with good background music?,World Cafe Live,3
Where can I dine with good background music?,Yakitori Boy,3
Where can I dine with good background music?,Heritage,3
Where can I dine with good background music?,Silk City Diner & Lounge,3
Where can I dine with good background music?,Johnny Brenda's,3
Where can I dine with good background music?,The Farmers' Cabinet,3
Where can I dine with good background music?,The Victor Cafe,3
Where can I dine with good background music?,MilkBoy,3
Where can I dine with good background music?,The Twisted Tail,3
Where can I dine with good background music?,Morgan's Pier,3
Where can I dine with good background music?,National Mechanics,3
Where can I dine with good background music?,Rittenhouse Grill,3
Where can I dine with good background music?,Pub & Kitchen,3
Where can I dine with good background music?,Tavern on Broad,2
Where can I dine with good background music?,The Continental Mid-town,2
Where can I dine with good background music?,Butcher and Singer,3
Where can I dine with good background music?,The Plough & the Stars,2
Where can I dine with good background music?,Harp & Crown,3
Where can I dine with good background music?,Serpico,2
Where can I dine with good background music?,Sassafras Bar,3
Where can I dine with good background music?,Marrakesh,3
Where can I dine with good background music?,La Peg,2
Where can I dine with good background music?,Jerry's Bar,3
Where can I dine with good background music?,Paris Bistro and Jazz Cafe,3
Where can I dine with good background music?,City Tap House,2
Where can I dine with good background music?,Positano Coast by Aldo Lamberti,3
Where can I dine with good background music?,Prohibition Taproom,3
Where can I dine with good background music?,Warmdaddy's,3
Where can I dine with good background music?,Friday Saturday Sunday,2
Where can I dine with good background music?,Woody's,3
Where can I dine with good background music?,Tierra Colombiana Restaurant,3
Where can I dine with good background music?,Porta,2
Where can I dine with good background music?,The Good King Tavern,3
Where can I dine with good background music?,XIX Nineteen,2
Where can I dine with good background music?,The Industry,2
Where can I dine with good background music?,Supper,2
Where can I dine with good background music?,Vango Lounge & Skybar,2
Where can I dine with good background music?,Ladder 15,2
Where can I dine with good background music?,Twenty Manning,2
Where can I dine with good background music?,Rose Tattoo Cafe,2
Where can I dine with good background music?,Race Street Cafe,2
Where can I dine with good background music?,McGillin's Olde Ale House,3
Where can I dine with good background music?,Bistrot La Minette,2
Where can I dine with good background music?,La Viola,1
Where can I dine with good background music?,North Third,2
Where can I dine with good background music?,Tattooed Mom,3
Where can I dine with good background music?,Relish,3
Where can I dine with good background music?,Audrey Claire,1
Where can I dine with good background music?,Sbraga,2
Where can I dine with good background music?,Walnut Street Cafe,3
Where can I dine with good background music?,Opa,2
Where can I dine with good background music?,Urban Saloon,2
Where can I dine with good background music?,Bourbon & Branch,3
Where can I dine with good background music?,Harvest Seasonal Grill & Wine Bar - Philadelphia,2
Where can I dine with good background music?,Byblos,3
Where can I dine with good background music?,Jamaican Jerk Hut,3
Where can I dine with good background music?,a.kitchen,2
Where can I dine with good background music?,Double Knot,3
Where can I dine with good background music?,Bar-Ly Chinatown,2
Where can I dine with good background music?,Manayunk Brewery,3
Where can I dine with good background music?,Talula's Garden,2
Where can I dine with good background music?,Drinker's Pub,2
Where can I dine with good background music?,Ten Stone Bar & Restaurant,2
Where can I dine with good background music?,Chapterhouse Café & Gallery,3
Where can I dine with good background music?,Zavino,2
Where can I dine with good background music?,Davios,2
Where can I dine with good background music?,Lucky Strike - Philadelphia,3
Where can I dine with good background music?,Marigold Kitchen,3
Where can I dine with good background music?,Pumpkin,2
Where can I dine with good background music?,Harper's Garden,2
Where can I dine with good background music?,Landmark Americana Tap & Grill - University City,2
Where can I dine with good background music?,Pod,2
Where can I dine with good background music?,Francoluigi's Pizzeria & Italian Restaurant,3
Where can I dine with good background music?,Bourbon Blue,2
Where can I dine with good background music?,Devil's Alley Bar & Grille,2
Where can I dine with good background music?,Lacroix Restaurant at The Rittenhouse,2
Where can I dine with good background music?,Little Pete's Restaurant,0
Where can I dine with good background music?,Kite & Key,2
Where can I dine with good background music?,Trolley Car Diner,1
Where can I dine with good background music?,The Adobe Cafe,1
Where can I dine with good background music?,Tashan,2
Where can I dine with good background music?,Little Fish,2
Where can I dine with good background music?,The Continental Restaurant and Martini Bar,2
Where can I dine with good background music?,Lolita,2
Where can I dine with good background music?,Bud & Marilyn's,3
Where can I dine with good background music?,Three Monkeys Cafe,2
Where can I dine with good background music?,Valanni,2
Where can I dine with good background music?,Frankford Hall,2
Where can I dine with good background music?,Independence Beer Garden,2
Where can I dine with good background music?,Caribou Cafe,2
Where can I dine with good background music?,Dim Sum House,3
Where can I dine with good background music?,Louie Louie,3
Where can I dine with good background music?,Bar Ferdinand,2
Where can I dine with good background music?,Bridget Foy's,2
Where can I dine with good background music?,Triumph Brewing Company,3
Where can I dine with good background music?,Laurel,1
Where can I dine with good background music?,Bar Hygge,2
Where can I dine with good background music?,Charlie Was a Sinner,3
Where can I dine with good background music?,Barbuzzo,2
Where can I dine with good background music?,The Dandelion,2
Where can I dine with good background music?,London Grill,2
Where can I dine with good background music?,Square 1682,2
Where can I dine with good background music?,Bok Bar,3
Where can I dine with good background music?,Tredici Enoteca,2
Where can I dine with good background music?,Kraftwork,2
Where can I dine with good background music?,Memphis Taproom,2
Where can I dine with good background music?,Jamonera,2
Where can I dine with good background music?,R2L,2
Where can I dine with good background music?,La Locanda Del Ghiottone,2
Where can I dine with good background music?,Vintage Wine Bar,3
Where can I dine with good background music?,Cantina Los Caballitos,2
Where can I dine with good background music?,Sampan,2
Where can I dine with good background music?,Booker's Restaurant and Bar,3
Where can I dine with good background music?,Farmicia,1
Where can I dine with good background music?,Strangelove's,2
Where can I dine with good background music?,Matyson,1
Where can I dine with good background music?,Helium Comedy Club,1
Where can I dine with good background music?,Ela,3
Where can I dine with good background music?,Melrose Diner,0
Where can I dine with good background music?,The Abbaye,2
Where can I dine with good background music?,Xfinity Live! Philadelphia,3
Where can I dine with good background music?,Chifa,1
Where can I dine with good background music?,Creperie Beau Monde & L'Etage,2
Where can I dine with good background music?,Fond,2
Where can I dine with good background music?,Mercato BYOB,1
Where can I dine with good background music?,Iron Hill Brewery & Restaurant,2
Where can I dine with good background music?,Alma de Cuba,3
Where can I dine with good background music?,North Bowl,3
Where can I dine with good background music?,Tria Taproom,3
Where can I dine with good background music?,Standard Tap,2
Where can I dine with good background music?,Spice Finch,2
Where can I dine with good background music?,Royal Tavern,3
Where can I dine with good background music?,Pennsylvania 6,2
Where can I dine with good background music?,Copabanana,2
Where can I dine with good background music?,Vernick Food & Drink,2
Where can I dine with good background music?,Sweet Lucy's Smokehouse,1
Where can I dine with good background music?,Jones,2
Where can I dine with good background music?,Fadó Irish Pub,2
Where can I dine with good background music?,Amis Trattoria,2
Where can I dine with good background music?,Catahoula,2
Where can I dine with good background music?,Rex at the Royal,3
Where can I dine with good background music?,Kanella,1
Where can I dine with good background music?,Uzbekistan Restaurant,2
Where can I dine with good background music?,Fuji Mountain,3
Where can I dine with good background music?,Rouge,2
Where can I dine with good background music?,IndeBlue Modern Indian Food & Spirits,3
Where can I dine with good background music?,Barcade,2
Where can I dine with good background music?,Barclay Prime,2
Where can I dine with good background music?,Perch Pub,2
Where can I dine with good background music?,Jake's & Cooper's Wine Bar & Wine Shop,2
Where can I dine with good background music?,Nodding Head Brewery & Restaurant,2
Where can I dine with good background music?,Cantina Dos Segundos,2
Where can I dine with good background music?,White Dog Cafe,1
Where can I dine with good background music?,Percy Street Barbecue,2
Where can I dine with good background music?,Pinefish,2
Where can I dine with good background music?,Trolley Car Cafe,1
Where can I dine with good background music?,American Sardine Bar,2
Where can I dine with good background music?,Sabrina's Café,2
Where can I dine with good background music?,Bibou,0
Where can I dine with good background music?,Misconduct Tavern,2
Where can I dine with good background music?,Suraya,2
Where can I dine with good background music?,Ramen Bar,2
Where can I dine with good background music?,The Gaslight,3
Where can I dine with good background music?,Fork,2
Where can I dine with good background music?,Stogie Joe's Tavern,2
Where can I dine with good background music?,Cuba Libre Restaurant & Rum Bar - Philadelphia,3
Where can I dine with good background music?,K-POT Korean BBQ & Hot Pot,2
Where can I dine with good background music?,Talula's Daily,2
Where can I dine with good background music?,Del Frisco's Double Eagle Steakhouse,2
Where can I dine with good background music?,The Gold Standard Cafe,2
Where can I dine with good background music?,JJ Bootleggers,2
Where can I dine with good background music?,Fogo de Chao,1
Where can I dine with good background music?,Varga Bar,2
Where can I dine with good background music?,Kensington Quarters,1
Where can I dine with good background music?,Fergie's Pub,2
Where can I dine with good background music?,The Happy Rooster,2
Where can I dine with good background music?,Buddakan,2
Where can I dine with good background music?,Ms Tootsie's RBL,2
Where can I dine with good background music?,Smokin Bettys,2
Where can I dine with good background music?,The Sidecar Bar & Grille,2
Where can I dine with good background music?,The Love,2
Where can I dine with good background music?,Fette Sau,2
Where can I dine with good background music?,Aksum Cafe,3
Where can I dine with good background music?,The Goat's Beard,3
Where can I dine with good background music?,Local 44,2
Where can I dine with good background music?,Bistro Romano,3
Where can I dine with good background music?,The Spicy Belly,3
Where can I dine with good background music?,City Tavern Restaurant,3
Where can I dine with good background music?,The Belgian Café,2
Where can I dine with good background music?,Deke's Bar-B-Que,2
Where can I dine with good background music?,Hinge Cafe,3
Where can I dine with good background music?,Melograno,1
Where can I dine with good background music?,Figs,1
Where can I dine with good background music?,PYT,2
Where can I dine with good background music?,The Cambridge,3
Where can I dine with good background music?,Russet,2
Where can I dine with good background music?,Stateside,2
Where can I dine with good background music?,Royal Sushi & Izakaya,3
Where can I dine with good background music?,Bing Bing Dim Sum,3
Where can I dine with good background music?,Wm Mulherin's Sons,2
Where can I dine with good background music?,Front Street Cafe,2
Where can I dine with good background music?,Miles Table,1
Where can I dine with good background music?,LaScala's Birra,2
Where can I dine with good background music?,Jack's Firehouse,2
Where can I dine with good background music?,Darling's Diner,2
Where can I dine with good background music?,Marathon On the Square,1
Where can I dine with good background music?,Bottle Bar East,2
Where can I dine with good background music?,Dmitri's,2
Where can I dine with good background music?,Oscar's Tavern,3
Where can I dine with good background music?,Xochitl,2
Where can I dine with good background music?,High Street Philadelphia,2
Where can I dine with good background music?,Good Dog Bar,2
Where can I dine with good background music?,Khyber Pass Pub,2
Where can I dine with good background music?,Mixto,2
Where can I dine with good background music?,Philadelphia Marriott Downtown,2
Where can I dine with good background music?,Tequilas Restaurant,2
Where can I dine with good background music?,Pizzeria Vetri,3
Where can I dine with good background music?,La Fourno Ristorante Trattoria,1
Where can I dine with good background music?,Estia,2
Where can I dine with good background music?,Butcher Bar,2
Where can I dine with good background music?,Mad Rex,2
Where can I dine with good background music?,Amada,2
Where can I dine with good background music?,Chima Steakhouse,2
Where can I dine with good background music?,Tinto,1
Where can I dine with good background music?,Alla Spina,2
Where can I dine with good background music?,Marmont Steakhouse & Bar,2
Where can I dine with good background music?,Barcelona Wine Bar Passyunk,2
Where can I dine with good background music?,Destination Dogs,2
Where can I dine with good background music?,Bank & Bourbon,2
Where can I dine with good background music?,South Philadelphia Tap Room,2
Where can I dine with good background music?,McCrossen's Tavern,2
Where can I dine with good background music?,Loews Philadelphia Hotel,2
Where can I dine with good background music?,The Little Lion,2
Where can I dine with good background music?,Ocean Prime,2
Where can I dine with good background music?,Tria Cafe Rittenhouse,2
Where can I dine with good background music?,Vietnam Cafe,2
Where can I dine with good background music?,El Vez,2
Where can I dine with good background music?,Dock Street Brewery,2
Where can I dine with good background music?,New Deck Tavern,2
Where can I dine with good background music?,Honey's Sit-N-Eat,1
Where can I dine with good background music?,The Olde Bar,2
Where can I dine with good background music?,Tria Cafe Wash West,1
Where can I dine with good background music?,Bonchon Philadelphia,2
Where can I dine with good background music?,The Black Sheep Pub & Restaurant,2
Where can I dine with good background music?,Moshulu,2
Where can I dine with good background music?,Baby Blues BBQ Philly,1
Where can I dine with good background music?,El Camino Real,3
Where can I dine with good background music?,Branzino Italian Ristorante,1
Where can I dine with good background music?,Entree BYOB,2
Where can I dine with good background music?,Parc,2
Where can I dine with good background music?,Modo Mio,2
Where can I dine with good background music?,Urban Farmer Philadelphia,2
Where can I dine with good background music?,Osteria,2
Where can I dine with good background music?,Dave & Buster's,2
Where can I dine with good background music?,Devil's Den,2
Where can I dine with good background music?,Abyssinia,2
Where can I dine with good background music?,1225Raw Sushi and Sake Lounge,3
Where can I dine with good background music?,Penrose Diner,1
Where can I dine with good background music?,Wedge + Fig,1
Where can I dine with good background music?,Moriarty's Restaurant and Irish Pub,2
Where can I dine with good background music?,Las Bugambilias,2
Where can I dine with good background music?,Veda - Modern Indian Bistro,2
Where can I dine with good background music?,Seorabol Korean Restaurant,0
Where can I dine with good background music?,Cedar Park Cafe,0
Where can I dine with good background music?,Mission Taqueria,3
Where can I dine with good background music?,Revolution House,2
Where can I dine with good background music?,Hawthornes Biercafé,2
Where can I dine with good background music?,Red Owl Tavern,2
Where can I dine with good background music?,Han Dynasty,1
Where can I dine with good background music?,Le Viet Restaurant,2
Where can I dine with good background music?,Down Home Diner,0
Where can I dine with good background music?,Hard Rock Cafe,3
Where can I dine with good background music?,LaScala's,2
Where can I dine with good background music?,Distrito,2
Where can I dine with good background music?,BRÜ Craft & Wurst,2
Where can I dine with good background music?,Gyu-Kaku Japanese BBQ,1
Where can I dine with good background music?,Bainbridge Street Barrel House,2
Where can I dine with good background music?,The Blue Duck,1
Where can I dine with good background music?,Earth Bread + Brewery,2
Where can I dine with good background music?,Morimoto,2
Where can I dine with good background music?,New Harmony Vegetarian Restaurant,2
Where can I dine with good background music?,Porcini,1
Where can I dine with good background music?,Garces Trading Company,2
Where can I dine with good background music?,David's Mai Lai Wah,0
Where can I dine with good background music?,Evil Genius Beer,2
Where can I dine with good background music?,Monk's Cafe,2
Where can I dine with good background music?,The Fat Ham,2
Where can I dine with good background music?,Sam's Morning Glory Diner,1
Where can I dine with good background music?,La Calaca Feliz,2
Where can I dine with good background music?,Noord,2
Where can I dine with good background music?,Cafe Lift,1
Where can I dine with good background music?,Mac's Tavern,2
Where can I dine with good background music?,Fox and Hound,1
Where can I dine with good background music?,Cedar Point Bar and Kitchen,2
Where can I dine with good background music?,Café Soho,3
Where can I dine with good background music?,Resurrection Ale House,2
Where can I dine with good background music?,Sang Kee Noodle House,0
Where can I dine with good background music?,Oyster House,2
Where can I dine with good background music?,Marathon,1
Where can I dine with good background music?,Panorama,1
Where can I dine with good background music?,Le Virtu,1
Where can I dine with good background music?,Hungry Pigeon,1
Where can I dine with good background music?,Soup Kitchen Cafe,2
Where can I dine with good background music?,Nam Phuong,1
Where can I dine with good background music?,Vientiane Café,2
Where can I dine with good background music?,The Capital Grille,2
Where can I dine with good background music?,Punch Line Philly,2
Where can I dine with good background music?,Dan Dan,1
Where can I dine with good background music?,El Rey,2
Where can I dine with good background music?,Sitar India,2
Where can I dine with good background music?,Jose Pistola's,2
Where can I dine with good background music?,Southgate,2
Where can I dine with good background music?,Chart House,2
Where can I dine with good background music?,Con Murphy's,2
Where can I dine with good background music?,Kabobeesh,1
Where can I dine with good background music?,The Rooster,2
Where can I dine with good background music?,One Shot Coffee,2
Where can I dine with good background music?,Smile Cafe,2
Where can I dine with good background music?,Spasso Italian Grill,2
Where can I dine with good background music?,Grindcore House,2
Where can I dine with good background music?,Karma Restaurant & Bar,3
Where can I dine with good background music?,Vetri Cucina,2
Where can I dine with good background music?,Village Whiskey,2
Where can I dine with good background music?,Eulogy Belgian Tavern,2
Where can I dine with good background music?,Effie's Restaurant,1
Where can I dine with good background music?,Green Eggs Café,1
Where can I dine with good background music?,Sancho Pistola's,2
Where can I dine with good background music?,Apricot Stone,2
Where can I dine with good background music?,Nine Ting,1
Where can I dine with good background music?,Cheu Noodle Bar,3
Where can I dine with good background music?,Chhaya Cafe,1
Where can I dine with good background music?,Zahav,2
Where can I dine with good background music?,Giorgio On Pine,1
Where can I dine with good background music?,Cafe Olé,3
Where can I dine with good background music?,Abe Fisher,1
Where can I dine with good background music?,Dante & Luigi's,2
Where can I dine with good background music?,Yards Brewing Company,1
Where can I dine with good background music?,Honey's Sit N Eat,0
Where can I dine with good background music?,Brauhaus Schmitz,2
Where can I dine with good background music?,RIM Cafe,3
Where can I dine with good background music?,Loco Pez,2
Where can I dine with good background music?,The Foodery at Rittenhouse,2
Where can I dine with good background music?,In Riva,2
Where can I dine with good background music?,Soy Cafe,2
Where can I dine with good background music?,Shiao Lan Kung,0
Where can I dine with good background music?,Murph's Bar,2
Where can I dine with good background music?,Pattaya,3
Where can I dine with good background music?,Tamarind,1
Where can I dine with good background music?,Gran Caffe L'Aquila,2
Where can I dine with good background music?,Spice 28,2
Where can I dine with good background music?,Vedge,2
Where can I dine with good background music?,Hardena_Waroeng Surabaya Restaurant,0
Where can I dine with good background music?,McCormick & Schmick's Seafood & Steaks,1
Where can I dine with good background music?,Banh Mi and Bottles,2
Where can I dine with good background music?,Ants Pants Café,1
Where can I dine with good background music?,Bellini,2
Where can I dine with good background music?,Bufad,2
Where can I dine with good background music?,Lucky's Last Chance,3
Where can I dine with good background music?,Radicchio Cafe,2
Where can I dine with good background music?,Chickie's & Pete's,2
Where can I dine with good background music?,Banana Leaf,1
Where can I dine with good background music?,Vietnam Restaurant,2
Where can I dine with good background music?,La Fontana Della Citta,2
Where can I dine with good background music?,Hickory Lane American Bistro,2
Where can I dine with good background music?,Tai Lake Restaurant,0
Where can I dine with good background music?,2nd Story Brewing,2
Where can I dine with good background music?,Cafe Ynez,3
Where can I dine with good background music?,Fare,2
Where can I dine with good background music?,Wrap Shack,2
Where can I dine with good background music?,Mad Mex - University City,1
Where can I dine with good background music?,Hippot Shabu Shabu,3
Where can I dine with good background music?,Little Nonna's,2
Where can I dine with good background music?,Taqueria Feliz,3
Where can I dine with good background music?,SOMO Manayunk,2
Where can I dine with good background music?,L'Angolo Ristorante,2
Where can I dine with good background music?,Dim Sum Garden,0
Where can I dine with good background music?,Reading Terminal Market,0
Where can I dine with good background music?,Rosy's Taco Bar,2
Where can I dine with good background music?,V Street,2
Where can I dine with good background music?,Pizzeria Stella,2
Where can I dine with good background music?,Serafina Philadelphia,1
Where can I dine with good background music?,Kalaya,1
Where can I dine with good background music?,Zento Contemporary Japanese Cuisine,2
Where can I dine with good background music?,Devon Seafood Grill,1
Where can I dine with good background music?,Jasmine Rice - Rittenhouse,1
Where can I dine with good background music?,Cafe La Maude,2
Where can I dine with good background music?,Café y Chocolate,2
Where can I dine with good background music?,Ristorante Pesto,1
Where can I dine with good background music?,Green Eggs Cafe,1
Where can I dine with good background music?,48th Street Grille,1
Where can I dine with good background music?,Day By Day,1
Where can I dine with good background music?,Khmer Kitchen,1
Where can I dine with good background music?,Anastasi Seafood,2
Where can I dine with good background music?,Hiro Ramen House,2
Where can I dine with good background music?,Nom Wah Philadelphia,2
Where can I dine with good background music?,Fuel Center City,1
Where can I dine with good background music?,Doma,2
Where can I dine with good background music?,Sazon Restaurant & Cafe,1
Where can I dine with good background music?,Little Spoon Cafe,2
Where can I dine with good background music?,Villa Di Roma,1
Where can I dine with good background music?,Sate Kampar,1
Where can I dine with good background music?,Joy Tsin Lau Chinese Restaurant,0
Where can I dine with good background music?,Nomad Pizza Company,2
Where can I dine with good background music?,Bubblefish,3
Where can I dine with good background music?,La Colombe Coffee,2
Where can I dine with good background music?,Ratchada Thai & Laos Cuisine,3
Where can I dine with good background music?,New Delhi Indian Restaurant,1
Where can I dine with good background music?,Joe's Steaks + Soda Shop,2
Where can I dine with good background music?,Indian Restaurant,2
Where can I dine with good background music?,Erawan Thai Cuisine,2
Where can I dine with good background music?,El Poquito,2
Where can I dine with good background music?,Luna Café,2
Where can I dine with good background music?,Pizzeria Beddia,2
Where can I dine with good background music?,Black & Brew,2
Where can I dine with good background music?,Alyan's Restaurant,2
Where can I dine with good background music?,Ralphs Italian Restaurant,2
Where can I dine with good background music?,Pietro's Coal Oven Pizzeria,1
Where can I dine with good background music?,Circles Contemporary Thai,2
Where can I dine with good background music?,Le Pain Quotidien,1
Where can I dine with good background music?,House of Thai Cuisine,2
Where can I dine with good background music?,Nifty Fifty's,3
Where can I dine with good background music?,Las Margaritas,2
Where can I dine with good background music?,Zama,2
Where can I dine with good background music?,Max Brenner - Philadelphia,2
Where can I dine with good background music?,JJ Thai Cuisine,3
Where can I dine with good background music?,Jong Ka Jib,0
Where can I dine with good background music?,The QUICK FIXX,2
Where can I dine with good background music?,Monsú,2
Where can I dine with good background music?,Bistro SouthEast,2
Where can I dine with good background music?,Rangoon Burmese Restaurant,2
Where can I dine with good background music?,Dinardo's Famous Crabs,0
Where can I dine with good background music?,Koreana,0
Where can I dine with good background music?,Gnocchi,2
Where can I dine with good background music?,Sahara Grill,2
Where can I dine with good background music?,El Jarocho,2
Where can I dine with good background music?,Isot Mediterranean Cuisine,1
Where can I dine with good background music?,The Dutch,2
Where can I dine with good background music?,Lucha Cartel,2
Where can I dine with good background music?,Elixr Coffee Roasters,2
Where can I dine with good background music?,Marra's,1
Where can I dine with good background music?,Indian Kitchen Lovash,2
Where can I dine with good background music?,Tampopo,2
Where can I dine with good background music?,Umai Umai,2
Where can I dine with good background music?,Maggiano's Little Italy,2
Where can I dine with good background music?,Rybread,1
Where can I dine with good background music?,Kilimandjaro Restaurant,2
Where can I dine with good background music?,Penang,2
Where can I dine with good background music?,Nook Bakery & Coffee Bar,3
Where can I dine with good background music?,Circles Contemporary Asian,2
Where can I dine with good background music?,Ocean Harbor,0
Where can I dine with good background music?,Cactus Restaurant & Bar,2
Where can I dine with good background music?,Las Cazuelas Restaurant BYOB,2
Where can I dine with good background music?,Fuel,2
Where can I dine with good background music?,Pho Xe Lua Viet Thai Restaurant,1
Where can I dine with good background music?,Su Xing House,1
Where can I dine with good background music?,P S & Co,2
Where can I dine with good background music?,Barra Rossa Ristorante,2
Where can I dine with good background music?,Winnie's Manayunk,1
Where can I dine with good background music?,Manakeesh Cafe Bakery & Grill,2
Where can I dine with good background music?,Nomad Roman Pizza,2
Where can I dine with good background music?,Yanako,2
Where can I dine with good background music?,Sakura Mandarin,0
Where can I dine with good background music?,Tres Jalapenos,1
Where can I dine with good background music?,So Crepe,2
Where can I dine with good background music?,Giwa Korean Kitchen,1
Where can I dine with good background music?,Almaz Cafe,2
Where can I dine with good background music?,Ekta Indian Cuisine,2
Where can I dine with good background music?,Bar Bombón,3
Where can I dine with good background music?,Taqueria La Veracruzana,0
Where can I dine with good background music?,Toast,2
Where can I dine with good background music?,Middle Child,3
Where can I dine with good background music?,E Mei Restaurant,2
Where can I dine with good background music?,Bobby's Burger Palace,1
Where can I dine with good background music?,Greg's Kitchen,2
Where can I dine with good background music?,Di Bruno Bros.,1
Where can I dine with good background music?,Sketch Burger,1
Where can I dine with good background music?,El Fuego,2
Where can I dine with good background music?,Chabaa Thai Bistro,2
Where can I dine with good background music?,K'Far Cafe,2
Where can I dine with good background music?,Xiandu Thai,2
Where can I dine with good background music?,honeygrow,1
Where can I dine with good background music?,OCF Coffee House,2
Where can I dine with good background music?,Nom Nom Ramen,2
Where can I dine with good background music?,Bluestone Lane,2
Where can I dine with good background music?,IKEA,0
Where can I dine with good background music?,The Couch Tomato Cafe,1
Where can I dine with good background music?,The Cheesecake Factory,1
Where can I dine with good background music?,Legal Sea Foods,1
Where can I dine with good background music?,Tela's Market & Kitchen,3
Where can I dine with good background music?,Tom's Dim Sum,1
Where can I dine with good background music?,Blue Corn,1
Where can I dine with good background music?,Crazy Sushi,2
Where can I dine with good background music?,Philadelphia Chutney Company,1
Where can I dine with good background music?,Federal Donuts,2
Where can I dine with good background music?,Molly Malloy's,2
Where can I dine with good background music?,QT Vietnamese Sandwich,0
Where can I dine with good background music?,&pizza - Walnut,2
Where can I dine with good background music?,Tacconelli's Pizzeria,1
Where can I dine with good background music?,Zorba's Taverna,1
Where can I dine with good background music?,TGI Fridays,2
Where can I dine with good background music?,Little Sicily 2,1
Where can I dine with good background music?,Real Food Eatery,0
Where can I dine with good background music?,Stock,2
Where can I dine with good background music?,T-Swirl Crêpe,2
Where can I dine with good background music?,Govinda's Vegetarian,0
Where can I dine with good background music?,Terakawa Ramen,2
Where can I dine with good background music?,Mood Cafe,2
Where can I dine with good background music?,Ting Wong Restaurant,0
Where can I dine with good background music?,Vic Sushi Bar,1
Where can I dine with good background music?,Los Gallos Mexican Taqueria,1
Where can I dine with good background music?,Schlesinger's,0
Where can I dine with good background music?,Magpie,3
Where can I dine with good background music?,Cafe Diem,2
Where can I dine with good background music?,Pearl's Oyster Bar,1
Where can I dine with good background music?,Happily Ever After,2
Where can I dine with good background music?,Chubbys Steaks,2
Where can I dine with good background music?,Buena Onda,2
Where can I dine with good background music?,Dutch Eating Place,0
Where can I dine with good background music?,Rustica,2
Where can I dine with good background music?,SPOT Gourmet Burgers,1
Where can I dine with good background music?,Pizza Brain,2
Where can I dine with good background music?,Shake Shack,1
Where can I dine with good background music?,Fat Salmon,2
Where can I dine with good background music?,Taco Riendo,2
Where can I dine with good background music?,Amma's South Indian Cuisine,1
Where can I dine with good background music?,Local Tavern,3
Where can I dine with good background music?,Hummus Grill,0
Where can I dine with good background music?,Paesano's Philly Style,0
Where can I dine with good background music?,Volo Coffeehouse,2
Where can I dine with good background music?,Bleu Sushi,2
Where can I dine with good background music?,Aki Nom Nom Sushi & Ramen,2
Where can I dine with good background music?,Lorenzo & Sons Pizza,0
Where can I dine with good background music?,500 Degrees,1
Where can I dine with good background music?,Sang Kee Peking Duck House,0
Where can I dine with good background music?,Saad's Halal Restaurant,0
Where can I dine with good background music?,Spice End,1
Where can I dine with good background music?,Rose Petals Cafe,2
Where can I dine with good background music?,Empress Garden,0
Where can I dine with good background music?,Greek Lady,2
Where can I dine with good background music?,Shang Hai 1,2
Where can I dine with good background music?,Que Chula Es Puebla,2
Where can I dine with good background music?,Spice C,0
Where can I dine with good background music?,Dim Sum & Noodle,0
Where can I dine with good background music?,Pho Ha,0
Where can I dine with good background music?,BurgerFi,2
Where can I dine with good background music?,Masala Kitchen Kati Rolls and Platters,2
Where can I dine with good background music?,Beck's Cajun Cafe,1
Where can I dine with good background music?,Nan Zhou Hand Drawn Noodle House,0
Where can I dine with good background music?,Capogiro Gelato,2
Where can I dine with good background music?,South Philly Barbacoa,0
Where can I dine with good background music?,Cleavers,1
Where can I dine with good background music?,HipCityVeg - University City,2
Where can I dine with good background music?,Philadelphia Museum of Art,3
Where can I dine with good background music?,Smiley's Cafe,2
Where can I dine with good background music?,Miel Patisserie,2
Where can I dine with good background music?,A La Mousse,1
Where can I dine with good background music?,Tiffin,1
Where can I dine with good background music?,Jim's South St,1
Where can I dine with good background music?,Bareburger - Midtown Village,1
Where can I dine with good background music?,Pho Saigon,1
Where can I dine with good background music?,Pho 75,0
Where can I dine with good background music?,Famous 4th Street Delicatessen,0
Where can I dine with good background music?,Max's Steaks,2
Where can I dine with good background music?,Pho Ha Saigon,1
Where can I dine with good background music?,Chickie's and Pete's,2
Where can I dine with good background music?,Santucci's Original Square Pizza,1
Where can I dine with good background music?,HipCityVeg,0
Where can I dine with good background music?,The Original Tony Lukes,0
Where can I dine with good background music?,Mac Mart,1
Where can I dine with good background music?,Steve's Prince of Steaks,0
Where can I dine with good background music?,Dalessandro’s Steaks & Hoagies,0
Where can I dine with good background music?,J'aime French Bakery,2
Where can I dine with good background music?,Yamitsuki Ramen,3
Where can I dine with good background music?,Sardi's Pollo A La Brasa,2
Where can I dine with good background music?,Nick's Old Original Roast Beef,1
Where can I dine with good background music?,Honest Tom's Plant Based Taco Shop,0
Where can I dine with good background music?,Hai Street Kitchen & Co,0
Where can I dine with good background music?,Octopus Falafel Truck,2
Where can I dine with good background music?,Ishkabibble's,0
Where can I dine with good background music?,Pho Cali Vietnamese Restaurant,0
Where can I dine with good background music?,Underdogs,2
Where can I dine with good background music?,Kung Fu Tea,2
Where can I dine with good background music?,Snap Custom Pizza - Center City,1
Where can I dine with good background music?,Blackbird Pizzeria,2
Where can I dine with good background music?,Mama's Vegetarian,0
Where can I dine with good background music?,Love & Honey Fried Chicken,0
Where can I dine with good background music?,John's Roast Pork,0
Where can I dine with good background music?,Slice,1
Where can I dine with good background music?,Stockyard Sandwich,0
Where can I dine with good background music?,Dizengoff,2
Where can I dine with good background music?,Philip's Steaks,0
Where can I dine with good background music?,Little Baby's Ice Cream,0
Where can I dine with good background music?,Revolution Taco,2
Where can I dine with good background music?,Gooey Looie's,0
Where can I dine with good background music?,Spread Bagelry,2
Where can I dine with good background music?,Luke's Lobster Rittenhouse,0
Where can I dine with good background music?,Animo Juice,2
Where can I dine with good background music?,Sumo Sushi,1
Where can I dine with good background music?,Jakes Sandwich Board - 12th St,1
Where can I dine with good background music?,Sonny's Famous Steaks,1
Where can I dine with good background music?,Campo's Philly Cheesesteaks,0
Where can I dine with good background music?,Chubby Cattle,3
Where can I dine with good background music?,Angelo's Pizzeria,0
Where can I dine with good background music?,Koto Sushi,2
Where can I dine with good background music?,Carmen's Famous Italian Hoagies,0
Where can I dine with good background music?,Goldie,0
Where can I dine with good background music?,Koch's Deli,1
Where can I dine with good background music?,P'unk Burger,0
Where can I dine with good background music?,Jimmy G's Steaks,0
Where can I dine with good background music?,Jim's Steaks,0
Where can I dine with good background music?,Termini Bros Bakery,1
Where can I dine with good background music?,Del Rossi's Cheesesteak,0
Where can I dine with good background music?,The Bakeshop on 20th,0
Where can I dine with good background music?,Cosmi's Deli,0
Where can I dine with good background music?,Meltkraft At Reading Terminal Market,0
Where can I dine with good background music?,Lazaro's Pizzeria & Grill,1
Where can I dine with good background music?,Kabuki Sushi,1
Where can I dine with good background music?,Dos Tacos,2
Where can I dine with good background music?,By George! Pizza Pasta & Cheesesteaks,0
Where can I dine with good background music?,Oh Brother Philly,0
Where can I dine with good background music?,Woodrow's Sandwich Shop,0
Where can I dine with good background music?,Knead Bagels,0
Where can I dine with good background music?,Geno's Steaks,0
Where can I dine with good background music?,Tommy DiNic's,0
Where can I dine with good background music?,Hershel's East Side Deli,0
Where can I dine with good background music?,Pat's King of Steaks,0
Where can I dine with good background music?,Bredenbeck's Bakery & Ice Cream Parlor,0
Where can I dine with good background music?,Sweet Freedom Bakery,0
Where can I dine with good background music?,Spataro's Cheesesteaks,0
Where can I dine with good background music?,Flying Monkey Bakery,0
Where can I dine with good background music?,Sweet Box Cupcakes,0
Where can I dine with good background music?,Swiss Haus Cafe & Pastry Bar,1
Where can I dine with good background music?,Isgro Pastries,0
Where can I dine with good background music?,Beiler's Bakery,0
Where can I dine with good background music?,The Famous 4th Street Cookie Company,0
Suggest a restaurant with international influences.,Tashan,3
Suggest a restaurant with international influences.,Hardena_Waroeng Surabaya Restaurant,3
Suggest a restaurant with international influences.,Uzbekistan Restaurant,3
Suggest a restaurant with international influences.,Lacroix Restaurant at The Rittenhouse,2
Suggest a restaurant with international influences.,Vetri Cucina,3
Suggest a restaurant with international influences.,Seorabol Korean Restaurant,3
Suggest a restaurant with international influences.,Laurel,3
Suggest a restaurant with international influences.,Sate Kampar,3
Suggest a restaurant with international influences.,Han Dynasty,3
Suggest a restaurant with international influences.,Spice Finch,3
Suggest a restaurant with international influences.,Chifa,3
Suggest a restaurant with international influences.,Serpico,3
Suggest a restaurant with international influences.,IndeBlue Modern Indian Food & Spirits,3
Suggest a restaurant with international influences.,Bistrot La Minette,3
Suggest a restaurant with international influences.,Sbraga,2
Suggest a restaurant with international influences.,Vietnam Cafe,3
Suggest a restaurant with international influences.,Isot Mediterranean Cuisine,3
Suggest a restaurant with international influences.,Kalaya,3
Suggest a restaurant with international influences.,Lolita,3
Suggest a restaurant with international influences.,Le Viet Restaurant,3
Suggest a restaurant with international influences.,Kanella,3
Suggest a restaurant with international influences.,Fond,3
Suggest a restaurant with international influences.,Vedge,3
Suggest a restaurant with international influences.,Zahav,3
Suggest a restaurant with international influences.,Tinto,3
Suggest a restaurant with international influences.,Little Sicily 2,3
Suggest a restaurant with international influences.,Sitar India,3
Suggest a restaurant with international influences.,Khmer Kitchen,3
Suggest a restaurant with international influences.,Marigold Kitchen,3
Suggest a restaurant with international influences.,Abe Fisher,3
Suggest a restaurant with international influences.,New Delhi Indian Restaurant,3
Suggest a restaurant with international influences.,Panorama,3
Suggest a restaurant with international influences.,K-POT Korean BBQ & Hot Pot,3
Suggest a restaurant with international influences.,Penang,3
Suggest a restaurant with international influences.,Indian Restaurant,3
Suggest a restaurant with international influences.,Noord,3
Suggest a restaurant with international influences.,Tierra Colombiana Restaurant,3
Suggest a restaurant with international influences.,Alma de Cuba,3
Suggest a restaurant with international influences.,Marrakesh,3
Suggest a restaurant with international influences.,Morimoto,3
Suggest a restaurant with international influences.,Hippot Shabu Shabu,2
Suggest a restaurant with international influences.,E Mei Restaurant,3
Suggest a restaurant with international influences.,Banana Leaf,3
Suggest a restaurant with international influences.,Bibou,3
Suggest a restaurant with international influences.,Sahara Grill,3
Suggest a restaurant with international influences.,a.kitchen,2
Suggest a restaurant with international influences.,Karma Restaurant & Bar,3
Suggest a restaurant with international influences.,Southgate,3
Suggest a restaurant with international influences.,V Street,3
Suggest a restaurant with international influences.,Apricot Stone,3
Suggest a restaurant with international influences.,Gyu-Kaku Japanese BBQ,3
Suggest a restaurant with international influences.,Veda - Modern Indian Bistro,3
Suggest a restaurant with international influences.,Nine Ting,2
Suggest a restaurant with international influences.,JJ Thai Cuisine,3
Suggest a restaurant with international influences.,Indian Kitchen Lovash,3
Suggest a restaurant with international influences.,Little Fish,2
Suggest a restaurant with international influences.,Ratchada Thai & Laos Cuisine,3
Suggest a restaurant with international influences.,Bar Ferdinand,3
Suggest a restaurant with international influences.,Tamarind,3
Suggest a restaurant with international influences.,Russet,2
Suggest a restaurant with international influences.,Koreana,3
Suggest a restaurant with international influences.,Sampan,3
Suggest a restaurant with international influences.,Garces Trading Company,2
Suggest a restaurant with international influences.,Amada,3
Suggest a restaurant with international influences.,La Locanda Del Ghiottone,2
Suggest a restaurant with international influences.,Suraya,3
Suggest a restaurant with international influences.,Kilimandjaro Restaurant,3
Suggest a restaurant with international influences.,Tequilas Restaurant,3
Suggest a restaurant with international influences.,Las Bugambilias,3
Suggest a restaurant with international influences.,Dim Sum House,3
Suggest a restaurant with international influences.,Vietnam Restaurant,3
Suggest a restaurant with international influences.,Rangoon Burmese Restaurant,3
Suggest a restaurant with international influences.,The Spicy Belly,3
Suggest a restaurant with international influences.,Jong Ka Jib,2
Suggest a restaurant with international influences.,Zavino,2
Suggest a restaurant with international influences.,The Continental Mid-town,3
Suggest a restaurant with international influences.,Fork,3
Suggest a restaurant with international influences.,Matyson,3
Suggest a restaurant with international influences.,Modo Mio,2
Suggest a restaurant with international influences.,Gran Caffe L'Aquila,3
Suggest a restaurant with international influences.,Double Knot,3
Suggest a restaurant with international influences.,Xiandu Thai,3
Suggest a restaurant with international influences.,Smile Cafe,3
Suggest a restaurant with international influences.,Fogo de Chao,2
Suggest a restaurant with international influences.,Tredici Enoteca,3
Suggest a restaurant with international influences.,Supper,3
Suggest a restaurant with international influences.,Villa Di Roma,2
Suggest a restaurant with international influences.,Figs,3
Suggest a restaurant with international influences.,Amma's South Indian Cuisine,3
Suggest a restaurant with international influences.,Doma,3
Suggest a restaurant with international influences.,La Viola,2
Suggest a restaurant with international influences.,Vintage Wine Bar,2
Suggest a restaurant with international influences.,Mood Cafe,3
Suggest a restaurant with international influences.,Talula's Garden,2
Suggest a restaurant with international influences.,Vientiane Café,3
Suggest a restaurant with international influences.,Butcher and Singer,0
Suggest a restaurant with international influences.,Estia,3
Suggest a restaurant with international influences.,Distrito,3
Suggest a restaurant with international influences.,Harp & Crown,2
Suggest a restaurant with international influences.,Talula's Daily,2
Suggest a restaurant with international influences.,New Harmony Vegetarian Restaurant,3
Suggest a restaurant with international influences.,Royal Sushi & Izakaya,3
Suggest a restaurant with international influences.,Osteria,3
Suggest a restaurant with international influences.,Pattaya,2
Suggest a restaurant with international influences.,Kabobeesh,3
Suggest a restaurant with international influences.,Jamonera,3
Suggest a restaurant with international influences.,Stateside,3
Suggest a restaurant with international influences.,Erawan Thai Cuisine,3
Suggest a restaurant with international influences.,Chima Steakhouse,3
Suggest a restaurant with international influences.,Friday Saturday Sunday,3
Suggest a restaurant with international influences.,Sang Kee Noodle House,2
Suggest a restaurant with international influences.,Cafe La Maude,3
Suggest a restaurant with international influences.,Dmitri's,2
Suggest a restaurant with international influences.,Cuba Libre Restaurant & Rum Bar - Philadelphia,3
Suggest a restaurant with international influences.,Tria Cafe Rittenhouse,2
Suggest a restaurant with international influences.,Ela,3
Suggest a restaurant with international influences.,Su Xing House,2
Suggest a restaurant with international influences.,Café y Chocolate,3
Suggest a restaurant with international influences.,Charlie Was a Sinner,2
Suggest a restaurant with international influences.,Buddakan,3
Suggest a restaurant with international influences.,Brauhaus Schmitz,3
Suggest a restaurant with international influences.,Xochitl,2
Suggest a restaurant with international influences.,The Adobe Cafe,2
Suggest a restaurant with international influences.,Davios,2
Suggest a restaurant with international influences.,House of Thai Cuisine,3
Suggest a restaurant with international influences.,Le Virtu,3
Suggest a restaurant with international influences.,Mercato BYOB,2
Suggest a restaurant with international influences.,Nam Phuong,3
Suggest a restaurant with international influences.,Cafe Ynez,3
Suggest a restaurant with international influences.,Iron Hill Brewery & Restaurant,2
Suggest a restaurant with international influences.,Twenty Manning,2
Suggest a restaurant with international influences.,The Farmers' Cabinet,2
Suggest a restaurant with international influences.,Monsú,3
Suggest a restaurant with international influences.,Audrey Claire,2
Suggest a restaurant with international influences.,Shiao Lan Kung,2
Suggest a restaurant with international influences.,Positano Coast by Aldo Lamberti,3
Suggest a restaurant with international influences.,Abyssinia,3
Suggest a restaurant with international influences.,The Good King Tavern,3
Suggest a restaurant with international influences.,Circles Contemporary Thai,3
Suggest a restaurant with international influences.,Ekta Indian Cuisine,3
Suggest a restaurant with international influences.,Dan Dan,3
Suggest a restaurant with international influences.,Vernick Food & Drink,2
Suggest a restaurant with international influences.,Giwa Korean Kitchen,3
Suggest a restaurant with international influences.,Aksum Cafe,3
Suggest a restaurant with international influences.,Stock,3
Suggest a restaurant with international influences.,Mixto,3
Suggest a restaurant with international influences.,Barbuzzo,3
Suggest a restaurant with international influences.,Barclay Prime,1
Suggest a restaurant with international influences.,Valanni,2
Suggest a restaurant with international influences.,Rose Tattoo Cafe,2
Suggest a restaurant with international influences.,Sazon Restaurant & Cafe,3
Suggest a restaurant with international influences.,The Love,3
Suggest a restaurant with international influences.,Almaz Cafe,3
Suggest a restaurant with international influences.,Spasso Italian Grill,2
Suggest a restaurant with international influences.,Amis Trattoria,2
Suggest a restaurant with international influences.,Blue Corn,3
Suggest a restaurant with international influences.,Sakura Mandarin,3
Suggest a restaurant with international influences.,Tampopo,3
Suggest a restaurant with international influences.,Pumpkin,2
Suggest a restaurant with international influences.,XIX Nineteen,2
Suggest a restaurant with international influences.,Tria Taproom,2
Suggest a restaurant with international influences.,Dante & Luigi's,3
Suggest a restaurant with international influences.,Tiffin,2
Suggest a restaurant with international influences.,Wm Mulherin's Sons,2
Suggest a restaurant with international influences.,Farmicia,2
Suggest a restaurant with international influences.,Alyan's Restaurant,3
Suggest a restaurant with international influences.,North Third,2
Suggest a restaurant with international influences.,Dim Sum Garden,3
Suggest a restaurant with international influences.,Tria Cafe Wash West,2
Suggest a restaurant with international influences.,Radicchio Cafe,3
Suggest a restaurant with international influences.,White Dog Cafe,2
Suggest a restaurant with international influences.,Kensington Quarters,2
Suggest a restaurant with international influences.,El Jarocho,2
Suggest a restaurant with international influences.,48th Street Grille,3
Suggest a restaurant with international influences.,Little Nonna's,2
Suggest a restaurant with international influences.,Jasmine Rice - Rittenhouse,3
Suggest a restaurant with international influences.,Del Frisco's Double Eagle Steakhouse,0
Suggest a restaurant with international influences.,Empress Garden,3
Suggest a restaurant with international influences.,High Street Philadelphia,2
Suggest a restaurant with international influences.,Harvest Seasonal Grill & Wine Bar - Philadelphia,2
Suggest a restaurant with international influences.,Ristorante Pesto,2
Suggest a restaurant with international influences.,Pub & Kitchen,2
Suggest a restaurant with international influences.,Alla Spina,2
Suggest a restaurant with international influences.,Caribou Cafe,3
Suggest a restaurant with international influences.,Spice 28,3
Suggest a restaurant with international influences.,La Peg,2
Suggest a restaurant with international influences.,Ocean Prime,2
Suggest a restaurant with international influences.,The Continental Restaurant and Martini Bar,3
Suggest a restaurant with international influences.,David's Mai Lai Wah,2
Suggest a restaurant with international influences.,The Victor Cafe,3
Suggest a restaurant with international influences.,Pod,3
Suggest a restaurant with international influences.,Barcelona Wine Bar Passyunk,3
Suggest a restaurant with international influences.,Bistro Romano,2
Suggest a restaurant with international influences.,Bing Bing Dim Sum,3
Suggest a restaurant with international influences.,Joy Tsin Lau Chinese Restaurant,2
Suggest a restaurant with international influences.,Parc,3
Suggest a restaurant with international influences.,La Calaca Feliz,3
Suggest a restaurant with international influences.,The Fat Ham,2
Suggest a restaurant with international influences.,Taqueria La Veracruzana,2
Suggest a restaurant with international influences.,Chabaa Thai Bistro,3
Suggest a restaurant with international influences.,The Capital Grille,1
Suggest a restaurant with international influences.,Melograno,2
Suggest a restaurant with international influences.,Cantina Los Caballitos,2
Suggest a restaurant with international influences.,La Fourno Ristorante Trattoria,2
Suggest a restaurant with international influences.,Giorgio On Pine,2
Suggest a restaurant with international influences.,Sabrina's Café,2
Suggest a restaurant with international influences.,Sancho Pistola's,3
Suggest a restaurant with international influences.,Pho Xe Lua Viet Thai Restaurant,3
Suggest a restaurant with international influences.,Bar Bombón,3
Suggest a restaurant with international influences.,El Vez,3
Suggest a restaurant with international influences.,Maggiano's Little Italy,3
Suggest a restaurant with international influences.,Heritage,3
Suggest a restaurant with international influences.,The Dandelion,3
Suggest a restaurant with international influences.,Wedge + Fig,2
Suggest a restaurant with international influences.,Di Bruno Bros.,3
Suggest a restaurant with international influences.,Que Chula Es Puebla,2
Suggest a restaurant with international influences.,L'Angolo Ristorante,3
Suggest a restaurant with international influences.,Bud & Marilyn's,2
Suggest a restaurant with international influences.,Banh Mi and Bottles,3
Suggest a restaurant with international influences.,Tai Lake Restaurant,2
Suggest a restaurant with international influences.,Cafe Diem,3
Suggest a restaurant with international influences.,Bistro SouthEast,3
Suggest a restaurant with international influences.,Soup Kitchen Cafe,2
Suggest a restaurant with international influences.,Philadelphia Chutney Company,3
Suggest a restaurant with international influences.,Bellini,2
Suggest a restaurant with international influences.,Mission Taqueria,3
Suggest a restaurant with international influences.,Ting Wong Restaurant,2
Suggest a restaurant with international influences.,Tres Jalapenos,2
Suggest a restaurant with international influences.,La Fontana Della Citta,2
Suggest a restaurant with international influences.,Yanako,3
Suggest a restaurant with international influences.,Porcini,2
Suggest a restaurant with international influences.,El Rey,2
Suggest a restaurant with international influences.,Race Street Cafe,2
Suggest a restaurant with international influences.,Louie Louie,2
Suggest a restaurant with international influences.,Rittenhouse Grill,0
Suggest a restaurant with international influences.,Jake's & Cooper's Wine Bar & Wine Shop,2
Suggest a restaurant with international influences.,Butcher Bar,2
Suggest a restaurant with international influences.,Kraftwork,2
Suggest a restaurant with international influences.,Joe's Steaks + Soda Shop,0
Suggest a restaurant with international influences.,R2L,2
Suggest a restaurant with international influences.,Branzino Italian Ristorante,2
Suggest a restaurant with international influences.,Destination Dogs,3
Suggest a restaurant with international influences.,Paris Bistro and Jazz Cafe,3
Suggest a restaurant with international influences.,Zorba's Taverna,3
Suggest a restaurant with international influences.,Manakeesh Cafe Bakery & Grill,3
Suggest a restaurant with international influences.,Urban Farmer Philadelphia,2
Suggest a restaurant with international influences.,Entree BYOB,2
Suggest a restaurant with international influences.,London Grill,2
Suggest a restaurant with international influences.,Strangelove's,2
Suggest a restaurant with international influences.,Square 1682,2
Suggest a restaurant with international influences.,Bar Hygge,2
Suggest a restaurant with international influences.,Rex at the Royal,2
Suggest a restaurant with international influences.,Zama,3
Suggest a restaurant with international influences.,Pietro's Coal Oven Pizzeria,1
Suggest a restaurant with international influences.,Ralphs Italian Restaurant,3
Suggest a restaurant with international influences.,LaScala's,2
Suggest a restaurant with international influences.,Gnocchi,3
Suggest a restaurant with international influences.,The Little Lion,2
Suggest a restaurant with international influences.,Cantina Dos Segundos,3
Suggest a restaurant with international influences.,Opa,3
Suggest a restaurant with international influences.,Moshulu,2
Suggest a restaurant with international influences.,Circles Contemporary Asian,3
Suggest a restaurant with international influences.,The Industry,2
Suggest a restaurant with international influences.,Taqueria Feliz,3
Suggest a restaurant with international influences.,Bank & Bourbon,1
Suggest a restaurant with international influences.,City Tap House,2
Suggest a restaurant with international influences.,Spice C,3
Suggest a restaurant with international influences.,Creperie Beau Monde & L'Etage,3
Suggest a restaurant with international influences.,Las Margaritas,2
Suggest a restaurant with international influences.,Walnut Street Cafe,2
Suggest a restaurant with international influences.,Shang Hai 1,3
Suggest a restaurant with international influences.,Front Street Cafe,2
Suggest a restaurant with international influences.,Las Cazuelas Restaurant BYOB,3
Suggest a restaurant with international influences.,South Philly Barbacoa,3
Suggest a restaurant with international influences.,El Camino Real,2
Suggest a restaurant with international influences.,Cheu Noodle Bar,3
Suggest a restaurant with international influences.,In Riva,3
Suggest a restaurant with international influences.,The Belgian Café,3
Suggest a restaurant with international influences.,Café Soho,2
Suggest a restaurant with international influences.,Ramen Bar,2
Suggest a restaurant with international influences.,Umai Umai,3
Suggest a restaurant with international influences.,Bar-Ly Chinatown,2
Suggest a restaurant with international influences.,Jose Pistola's,3
Suggest a restaurant with international influences.,Cafe Olé,3
Suggest a restaurant with international influences.,The Goat's Beard,2
Suggest a restaurant with international influences.,Hinge Cafe,2
Suggest a restaurant with international influences.,Hungry Pigeon,2
Suggest a restaurant with international influences.,City Tavern Restaurant,2
Suggest a restaurant with international influences.,The Twisted Tail,2
Suggest a restaurant with international influences.,Miles Table,2
Suggest a restaurant with international influences.,honeygrow,2
Suggest a restaurant with international influences.,Green Eggs Café,2
Suggest a restaurant with international influences.,Khyber Pass Pub,3
Suggest a restaurant with international influences.,So Crepe,3
Suggest a restaurant with international influences.,Los Gallos Mexican Taqueria,3
Suggest a restaurant with international influences.,P S & Co,2
Suggest a restaurant with international influences.,Sweet Lucy's Smokehouse,0
Suggest a restaurant with international influences.,Resurrection Ale House,2
Suggest a restaurant with international influences.,Prohibition Taproom,2
Suggest a restaurant with international influences.,Murph's Bar,3
Suggest a restaurant with international influences.,South Philadelphia Tap Room,2
Suggest a restaurant with international influences.,Trolley Car Diner,1
Suggest a restaurant with international influences.,Jones,2
Suggest a restaurant with international influences.,Pinefish,2
Suggest a restaurant with international influences.,Cafe Lift,2
Suggest a restaurant with international influences.,Varga Bar,2
Suggest a restaurant with international influences.,Pennsylvania 6,2
Suggest a restaurant with international influences.,Francoluigi's Pizzeria & Italian Restaurant,2
Suggest a restaurant with international influences.,El Poquito,2
Suggest a restaurant with international influences.,Yakitori Boy,3
Suggest a restaurant with international influences.,1225Raw Sushi and Sake Lounge,2
Suggest a restaurant with international influences.,Deke's Bar-B-Que,0
Suggest a restaurant with international influences.,Zento Contemporary Japanese Cuisine,2
Suggest a restaurant with international influences.,Fette Sau,0
Suggest a restaurant with international influences.,Porta,2
Suggest a restaurant with international influences.,The Abbaye,2
Suggest a restaurant with international influences.,South,2
Suggest a restaurant with international influences.,Devil's Alley Bar & Grille,1
Suggest a restaurant with international influences.,Effie's Restaurant,3
Suggest a restaurant with international influences.,Bubblefish,3
Suggest a restaurant with international influences.,Fare,2
Suggest a restaurant with international influences.,Honey's Sit-N-Eat,2
Suggest a restaurant with international influences.,Sang Kee Peking Duck House,2
Suggest a restaurant with international influences.,Terakawa Ramen,3
Suggest a restaurant with international influences.,Mad Rex,2
Suggest a restaurant with international influences.,Bonchon Philadelphia,3
Suggest a restaurant with international influences.,Taco Riendo,3
Suggest a restaurant with international influences.,The Gaslight,1
Suggest a restaurant with international influences.,Steve's Prince of Steaks,0
Suggest a restaurant with international influences.,Pho Saigon,3
Suggest a restaurant with international influences.,Spice End,3
Suggest a restaurant with international influences.,Percy Street Barbecue,1
Suggest a restaurant with international influences.,Soy Cafe,2
Suggest a restaurant with international influences.,Mad Mex - University City,2
Suggest a restaurant with international influences.,Saad's Halal Restaurant,3
Suggest a restaurant with international influences.,Pho Ha,3
Suggest a restaurant with international influences.,The QUICK FIXX,2
Suggest a restaurant with international influences.,Bottle Bar East,2
Suggest a restaurant with international influences.,Royal Tavern,2
Suggest a restaurant with international influences.,Local 44,2
Suggest a restaurant with international influences.,Copabanana,2
Suggest a restaurant with international influences.,Serafina Philadelphia,2
Suggest a restaurant with international influences.,Masala Kitchen Kati Rolls and Platters,3
Suggest a restaurant with international influences.,Harper's Garden,2
Suggest a restaurant with international influences.,El Fuego,2
Suggest a restaurant with international influences.,National Mechanics,2
Suggest a restaurant with international influences.,Max Brenner - Philadelphia,2
Suggest a restaurant with international influences.,Catahoula,2
Suggest a restaurant with international influences.,Rosy's Taco Bar,3
Suggest a restaurant with international influences.,Hiro Ramen House,3
Suggest a restaurant with international influences.,Memphis Taproom,2
Suggest a restaurant with international influences.,Hummus Grill,3
Suggest a restaurant with international influences.,Buena Onda,2
Suggest a restaurant with international influences.,Ms Tootsie's RBL,2
Suggest a restaurant with international influences.,McCrossen's Tavern,2
Suggest a restaurant with international influences.,Nom Wah Philadelphia,3
Suggest a restaurant with international influences.,Triumph Brewing Company,2
Suggest a restaurant with international influences.,McCormick & Schmick's Seafood & Steaks,1
Suggest a restaurant with international influences.,American Sardine Bar,2
Suggest a restaurant with international influences.,Hawthornes Biercafé,2
Suggest a restaurant with international influences.,Honest Tom's Plant Based Taco Shop,2
Suggest a restaurant with international influences.,Dim Sum & Noodle,3
Suggest a restaurant with international influences.,Red Owl Tavern,2
Suggest a restaurant with international influences.,Marathon On the Square,2
Suggest a restaurant with international influences.,Marmont Steakhouse & Bar,1
Suggest a restaurant with international influences.,The Plough & the Stars,2
Suggest a restaurant with international influences.,Baby Blues BBQ Philly,0
Suggest a restaurant with international influences.,Devil's Den,2
Suggest a restaurant with international influences.,Chhaya Cafe,2
Suggest a restaurant with international influences.,Anastasi Seafood,1
Suggest a restaurant with international influences.,Local Tavern,0
Suggest a restaurant with international influences.,Marathon,2
Suggest a restaurant with international influences.,Rouge,2
Suggest a restaurant with international influences.,Real Food Eatery,1
Suggest a restaurant with international influences.,Silk City Diner & Lounge,2
Suggest a restaurant with international influences.,Cedar Point Bar and Kitchen,2
Suggest a restaurant with international influences.,Three Monkeys Cafe,2
Suggest a restaurant with international influences.,The Rooster,2
Suggest a restaurant with international influences.,Nan Zhou Hand Drawn Noodle House,3
Suggest a restaurant with international influences.,K'Far Cafe,3
Suggest a restaurant with international influences.,Reading Terminal Market,3
Suggest a restaurant with international influences.,SOMO Manayunk,2
Suggest a restaurant with international influences.,LaScala's Birra,2
Suggest a restaurant with international influences.,Loco Pez,3
Suggest a restaurant with international influences.,Day By Day,2
Suggest a restaurant with international influences.,BRÜ Craft & Wurst,2
Suggest a restaurant with international influences.,Pizzeria Vetri,2
Suggest a restaurant with international influences.,2nd Story Brewing,2
Suggest a restaurant with international influences.,Kite & Key,2
Suggest a restaurant with international influences.,Standard Tap,3
Suggest a restaurant with international influences.,Pho Ha Saigon,3
Suggest a restaurant with international influences.,Sam's Morning Glory Diner,1
Suggest a restaurant with international influences.,Fuji Mountain,2
Suggest a restaurant with international influences.,Ocean Harbor,2
Suggest a restaurant with international influences.,Sassafras Bar,2
Suggest a restaurant with international influences.,Le Pain Quotidien,2
Suggest a restaurant with international influences.,Hickory Lane American Bistro,1
Suggest a restaurant with international influences.,Pho Cali Vietnamese Restaurant,3
Suggest a restaurant with international influences.,Bourbon Blue,2
Suggest a restaurant with international influences.,Time,3
Suggest a restaurant with international influences.,Govinda's Vegetarian,2
Suggest a restaurant with international influences.,QT Vietnamese Sandwich,3
Suggest a restaurant with international influences.,The Foodery at Rittenhouse,2
Suggest a restaurant with international influences.,The Dutch,3
Suggest a restaurant with international influences.,Trolley Car Cafe,1
Suggest a restaurant with international influences.,Tom's Dim Sum,3
Suggest a restaurant with international influences.,Darling's Diner,1
Suggest a restaurant with international influences.,Good Dog Bar,2
Suggest a restaurant with international influences.,Jack's Firehouse,1
Suggest a restaurant with international influences.,Chubby Cattle,3
Suggest a restaurant with international influences.,Honey's Sit N Eat,2
Suggest a restaurant with international influences.,Bourbon & Branch,2
Suggest a restaurant with international influences.,Aki Nom Nom Sushi & Ramen,2
Suggest a restaurant with international influences.,Smokin Bettys,2
Suggest a restaurant with international influences.,Lucha Cartel,3
Suggest a restaurant with international influences.,Bleu Sushi,2
Suggest a restaurant with international influences.,HipCityVeg,2
Suggest a restaurant with international influences.,Moriarty's Restaurant and Irish Pub,2
Suggest a restaurant with international influences.,Greek Lady,3
Suggest a restaurant with international influences.,Hai Street Kitchen & Co,3
Suggest a restaurant with international influences.,Jamaican Jerk Hut,3
Suggest a restaurant with international influences.,Marra's,1
Suggest a restaurant with international influences.,Jerry's Bar,2
Suggest a restaurant with international influences.,Barra Rossa Ristorante,2
Suggest a restaurant with international influences.,Cactus Restaurant & Bar,2
Suggest a restaurant with international influences.,Green Eggs Cafe,1
Suggest a restaurant with international influences.,Smiley's Cafe,3
Suggest a restaurant with international influences.,Chart House,2
Suggest a restaurant with international influences.,MilkBoy,2
Suggest a restaurant with international influences.,Octopus Falafel Truck,3
Suggest a restaurant with international influences.,Nom Nom Ramen,3
Suggest a restaurant with international influences.,Bridget Foy's,2
Suggest a restaurant with international influences.,Bainbridge Street Barrel House,1
Suggest a restaurant with international influences.,Legal Sea Foods,0
Suggest a restaurant with international influences.,Eulogy Belgian Tavern,3
Suggest a restaurant with international influences.,The Sidecar Bar & Grille,1
Suggest a restaurant with international influences.,Fat Salmon,3
Suggest a restaurant with international influences.,Miel Patisserie,3
Suggest a restaurant with international influences.,Koto Sushi,3
Suggest a restaurant with international influences.,Pizzeria Stella,2
Suggest a restaurant with international influences.,Frankford Hall,3
Suggest a restaurant with international influences.,Perch Pub,2
Suggest a restaurant with international influences.,Booker's Restaurant and Bar,2
Suggest a restaurant with international influences.,The Cheesecake Factory,2
Suggest a restaurant with international influences.,Rose Petals Cafe,2
Suggest a restaurant with international influences.,Johnny Brenda's,2
Suggest a restaurant with international influences.,Monk's Cafe,3
Suggest a restaurant with international influences.,The Blue Duck,2
Suggest a restaurant with international influences.,Cleavers,0
Suggest a restaurant with international influences.,La Colombe Coffee,2
Suggest a restaurant with international influences.,HipCityVeg - University City,2
Suggest a restaurant with international influences.,Goldie,3
Suggest a restaurant with international influences.,Relish,2
Suggest a restaurant with international influences.,Manayunk Brewery,2
Suggest a restaurant with international influences.,The Gold Standard Cafe,2
Suggest a restaurant with international influences.,Pho 75,3
Suggest a restaurant with international influences.,Little Pete's Restaurant,0
Suggest a restaurant with international influences.,Tela's Market & Kitchen,1
Suggest a restaurant with international influences.,The Cambridge,2
Suggest a restaurant with international influences.,Yamitsuki Ramen,3
Suggest a restaurant with international influences.,Fuel Center City,1
Suggest a restaurant with international influences.,Happily Ever After,2
Suggest a restaurant with international influences.,Winnie's Manayunk,1
Suggest a restaurant with international influences.,Luna Café,2
Suggest a restaurant with international influences.,Revolution House,2
Suggest a restaurant with international influences.,Ants Pants Café,2
Suggest a restaurant with international influences.,Revolution Taco,3
Suggest a restaurant with international influences.,Stogie Joe's Tavern,1
Suggest a restaurant with international influences.,World Cafe Live,2
Suggest a restaurant with international influences.,Con Murphy's,2
Suggest a restaurant with international influences.,Little Spoon Cafe,2
Suggest a restaurant with international influences.,Landmark Americana Tap & Grill - University City,1
Suggest a restaurant with international influences.,Meltkraft At Reading Terminal Market,2
Suggest a restaurant with international influences.,Sardi's Pollo A La Brasa,3
Suggest a restaurant with international influences.,Oyster House,2
Suggest a restaurant with international influences.,J'aime French Bakery,3
Suggest a restaurant with international influences.,Federal Donuts,3
Suggest a restaurant with international influences.,Cedar Park Cafe,1
Suggest a restaurant with international influences.,Paesano's Philly Style,2
Suggest a restaurant with international influences.,Misconduct Tavern,1
Suggest a restaurant with international influences.,Devon Seafood Grill,2
Suggest a restaurant with international influences.,Ten Stone Bar & Restaurant,1
Suggest a restaurant with international influences.,Rustica,2
Suggest a restaurant with international influences.,Fadó Irish Pub,2
Suggest a restaurant with international influences.,Penrose Diner,1
Suggest a restaurant with international influences.,Urban Saloon,0
Suggest a restaurant with international influences.,Nodding Head Brewery & Restaurant,2
Suggest a restaurant with international influences.,Lucky's Last Chance,2
Suggest a restaurant with international influences.,Chubbys Steaks,1
Suggest a restaurant with international influences.,Dalessandro’s Steaks & Hoagies,0
Suggest a restaurant with international influences.,Molly Malloy's,2
Suggest a restaurant with international influences.,Bobby's Burger Palace,2
Suggest a restaurant with international influences.,Santucci's Original Square Pizza,1
Suggest a restaurant with international influences.,PYT,3
Suggest a restaurant with international influences.,Underdogs,3
Suggest a restaurant with international influences.,Vic Sushi Bar,2
Suggest a restaurant with international influences.,Crazy Sushi,2
Suggest a restaurant with international influences.,Koch's Deli,2
Suggest a restaurant with international influences.,The Olde Bar,2
Suggest a restaurant with international influences.,Capogiro Gelato,2
Suggest a restaurant with international influences.,Earth Bread + Brewery,2
Suggest a restaurant with international influences.,Cosmi's Deli,0
Suggest a restaurant with international influences.,Down Home Diner,0
Suggest a restaurant with international influences.,Schlesinger's,1
Suggest a restaurant with international influences.,Bufad,3
Suggest a restaurant with international influences.,Ladder 15,2
Suggest a restaurant with international influences.,Philip's Steaks,0
Suggest a restaurant with international influences.,Black & Brew,1
Suggest a restaurant with international influences.,Bok Bar,2
Suggest a restaurant with international influences.,Village Whiskey,2
Suggest a restaurant with international influences.,Fergie's Pub,2
Suggest a restaurant with international influences.,Wrap Shack,2
Suggest a restaurant with international influences.,Ishkabibble's,0
Suggest a restaurant with international influences.,One Shot Coffee,2
Suggest a restaurant with international influences.,Carmen's Famous Italian Hoagies,2
Suggest a restaurant with international influences.,Blackbird Pizzeria,1
Suggest a restaurant with international influences.,Greg's Kitchen,1
Suggest a restaurant with international influences.,Pearl's Oyster Bar,2
Suggest a restaurant with international influences.,New Deck Tavern,1
Suggest a restaurant with international influences.,Nomad Pizza Company,2
Suggest a restaurant with international influences.,The Happy Rooster,2
Suggest a restaurant with international influences.,Dock Street Brewery,2
Suggest a restaurant with international influences.,Fuel,2
Suggest a restaurant with international influences.,Del Rossi's Cheesesteak,0
Suggest a restaurant with international influences.,T-Swirl Crêpe,3
Suggest a restaurant with international influences.,John's Roast Pork,0
Suggest a restaurant with international influences.,JJ Bootleggers,0
Suggest a restaurant with international influences.,Max's Steaks,0
Suggest a restaurant with international influences.,Dos Tacos,3
Suggest a restaurant with international influences.,Bareburger - Midtown Village,2
Suggest a restaurant with international influences.,Nomad Roman Pizza,2
Suggest a restaurant with international influences.,The Black Sheep Pub & Restaurant,2
Suggest a restaurant with international influences.,Tattooed Mom,2
Suggest a restaurant with international influences.,Melrose Diner,0
Suggest a restaurant with international influences.,Morgan's Pier,1
Suggest a restaurant with international influences.,By George! Pizza Pasta & Cheesesteaks,1
Suggest a restaurant with international influences.,Sumo Sushi,2
Suggest a restaurant with international influences.,The Couch Tomato Cafe,1
Suggest a restaurant with international influences.,Mama's Vegetarian,3
Suggest a restaurant with international influences.,Toast,1
Suggest a restaurant with international influences.,Mac Mart,2
Suggest a restaurant with international influences.,Tacconelli's Pizzeria,0
Suggest a restaurant with international influences.,Woodrow's Sandwich Shop,2
Suggest a restaurant with international influences.,Dutch Eating Place,1
Suggest a restaurant with international influences.,Campo's Philly Cheesesteaks,1
Suggest a restaurant with international influences.,Middle Child,2
Suggest a restaurant with international influences.,Animo Juice,1
Suggest a restaurant with international influences.,Stockyard Sandwich,2
Suggest a restaurant with international influences.,The Original Tony Lukes,1
Suggest a restaurant with international influences.,Famous 4th Street Delicatessen,0
Suggest a restaurant with international influences.,Hard Rock Cafe,2
Suggest a restaurant with international influences.,Mac's Tavern,1
Suggest a restaurant with international influences.,Slice,2
Suggest a restaurant with international influences.,OCF Coffee House,1
Suggest a restaurant with international influences.,Sketch Burger,2
Suggest a restaurant with international influences.,Love & Honey Fried Chicken,1
Suggest a restaurant with international influences.,Beck's Cajun Cafe,3
Suggest a restaurant with international influences.,RIM Cafe,3
Suggest a restaurant with international influences.,Nook Bakery & Coffee Bar,1
Suggest a restaurant with international influences.,&pizza - Walnut,2
Suggest a restaurant with international influences.,Bluestone Lane,1
Suggest a restaurant with international influences.,Jim's South St,0
Suggest a restaurant with international influences.,Pat's King of Steaks,0
Suggest a restaurant with international influences.,Barcade,1
Suggest a restaurant with international influences.,Independence Beer Garden,1
Suggest a restaurant with international influences.,Warmdaddy's,2
Suggest a restaurant with international influences.,Geno's Steaks,0
Suggest a restaurant with international influences.,Chapterhouse Café & Gallery,2
Suggest a restaurant with international influences.,Gooey Looie's,0
Suggest a restaurant with international influences.,Nifty Fifty's,0
Suggest a restaurant with international influences.,A La Mousse,2
Suggest a restaurant with international influences.,Yards Brewing Company,1
Suggest a restaurant with international influences.,Sonny's Famous Steaks,0
Suggest a restaurant with international influences.,Kabuki Sushi,2
Suggest a restaurant with international influences.,Jim's Steaks,0
Suggest a restaurant with international influences.,Rybread,2
Suggest a restaurant with international influences.,Pizzeria Beddia,2
Suggest a restaurant with international influences.,SPOT Gourmet Burgers,2
Suggest a restaurant with international influences.,Chickie's & Pete's,1
Suggest a restaurant with international influences.,Snap Custom Pizza - Center City,1
Suggest a restaurant with international influences.,Drinker's Pub,1
Suggest a restaurant with international influences.,Nick's Old Original Roast Beef,0
Suggest a restaurant with international influences.,Dinardo's Famous Crabs,0
Suggest a restaurant with international influences.,500 Degrees,1
Suggest a restaurant with international influences.,Jimmy G's Steaks,1
Suggest a restaurant with international influences.,Grindcore House,1
Suggest a restaurant with international influences.,Oh Brother Philly,1
Suggest a restaurant with international influences.,Chickie's and Pete's,0
Suggest a restaurant with international influences.,Evil Genius Beer,2
Suggest a restaurant with international influences.,Termini Bros Bakery,2
Suggest a restaurant with international influences.,Jakes Sandwich Board - 12th St,2
Suggest a restaurant with international influences.,BurgerFi,1
Suggest a restaurant with international influences.,Elixr Coffee Roasters,1
Suggest a restaurant with international influences.,Tommy DiNic's,2
Suggest a restaurant with international influences.,Angelo's Pizzeria,1
Suggest a restaurant with international influences.,Fox and Hound,1
Suggest a restaurant with international influences.,Lazaro's Pizzeria & Grill,1
Suggest a restaurant with international influences.,Pizza Brain,2
Suggest a restaurant with international influences.,Byblos,2
Suggest a restaurant with international influences.,Spataro's Cheesesteaks,0
Suggest a restaurant with international influences.,Magpie,2
Suggest a restaurant with international influences.,Loews Philadelphia Hotel,2
Suggest a restaurant with international influences.,McGillin's Olde Ale House,1
Suggest a restaurant with international influences.,Dave & Buster's,0
Suggest a restaurant with international influences.,Shake Shack,1
Suggest a restaurant with international influences.,Philadelphia Marriott Downtown,1
Suggest a restaurant with international influences.,Hershel's East Side Deli,2
Suggest a restaurant with international influences.,Lorenzo & Sons Pizza,0
Suggest a restaurant with international influences.,Oscar's Tavern,0
Suggest a restaurant with international influences.,Isgro Pastries,2
Suggest a restaurant with international influences.,Little Baby's Ice Cream,2
Suggest a restaurant with international influences.,IKEA,2
Suggest a restaurant with international influences.,North Bowl,2
Suggest a restaurant with international influences.,The Bakeshop on 20th,0
Suggest a restaurant with international influences.,Dizengoff,3
Suggest a restaurant with international influences.,TGI Fridays,2
Suggest a restaurant with international influences.,Vango Lounge & Skybar,2
Suggest a restaurant with international influences.,Spread Bagelry,2
Suggest a restaurant with international influences.,P'unk Burger,1
Suggest a restaurant with international influences.,Volo Coffeehouse,1
Suggest a restaurant with international influences.,Knead Bagels,3
Suggest a restaurant with international influences.,Tavern on Broad,0
Suggest a restaurant with international influences.,Lucky Strike - Philadelphia,2
Suggest a restaurant with international influences.,Sweet Freedom Bakery,0
Suggest a restaurant with international influences.,Helium Comedy Club,1
Suggest a restaurant with international influences.,Luke's Lobster Rittenhouse,1
Suggest a restaurant with international influences.,Swiss Haus Cafe & Pastry Bar,2
Suggest a restaurant with international influences.,Kung Fu Tea,2
Suggest a restaurant with international influences.,Sweet Box Cupcakes,1
Suggest a restaurant with international influences.,Punch Line Philly,0
Suggest a restaurant with international influences.,Bredenbeck's Bakery & Ice Cream Parlor,0
Suggest a restaurant with international influences.,Flying Monkey Bakery,0
Suggest a restaurant with international influences.,Xfinity Live! Philadelphia,1
Suggest a restaurant with international influences.,Woody's,1
Suggest a restaurant with international influences.,Beiler's Bakery,2
Suggest a restaurant with international influences.,Philadelphia Museum of Art,2
Suggest a restaurant with international influences.,The Famous 4th Street Cookie Company,0
Where can I find a stylish dining space?,Harp & Crown,3
Where can I find a stylish dining space?,Serpico,3
Where can I find a stylish dining space?,XIX Nineteen,3
Where can I find a stylish dining space?,South,3
Where can I find a stylish dining space?,Butcher and Singer,3
Where can I find a stylish dining space?,The Farmers' Cabinet,3
Where can I find a stylish dining space?,The Continental Mid-town,3
Where can I find a stylish dining space?,Tashan,3
Where can I find a stylish dining space?,The Victor Cafe,3
Where can I find a stylish dining space?,The Dandelion,3
Where can I find a stylish dining space?,Heritage,3
Where can I find a stylish dining space?,Time,3
Where can I find a stylish dining space?,Friday Saturday Sunday,3
Where can I find a stylish dining space?,Supper,3
Where can I find a stylish dining space?,Pod,3
Where can I find a stylish dining space?,Barclay Prime,3
Where can I find a stylish dining space?,Rose Tattoo Cafe,3
Where can I find a stylish dining space?,Lacroix Restaurant at The Rittenhouse,3
Where can I find a stylish dining space?,La Peg,3
Where can I find a stylish dining space?,Rittenhouse Grill,3
Where can I find a stylish dining space?,Chapterhouse Café & Gallery,3
Where can I find a stylish dining space?,Walnut Street Cafe,3
Where can I find a stylish dining space?,The Industry,3
Where can I find a stylish dining space?,Pub & Kitchen,3
Where can I find a stylish dining space?,Yakitori Boy,3
Where can I find a stylish dining space?,World Cafe Live,2
Where can I find a stylish dining space?,Silk City Diner & Lounge,3
Where can I find a stylish dining space?,Sbraga,3
Where can I find a stylish dining space?,Audrey Claire,2
Where can I find a stylish dining space?,a.kitchen,3
Where can I find a stylish dining space?,Chifa,3
Where can I find a stylish dining space?,Johnny Brenda's,3
Where can I find a stylish dining space?,Double Knot,3
Where can I find a stylish dining space?,Del Frisco's Double Eagle Steakhouse,3
Where can I find a stylish dining space?,Square 1682,3
Where can I find a stylish dining space?,Harper's Garden,3
Where can I find a stylish dining space?,Positano Coast by Aldo Lamberti,3
Where can I find a stylish dining space?,Bistrot La Minette,3
Where can I find a stylish dining space?,Pinefish,3
Where can I find a stylish dining space?,R2L,3
Where can I find a stylish dining space?,Mercato BYOB,2
Where can I find a stylish dining space?,The Love,3
Where can I find a stylish dining space?,Sassafras Bar,3
Where can I find a stylish dining space?,The Twisted Tail,3
Where can I find a stylish dining space?,Marrakesh,3
Where can I find a stylish dining space?,Barbuzzo,3
Where can I find a stylish dining space?,Opa,3
Where can I find a stylish dining space?,Jamonera,3
Where can I find a stylish dining space?,Valanni,3
Where can I find a stylish dining space?,Twenty Manning,3
Where can I find a stylish dining space?,Talula's Garden,3
Where can I find a stylish dining space?,Davios,3
Where can I find a stylish dining space?,The Continental Restaurant and Martini Bar,3
Where can I find a stylish dining space?,Kensington Quarters,3
Where can I find a stylish dining space?,Louie Louie,3
Where can I find a stylish dining space?,Laurel,3
Where can I find a stylish dining space?,National Mechanics,3
Where can I find a stylish dining space?,Matyson,3
Where can I find a stylish dining space?,Little Fish,3
Where can I find a stylish dining space?,Zavino,3
Where can I find a stylish dining space?,Tredici Enoteca,3
Where can I find a stylish dining space?,Distrito,3
Where can I find a stylish dining space?,Pumpkin,3
Where can I find a stylish dining space?,Spice Finch,3
Where can I find a stylish dining space?,North Third,3
Where can I find a stylish dining space?,Alma de Cuba,3
Where can I find a stylish dining space?,Bistro Romano,3
Where can I find a stylish dining space?,The Good King Tavern,3
Where can I find a stylish dining space?,Buddakan,3
Where can I find a stylish dining space?,Bud & Marilyn's,3
Where can I find a stylish dining space?,Charlie Was a Sinner,3
Where can I find a stylish dining space?,Rouge,3
Where can I find a stylish dining space?,Marigold Kitchen,3
Where can I find a stylish dining space?,Porta,3
Where can I find a stylish dining space?,Wm Mulherin's Sons,3
Where can I find a stylish dining space?,Pennsylvania 6,3
Where can I find a stylish dining space?,Ela,3
Where can I find a stylish dining space?,Dim Sum House,3
Where can I find a stylish dining space?,Bar Hygge,3
Where can I find a stylish dining space?,Tria Taproom,3
Where can I find a stylish dining space?,Morimoto,3
Where can I find a stylish dining space?,Prohibition Taproom,3
Where can I find a stylish dining space?,Jerry's Bar,3
Where can I find a stylish dining space?,Fond,3
Where can I find a stylish dining space?,Figs,3
Where can I find a stylish dining space?,Bar Ferdinand,3
Where can I find a stylish dining space?,White Dog Cafe,3
Where can I find a stylish dining space?,Jones,3
Where can I find a stylish dining space?,Kanella,3
Where can I find a stylish dining space?,Sampan,3
Where can I find a stylish dining space?,La Viola,2
Where can I find a stylish dining space?,Rex at the Royal,3
Where can I find a stylish dining space?,Vernick Food & Drink,3
Where can I find a stylish dining space?,Le Viet Restaurant,3
Where can I find a stylish dining space?,Russet,3
Where can I find a stylish dining space?,Melograno,3
Where can I find a stylish dining space?,Farmicia,3
Where can I find a stylish dining space?,The Gaslight,2
Where can I find a stylish dining space?,The Plough & the Stars,2
Where can I find a stylish dining space?,Paris Bistro and Jazz Cafe,3
What restaurants offer both lunch and dinner experiences?,Miles Table,3
What restaurants offer both lunch and dinner experiences?,Sitar India,3
What restaurants offer both lunch and dinner experiences?,Supper,3
What restaurants offer both lunch and dinner experiences?,Real Food Eatery,3
What restaurants offer both lunch and dinner experiences?,Soup Kitchen Cafe,3
What restaurants offer both lunch and dinner experiences?,Pumpkin,2
What restaurants offer both lunch and dinner experiences?,Vedge,2
What restaurants offer both lunch and dinner experiences?,Butcher and Singer,3
What restaurants offer both lunch and dinner experiences?,Talula's Daily,3
What restaurants offer both lunch and dinner experiences?,a.kitchen,2
What restaurants offer both lunch and dinner experiences?,Trolley Car Cafe,2
What restaurants offer both lunch and dinner experiences?,Fogo de Chao,3
What restaurants offer both lunch and dinner experiences?,Russet,2
What restaurants offer both lunch and dinner experiences?,Wedge + Fig,3
What restaurants offer both lunch and dinner experiences?,Farmicia,3
What restaurants offer both lunch and dinner experiences?,Marathon On the Square,3
What restaurants offer both lunch and dinner experiences?,Marathon,3
What restaurants offer both lunch and dinner experiences?,High Street Philadelphia,3
What restaurants offer both lunch and dinner experiences?,White Dog Cafe,3
What restaurants offer both lunch and dinner experiences?,Lacroix Restaurant at The Rittenhouse,3
What restaurants offer both lunch and dinner experiences?,Kanella,3
What restaurants offer both lunch and dinner experiences?,Sabrina's Café,3
What restaurants offer both lunch and dinner experiences?,New Delhi Indian Restaurant,3
What restaurants offer both lunch and dinner experiences?,The QUICK FIXX,3
What restaurants offer both lunch and dinner experiences?,Vetri Cucina,2
What restaurants offer both lunch and dinner experiences?,Sbraga,2
What restaurants offer both lunch and dinner experiences?,Zavino,3
What restaurants offer both lunch and dinner experiences?,Tashan,2
What restaurants offer both lunch and dinner experiences?,Twenty Manning,2
What restaurants offer both lunch and dinner experiences?,Trolley Car Diner,3
What restaurants offer both lunch and dinner experiences?,The Continental Mid-town,3
What restaurants offer both lunch and dinner experiences?,Square 1682,2
What restaurants offer both lunch and dinner experiences?,Serpico,2
What restaurants offer both lunch and dinner experiences?,Modo Mio,3
What restaurants offer both lunch and dinner experiences?,Iron Hill Brewery & Restaurant,3
What restaurants offer both lunch and dinner experiences?,Chima Steakhouse,3
What restaurants offer both lunch and dinner experiences?,XIX Nineteen,2
What restaurants offer both lunch and dinner experiences?,Chifa,3
What restaurants offer both lunch and dinner experiences?,Fork,3
What restaurants offer both lunch and dinner experiences?,Gyu-Kaku Japanese BBQ,3
What restaurants offer both lunch and dinner experiences?,P S & Co,2
What restaurants offer both lunch and dinner experiences?,Abe Fisher,2
What restaurants offer both lunch and dinner experiences?,Garces Trading Company,3
What restaurants offer both lunch and dinner experiences?,Fond,2
What restaurants offer both lunch and dinner experiences?,Double Knot,3
What restaurants offer both lunch and dinner experiences?,Matyson,2
What restaurants offer both lunch and dinner experiences?,Harp & Crown,3
What restaurants offer both lunch and dinner experiences?,HipCityVeg,3
What restaurants offer both lunch and dinner experiences?,Jones,3
What restaurants offer both lunch and dinner experiences?,Cedar Park Cafe,2
What restaurants offer both lunch and dinner experiences?,Harvest Seasonal Grill & Wine Bar - Philadelphia,3
What restaurants offer both lunch and dinner experiences?,Sampan,3
What restaurants offer both lunch and dinner experiences?,Laurel,2
What restaurants offer both lunch and dinner experiences?,Little Nonna's,2
What restaurants offer both lunch and dinner experiences?,Honey's Sit N Eat,3
What restaurants offer both lunch and dinner experiences?,Kensington Quarters,3
What restaurants offer both lunch and dinner experiences?,Hungry Pigeon,3
What restaurants offer both lunch and dinner experiences?,Mercato BYOB,2
What restaurants offer both lunch and dinner experiences?,Spice Finch,3
What restaurants offer both lunch and dinner experiences?,Di Bruno Bros.,3
What restaurants offer both lunch and dinner experiences?,The Love,3
What restaurants offer both lunch and dinner experiences?,The Industry,2
What restaurants offer both lunch and dinner experiences?,V Street,3
What restaurants offer both lunch and dinner experiences?,Smile Cafe,3
What restaurants offer both lunch and dinner experiences?,Marigold Kitchen,2
What restaurants offer both lunch and dinner experiences?,Front Street Cafe,3
What restaurants offer both lunch and dinner experiences?,Lolita,3
What restaurants offer both lunch and dinner experiences?,Talula's Garden,3
What restaurants offer both lunch and dinner experiences?,The Rooster,3
What restaurants offer both lunch and dinner experiences?,Davios,3
What restaurants offer both lunch and dinner experiences?,Little Fish,2
What restaurants offer both lunch and dinner experiences?,Apricot Stone,3
What restaurants offer both lunch and dinner experiences?,Bridget Foy's,3
What restaurants offer both lunch and dinner experiences?,Monsú,3
What restaurants offer both lunch and dinner experiences?,LaScala's,2
What restaurants offer both lunch and dinner experiences?,Su Xing House,3
What restaurants offer both lunch and dinner experiences?,Honey's Sit-N-Eat,2
What restaurants offer both lunch and dinner experiences?,La Viola,2
What restaurants offer both lunch and dinner experiences?,Jamonera,3
What restaurants offer both lunch and dinner experiences?,North Third,3
What restaurants offer both lunch and dinner experiences?,Sahara Grill,3
What restaurants offer both lunch and dinner experiences?,Little Pete's Restaurant,3
What restaurants offer both lunch and dinner experiences?,The Capital Grille,3
What restaurants offer both lunch and dinner experiences?,Uzbekistan Restaurant,3
What restaurants offer both lunch and dinner experiences?,Figs,3
What restaurants offer both lunch and dinner experiences?,Jake's & Cooper's Wine Bar & Wine Shop,3
What restaurants offer both lunch and dinner experiences?,Barbuzzo,3
What restaurants offer both lunch and dinner experiences?,Green Eggs Café,2
What restaurants offer both lunch and dinner experiences?,Butcher Bar,3
What restaurants offer both lunch and dinner experiences?,Marrakesh,3
What restaurants offer both lunch and dinner experiences?,Sweet Lucy's Smokehouse,3
What restaurants offer both lunch and dinner experiences?,Tredici Enoteca,3
What restaurants offer both lunch and dinner experiences?,Audrey Claire,2
What restaurants offer both lunch and dinner experiences?,La Fourno Ristorante Trattoria,3
What restaurants offer both lunch and dinner experiences?,Darling's Diner,3
What restaurants offer both lunch and dinner experiences?,Aksum Cafe,3
What restaurants offer both lunch and dinner experiences?,Louie Louie,3
What restaurants offer both lunch and dinner experiences?,Suraya,3
What restaurants offer both lunch and dinner experiences?,IndeBlue Modern Indian Food & Spirits,3
What restaurants offer both lunch and dinner experiences?,Fuel Center City,2
What restaurants offer both lunch and dinner experiences?,Day By Day,2
What restaurants offer both lunch and dinner experiences?,La Locanda Del Ghiottone,3
What restaurants offer both lunch and dinner experiences?,Bistrot La Minette,3
What restaurants offer both lunch and dinner experiences?,Karma Restaurant & Bar,3
What restaurants offer both lunch and dinner experiences?,Penrose Diner,3
What restaurants offer both lunch and dinner experiences?,Pub & Kitchen,3
What restaurants offer both lunch and dinner experiences?,Melograno,3
What restaurants offer both lunch and dinner experiences?,Del Frisco's Double Eagle Steakhouse,3
What restaurants offer both lunch and dinner experiences?,The Gold Standard Cafe,2
What restaurants offer both lunch and dinner experiences?,48th Street Grille,3
What restaurants offer both lunch and dinner experiences?,Tinto,2
What restaurants offer both lunch and dinner experiences?,Bibou,2
What restaurants offer both lunch and dinner experiences?,Zahav,3
What restaurants offer both lunch and dinner experiences?,Branzino Italian Ristorante,2
What restaurants offer both lunch and dinner experiences?,Han Dynasty,3
What restaurants offer both lunch and dinner experiences?,Hardena_Waroeng Surabaya Restaurant,2
What restaurants offer both lunch and dinner experiences?,New Harmony Vegetarian Restaurant,3
What restaurants offer both lunch and dinner experiences?,Walnut Street Cafe,3
What restaurants offer both lunch and dinner experiences?,Winnie's Manayunk,3
What restaurants offer both lunch and dinner experiences?,Strangelove's,3
What restaurants offer both lunch and dinner experiences?,Entree BYOB,2
What restaurants offer both lunch and dinner experiences?,City Tap House,3
What restaurants offer both lunch and dinner experiences?,La Peg,2
What restaurants offer both lunch and dinner experiences?,Hickory Lane American Bistro,3
What restaurants offer both lunch and dinner experiences?,Cafe Ynez,3
What restaurants offer both lunch and dinner experiences?,Race Street Cafe,3
What restaurants offer both lunch and dinner experiences?,Tierra Colombiana Restaurant,3
What restaurants offer both lunch and dinner experiences?,Vernick Food & Drink,3
What restaurants offer both lunch and dinner experiences?,Barclay Prime,2
What restaurants offer both lunch and dinner experiences?,Morimoto,3
What restaurants offer both lunch and dinner experiences?,Stateside,3
What restaurants offer both lunch and dinner experiences?,Estia,3
What restaurants offer both lunch and dinner experiences?,Vientiane Café,3
What restaurants offer both lunch and dinner experiences?,Cafe Lift,2
What restaurants offer both lunch and dinner experiences?,Bank & Bourbon,2
What restaurants offer both lunch and dinner experiences?,McCormick & Schmick's Seafood & Steaks,2
What restaurants offer both lunch and dinner experiences?,Vietnam Cafe,3
What restaurants offer both lunch and dinner experiences?,Down Home Diner,2
What restaurants offer both lunch and dinner experiences?,Ristorante Pesto,3
What restaurants offer both lunch and dinner experiences?,Dmitri's,3
What restaurants offer both lunch and dinner experiences?,Urban Farmer Philadelphia,3
What restaurants offer both lunch and dinner experiences?,Amada,3
What restaurants offer both lunch and dinner experiences?,Villa Di Roma,2
What restaurants offer both lunch and dinner experiences?,In Riva,3
What restaurants offer both lunch and dinner experiences?,Joe's Steaks + Soda Shop,3
What restaurants offer both lunch and dinner experiences?,Giorgio On Pine,2
What restaurants offer both lunch and dinner experiences?,Isot Mediterranean Cuisine,3
What restaurants offer both lunch and dinner experiences?,Maggiano's Little Italy,3
What restaurants offer both lunch and dinner experiences?,Devil's Alley Bar & Grille,3
What restaurants offer both lunch and dinner experiences?,Indian Restaurant,3
What restaurants offer both lunch and dinner experiences?,Positano Coast by Aldo Lamberti,3
What restaurants offer both lunch and dinner experiences?,Friday Saturday Sunday,3
What restaurants offer both lunch and dinner experiences?,Percy Street Barbecue,3
What restaurants offer both lunch and dinner experiences?,Bellini,2
What restaurants offer both lunch and dinner experiences?,Cafe La Maude,2
What restaurants offer both lunch and dinner experiences?,Amis Trattoria,3
What restaurants offer both lunch and dinner experiences?,Pietro's Coal Oven Pizzeria,3
What restaurants offer both lunch and dinner experiences?,Veda - Modern Indian Bistro,3
What restaurants offer both lunch and dinner experiences?,Rose Tattoo Cafe,3
What restaurants offer both lunch and dinner experiences?,Little Sicily 2,3
What restaurants offer both lunch and dinner experiences?,Kraftwork,3
What restaurants offer both lunch and dinner experiences?,Hinge Cafe,2
What restaurants offer both lunch and dinner experiences?,Rittenhouse Grill,3
What restaurants offer both lunch and dinner experiences?,Greg's Kitchen,2
What restaurants offer both lunch and dinner experiences?,L'Angolo Ristorante,3
What restaurants offer both lunch and dinner experiences?,Spasso Italian Grill,3
What restaurants offer both lunch and dinner experiences?,Wm Mulherin's Sons,2
What restaurants offer both lunch and dinner experiences?,Fare,3
What restaurants offer both lunch and dinner experiences?,Sate Kampar,2
What restaurants offer both lunch and dinner experiences?,Jack's Firehouse,3
What restaurants offer both lunch and dinner experiences?,The Adobe Cafe,3
What restaurants offer both lunch and dinner experiences?,Indian Kitchen Lovash,2
What restaurants offer both lunch and dinner experiences?,Bistro Romano,2
What restaurants offer both lunch and dinner experiences?,K-POT Korean BBQ & Hot Pot,3
What restaurants offer both lunch and dinner experiences?,South Philadelphia Tap Room,2
What restaurants offer both lunch and dinner experiences?,Luna Café,2
What restaurants offer both lunch and dinner experiences?,The Little Lion,3
What restaurants offer both lunch and dinner experiences?,Las Bugambilias,3
What restaurants offer both lunch and dinner experiences?,Tela's Market & Kitchen,2
What restaurants offer both lunch and dinner experiences?,JJ Thai Cuisine,3
What restaurants offer both lunch and dinner experiences?,The Fat Ham,3
What restaurants offer both lunch and dinner experiences?,Mission Taqueria,3
What restaurants offer both lunch and dinner experiences?,Pizzeria Vetri,2
What restaurants offer both lunch and dinner experiences?,Distrito,3
What restaurants offer both lunch and dinner experiences?,The Continental Restaurant and Martini Bar,2
What restaurants offer both lunch and dinner experiences?,The Abbaye,3
What restaurants offer both lunch and dinner experiences?,Little Spoon Cafe,2
What restaurants offer both lunch and dinner experiences?,Noord,3
What restaurants offer both lunch and dinner experiences?,Pod,2
What restaurants offer both lunch and dinner experiences?,Bar Hygge,3
What restaurants offer both lunch and dinner experiences?,The Twisted Tail,3
What restaurants offer both lunch and dinner experiences?,Le Viet Restaurant,3
What restaurants offer both lunch and dinner experiences?,Erawan Thai Cuisine,3
What restaurants offer both lunch and dinner experiences?,Rex at the Royal,3
What restaurants offer both lunch and dinner experiences?,Parc,3
What restaurants offer both lunch and dinner experiences?,Alla Spina,2
What restaurants offer both lunch and dinner experiences?,Baby Blues BBQ Philly,2
What restaurants offer both lunch and dinner experiences?,Caribou Cafe,2
What restaurants offer both lunch and dinner experiences?,Gran Caffe L'Aquila,3
What restaurants offer both lunch and dinner experiences?,Ela,3
What restaurants offer both lunch and dinner experiences?,Gnocchi,3
What restaurants offer both lunch and dinner experiences?,Alma de Cuba,3
What restaurants offer both lunch and dinner experiences?,Valanni,2
What restaurants offer both lunch and dinner experiences?,R2L,3
What restaurants offer both lunch and dinner experiences?,The Farmers' Cabinet,2
What restaurants offer both lunch and dinner experiences?,Porcini,2
What restaurants offer both lunch and dinner experiences?,Le Virtu,2
What restaurants offer both lunch and dinner experiences?,Heritage,3
What restaurants offer both lunch and dinner experiences?,House of Thai Cuisine,3
What restaurants offer both lunch and dinner experiences?,Radicchio Cafe,2
What restaurants offer both lunch and dinner experiences?,Octopus Falafel Truck,2
What restaurants offer both lunch and dinner experiences?,Honest Tom's Plant Based Taco Shop,2
What restaurants offer both lunch and dinner experiences?,The Blue Duck,3
What restaurants offer both lunch and dinner experiences?,Rangoon Burmese Restaurant,3
What restaurants offer both lunch and dinner experiences?,Osteria,2
What restaurants offer both lunch and dinner experiences?,Buddakan,3
What restaurants offer both lunch and dinner experiences?,Sam's Morning Glory Diner,1
What restaurants offer both lunch and dinner experiences?,The Dandelion,3
What restaurants offer both lunch and dinner experiences?,Bud & Marilyn's,3
What restaurants offer both lunch and dinner experiences?,Tria Cafe Rittenhouse,3
What restaurants offer both lunch and dinner experiences?,Greek Lady,3
What restaurants offer both lunch and dinner experiences?,El Jarocho,2
What restaurants offer both lunch and dinner experiences?,Kalaya,3
What restaurants offer both lunch and dinner experiences?,honeygrow,3
What restaurants offer both lunch and dinner experiences?,Kabobeesh,2
What restaurants offer both lunch and dinner experiences?,Kilimandjaro Restaurant,3
What restaurants offer both lunch and dinner experiences?,Charlie Was a Sinner,3
What restaurants offer both lunch and dinner experiences?,The Sidecar Bar & Grille,3
What restaurants offer both lunch and dinner experiences?,Ocean Prime,2
What restaurants offer both lunch and dinner experiences?,El Camino Real,3
What restaurants offer both lunch and dinner experiences?,Royal Tavern,3
What restaurants offer both lunch and dinner experiences?,HipCityVeg - University City,3
What restaurants offer both lunch and dinner experiences?,Three Monkeys Cafe,3
What restaurants offer both lunch and dinner experiences?,Pattaya,2
What restaurants offer both lunch and dinner experiences?,El Rey,2
What restaurants offer both lunch and dinner experiences?,Bistro SouthEast,3
What restaurants offer both lunch and dinner experiences?,Pennsylvania 6,2
What restaurants offer both lunch and dinner experiences?,Bar Bombón,3
What restaurants offer both lunch and dinner experiences?,Ants Pants Café,2
What restaurants offer both lunch and dinner experiences?,Dim Sum House,3
What restaurants offer both lunch and dinner experiences?,Soy Cafe,3
What restaurants offer both lunch and dinner experiences?,Xochitl,2
What restaurants offer both lunch and dinner experiences?,Smokin Bettys,3
What restaurants offer both lunch and dinner experiences?,Tampopo,3
What restaurants offer both lunch and dinner experiences?,Max Brenner - Philadelphia,3
What restaurants offer both lunch and dinner experiences?,Banana Leaf,3
What restaurants offer both lunch and dinner experiences?,Panorama,2
What restaurants offer both lunch and dinner experiences?,Govinda's Vegetarian,3
What restaurants offer both lunch and dinner experiences?,Giwa Korean Kitchen,3
What restaurants offer both lunch and dinner experiences?,Mixto,3
What restaurants offer both lunch and dinner experiences?,Bar Ferdinand,3
What restaurants offer both lunch and dinner experiences?,Café y Chocolate,3
What restaurants offer both lunch and dinner experiences?,Creperie Beau Monde & L'Etage,3
What restaurants offer both lunch and dinner experiences?,The Victor Cafe,3
What restaurants offer both lunch and dinner experiences?,The Spicy Belly,2
What restaurants offer both lunch and dinner experiences?,Khyber Pass Pub,3
What restaurants offer both lunch and dinner experiences?,Anastasi Seafood,3
What restaurants offer both lunch and dinner experiences?,Deke's Bar-B-Que,3
What restaurants offer both lunch and dinner experiences?,Porta,3
What restaurants offer both lunch and dinner experiences?,Le Pain Quotidien,2
What restaurants offer both lunch and dinner experiences?,Fuel,2
What restaurants offer both lunch and dinner experiences?,Melrose Diner,2
What restaurants offer both lunch and dinner experiences?,Bourbon Blue,3
What restaurants offer both lunch and dinner experiences?,Kite & Key,3
What restaurants offer both lunch and dinner experiences?,Tequilas Restaurant,3
What restaurants offer both lunch and dinner experiences?,LaScala's Birra,2
What restaurants offer both lunch and dinner experiences?,Xiandu Thai,3
What restaurants offer both lunch and dinner experiences?,Barra Rossa Ristorante,2
What restaurants offer both lunch and dinner experiences?,Harper's Garden,3
What restaurants offer both lunch and dinner experiences?,Cedar Point Bar and Kitchen,3
What restaurants offer both lunch and dinner experiences?,Ralphs Italian Restaurant,3
What restaurants offer both lunch and dinner experiences?,Effie's Restaurant,2
What restaurants offer both lunch and dinner experiences?,Moshulu,3
What restaurants offer both lunch and dinner experiences?,Marmont Steakhouse & Bar,2
What restaurants offer both lunch and dinner experiences?,Southgate,3
What restaurants offer both lunch and dinner experiences?,Circles Contemporary Asian,3
What restaurants offer both lunch and dinner experiences?,Abyssinia,2
What restaurants offer both lunch and dinner experiences?,Chhaya Cafe,2
What restaurants offer both lunch and dinner experiences?,The Good King Tavern,3
What restaurants offer both lunch and dinner experiences?,The Couch Tomato Cafe,3
What restaurants offer both lunch and dinner experiences?,McCrossen's Tavern,3
What restaurants offer both lunch and dinner experiences?,Dante & Luigi's,3
What restaurants offer both lunch and dinner experiences?,Green Eggs Cafe,2
What restaurants offer both lunch and dinner experiences?,Copabanana,2
What restaurants offer both lunch and dinner experiences?,Hawthornes Biercafé,3
What restaurants offer both lunch and dinner experiences?,Penang,3
What restaurants offer both lunch and dinner experiences?,The Cheesecake Factory,3
What restaurants offer both lunch and dinner experiences?,Molly Malloy's,3
What restaurants offer both lunch and dinner experiences?,Seorabol Korean Restaurant,3
What restaurants offer both lunch and dinner experiences?,Blue Corn,3
What restaurants offer both lunch and dinner experiences?,The Gaslight,2
What restaurants offer both lunch and dinner experiences?,Middle Child,3
What restaurants offer both lunch and dinner experiences?,La Fontana Della Citta,2
What restaurants offer both lunch and dinner experiences?,Zorba's Taverna,3
What restaurants offer both lunch and dinner experiences?,Good Dog Bar,2
What restaurants offer both lunch and dinner experiences?,Schlesinger's,2
What restaurants offer both lunch and dinner experiences?,1225Raw Sushi and Sake Lounge,3
What restaurants offer both lunch and dinner experiences?,Koreana,2
What restaurants offer both lunch and dinner experiences?,Silk City Diner & Lounge,3
What restaurants offer both lunch and dinner experiences?,Opa,3
What restaurants offer both lunch and dinner experiences?,Ekta Indian Cuisine,3
What restaurants offer both lunch and dinner experiences?,Standard Tap,3
What restaurants offer both lunch and dinner experiences?,Taqueria La Veracruzana,3
What restaurants offer both lunch and dinner experiences?,Tria Taproom,3
What restaurants offer both lunch and dinner experiences?,Alyan's Restaurant,3
What restaurants offer both lunch and dinner experiences?,Cuba Libre Restaurant & Rum Bar - Philadelphia,3
What restaurants offer both lunch and dinner experiences?,Hippot Shabu Shabu,3
What restaurants offer both lunch and dinner experiences?,Fette Sau,2
What restaurants offer both lunch and dinner experiences?,Serafina Philadelphia,2
What restaurants offer both lunch and dinner experiences?,Pinefish,3
What restaurants offer both lunch and dinner experiences?,Bufad,3
What restaurants offer both lunch and dinner experiences?,Bourbon & Branch,3
What restaurants offer both lunch and dinner experiences?,Las Cazuelas Restaurant BYOB,2
What restaurants offer both lunch and dinner experiences?,Amma's South Indian Cuisine,3
What restaurants offer both lunch and dinner experiences?,Blackbird Pizzeria,2
What restaurants offer both lunch and dinner experiences?,The Foodery at Rittenhouse,3
What restaurants offer both lunch and dinner experiences?,Barcelona Wine Bar Passyunk,3
What restaurants offer both lunch and dinner experiences?,Cafe Olé,2
What restaurants offer both lunch and dinner experiences?,Hiro Ramen House,3
What restaurants offer both lunch and dinner experiences?,Nam Phuong,3
What restaurants offer both lunch and dinner experiences?,Francoluigi's Pizzeria & Italian Restaurant,3
What restaurants offer both lunch and dinner experiences?,Que Chula Es Puebla,3
What restaurants offer both lunch and dinner experiences?,The Belgian Café,2
What restaurants offer both lunch and dinner experiences?,Pho Xe Lua Viet Thai Restaurant,3
What restaurants offer both lunch and dinner experiences?,Circles Contemporary Thai,3
What restaurants offer both lunch and dinner experiences?,Cantina Dos Segundos,3
What restaurants offer both lunch and dinner experiences?,Aki Nom Nom Sushi & Ramen,3
What restaurants offer both lunch and dinner experiences?,Vietnam Restaurant,3
What restaurants offer both lunch and dinner experiences?,Animo Juice,2
What restaurants offer both lunch and dinner experiences?,Booker's Restaurant and Bar,3
What restaurants offer both lunch and dinner experiences?,Bleu Sushi,3
What restaurants offer both lunch and dinner experiences?,Varga Bar,3
What restaurants offer both lunch and dinner experiences?,Ratchada Thai & Laos Cuisine,3
What restaurants offer both lunch and dinner experiences?,Resurrection Ale House,3
What restaurants offer both lunch and dinner experiences?,Khmer Kitchen,3
What restaurants offer both lunch and dinner experiences?,South,3
What restaurants offer both lunch and dinner experiences?,Jasmine Rice - Rittenhouse,2
What restaurants offer both lunch and dinner experiences?,Local 44,2
What restaurants offer both lunch and dinner experiences?,Tres Jalapenos,2
What restaurants offer both lunch and dinner experiences?,Relish,3
What restaurants offer both lunch and dinner experiences?,Revolution House,3
What restaurants offer both lunch and dinner experiences?,Rouge,3
What restaurants offer both lunch and dinner experiences?,Hummus Grill,3
What restaurants offer both lunch and dinner experiences?,The Goat's Beard,3
What restaurants offer both lunch and dinner experiences?,Jerry's Bar,3
What restaurants offer both lunch and dinner experiences?,Saad's Halal Restaurant,3
What restaurants offer both lunch and dinner experiences?,Ms Tootsie's RBL,2
What restaurants offer both lunch and dinner experiences?,London Grill,3
What restaurants offer both lunch and dinner experiences?,American Sardine Bar,2
What restaurants offer both lunch and dinner experiences?,Paesano's Philly Style,2
What restaurants offer both lunch and dinner experiences?,Tamarind,3
What restaurants offer both lunch and dinner experiences?,Sang Kee Noodle House,3
What restaurants offer both lunch and dinner experiences?,Memphis Taproom,3
What restaurants offer both lunch and dinner experiences?,Triumph Brewing Company,2
What restaurants offer both lunch and dinner experiences?,Santucci's Original Square Pizza,2
What restaurants offer both lunch and dinner experiences?,Snap Custom Pizza - Center City,3
What restaurants offer both lunch and dinner experiences?,Dim Sum Garden,3
What restaurants offer both lunch and dinner experiences?,Dutch Eating Place,2
What restaurants offer both lunch and dinner experiences?,La Calaca Feliz,3
What restaurants offer both lunch and dinner experiences?,MilkBoy,2
What restaurants offer both lunch and dinner experiences?,El Fuego,3
What restaurants offer both lunch and dinner experiences?,Con Murphy's,2
What restaurants offer both lunch and dinner experiences?,K'Far Cafe,3
What restaurants offer both lunch and dinner experiences?,Prohibition Taproom,3
What restaurants offer both lunch and dinner experiences?,Rybread,2
What restaurants offer both lunch and dinner experiences?,Paris Bistro and Jazz Cafe,3
What restaurants offer both lunch and dinner experiences?,Steve's Prince of Steaks,2
What restaurants offer both lunch and dinner experiences?,Sancho Pistola's,3
What restaurants offer both lunch and dinner experiences?,Black & Brew,2
What restaurants offer both lunch and dinner experiences?,Stockyard Sandwich,3
What restaurants offer both lunch and dinner experiences?,Sazon Restaurant & Cafe,3
What restaurants offer both lunch and dinner experiences?,Red Owl Tavern,3
What restaurants offer both lunch and dinner experiences?,Cantina Los Caballitos,3
What restaurants offer both lunch and dinner experiences?,Destination Dogs,3
What restaurants offer both lunch and dinner experiences?,Bareburger - Midtown Village,3
What restaurants offer both lunch and dinner experiences?,Chubbys Steaks,3
What restaurants offer both lunch and dinner experiences?,Vintage Wine Bar,2
What restaurants offer both lunch and dinner experiences?,Chart House,2
What restaurants offer both lunch and dinner experiences?,Philadelphia Chutney Company,2
What restaurants offer both lunch and dinner experiences?,Pizzeria Stella,3
What restaurants offer both lunch and dinner experiences?,Devon Seafood Grill,3
What restaurants offer both lunch and dinner experiences?,Reading Terminal Market,3
What restaurants offer both lunch and dinner experiences?,Perch Pub,3
What restaurants offer both lunch and dinner experiences?,Rose Petals Cafe,2
What restaurants offer both lunch and dinner experiences?,Cleavers,2
What restaurants offer both lunch and dinner experiences?,Mama's Vegetarian,3
What restaurants offer both lunch and dinner experiences?,QT Vietnamese Sandwich,2
What restaurants offer both lunch and dinner experiences?,Landmark Americana Tap & Grill - University City,2
What restaurants offer both lunch and dinner experiences?,SOMO Manayunk,3
What restaurants offer both lunch and dinner experiences?,So Crepe,3
What restaurants offer both lunch and dinner experiences?,Bobby's Burger Palace,3
What restaurants offer both lunch and dinner experiences?,Las Margaritas,3
What restaurants offer both lunch and dinner experiences?,Dan Dan,3
What restaurants offer both lunch and dinner experiences?,Urban Saloon,2
What restaurants offer both lunch and dinner experiences?,Mac Mart,2
What restaurants offer both lunch and dinner experiences?,Stock,3
What restaurants offer both lunch and dinner experiences?,Ten Stone Bar & Restaurant,2
What restaurants offer both lunch and dinner experiences?,Rosy's Taco Bar,3
What restaurants offer both lunch and dinner experiences?,Spice End,3
What restaurants offer both lunch and dinner experiences?,Tria Cafe Wash West,2
What restaurants offer both lunch and dinner experiences?,Devil's Den,3
What restaurants offer both lunch and dinner experiences?,Bainbridge Street Barrel House,2
What restaurants offer both lunch and dinner experiences?,Manakeesh Cafe Bakery & Grill,3
What restaurants offer both lunch and dinner experiences?,Sakura Mandarin,3
What restaurants offer both lunch and dinner experiences?,National Mechanics,3
What restaurants offer both lunch and dinner experiences?,Village Whiskey,3
What restaurants offer both lunch and dinner experiences?,SPOT Gourmet Burgers,3
What restaurants offer both lunch and dinner experiences?,PYT,2
What restaurants offer both lunch and dinner experiences?,Almaz Cafe,3
What restaurants offer both lunch and dinner experiences?,Marra's,3
What restaurants offer both lunch and dinner experiences?,El Vez,3
What restaurants offer both lunch and dinner experiences?,Masala Kitchen Kati Rolls and Platters,3
What restaurants offer both lunch and dinner experiences?,Los Gallos Mexican Taqueria,3
What restaurants offer both lunch and dinner experiences?,Royal Sushi & Izakaya,3
What restaurants offer both lunch and dinner experiences?,Johnny Brenda's,2
What restaurants offer both lunch and dinner experiences?,Murph's Bar,3
What restaurants offer both lunch and dinner experiences?,Hai Street Kitchen & Co,3
What restaurants offer both lunch and dinner experiences?,Rustica,3
What restaurants offer both lunch and dinner experiences?,Catahoula,3
What restaurants offer both lunch and dinner experiences?,Taqueria Feliz,3
What restaurants offer both lunch and dinner experiences?,Banh Mi and Bottles,3
What restaurants offer both lunch and dinner experiences?,Pearl's Oyster Bar,3
What restaurants offer both lunch and dinner experiences?,Doma,3
What restaurants offer both lunch and dinner experiences?,John's Roast Pork,2
What restaurants offer both lunch and dinner experiences?,Nine Ting,3
What restaurants offer both lunch and dinner experiences?,Bar-Ly Chinatown,3
What restaurants offer both lunch and dinner experiences?,Nifty Fifty's,3
What restaurants offer both lunch and dinner experiences?,Zama,3
What restaurants offer both lunch and dinner experiences?,Shiao Lan Kung,3
What restaurants offer both lunch and dinner experiences?,El Poquito,3
What restaurants offer both lunch and dinner experiences?,Bing Bing Dim Sum,3
What restaurants offer both lunch and dinner experiences?,City Tavern Restaurant,3
What restaurants offer both lunch and dinner experiences?,The Dutch,3
What restaurants offer both lunch and dinner experiences?,Oyster House,3
What restaurants offer both lunch and dinner experiences?,New Deck Tavern,3
What restaurants offer both lunch and dinner experiences?,Chabaa Thai Bistro,3
What restaurants offer both lunch and dinner experiences?,Spice 28,3
What restaurants offer both lunch and dinner experiences?,Morgan's Pier,2
What restaurants offer both lunch and dinner experiences?,Ting Wong Restaurant,2
What restaurants offer both lunch and dinner experiences?,Ramen Bar,3
What restaurants offer both lunch and dinner experiences?,Dock Street Brewery,3
What restaurants offer both lunch and dinner experiences?,Toast,3
What restaurants offer both lunch and dinner experiences?,Sketch Burger,2
What restaurants offer both lunch and dinner experiences?,Local Tavern,2
What restaurants offer both lunch and dinner experiences?,Wrap Shack,3
What restaurants offer both lunch and dinner experiences?,Meltkraft At Reading Terminal Market,2
What restaurants offer both lunch and dinner experiences?,Nomad Roman Pizza,3
What restaurants offer both lunch and dinner experiences?,Underdogs,3
What restaurants offer both lunch and dinner experiences?,The Olde Bar,2
What restaurants offer both lunch and dinner experiences?,Famous 4th Street Delicatessen,3
What restaurants offer both lunch and dinner experiences?,The Cambridge,3
What restaurants offer both lunch and dinner experiences?,Jong Ka Jib,3
What restaurants offer both lunch and dinner experiences?,Bottle Bar East,3
What restaurants offer both lunch and dinner experiences?,Jakes Sandwich Board - 12th St,2
What restaurants offer both lunch and dinner experiences?,Cheu Noodle Bar,3
What restaurants offer both lunch and dinner experiences?,Manayunk Brewery,2
What restaurants offer both lunch and dinner experiences?,Ladder 15,2
What restaurants offer both lunch and dinner experiences?,OCF Coffee House,2
What restaurants offer both lunch and dinner experiences?,Legal Sea Foods,3
What restaurants offer both lunch and dinner experiences?,Jose Pistola's,3
What restaurants offer both lunch and dinner experiences?,Mad Rex,2
What restaurants offer both lunch and dinner experiences?,Fat Salmon,3
What restaurants offer both lunch and dinner experiences?,Mad Mex - University City,2
What restaurants offer both lunch and dinner experiences?,Tattooed Mom,3
What restaurants offer both lunch and dinner experiences?,Stogie Joe's Tavern,3
What restaurants offer both lunch and dinner experiences?,By George! Pizza Pasta & Cheesesteaks,2
What restaurants offer both lunch and dinner experiences?,The Black Sheep Pub & Restaurant,2
What restaurants offer both lunch and dinner experiences?,Dalessandro’s Steaks & Hoagies,3
What restaurants offer both lunch and dinner experiences?,2nd Story Brewing,3
What restaurants offer both lunch and dinner experiences?,Tiffin,2
What restaurants offer both lunch and dinner experiences?,Slice,2
What restaurants offer both lunch and dinner experiences?,Time,3
What restaurants offer both lunch and dinner experiences?,Sumo Sushi,3
What restaurants offer both lunch and dinner experiences?,Taco Riendo,3
What restaurants offer both lunch and dinner experiences?,The Plough & the Stars,2
What restaurants offer both lunch and dinner experiences?,Ishkabibble's,2
What restaurants offer both lunch and dinner experiences?,Misconduct Tavern,3
What restaurants offer both lunch and dinner experiences?,Zento Contemporary Japanese Cuisine,2
What restaurants offer both lunch and dinner experiences?,P'unk Burger,2
What restaurants offer both lunch and dinner experiences?,Brauhaus Schmitz,3
What restaurants offer both lunch and dinner experiences?,Pho Ha,3
What restaurants offer both lunch and dinner experiences?,Jamaican Jerk Hut,2
What restaurants offer both lunch and dinner experiences?,BurgerFi,3
What restaurants offer both lunch and dinner experiences?,500 Degrees,2
What restaurants offer both lunch and dinner experiences?,Earth Bread + Brewery,3
What restaurants offer both lunch and dinner experiences?,Hard Rock Cafe,2
What restaurants offer both lunch and dinner experiences?,Nan Zhou Hand Drawn Noodle House,3
What restaurants offer both lunch and dinner experiences?,Nom Nom Ramen,2
What restaurants offer both lunch and dinner experiences?,Koch's Deli,2
What restaurants offer both lunch and dinner experiences?,Campo's Philly Cheesesteaks,2
What restaurants offer both lunch and dinner experiences?,Gooey Looie's,2
What restaurants offer both lunch and dinner experiences?,Lucky's Last Chance,3
What restaurants offer both lunch and dinner experiences?,David's Mai Lai Wah,3
What restaurants offer both lunch and dinner experiences?,Revolution Taco,3
What restaurants offer both lunch and dinner experiences?,Smiley's Cafe,3
What restaurants offer both lunch and dinner experiences?,Cactus Restaurant & Bar,2
What restaurants offer both lunch and dinner experiences?,Goldie,3
What restaurants offer both lunch and dinner experiences?,Bubblefish,2
What restaurants offer both lunch and dinner experiences?,&pizza - Walnut,2
What restaurants offer both lunch and dinner experiences?,Empress Garden,3
What restaurants offer both lunch and dinner experiences?,Umai Umai,2
What restaurants offer both lunch and dinner experiences?,Fuji Mountain,3
What restaurants offer both lunch and dinner experiences?,The Original Tony Lukes,3
What restaurants offer both lunch and dinner experiences?,Sassafras Bar,3
What restaurants offer both lunch and dinner experiences?,Del Rossi's Cheesesteak,2
What restaurants offer both lunch and dinner experiences?,Moriarty's Restaurant and Irish Pub,3
What restaurants offer both lunch and dinner experiences?,Tai Lake Restaurant,3
What restaurants offer both lunch and dinner experiences?,Bluestone Lane,2
What restaurants offer both lunch and dinner experiences?,South Philly Barbacoa,2
What restaurants offer both lunch and dinner experiences?,Terakawa Ramen,3
What restaurants offer both lunch and dinner experiences?,Loco Pez,3
What restaurants offer both lunch and dinner experiences?,Kabuki Sushi,3
What restaurants offer both lunch and dinner experiences?,Jimmy G's Steaks,3
What restaurants offer both lunch and dinner experiences?,Buena Onda,3
What restaurants offer both lunch and dinner experiences?,The Happy Rooster,3
What restaurants offer both lunch and dinner experiences?,Woodrow's Sandwich Shop,2
What restaurants offer both lunch and dinner experiences?,Sonny's Famous Steaks,3
What restaurants offer both lunch and dinner experiences?,Mac's Tavern,3
What restaurants offer both lunch and dinner experiences?,Sang Kee Peking Duck House,2
What restaurants offer both lunch and dinner experiences?,Nomad Pizza Company,2
What restaurants offer both lunch and dinner experiences?,Pho Saigon,3
What restaurants offer both lunch and dinner experiences?,Spice C,3
What restaurants offer both lunch and dinner experiences?,Chickie's & Pete's,3
What restaurants offer both lunch and dinner experiences?,Pho Ha Saigon,3
What restaurants offer both lunch and dinner experiences?,Warmdaddy's,2
What restaurants offer both lunch and dinner experiences?,Oh Brother Philly,3
What restaurants offer both lunch and dinner experiences?,Yakitori Boy,3
What restaurants offer both lunch and dinner experiences?,Beck's Cajun Cafe,3
What restaurants offer both lunch and dinner experiences?,Mood Cafe,2
What restaurants offer both lunch and dinner experiences?,Dinardo's Famous Crabs,2
What restaurants offer both lunch and dinner experiences?,Café Soho,2
What restaurants offer both lunch and dinner experiences?,Sardi's Pollo A La Brasa,3
What restaurants offer both lunch and dinner experiences?,One Shot Coffee,2
What restaurants offer both lunch and dinner experiences?,Yanako,2
What restaurants offer both lunch and dinner experiences?,Nick's Old Original Roast Beef,2
What restaurants offer both lunch and dinner experiences?,Carmen's Famous Italian Hoagies,2
What restaurants offer both lunch and dinner experiences?,Love & Honey Fried Chicken,2
What restaurants offer both lunch and dinner experiences?,Pho Cali Vietnamese Restaurant,3
What restaurants offer both lunch and dinner experiences?,Lucha Cartel,3
What restaurants offer both lunch and dinner experiences?,Crazy Sushi,3
What restaurants offer both lunch and dinner experiences?,Cafe Diem,2
What restaurants offer both lunch and dinner experiences?,Koto Sushi,3
What restaurants offer both lunch and dinner experiences?,Dim Sum & Noodle,3
What restaurants offer both lunch and dinner experiences?,Shake Shack,3
What restaurants offer both lunch and dinner experiences?,World Cafe Live,2
What restaurants offer both lunch and dinner experiences?,Nodding Head Brewery & Restaurant,2
What restaurants offer both lunch and dinner experiences?,Philip's Steaks,3
What restaurants offer both lunch and dinner experiences?,Vic Sushi Bar,3
What restaurants offer both lunch and dinner experiences?,E Mei Restaurant,3
What restaurants offer both lunch and dinner experiences?,Joy Tsin Lau Chinese Restaurant,2
What restaurants offer both lunch and dinner experiences?,Frankford Hall,3
What restaurants offer both lunch and dinner experiences?,Tom's Dim Sum,2
What restaurants offer both lunch and dinner experiences?,Bonchon Philadelphia,2
What restaurants offer both lunch and dinner experiences?,Angelo's Pizzeria,2
What restaurants offer both lunch and dinner experiences?,Pizzeria Beddia,2
What restaurants offer both lunch and dinner experiences?,Nom Wah Philadelphia,3
What restaurants offer both lunch and dinner experiences?,Jim's South St,3
What restaurants offer both lunch and dinner experiences?,Max's Steaks,3
What restaurants offer both lunch and dinner experiences?,Tommy DiNic's,3
What restaurants offer both lunch and dinner experiences?,Dos Tacos,3
What restaurants offer both lunch and dinner experiences?,Independence Beer Garden,2
What restaurants offer both lunch and dinner experiences?,Shang Hai 1,3
What restaurants offer both lunch and dinner experiences?,Hershel's East Side Deli,3
What restaurants offer both lunch and dinner experiences?,Fox and Hound,2
What restaurants offer both lunch and dinner experiences?,Federal Donuts,2
What restaurants offer both lunch and dinner experiences?,North Bowl,3
What restaurants offer both lunch and dinner experiences?,Monk's Cafe,3
What restaurants offer both lunch and dinner experiences?,Luke's Lobster Rittenhouse,2
What restaurants offer both lunch and dinner experiences?,BRÜ Craft & Wurst,3
What restaurants offer both lunch and dinner experiences?,Cosmi's Deli,2
What restaurants offer both lunch and dinner experiences?,Miel Patisserie,2
What restaurants offer both lunch and dinner experiences?,Spataro's Cheesesteaks,2
What restaurants offer both lunch and dinner experiences?,Fadó Irish Pub,3
What restaurants offer both lunch and dinner experiences?,Tacconelli's Pizzeria,2
What restaurants offer both lunch and dinner experiences?,Dave & Buster's,2
What restaurants offer both lunch and dinner experiences?,TGI Fridays,3
What restaurants offer both lunch and dinner experiences?,Ocean Harbor,2
What restaurants offer both lunch and dinner experiences?,JJ Bootleggers,2
What restaurants offer both lunch and dinner experiences?,Pho 75,3
What restaurants offer both lunch and dinner experiences?,Lorenzo & Sons Pizza,2
What restaurants offer both lunch and dinner experiences?,Lazaro's Pizzeria & Grill,2
What restaurants offer both lunch and dinner experiences?,Eulogy Belgian Tavern,2
What restaurants offer both lunch and dinner experiences?,Chickie's and Pete's,2
What restaurants offer both lunch and dinner experiences?,T-Swirl Crêpe,2
What restaurants offer both lunch and dinner experiences?,Jim's Steaks,2
What restaurants offer both lunch and dinner experiences?,Pat's King of Steaks,2
What restaurants offer both lunch and dinner experiences?,Dizengoff,2
What restaurants offer both lunch and dinner experiences?,Fergie's Pub,3
What restaurants offer both lunch and dinner experiences?,Grindcore House,2
What restaurants offer both lunch and dinner experiences?,Bok Bar,1
What restaurants offer both lunch and dinner experiences?,Yamitsuki Ramen,3
What restaurants offer both lunch and dinner experiences?,Chubby Cattle,3
What restaurants offer both lunch and dinner experiences?,Pizza Brain,2
What restaurants offer both lunch and dinner experiences?,The Bakeshop on 20th,2
What restaurants offer both lunch and dinner experiences?,Yards Brewing Company,3
What restaurants offer both lunch and dinner experiences?,Spread Bagelry,2
What restaurants offer both lunch and dinner experiences?,Knead Bagels,1
What restaurants offer both lunch and dinner experiences?,Drinker's Pub,2
What restaurants offer both lunch and dinner experiences?,Barcade,2
What restaurants offer both lunch and dinner experiences?,Magpie,3
What restaurants offer both lunch and dinner experiences?,Geno's Steaks,2
What restaurants offer both lunch and dinner experiences?,McGillin's Olde Ale House,3
What restaurants offer both lunch and dinner experiences?,Lucky Strike - Philadelphia,2
What restaurants offer both lunch and dinner experiences?,Happily Ever After,2
What restaurants offer both lunch and dinner experiences?,Nook Bakery & Coffee Bar,2
What restaurants offer both lunch and dinner experiences?,Tavern on Broad,2
What restaurants offer both lunch and dinner experiences?,IKEA,2
What restaurants offer both lunch and dinner experiences?,Chapterhouse Café & Gallery,2
What restaurants offer both lunch and dinner experiences?,La Colombe Coffee,2
What restaurants offer both lunch and dinner experiences?,Philadelphia Marriott Downtown,2
What restaurants offer both lunch and dinner experiences?,Sweet Freedom Bakery,0
What restaurants offer both lunch and dinner experiences?,J'aime French Bakery,2
What restaurants offer both lunch and dinner experiences?,Loews Philadelphia Hotel,2
What restaurants offer both lunch and dinner experiences?,Capogiro Gelato,2
What restaurants offer both lunch and dinner experiences?,Evil Genius Beer,2
What restaurants offer both lunch and dinner experiences?,A La Mousse,2
What restaurants offer both lunch and dinner experiences?,Byblos,2
What restaurants offer both lunch and dinner experiences?,Helium Comedy Club,1
What restaurants offer both lunch and dinner experiences?,Oscar's Tavern,2
What restaurants offer both lunch and dinner experiences?,Termini Bros Bakery,0
What restaurants offer both lunch and dinner experiences?,Punch Line Philly,2
What restaurants offer both lunch and dinner experiences?,Elixr Coffee Roasters,1
What restaurants offer both lunch and dinner experiences?,Vango Lounge & Skybar,2
What restaurants offer both lunch and dinner experiences?,RIM Cafe,2
What restaurants offer both lunch and dinner experiences?,Little Baby's Ice Cream,0
What restaurants offer both lunch and dinner experiences?,Volo Coffeehouse,2
What restaurants offer both lunch and dinner experiences?,Isgro Pastries,0
What restaurants offer both lunch and dinner experiences?,Xfinity Live! Philadelphia,2
What restaurants offer both lunch and dinner experiences?,Swiss Haus Cafe & Pastry Bar,0
What restaurants offer both lunch and dinner experiences?,Flying Monkey Bakery,0
What restaurants offer both lunch and dinner experiences?,Bredenbeck's Bakery & Ice Cream Parlor,0
What restaurants offer both lunch and dinner experiences?,Kung Fu Tea,1
What restaurants offer both lunch and dinner experiences?,Woody's,2
What restaurants offer both lunch and dinner experiences?,Beiler's Bakery,0
What restaurants offer both lunch and dinner experiences?,Sweet Box Cupcakes,0
What restaurants offer both lunch and dinner experiences?,The Famous 4th Street Cookie Company,0
What restaurants offer both lunch and dinner experiences?,Philadelphia Museum of Art,2
Where can I enjoy a meal that highlights fresh ingredients?,New Harmony Vegetarian Restaurant,3
Where can I enjoy a meal that highlights fresh ingredients?,Farmicia,3
Where can I enjoy a meal that highlights fresh ingredients?,Real Food Eatery,3
Where can I enjoy a meal that highlights fresh ingredients?,P S & Co,3
Where can I enjoy a meal that highlights fresh ingredients?,Vedge,3
Where can I enjoy a meal that highlights fresh ingredients?,Soy Cafe,3
Where can I enjoy a meal that highlights fresh ingredients?,Di Bruno Bros.,3
Where can I enjoy a meal that highlights fresh ingredients?,honeygrow,3
Where can I enjoy a meal that highlights fresh ingredients?,Front Street Cafe,3
Where can I enjoy a meal that highlights fresh ingredients?,Reading Terminal Market,3
Where can I enjoy a meal that highlights fresh ingredients?,Marigold Kitchen,3
Where can I enjoy a meal that highlights fresh ingredients?,Han Dynasty,2
Where can I enjoy a meal that highlights fresh ingredients?,Charlie Was a Sinner,3
Where can I enjoy a meal that highlights fresh ingredients?,HipCityVeg,3
Where can I enjoy a meal that highlights fresh ingredients?,Harvest Seasonal Grill & Wine Bar - Philadelphia,3
Where can I enjoy a meal that highlights fresh ingredients?,V Street,3
Where can I enjoy a meal that highlights fresh ingredients?,Royal Tavern,3
Where can I enjoy a meal that highlights fresh ingredients?,Supper,3
Where can I enjoy a meal that highlights fresh ingredients?,Sabrina's Café,3
Where can I enjoy a meal that highlights fresh ingredients?,Fond,3
Where can I enjoy a meal that highlights fresh ingredients?,Butcher and Singer,2
Where can I enjoy a meal that highlights fresh ingredients?,Laurel,3
Where can I enjoy a meal that highlights fresh ingredients?,HipCityVeg - University City,3
Where can I enjoy a meal that highlights fresh ingredients?,Serpico,3
Where can I enjoy a meal that highlights fresh ingredients?,Vietnam Cafe,3
Where can I enjoy a meal that highlights fresh ingredients?,Matyson,3
Where can I enjoy a meal that highlights fresh ingredients?,Figs,3
Where can I enjoy a meal that highlights fresh ingredients?,Sweet Freedom Bakery,1
Where can I enjoy a meal that highlights fresh ingredients?,Fogo de Chao,2
Where can I enjoy a meal that highlights fresh ingredients?,Abe Fisher,3
Where can I enjoy a meal that highlights fresh ingredients?,Talula's Daily,3
Where can I enjoy a meal that highlights fresh ingredients?,Talula's Garden,3
Where can I enjoy a meal that highlights fresh ingredients?,Miles Table,3
Where can I enjoy a meal that highlights fresh ingredients?,Lacroix Restaurant at The Rittenhouse,3
Where can I enjoy a meal that highlights fresh ingredients?,Kanella,3
Where can I enjoy a meal that highlights fresh ingredients?,Vientiane Café,3
Where can I enjoy a meal that highlights fresh ingredients?,Honey's Sit-N-Eat,3
Where can I enjoy a meal that highlights fresh ingredients?,Lolita,3
Where can I enjoy a meal that highlights fresh ingredients?,a.kitchen,3
Where can I enjoy a meal that highlights fresh ingredients?,Audrey Claire,3
Where can I enjoy a meal that highlights fresh ingredients?,Russet,3
Where can I enjoy a meal that highlights fresh ingredients?,Fork,3
Where can I enjoy a meal that highlights fresh ingredients?,Spice Finch,3
Where can I enjoy a meal that highlights fresh ingredients?,The QUICK FIXX,3
Where can I enjoy a meal that highlights fresh ingredients?,Cedar Point Bar and Kitchen,2
Where can I enjoy a meal that highlights fresh ingredients?,Kraftwork,2
Where can I enjoy a meal that highlights fresh ingredients?,Garces Trading Company,3
Where can I enjoy a meal that highlights fresh ingredients?,Su Xing House,3
Where can I enjoy a meal that highlights fresh ingredients?,Green Eggs Café,3
Where can I enjoy a meal that highlights fresh ingredients?,Bistrot La Minette,2
Where can I enjoy a meal that highlights fresh ingredients?,Kensington Quarters,3
Where can I enjoy a meal that highlights fresh ingredients?,Little Fish,3
Where can I enjoy a meal that highlights fresh ingredients?,Fuel Center City,3
Where can I enjoy a meal that highlights fresh ingredients?,Soup Kitchen Cafe,3
Where can I enjoy a meal that highlights fresh ingredients?,Sbraga,3
Where can I enjoy a meal that highlights fresh ingredients?,Rangoon Burmese Restaurant,3
Where can I enjoy a meal that highlights fresh ingredients?,Cafe La Maude,3
Where can I enjoy a meal that highlights fresh ingredients?,Tashan,2
Where can I enjoy a meal that highlights fresh ingredients?,White Dog Cafe,3
Where can I enjoy a meal that highlights fresh ingredients?,Amada,3
Where can I enjoy a meal that highlights fresh ingredients?,Govinda's Vegetarian,2
Where can I enjoy a meal that highlights fresh ingredients?,Banana Leaf,2
Where can I enjoy a meal that highlights fresh ingredients?,Wedge + Fig,3
Where can I enjoy a meal that highlights fresh ingredients?,Trolley Car Diner,1
Where can I enjoy a meal that highlights fresh ingredients?,Chifa,2
Where can I enjoy a meal that highlights fresh ingredients?,Jamonera,3
Where can I enjoy a meal that highlights fresh ingredients?,Iron Hill Brewery & Restaurant,2
Where can I enjoy a meal that highlights fresh ingredients?,Bar Hygge,3
Where can I enjoy a meal that highlights fresh ingredients?,Bibou,3
Where can I enjoy a meal that highlights fresh ingredients?,Bistro SouthEast,3
Where can I enjoy a meal that highlights fresh ingredients?,Nam Phuong,3
Where can I enjoy a meal that highlights fresh ingredients?,Twenty Manning,2
Where can I enjoy a meal that highlights fresh ingredients?,Modo Mio,3
Where can I enjoy a meal that highlights fresh ingredients?,Khmer Kitchen,3
Where can I enjoy a meal that highlights fresh ingredients?,Heritage,3
Where can I enjoy a meal that highlights fresh ingredients?,High Street Philadelphia,3
Where can I enjoy a meal that highlights fresh ingredients?,Noord,3
Where can I enjoy a meal that highlights fresh ingredients?,Marathon On the Square,3
Where can I enjoy a meal that highlights fresh ingredients?,Bar Bombón,2
Where can I enjoy a meal that highlights fresh ingredients?,Pumpkin,3
Where can I enjoy a meal that highlights fresh ingredients?,Zavino,3
Where can I enjoy a meal that highlights fresh ingredients?,Sweet Lucy's Smokehouse,1
Where can I enjoy a meal that highlights fresh ingredients?,Tamarind,3
Where can I enjoy a meal that highlights fresh ingredients?,Chima Steakhouse,2
Where can I enjoy a meal that highlights fresh ingredients?,Rex at the Royal,2
Where can I enjoy a meal that highlights fresh ingredients?,Stock,3
Where can I enjoy a meal that highlights fresh ingredients?,Harp & Crown,3
Where can I enjoy a meal that highlights fresh ingredients?,Smile Cafe,2
Where can I enjoy a meal that highlights fresh ingredients?,Sitar India,2
Where can I enjoy a meal that highlights fresh ingredients?,Fare,3
Where can I enjoy a meal that highlights fresh ingredients?,Vietnam Restaurant,3
Where can I enjoy a meal that highlights fresh ingredients?,Bar Ferdinand,3
Where can I enjoy a meal that highlights fresh ingredients?,Hardena_Waroeng Surabaya Restaurant,2
Where can I enjoy a meal that highlights fresh ingredients?,The Adobe Cafe,2
Where can I enjoy a meal that highlights fresh ingredients?,Pub & Kitchen,2
Where can I enjoy a meal that highlights fresh ingredients?,The Continental Mid-town,2
Where can I enjoy a meal that highlights fresh ingredients?,Blackbird Pizzeria,3
Where can I enjoy a meal that highlights fresh ingredients?,The Belgian Café,2
Where can I enjoy a meal that highlights fresh ingredients?,Sate Kampar,3
Where can I enjoy a meal that highlights fresh ingredients?,Strangelove's,2
Where can I enjoy a meal that highlights fresh ingredients?,Le Viet Restaurant,3
Where can I enjoy a meal that highlights fresh ingredients?,Honey's Sit N Eat,2
Where can I enjoy a meal that highlights fresh ingredients?,Vetri Cucina,3
Where can I enjoy a meal that highlights fresh ingredients?,Joe's Steaks + Soda Shop,1
Where can I enjoy a meal that highlights fresh ingredients?,Tela's Market & Kitchen,3
Where can I enjoy a meal that highlights fresh ingredients?,Apricot Stone,3
Where can I enjoy a meal that highlights fresh ingredients?,City Tap House,2
Where can I enjoy a meal that highlights fresh ingredients?,Vernick Food & Drink,3
Where can I enjoy a meal that highlights fresh ingredients?,Stateside,3
Where can I enjoy a meal that highlights fresh ingredients?,North Third,2
Where can I enjoy a meal that highlights fresh ingredients?,Local 44,2
Where can I enjoy a meal that highlights fresh ingredients?,Khyber Pass Pub,2
Where can I enjoy a meal that highlights fresh ingredients?,The Abbaye,2
Where can I enjoy a meal that highlights fresh ingredients?,Sampan,3
Where can I enjoy a meal that highlights fresh ingredients?,Memphis Taproom,2
Where can I enjoy a meal that highlights fresh ingredients?,Fuel,3
Where can I enjoy a meal that highlights fresh ingredients?,Tinto,3
Where can I enjoy a meal that highlights fresh ingredients?,The Fat Ham,3
Where can I enjoy a meal that highlights fresh ingredients?,Hippot Shabu Shabu,3
Where can I enjoy a meal that highlights fresh ingredients?,Kilimandjaro Restaurant,3
Where can I enjoy a meal that highlights fresh ingredients?,Green Eggs Cafe,3
Where can I enjoy a meal that highlights fresh ingredients?,Trolley Car Cafe,2
Where can I enjoy a meal that highlights fresh ingredients?,Tierra Colombiana Restaurant,2
Where can I enjoy a meal that highlights fresh ingredients?,Cedar Park Cafe,2
Where can I enjoy a meal that highlights fresh ingredients?,Sam's Morning Glory Diner,3
Where can I enjoy a meal that highlights fresh ingredients?,XIX Nineteen,2
Where can I enjoy a meal that highlights fresh ingredients?,Aksum Cafe,3
Where can I enjoy a meal that highlights fresh ingredients?,48th Street Grille,3
Where can I enjoy a meal that highlights fresh ingredients?,Pho Xe Lua Viet Thai Restaurant,2
Where can I enjoy a meal that highlights fresh ingredients?,Animo Juice,3
Where can I enjoy a meal that highlights fresh ingredients?,Bing Bing Dim Sum,2
Where can I enjoy a meal that highlights fresh ingredients?,IndeBlue Modern Indian Food & Spirits,3
Where can I enjoy a meal that highlights fresh ingredients?,Le Pain Quotidien,3
Where can I enjoy a meal that highlights fresh ingredients?,Jake's & Cooper's Wine Bar & Wine Shop,2
Where can I enjoy a meal that highlights fresh ingredients?,Penang,2
Where can I enjoy a meal that highlights fresh ingredients?,The Farmers' Cabinet,3
Where can I enjoy a meal that highlights fresh ingredients?,Ramen Bar,2
Where can I enjoy a meal that highlights fresh ingredients?,Café y Chocolate,3
Where can I enjoy a meal that highlights fresh ingredients?,Dmitri's,3
Where can I enjoy a meal that highlights fresh ingredients?,Greg's Kitchen,3
Where can I enjoy a meal that highlights fresh ingredients?,House of Thai Cuisine,2
Where can I enjoy a meal that highlights fresh ingredients?,Day By Day,3
Where can I enjoy a meal that highlights fresh ingredients?,Double Knot,3
Where can I enjoy a meal that highlights fresh ingredients?,Sazon Restaurant & Cafe,3
Where can I enjoy a meal that highlights fresh ingredients?,Barbuzzo,3
Where can I enjoy a meal that highlights fresh ingredients?,Marathon,2
Where can I enjoy a meal that highlights fresh ingredients?,Manakeesh Cafe Bakery & Grill,3
Where can I enjoy a meal that highlights fresh ingredients?,Bud & Marilyn's,2
Where can I enjoy a meal that highlights fresh ingredients?,Suraya,3
Where can I enjoy a meal that highlights fresh ingredients?,The Gold Standard Cafe,2
Where can I enjoy a meal that highlights fresh ingredients?,Dim Sum House,2
Where can I enjoy a meal that highlights fresh ingredients?,The Industry,2
Where can I enjoy a meal that highlights fresh ingredients?,New Delhi Indian Restaurant,2
Where can I enjoy a meal that highlights fresh ingredients?,Winnie's Manayunk,2
Where can I enjoy a meal that highlights fresh ingredients?,Grindcore House,2
Where can I enjoy a meal that highlights fresh ingredients?,Ratchada Thai & Laos Cuisine,3
Where can I enjoy a meal that highlights fresh ingredients?,JJ Thai Cuisine,3
Where can I enjoy a meal that highlights fresh ingredients?,Cafe Lift,3
Where can I enjoy a meal that highlights fresh ingredients?,Hungry Pigeon,3
Where can I enjoy a meal that highlights fresh ingredients?,Entree BYOB,3
Where can I enjoy a meal that highlights fresh ingredients?,J'aime French Bakery,2
Where can I enjoy a meal that highlights fresh ingredients?,Butcher Bar,2
Where can I enjoy a meal that highlights fresh ingredients?,Luna Café,2
Where can I enjoy a meal that highlights fresh ingredients?,Percy Street Barbecue,2
Where can I enjoy a meal that highlights fresh ingredients?,Tria Cafe Rittenhouse,3
Where can I enjoy a meal that highlights fresh ingredients?,The Good King Tavern,3
Where can I enjoy a meal that highlights fresh ingredients?,Hinge Cafe,3
Where can I enjoy a meal that highlights fresh ingredients?,Ms Tootsie's RBL,1
Where can I enjoy a meal that highlights fresh ingredients?,Caribou Cafe,2
Where can I enjoy a meal that highlights fresh ingredients?,Tredici Enoteca,3
Where can I enjoy a meal that highlights fresh ingredients?,Marrakesh,2
Where can I enjoy a meal that highlights fresh ingredients?,Ristorante Pesto,3
Where can I enjoy a meal that highlights fresh ingredients?,South,2
Where can I enjoy a meal that highlights fresh ingredients?,Amis Trattoria,3
Where can I enjoy a meal that highlights fresh ingredients?,El Camino Real,2
Where can I enjoy a meal that highlights fresh ingredients?,Kalaya,3
Where can I enjoy a meal that highlights fresh ingredients?,Pinefish,3
Where can I enjoy a meal that highlights fresh ingredients?,Mixto,2
Where can I enjoy a meal that highlights fresh ingredients?,The Love,3
Where can I enjoy a meal that highlights fresh ingredients?,Cheu Noodle Bar,2
Where can I enjoy a meal that highlights fresh ingredients?,La Peg,2
Where can I enjoy a meal that highlights fresh ingredients?,Isot Mediterranean Cuisine,3
Where can I enjoy a meal that highlights fresh ingredients?,Ela,3
Where can I enjoy a meal that highlights fresh ingredients?,Cafe Ynez,3
Where can I enjoy a meal that highlights fresh ingredients?,Kabobeesh,2
Where can I enjoy a meal that highlights fresh ingredients?,Square 1682,3
Where can I enjoy a meal that highlights fresh ingredients?,Rose Tattoo Cafe,3
Where can I enjoy a meal that highlights fresh ingredients?,Pearl's Oyster Bar,3
Where can I enjoy a meal that highlights fresh ingredients?,Zahav,3
Where can I enjoy a meal that highlights fresh ingredients?,Urban Farmer Philadelphia,3
Where can I enjoy a meal that highlights fresh ingredients?,Gyu-Kaku Japanese BBQ,1
Where can I enjoy a meal that highlights fresh ingredients?,Tria Taproom,2
Where can I enjoy a meal that highlights fresh ingredients?,Black & Brew,3
Where can I enjoy a meal that highlights fresh ingredients?,Dutch Eating Place,2
Where can I enjoy a meal that highlights fresh ingredients?,Estia,3
Where can I enjoy a meal that highlights fresh ingredients?,Parc,3
Where can I enjoy a meal that highlights fresh ingredients?,South Philadelphia Tap Room,3
Where can I enjoy a meal that highlights fresh ingredients?,Mama's Vegetarian,3
Where can I enjoy a meal that highlights fresh ingredients?,Jones,2
Where can I enjoy a meal that highlights fresh ingredients?,Davios,3
Where can I enjoy a meal that highlights fresh ingredients?,Friday Saturday Sunday,3
Where can I enjoy a meal that highlights fresh ingredients?,Circles Contemporary Thai,3
Where can I enjoy a meal that highlights fresh ingredients?,Monsú,3
Where can I enjoy a meal that highlights fresh ingredients?,Little Spoon Cafe,3
Where can I enjoy a meal that highlights fresh ingredients?,Alyan's Restaurant,3
Where can I enjoy a meal that highlights fresh ingredients?,Cantina Dos Segundos,2
Where can I enjoy a meal that highlights fresh ingredients?,Uzbekistan Restaurant,3
Where can I enjoy a meal that highlights fresh ingredients?,Erawan Thai Cuisine,2
Where can I enjoy a meal that highlights fresh ingredients?,Hickory Lane American Bistro,2
Where can I enjoy a meal that highlights fresh ingredients?,Dan Dan,2
Where can I enjoy a meal that highlights fresh ingredients?,Louie Louie,2
Where can I enjoy a meal that highlights fresh ingredients?,Baby Blues BBQ Philly,1
Where can I enjoy a meal that highlights fresh ingredients?,Cafe Olé,3
Where can I enjoy a meal that highlights fresh ingredients?,Dim Sum Garden,2
Where can I enjoy a meal that highlights fresh ingredients?,Que Chula Es Puebla,3
Where can I enjoy a meal that highlights fresh ingredients?,Devil's Alley Bar & Grille,2
Where can I enjoy a meal that highlights fresh ingredients?,Mercato BYOB,3
Where can I enjoy a meal that highlights fresh ingredients?,Nom Nom Ramen,2
Where can I enjoy a meal that highlights fresh ingredients?,The Dutch,3
Where can I enjoy a meal that highlights fresh ingredients?,OCF Coffee House,3
Where can I enjoy a meal that highlights fresh ingredients?,The Rooster,3
Where can I enjoy a meal that highlights fresh ingredients?,Ants Pants Café,3
Where can I enjoy a meal that highlights fresh ingredients?,Alla Spina,2
Where can I enjoy a meal that highlights fresh ingredients?,Indian Kitchen Lovash,2
Where can I enjoy a meal that highlights fresh ingredients?,Abyssinia,2
Where can I enjoy a meal that highlights fresh ingredients?,Pho Ha,3
Where can I enjoy a meal that highlights fresh ingredients?,Xiandu Thai,3
Where can I enjoy a meal that highlights fresh ingredients?,Buddakan,2
Where can I enjoy a meal that highlights fresh ingredients?,The Little Lion,3
Where can I enjoy a meal that highlights fresh ingredients?,Walnut Street Cafe,2
Where can I enjoy a meal that highlights fresh ingredients?,Race Street Cafe,2
Where can I enjoy a meal that highlights fresh ingredients?,Sahara Grill,3
Where can I enjoy a meal that highlights fresh ingredients?,Jack's Firehouse,2
Where can I enjoy a meal that highlights fresh ingredients?,Pennsylvania 6,3
Where can I enjoy a meal that highlights fresh ingredients?,Bridget Foy's,2
Where can I enjoy a meal that highlights fresh ingredients?,Honest Tom's Plant Based Taco Shop,3
Where can I enjoy a meal that highlights fresh ingredients?,Catahoula,3
Where can I enjoy a meal that highlights fresh ingredients?,Prohibition Taproom,2
Where can I enjoy a meal that highlights fresh ingredients?,Pattaya,2
Where can I enjoy a meal that highlights fresh ingredients?,Bank & Bourbon,2
Where can I enjoy a meal that highlights fresh ingredients?,Sang Kee Noodle House,1
Where can I enjoy a meal that highlights fresh ingredients?,Darling's Diner,1
Where can I enjoy a meal that highlights fresh ingredients?,Banh Mi and Bottles,3
Where can I enjoy a meal that highlights fresh ingredients?,Branzino Italian Ristorante,2
Where can I enjoy a meal that highlights fresh ingredients?,Circles Contemporary Asian,3
Where can I enjoy a meal that highlights fresh ingredients?,Creperie Beau Monde & L'Etage,2
Where can I enjoy a meal that highlights fresh ingredients?,Anastasi Seafood,3
Where can I enjoy a meal that highlights fresh ingredients?,The Dandelion,3
Where can I enjoy a meal that highlights fresh ingredients?,Almaz Cafe,3
Where can I enjoy a meal that highlights fresh ingredients?,The Sidecar Bar & Grille,2
Where can I enjoy a meal that highlights fresh ingredients?,Las Bugambilias,3
Where can I enjoy a meal that highlights fresh ingredients?,Ocean Prime,2
Where can I enjoy a meal that highlights fresh ingredients?,Osteria,3
Where can I enjoy a meal that highlights fresh ingredients?,Nifty Fifty's,1
Where can I enjoy a meal that highlights fresh ingredients?,Veda - Modern Indian Bistro,2
Where can I enjoy a meal that highlights fresh ingredients?,Barclay Prime,3
Where can I enjoy a meal that highlights fresh ingredients?,Penrose Diner,1
Where can I enjoy a meal that highlights fresh ingredients?,Paris Bistro and Jazz Cafe,2
Where can I enjoy a meal that highlights fresh ingredients?,Distrito,2
Where can I enjoy a meal that highlights fresh ingredients?,The Continental Restaurant and Martini Bar,2
Where can I enjoy a meal that highlights fresh ingredients?,Indian Restaurant,2
Where can I enjoy a meal that highlights fresh ingredients?,Earth Bread + Brewery,3
Where can I enjoy a meal that highlights fresh ingredients?,The Cheesecake Factory,2
Where can I enjoy a meal that highlights fresh ingredients?,In Riva,3
Where can I enjoy a meal that highlights fresh ingredients?,Bourbon & Branch,3
Where can I enjoy a meal that highlights fresh ingredients?,Xochitl,3
Where can I enjoy a meal that highlights fresh ingredients?,K-POT Korean BBQ & Hot Pot,3
Where can I enjoy a meal that highlights fresh ingredients?,Triumph Brewing Company,2
Where can I enjoy a meal that highlights fresh ingredients?,Karma Restaurant & Bar,2
Where can I enjoy a meal that highlights fresh ingredients?,Happily Ever After,2
Where can I enjoy a meal that highlights fresh ingredients?,Shiao Lan Kung,3
Where can I enjoy a meal that highlights fresh ingredients?,Little Pete's Restaurant,1
Where can I enjoy a meal that highlights fresh ingredients?,American Sardine Bar,3
Where can I enjoy a meal that highlights fresh ingredients?,Pod,2
Where can I enjoy a meal that highlights fresh ingredients?,Molly Malloy's,3
Where can I enjoy a meal that highlights fresh ingredients?,El Jarocho,3
Where can I enjoy a meal that highlights fresh ingredients?,David's Mai Lai Wah,2
Where can I enjoy a meal that highlights fresh ingredients?,So Crepe,3
Where can I enjoy a meal that highlights fresh ingredients?,The Bakeshop on 20th,3
Where can I enjoy a meal that highlights fresh ingredients?,Goldie,3
Where can I enjoy a meal that highlights fresh ingredients?,Nan Zhou Hand Drawn Noodle House,3
Where can I enjoy a meal that highlights fresh ingredients?,Chhaya Cafe,3
Where can I enjoy a meal that highlights fresh ingredients?,Alma de Cuba,2
Where can I enjoy a meal that highlights fresh ingredients?,E Mei Restaurant,3
Where can I enjoy a meal that highlights fresh ingredients?,The Couch Tomato Cafe,3
Where can I enjoy a meal that highlights fresh ingredients?,Gnocchi,3
Where can I enjoy a meal that highlights fresh ingredients?,Terakawa Ramen,2
Where can I enjoy a meal that highlights fresh ingredients?,Morimoto,3
Where can I enjoy a meal that highlights fresh ingredients?,Blue Corn,3
Where can I enjoy a meal that highlights fresh ingredients?,Down Home Diner,1
Where can I enjoy a meal that highlights fresh ingredients?,Silk City Diner & Lounge,2
Where can I enjoy a meal that highlights fresh ingredients?,City Tavern Restaurant,2
Where can I enjoy a meal that highlights fresh ingredients?,Booker's Restaurant and Bar,2
Where can I enjoy a meal that highlights fresh ingredients?,The Twisted Tail,3
Where can I enjoy a meal that highlights fresh ingredients?,Rose Petals Cafe,2
Where can I enjoy a meal that highlights fresh ingredients?,Schlesinger's,2
Where can I enjoy a meal that highlights fresh ingredients?,Taqueria La Veracruzana,3
Where can I enjoy a meal that highlights fresh ingredients?,Wm Mulherin's Sons,3
Where can I enjoy a meal that highlights fresh ingredients?,Kite & Key,2
Where can I enjoy a meal that highlights fresh ingredients?,McCormick & Schmick's Seafood & Steaks,2
Where can I enjoy a meal that highlights fresh ingredients?,Hiro Ramen House,2
Where can I enjoy a meal that highlights fresh ingredients?,Sketch Burger,2
Where can I enjoy a meal that highlights fresh ingredients?,Nook Bakery & Coffee Bar,3
Where can I enjoy a meal that highlights fresh ingredients?,Del Frisco's Double Eagle Steakhouse,2
Where can I enjoy a meal that highlights fresh ingredients?,Tria Cafe Wash West,3
Where can I enjoy a meal that highlights fresh ingredients?,Resurrection Ale House,2
Where can I enjoy a meal that highlights fresh ingredients?,Opa,3
Where can I enjoy a meal that highlights fresh ingredients?,The Spicy Belly,2
Where can I enjoy a meal that highlights fresh ingredients?,Bareburger - Midtown Village,3
Where can I enjoy a meal that highlights fresh ingredients?,Melograno,3
Where can I enjoy a meal that highlights fresh ingredients?,Tai Lake Restaurant,3
Where can I enjoy a meal that highlights fresh ingredients?,Cuba Libre Restaurant & Rum Bar - Philadelphia,2
Where can I enjoy a meal that highlights fresh ingredients?,Standard Tap,3
Where can I enjoy a meal that highlights fresh ingredients?,Miel Patisserie,1
Where can I enjoy a meal that highlights fresh ingredients?,Famous 4th Street Delicatessen,1
Where can I enjoy a meal that highlights fresh ingredients?,Little Nonna's,2
Where can I enjoy a meal that highlights fresh ingredients?,The Capital Grille,2
Where can I enjoy a meal that highlights fresh ingredients?,Pizzeria Vetri,3
Where can I enjoy a meal that highlights fresh ingredients?,La Calaca Feliz,3
Where can I enjoy a meal that highlights fresh ingredients?,Melrose Diner,1
Where can I enjoy a meal that highlights fresh ingredients?,Sakura Mandarin,2
Where can I enjoy a meal that highlights fresh ingredients?,Good Dog Bar,2
Where can I enjoy a meal that highlights fresh ingredients?,Joy Tsin Lau Chinese Restaurant,2
Where can I enjoy a meal that highlights fresh ingredients?,Positano Coast by Aldo Lamberti,3
Where can I enjoy a meal that highlights fresh ingredients?,Yamitsuki Ramen,2
Where can I enjoy a meal that highlights fresh ingredients?,London Grill,2
Where can I enjoy a meal that highlights fresh ingredients?,Radicchio Cafe,3
Where can I enjoy a meal that highlights fresh ingredients?,Smokin Bettys,1
Where can I enjoy a meal that highlights fresh ingredients?,Devon Seafood Grill,3
Where can I enjoy a meal that highlights fresh ingredients?,Maggiano's Little Italy,3
Where can I enjoy a meal that highlights fresh ingredients?,Valanni,2
Where can I enjoy a meal that highlights fresh ingredients?,Ekta Indian Cuisine,2
Where can I enjoy a meal that highlights fresh ingredients?,Deke's Bar-B-Que,1
Where can I enjoy a meal that highlights fresh ingredients?,Varga Bar,2
Where can I enjoy a meal that highlights fresh ingredients?,Sancho Pistola's,3
Where can I enjoy a meal that highlights fresh ingredients?,QT Vietnamese Sandwich,3
Where can I enjoy a meal that highlights fresh ingredients?,Rybread,3
Where can I enjoy a meal that highlights fresh ingredients?,National Mechanics,2
Where can I enjoy a meal that highlights fresh ingredients?,Mission Taqueria,3
Where can I enjoy a meal that highlights fresh ingredients?,Pho Ha Saigon,2
Where can I enjoy a meal that highlights fresh ingredients?,Underdogs,2
Where can I enjoy a meal that highlights fresh ingredients?,Spice C,3
Where can I enjoy a meal that highlights fresh ingredients?,Octopus Falafel Truck,3
Where can I enjoy a meal that highlights fresh ingredients?,Harper's Garden,3
Where can I enjoy a meal that highlights fresh ingredients?,Southgate,2
Where can I enjoy a meal that highlights fresh ingredients?,Middle Child,3
Where can I enjoy a meal that highlights fresh ingredients?,Max Brenner - Philadelphia,1
Where can I enjoy a meal that highlights fresh ingredients?,K'Far Cafe,3
Where can I enjoy a meal that highlights fresh ingredients?,Stockyard Sandwich,3
Where can I enjoy a meal that highlights fresh ingredients?,Jasmine Rice - Rittenhouse,3
Where can I enjoy a meal that highlights fresh ingredients?,Village Whiskey,2
Where can I enjoy a meal that highlights fresh ingredients?,Pho Cali Vietnamese Restaurant,2
Where can I enjoy a meal that highlights fresh ingredients?,Moshulu,2
Where can I enjoy a meal that highlights fresh ingredients?,Legal Sea Foods,3
Where can I enjoy a meal that highlights fresh ingredients?,Termini Bros Bakery,1
Where can I enjoy a meal that highlights fresh ingredients?,The Goat's Beard,3
Where can I enjoy a meal that highlights fresh ingredients?,Tiffin,2
Where can I enjoy a meal that highlights fresh ingredients?,Francoluigi's Pizzeria & Italian Restaurant,3
Where can I enjoy a meal that highlights fresh ingredients?,McCrossen's Tavern,2
Where can I enjoy a meal that highlights fresh ingredients?,Oyster House,3
Where can I enjoy a meal that highlights fresh ingredients?,Ten Stone Bar & Restaurant,2
Where can I enjoy a meal that highlights fresh ingredients?,Snap Custom Pizza - Center City,3
Where can I enjoy a meal that highlights fresh ingredients?,Empress Garden,3
Where can I enjoy a meal that highlights fresh ingredients?,Mac Mart,2
Where can I enjoy a meal that highlights fresh ingredients?,La Fourno Ristorante Trattoria,2
Where can I enjoy a meal that highlights fresh ingredients?,Cantina Los Caballitos,2
Where can I enjoy a meal that highlights fresh ingredients?,Le Virtu,3
Where can I enjoy a meal that highlights fresh ingredients?,Rittenhouse Grill,2
Where can I enjoy a meal that highlights fresh ingredients?,La Locanda Del Ghiottone,3
Where can I enjoy a meal that highlights fresh ingredients?,Jong Ka Jib,3
Where can I enjoy a meal that highlights fresh ingredients?,R2L,2
Where can I enjoy a meal that highlights fresh ingredients?,Destination Dogs,1
Where can I enjoy a meal that highlights fresh ingredients?,Las Cazuelas Restaurant BYOB,3
Where can I enjoy a meal that highlights fresh ingredients?,The Foodery at Rittenhouse,2
Where can I enjoy a meal that highlights fresh ingredients?,Revolution House,2
Where can I enjoy a meal that highlights fresh ingredients?,Little Sicily 2,3
Where can I enjoy a meal that highlights fresh ingredients?,Barcelona Wine Bar Passyunk,2
Where can I enjoy a meal that highlights fresh ingredients?,Nom Wah Philadelphia,3
Where can I enjoy a meal that highlights fresh ingredients?,Federal Donuts,2
Where can I enjoy a meal that highlights fresh ingredients?,Seorabol Korean Restaurant,2
Where can I enjoy a meal that highlights fresh ingredients?,El Rey,2
Where can I enjoy a meal that highlights fresh ingredients?,Spice End,2
Where can I enjoy a meal that highlights fresh ingredients?,L'Angolo Ristorante,3
Where can I enjoy a meal that highlights fresh ingredients?,Jerry's Bar,2
Where can I enjoy a meal that highlights fresh ingredients?,Giorgio On Pine,3
Where can I enjoy a meal that highlights fresh ingredients?,Ting Wong Restaurant,2
Where can I enjoy a meal that highlights fresh ingredients?,Saad's Halal Restaurant,3
Where can I enjoy a meal that highlights fresh ingredients?,Tampopo,3
Where can I enjoy a meal that highlights fresh ingredients?,Doma,3
Where can I enjoy a meal that highlights fresh ingredients?,Hawthornes Biercafé,2
Where can I enjoy a meal that highlights fresh ingredients?,Pho 75,3
Where can I enjoy a meal that highlights fresh ingredients?,Pho Saigon,2
Where can I enjoy a meal that highlights fresh ingredients?,Fette Sau,1
Where can I enjoy a meal that highlights fresh ingredients?,Bar-Ly Chinatown,2
Where can I enjoy a meal that highlights fresh ingredients?,Koreana,2
Where can I enjoy a meal that highlights fresh ingredients?,Cafe Diem,2
Where can I enjoy a meal that highlights fresh ingredients?,Beck's Cajun Cafe,2
Where can I enjoy a meal that highlights fresh ingredients?,Giwa Korean Kitchen,3
Where can I enjoy a meal that highlights fresh ingredients?,PYT,2
Where can I enjoy a meal that highlights fresh ingredients?,Bufad,3
Where can I enjoy a meal that highlights fresh ingredients?,Paesano's Philly Style,2
Where can I enjoy a meal that highlights fresh ingredients?,Bourbon Blue,2
Where can I enjoy a meal that highlights fresh ingredients?,SPOT Gourmet Burgers,3
Where can I enjoy a meal that highlights fresh ingredients?,Perch Pub,2
Where can I enjoy a meal that highlights fresh ingredients?,Three Monkeys Cafe,1
Where can I enjoy a meal that highlights fresh ingredients?,The Plough & the Stars,2
Where can I enjoy a meal that highlights fresh ingredients?,Tequilas Restaurant,2
Where can I enjoy a meal that highlights fresh ingredients?,Relish,2
Where can I enjoy a meal that highlights fresh ingredients?,Bainbridge Street Barrel House,2
Where can I enjoy a meal that highlights fresh ingredients?,The Gaslight,2
Where can I enjoy a meal that highlights fresh ingredients?,Royal Sushi & Izakaya,3
Where can I enjoy a meal that highlights fresh ingredients?,Rustica,3
Where can I enjoy a meal that highlights fresh ingredients?,El Fuego,3
Where can I enjoy a meal that highlights fresh ingredients?,Swiss Haus Cafe & Pastry Bar,1
Where can I enjoy a meal that highlights fresh ingredients?,Taco Riendo,3
Where can I enjoy a meal that highlights fresh ingredients?,Panorama,2
Where can I enjoy a meal that highlights fresh ingredients?,La Viola,2
Where can I enjoy a meal that highlights fresh ingredients?,Red Owl Tavern,3
Where can I enjoy a meal that highlights fresh ingredients?,The Blue Duck,3
Where can I enjoy a meal that highlights fresh ingredients?,Tattooed Mom,1
Where can I enjoy a meal that highlights fresh ingredients?,Hai Street Kitchen & Co,3
Where can I enjoy a meal that highlights fresh ingredients?,Dim Sum & Noodle,2
Where can I enjoy a meal that highlights fresh ingredients?,Little Baby's Ice Cream,1
Where can I enjoy a meal that highlights fresh ingredients?,Hummus Grill,3
Where can I enjoy a meal that highlights fresh ingredients?,Philadelphia Chutney Company,3
Where can I enjoy a meal that highlights fresh ingredients?,Zorba's Taverna,3
Where can I enjoy a meal that highlights fresh ingredients?,Meltkraft At Reading Terminal Market,3
Where can I enjoy a meal that highlights fresh ingredients?,Mad Mex - University City,2
Where can I enjoy a meal that highlights fresh ingredients?,Mood Cafe,3
Where can I enjoy a meal that highlights fresh ingredients?,Effie's Restaurant,2
Where can I enjoy a meal that highlights fresh ingredients?,2nd Story Brewing,2
Where can I enjoy a meal that highlights fresh ingredients?,Jamaican Jerk Hut,2
Where can I enjoy a meal that highlights fresh ingredients?,Gran Caffe L'Aquila,3
Where can I enjoy a meal that highlights fresh ingredients?,&pizza - Walnut,3
Where can I enjoy a meal that highlights fresh ingredients?,Bobby's Burger Palace,2
Where can I enjoy a meal that highlights fresh ingredients?,Zama,3
Where can I enjoy a meal that highlights fresh ingredients?,Los Gallos Mexican Taqueria,3
Where can I enjoy a meal that highlights fresh ingredients?,Brauhaus Schmitz,1
Where can I enjoy a meal that highlights fresh ingredients?,Cleavers,3
Where can I enjoy a meal that highlights fresh ingredients?,Sang Kee Peking Duck House,2
Where can I enjoy a meal that highlights fresh ingredients?,Ocean Harbor,2
Where can I enjoy a meal that highlights fresh ingredients?,New Deck Tavern,1
Where can I enjoy a meal that highlights fresh ingredients?,BurgerFi,2
Where can I enjoy a meal that highlights fresh ingredients?,Rouge,3
Where can I enjoy a meal that highlights fresh ingredients?,Chabaa Thai Bistro,3
Where can I enjoy a meal that highlights fresh ingredients?,1225Raw Sushi and Sake Lounge,3
Where can I enjoy a meal that highlights fresh ingredients?,Bistro Romano,3
Where can I enjoy a meal that highlights fresh ingredients?,Vintage Wine Bar,2
Where can I enjoy a meal that highlights fresh ingredients?,LaScala's,2
Where can I enjoy a meal that highlights fresh ingredients?,Love & Honey Fried Chicken,3
Where can I enjoy a meal that highlights fresh ingredients?,Johnny Brenda's,2
Where can I enjoy a meal that highlights fresh ingredients?,Shang Hai 1,2
Where can I enjoy a meal that highlights fresh ingredients?,Tom's Dim Sum,3
Where can I enjoy a meal that highlights fresh ingredients?,Urban Saloon,1
Where can I enjoy a meal that highlights fresh ingredients?,Chickie's & Pete's,1
Where can I enjoy a meal that highlights fresh ingredients?,Bluestone Lane,3
Where can I enjoy a meal that highlights fresh ingredients?,Marmont Steakhouse & Bar,2
Where can I enjoy a meal that highlights fresh ingredients?,Warmdaddy's,1
Where can I enjoy a meal that highlights fresh ingredients?,Nine Ting,2
Where can I enjoy a meal that highlights fresh ingredients?,Steve's Prince of Steaks,0
Where can I enjoy a meal that highlights fresh ingredients?,Pizzeria Stella,3
Where can I enjoy a meal that highlights fresh ingredients?,Tres Jalapenos,2
Where can I enjoy a meal that highlights fresh ingredients?,Spice 28,2
Where can I enjoy a meal that highlights fresh ingredients?,One Shot Coffee,2
Where can I enjoy a meal that highlights fresh ingredients?,Smiley's Cafe,3
Where can I enjoy a meal that highlights fresh ingredients?,Chubbys Steaks,1
Where can I enjoy a meal that highlights fresh ingredients?,The Victor Cafe,2
Where can I enjoy a meal that highlights fresh ingredients?,Koch's Deli,3
Where can I enjoy a meal that highlights fresh ingredients?,Amma's South Indian Cuisine,3
Where can I enjoy a meal that highlights fresh ingredients?,Pietro's Coal Oven Pizzeria,2
Where can I enjoy a meal that highlights fresh ingredients?,Mad Rex,1
Where can I enjoy a meal that highlights fresh ingredients?,Devil's Den,2
Where can I enjoy a meal that highlights fresh ingredients?,MilkBoy,2
Where can I enjoy a meal that highlights fresh ingredients?,Jose Pistola's,2
Where can I enjoy a meal that highlights fresh ingredients?,Monk's Cafe,3
Where can I enjoy a meal that highlights fresh ingredients?,Copabanana,1
Where can I enjoy a meal that highlights fresh ingredients?,South Philly Barbacoa,3
Where can I enjoy a meal that highlights fresh ingredients?,Landmark Americana Tap & Grill - University City,2
Where can I enjoy a meal that highlights fresh ingredients?,Villa Di Roma,2
Where can I enjoy a meal that highlights fresh ingredients?,Spasso Italian Grill,2
Where can I enjoy a meal that highlights fresh ingredients?,LaScala's Birra,2
Where can I enjoy a meal that highlights fresh ingredients?,Morgan's Pier,2
Where can I enjoy a meal that highlights fresh ingredients?,P'unk Burger,2
Where can I enjoy a meal that highlights fresh ingredients?,Wrap Shack,3
Where can I enjoy a meal that highlights fresh ingredients?,Porcini,3
Where can I enjoy a meal that highlights fresh ingredients?,El Vez,2
Where can I enjoy a meal that highlights fresh ingredients?,Shake Shack,2
Where can I enjoy a meal that highlights fresh ingredients?,Umai Umai,3
Where can I enjoy a meal that highlights fresh ingredients?,Porta,2
Where can I enjoy a meal that highlights fresh ingredients?,Taqueria Feliz,3
Where can I enjoy a meal that highlights fresh ingredients?,T-Swirl Crêpe,3
Where can I enjoy a meal that highlights fresh ingredients?,Slice,3
Where can I enjoy a meal that highlights fresh ingredients?,Greek Lady,2
Where can I enjoy a meal that highlights fresh ingredients?,Bubblefish,2
Where can I enjoy a meal that highlights fresh ingredients?,Buena Onda,3
Where can I enjoy a meal that highlights fresh ingredients?,The Olde Bar,2
Where can I enjoy a meal that highlights fresh ingredients?,Las Margaritas,2
Where can I enjoy a meal that highlights fresh ingredients?,El Poquito,2
Where can I enjoy a meal that highlights fresh ingredients?,Loco Pez,2
Where can I enjoy a meal that highlights fresh ingredients?,Chart House,2
Where can I enjoy a meal that highlights fresh ingredients?,Local Tavern,2
Where can I enjoy a meal that highlights fresh ingredients?,Misconduct Tavern,2
Where can I enjoy a meal that highlights fresh ingredients?,Bottle Bar East,3
Where can I enjoy a meal that highlights fresh ingredients?,Sardi's Pollo A La Brasa,2
Where can I enjoy a meal that highlights fresh ingredients?,Masala Kitchen Kati Rolls and Platters,3
Where can I enjoy a meal that highlights fresh ingredients?,Jakes Sandwich Board - 12th St,2
Where can I enjoy a meal that highlights fresh ingredients?,SOMO Manayunk,3
Where can I enjoy a meal that highlights fresh ingredients?,Ladder 15,2
Where can I enjoy a meal that highlights fresh ingredients?,Nodding Head Brewery & Restaurant,2
Where can I enjoy a meal that highlights fresh ingredients?,Bredenbeck's Bakery & Ice Cream Parlor,1
Where can I enjoy a meal that highlights fresh ingredients?,Bellini,2
Where can I enjoy a meal that highlights fresh ingredients?,Chubby Cattle,3
Where can I enjoy a meal that highlights fresh ingredients?,Lucky's Last Chance,1
Where can I enjoy a meal that highlights fresh ingredients?,Bleu Sushi,3
Where can I enjoy a meal that highlights fresh ingredients?,Dalessandro’s Steaks & Hoagies,1
Where can I enjoy a meal that highlights fresh ingredients?,Time,2
Where can I enjoy a meal that highlights fresh ingredients?,Barra Rossa Ristorante,2
Where can I enjoy a meal that highlights fresh ingredients?,Dock Street Brewery,3
Where can I enjoy a meal that highlights fresh ingredients?,The Cambridge,2
Where can I enjoy a meal that highlights fresh ingredients?,Dante & Luigi's,3
Where can I enjoy a meal that highlights fresh ingredients?,Manayunk Brewery,2
Where can I enjoy a meal that highlights fresh ingredients?,Zento Contemporary Japanese Cuisine,3
Where can I enjoy a meal that highlights fresh ingredients?,Carmen's Famous Italian Hoagies,2
Where can I enjoy a meal that highlights fresh ingredients?,Con Murphy's,2
Where can I enjoy a meal that highlights fresh ingredients?,Murph's Bar,3
Where can I enjoy a meal that highlights fresh ingredients?,500 Degrees,2
Where can I enjoy a meal that highlights fresh ingredients?,Rosy's Taco Bar,2
Where can I enjoy a meal that highlights fresh ingredients?,Yanako,3
Where can I enjoy a meal that highlights fresh ingredients?,Serafina Philadelphia,2
Where can I enjoy a meal that highlights fresh ingredients?,Cosmi's Deli,3
Where can I enjoy a meal that highlights fresh ingredients?,Luke's Lobster Rittenhouse,3
Where can I enjoy a meal that highlights fresh ingredients?,Moriarty's Restaurant and Irish Pub,1
Where can I enjoy a meal that highlights fresh ingredients?,Ralphs Italian Restaurant,2
Where can I enjoy a meal that highlights fresh ingredients?,Lucha Cartel,2
Where can I enjoy a meal that highlights fresh ingredients?,Magpie,3
Where can I enjoy a meal that highlights fresh ingredients?,Marra's,2
Where can I enjoy a meal that highlights fresh ingredients?,Toast,3
Where can I enjoy a meal that highlights fresh ingredients?,Stogie Joe's Tavern,2
Where can I enjoy a meal that highlights fresh ingredients?,Beiler's Bakery,2
Where can I enjoy a meal that highlights fresh ingredients?,Oh Brother Philly,2
Where can I enjoy a meal that highlights fresh ingredients?,Fat Salmon,3
Where can I enjoy a meal that highlights fresh ingredients?,Flying Monkey Bakery,1
Where can I enjoy a meal that highlights fresh ingredients?,Dinardo's Famous Crabs,1
Where can I enjoy a meal that highlights fresh ingredients?,Sweet Box Cupcakes,1
Where can I enjoy a meal that highlights fresh ingredients?,Nomad Pizza Company,3
Where can I enjoy a meal that highlights fresh ingredients?,Sassafras Bar,2
Where can I enjoy a meal that highlights fresh ingredients?,Knead Bagels,3
Where can I enjoy a meal that highlights fresh ingredients?,Gooey Looie's,2
Where can I enjoy a meal that highlights fresh ingredients?,Capogiro Gelato,2
Where can I enjoy a meal that highlights fresh ingredients?,Hershel's East Side Deli,3
Where can I enjoy a meal that highlights fresh ingredients?,The Black Sheep Pub & Restaurant,2
Where can I enjoy a meal that highlights fresh ingredients?,Revolution Taco,3
Where can I enjoy a meal that highlights fresh ingredients?,The Original Tony Lukes,1
Where can I enjoy a meal that highlights fresh ingredients?,North Bowl,1
Where can I enjoy a meal that highlights fresh ingredients?,By George! Pizza Pasta & Cheesesteaks,2
Where can I enjoy a meal that highlights fresh ingredients?,Aki Nom Nom Sushi & Ramen,3
Where can I enjoy a meal that highlights fresh ingredients?,Hard Rock Cafe,0
Where can I enjoy a meal that highlights fresh ingredients?,Sumo Sushi,2
Where can I enjoy a meal that highlights fresh ingredients?,Yakitori Boy,2
Where can I enjoy a meal that highlights fresh ingredients?,Santucci's Original Square Pizza,2
Where can I enjoy a meal that highlights fresh ingredients?,A La Mousse,2
Where can I enjoy a meal that highlights fresh ingredients?,Cactus Restaurant & Bar,2
Where can I enjoy a meal that highlights fresh ingredients?,Nomad Roman Pizza,3
Where can I enjoy a meal that highlights fresh ingredients?,La Fontana Della Citta,2
Where can I enjoy a meal that highlights fresh ingredients?,The Happy Rooster,3
Where can I enjoy a meal that highlights fresh ingredients?,Frankford Hall,2
Where can I enjoy a meal that highlights fresh ingredients?,Dos Tacos,2
Where can I enjoy a meal that highlights fresh ingredients?,La Colombe Coffee,2
Where can I enjoy a meal that highlights fresh ingredients?,Angelo's Pizzeria,3
Where can I enjoy a meal that highlights fresh ingredients?,John's Roast Pork,2
Where can I enjoy a meal that highlights fresh ingredients?,Eulogy Belgian Tavern,2
Where can I enjoy a meal that highlights fresh ingredients?,Woodrow's Sandwich Shop,3
Where can I enjoy a meal that highlights fresh ingredients?,Philip's Steaks,0
Where can I enjoy a meal that highlights fresh ingredients?,Del Rossi's Cheesesteak,1
Where can I enjoy a meal that highlights fresh ingredients?,Yards Brewing Company,2
Where can I enjoy a meal that highlights fresh ingredients?,Spread Bagelry,2
Where can I enjoy a meal that highlights fresh ingredients?,Mac's Tavern,2
Where can I enjoy a meal that highlights fresh ingredients?,Fergie's Pub,2
Where can I enjoy a meal that highlights fresh ingredients?,Ishkabibble's,1
Where can I enjoy a meal that highlights fresh ingredients?,JJ Bootleggers,1
Where can I enjoy a meal that highlights fresh ingredients?,Jim's South St,1
Where can I enjoy a meal that highlights fresh ingredients?,Bonchon Philadelphia,1
Where can I enjoy a meal that highlights fresh ingredients?,BRÜ Craft & Wurst,1
Where can I enjoy a meal that highlights fresh ingredients?,Pizza Brain,3
Where can I enjoy a meal that highlights fresh ingredients?,Pizzeria Beddia,3
Where can I enjoy a meal that highlights fresh ingredients?,Fuji Mountain,3
Where can I enjoy a meal that highlights fresh ingredients?,Fadó Irish Pub,1
Where can I enjoy a meal that highlights fresh ingredients?,Independence Beer Garden,1
Where can I enjoy a meal that highlights fresh ingredients?,World Cafe Live,1
Where can I enjoy a meal that highlights fresh ingredients?,Koto Sushi,3
Where can I enjoy a meal that highlights fresh ingredients?,Chickie's and Pete's,0
Where can I enjoy a meal that highlights fresh ingredients?,Isgro Pastries,1
Where can I enjoy a meal that highlights fresh ingredients?,Sonny's Famous Steaks,2
Where can I enjoy a meal that highlights fresh ingredients?,Tacconelli's Pizzeria,3
Where can I enjoy a meal that highlights fresh ingredients?,Campo's Philly Cheesesteaks,1
Where can I enjoy a meal that highlights fresh ingredients?,Jim's Steaks,1
Where can I enjoy a meal that highlights fresh ingredients?,Café Soho,2
Where can I enjoy a meal that highlights fresh ingredients?,Barcade,1
Where can I enjoy a meal that highlights fresh ingredients?,Jimmy G's Steaks,1
Where can I enjoy a meal that highlights fresh ingredients?,Max's Steaks,0
Where can I enjoy a meal that highlights fresh ingredients?,Chapterhouse Café & Gallery,2
Where can I enjoy a meal that highlights fresh ingredients?,Spataro's Cheesesteaks,1
Where can I enjoy a meal that highlights fresh ingredients?,Pat's King of Steaks,0
Where can I enjoy a meal that highlights fresh ingredients?,Kabuki Sushi,3
Where can I enjoy a meal that highlights fresh ingredients?,IKEA,1
Where can I enjoy a meal that highlights fresh ingredients?,Fox and Hound,0
Where can I enjoy a meal that highlights fresh ingredients?,Crazy Sushi,3
Where can I enjoy a meal that highlights fresh ingredients?,Vic Sushi Bar,3
Where can I enjoy a meal that highlights fresh ingredients?,Tommy DiNic's,2
Where can I enjoy a meal that highlights fresh ingredients?,McGillin's Olde Ale House,1
Where can I enjoy a meal that highlights fresh ingredients?,Dave & Buster's,0
Where can I enjoy a meal that highlights fresh ingredients?,Geno's Steaks,0
Where can I enjoy a meal that highlights fresh ingredients?,Nick's Old Original Roast Beef,0
Where can I enjoy a meal that highlights fresh ingredients?,Evil Genius Beer,1
Where can I enjoy a meal that highlights fresh ingredients?,Dizengoff,3
Where can I enjoy a meal that highlights fresh ingredients?,The Famous 4th Street Cookie Company,0
Where can I enjoy a meal that highlights fresh ingredients?,Bok Bar,2
Where can I enjoy a meal that highlights fresh ingredients?,Byblos,2
Where can I enjoy a meal that highlights fresh ingredients?,Elixr Coffee Roasters,2
Where can I enjoy a meal that highlights fresh ingredients?,Lazaro's Pizzeria & Grill,1
Where can I enjoy a meal that highlights fresh ingredients?,RIM Cafe,1
Where can I enjoy a meal that highlights fresh ingredients?,TGI Fridays,1
Where can I enjoy a meal that highlights fresh ingredients?,Lorenzo & Sons Pizza,1
Where can I enjoy a meal that highlights fresh ingredients?,Lucky Strike - Philadelphia,1
Where can I enjoy a meal that highlights fresh ingredients?,Volo Coffeehouse,2
Where can I enjoy a meal that highlights fresh ingredients?,Drinker's Pub,1
Where can I enjoy a meal that highlights fresh ingredients?,Oscar's Tavern,0
Where can I enjoy a meal that highlights fresh ingredients?,Tavern on Broad,0
Where can I enjoy a meal that highlights fresh ingredients?,Loews Philadelphia Hotel,2
Where can I enjoy a meal that highlights fresh ingredients?,Helium Comedy Club,0
Where can I enjoy a meal that highlights fresh ingredients?,Punch Line Philly,1
Where can I enjoy a meal that highlights fresh ingredients?,Philadelphia Marriott Downtown,2
Where can I enjoy a meal that highlights fresh ingredients?,Kung Fu Tea,1
Where can I enjoy a meal that highlights fresh ingredients?,Xfinity Live! Philadelphia,0
Where can I enjoy a meal that highlights fresh ingredients?,Vango Lounge & Skybar,1
Where can I enjoy a meal that highlights fresh ingredients?,Woody's,2
Where can I enjoy a meal that highlights fresh ingredients?,Philadelphia Museum of Art,2
Which restaurants have a vintage or nostalgic atmosphere?,Vintage Wine Bar,3
Which restaurants have a vintage or nostalgic atmosphere?,City Tavern Restaurant,3
Which restaurants have a vintage or nostalgic atmosphere?,The Olde Bar,3
Which restaurants have a vintage or nostalgic atmosphere?,Rittenhouse Grill,3
Which restaurants have a vintage or nostalgic atmosphere?,The Continental Mid-town,3
Which restaurants have a vintage or nostalgic atmosphere?,The Continental Restaurant and Martini Bar,3
Which restaurants have a vintage or nostalgic atmosphere?,Sassafras Bar,3
Which restaurants have a vintage or nostalgic atmosphere?,Bud & Marilyn's,3
Which restaurants have a vintage or nostalgic atmosphere?,The Farmers' Cabinet,3
Which restaurants have a vintage or nostalgic atmosphere?,Butcher and Singer,3
Which restaurants have a vintage or nostalgic atmosphere?,Supper,2
Which restaurants have a vintage or nostalgic atmosphere?,Trolley Car Diner,3
Which restaurants have a vintage or nostalgic atmosphere?,Serpico,2
Which restaurants have a vintage or nostalgic atmosphere?,Stateside,3
Which restaurants have a vintage or nostalgic atmosphere?,Pod,2
Which restaurants have a vintage or nostalgic atmosphere?,Darling's Diner,3
Which restaurants have a vintage or nostalgic atmosphere?,Friday Saturday Sunday,3
Which restaurants have a vintage or nostalgic atmosphere?,Twenty Manning,2
Which restaurants have a vintage or nostalgic atmosphere?,Barclay Prime,3
Which restaurants have a vintage or nostalgic atmosphere?,Abe Fisher,2
Which restaurants have a vintage or nostalgic atmosphere?,Marigold Kitchen,3
Which restaurants have a vintage or nostalgic atmosphere?,Pub & Kitchen,2
Which restaurants have a vintage or nostalgic atmosphere?,Lacroix Restaurant at The Rittenhouse,2
Which restaurants have a vintage or nostalgic atmosphere?,Pennsylvania 6,2
Which restaurants have a vintage or nostalgic atmosphere?,Melrose Diner,3
Which restaurants have a vintage or nostalgic atmosphere?,Jones,3
Which restaurants have a vintage or nostalgic atmosphere?,Heritage,3
Which restaurants have a vintage or nostalgic atmosphere?,Harp & Crown,3
Which restaurants have a vintage or nostalgic atmosphere?,Little Pete's Restaurant,3
Which restaurants have a vintage or nostalgic atmosphere?,Del Frisco's Double Eagle Steakhouse,3
Which restaurants have a vintage or nostalgic atmosphere?,Fond,2
Which restaurants have a vintage or nostalgic atmosphere?,Spice Finch,2
Which restaurants have a vintage or nostalgic atmosphere?,La Peg,2
Which restaurants have a vintage or nostalgic atmosphere?,Lolita,2
Which restaurants have a vintage or nostalgic atmosphere?,Bank & Bourbon,2
Which restaurants have a vintage or nostalgic atmosphere?,Positano Coast by Aldo Lamberti,2
Which restaurants have a vintage or nostalgic atmosphere?,The Rooster,3
Which restaurants have a vintage or nostalgic atmosphere?,Dinardo's Famous Crabs,2
Which restaurants have a vintage or nostalgic atmosphere?,The Industry,2
Which restaurants have a vintage or nostalgic atmosphere?,Louie Louie,3
Which restaurants have a vintage or nostalgic atmosphere?,Charlie Was a Sinner,2
Which restaurants have a vintage or nostalgic atmosphere?,The Little Lion,2
Which restaurants have a vintage or nostalgic atmosphere?,The Good King Tavern,3
Which restaurants have a vintage or nostalgic atmosphere?,Distrito,3
Which restaurants have a vintage or nostalgic atmosphere?,Davios,3
Which restaurants have a vintage or nostalgic atmosphere?,The Gaslight,2
Which restaurants have a vintage or nostalgic atmosphere?,Alma de Cuba,3
Which restaurants have a vintage or nostalgic atmosphere?,Square 1682,2
Which restaurants have a vintage or nostalgic atmosphere?,Butcher Bar,1
Which restaurants have a vintage or nostalgic atmosphere?,Jamonera,2
Which restaurants have a vintage or nostalgic atmosphere?,Bistrot La Minette,3
Which restaurants have a vintage or nostalgic atmosphere?,Ralphs Italian Restaurant,3
Which restaurants have a vintage or nostalgic atmosphere?,Rose Tattoo Cafe,3
Which restaurants have a vintage or nostalgic atmosphere?,Tashan,2
Which restaurants have a vintage or nostalgic atmosphere?,Kraftwork,3
Which restaurants have a vintage or nostalgic atmosphere?,Nifty Fifty's,3
Which restaurants have a vintage or nostalgic atmosphere?,The Fat Ham,2
Which restaurants have a vintage or nostalgic atmosphere?,Tequilas Restaurant,3
Which restaurants have a vintage or nostalgic atmosphere?,Bourbon & Branch,3
Which restaurants have a vintage or nostalgic atmosphere?,Morimoto,2
Which restaurants have a vintage or nostalgic atmosphere?,The Dandelion,3
Which restaurants have a vintage or nostalgic atmosphere?,Farmicia,2
Which restaurants have a vintage or nostalgic atmosphere?,Jerry's Bar,2
Which restaurants have a vintage or nostalgic atmosphere?,Alla Spina,2
Which restaurants have a vintage or nostalgic atmosphere?,Race Street Cafe,2
Which restaurants have a vintage or nostalgic atmosphere?,Walnut Street Cafe,2
Which restaurants have a vintage or nostalgic atmosphere?,Chifa,2
Which restaurants have a vintage or nostalgic atmosphere?,Sbraga,2
Which restaurants have a vintage or nostalgic atmosphere?,Down Home Diner,2
Which restaurants have a vintage or nostalgic atmosphere?,Hungry Pigeon,2
Which restaurants have a vintage or nostalgic atmosphere?,National Mechanics,3
Which restaurants have a vintage or nostalgic atmosphere?,a.kitchen,2
Which restaurants have a vintage or nostalgic atmosphere?,The Twisted Tail,3
Which restaurants have a vintage or nostalgic atmosphere?,Double Knot,3
Which restaurants have a vintage or nostalgic atmosphere?,Kensington Quarters,2
Which restaurants have a vintage or nostalgic atmosphere?,Laurel,0
Which restaurants have a vintage or nostalgic atmosphere?,Fork,2
Which restaurants have a vintage or nostalgic atmosphere?,Wm Mulherin's Sons,3
Which restaurants have a vintage or nostalgic atmosphere?,Vernick Food & Drink,0
Which restaurants have a vintage or nostalgic atmosphere?,Royal Tavern,2
Which restaurants have a vintage or nostalgic atmosphere?,Joe's Steaks + Soda Shop,3
Which restaurants have a vintage or nostalgic atmosphere?,Jack's Firehouse,3
Which restaurants have a vintage or nostalgic atmosphere?,Time,2
Which restaurants have a vintage or nostalgic atmosphere?,Rex at the Royal,3
Which restaurants have a vintage or nostalgic atmosphere?,Strangelove's,1
Which restaurants have a vintage or nostalgic atmosphere?,Urban Farmer Philadelphia,2
Which restaurants have a vintage or nostalgic atmosphere?,Smokin Bettys,2
Which restaurants have a vintage or nostalgic atmosphere?,High Street Philadelphia,2
Which restaurants have a vintage or nostalgic atmosphere?,Harvest Seasonal Grill & Wine Bar - Philadelphia,1
Which restaurants have a vintage or nostalgic atmosphere?,Tredici Enoteca,2
Which restaurants have a vintage or nostalgic atmosphere?,Vietnam Cafe,3
Which restaurants have a vintage or nostalgic atmosphere?,Tinto,3
Which restaurants have a vintage or nostalgic atmosphere?,Bibou,3
Which restaurants have a vintage or nostalgic atmosphere?,Villa Di Roma,3
Which restaurants have a vintage or nostalgic atmosphere?,London Grill,2
Which restaurants have a vintage or nostalgic atmosphere?,Sabrina's Café,2
Which restaurants have a vintage or nostalgic atmosphere?,Prohibition Taproom,2
Which restaurants have a vintage or nostalgic atmosphere?,XIX Nineteen,2
Which restaurants have a vintage or nostalgic atmosphere?,Standard Tap,2
Which restaurants have a vintage or nostalgic atmosphere?,Le Viet Restaurant,2
Which restaurants have a vintage or nostalgic atmosphere?,Tattooed Mom,3
Which restaurants have a vintage or nostalgic atmosphere?,Caribou Cafe,3
Which restaurants have a vintage or nostalgic atmosphere?,The Love,3
Which restaurants have a vintage or nostalgic atmosphere?,White Dog Cafe,2
Which restaurants have a vintage or nostalgic atmosphere?,The Capital Grille,1
Which restaurants have a vintage or nostalgic atmosphere?,Bar Hygge,2
Which restaurants have a vintage or nostalgic atmosphere?,Amis Trattoria,2
Which restaurants have a vintage or nostalgic atmosphere?,Mission Taqueria,2
Which restaurants have a vintage or nostalgic atmosphere?,El Rey,3
Which restaurants have a vintage or nostalgic atmosphere?,Dim Sum House,1
Which restaurants have a vintage or nostalgic atmosphere?,Vetri Cucina,2
Which restaurants have a vintage or nostalgic atmosphere?,Marmont Steakhouse & Bar,1
Which restaurants have a vintage or nostalgic atmosphere?,Bar Ferdinand,3
Which restaurants have a vintage or nostalgic atmosphere?,Talula's Garden,3
Which restaurants have a vintage or nostalgic atmosphere?,R2L,2
Which restaurants have a vintage or nostalgic atmosphere?,South,3
Which restaurants have a vintage or nostalgic atmosphere?,Fare,2
Which restaurants have a vintage or nostalgic atmosphere?,Matyson,2
Which restaurants have a vintage or nostalgic atmosphere?,Revolution House,3
Which restaurants have a vintage or nostalgic atmosphere?,Buddakan,3
Which restaurants have a vintage or nostalgic atmosphere?,Triumph Brewing Company,2
Which restaurants have a vintage or nostalgic atmosphere?,Cuba Libre Restaurant & Rum Bar - Philadelphia,3
Which restaurants have a vintage or nostalgic atmosphere?,Good Dog Bar,2
Which restaurants have a vintage or nostalgic atmosphere?,Silk City Diner & Lounge,2
Which restaurants have a vintage or nostalgic atmosphere?,North Third,3
Which restaurants have a vintage or nostalgic atmosphere?,Talula's Daily,2
Which restaurants have a vintage or nostalgic atmosphere?,Dante & Luigi's,3
Which restaurants have a vintage or nostalgic atmosphere?,Sampan,2
Which restaurants have a vintage or nostalgic atmosphere?,City Tap House,0
Which restaurants have a vintage or nostalgic atmosphere?,Las Bugambilias,3
Which restaurants have a vintage or nostalgic atmosphere?,The Victor Cafe,3
Which restaurants have a vintage or nostalgic atmosphere?,Resurrection Ale House,2
Which restaurants have a vintage or nostalgic atmosphere?,Audrey Claire,1
Which restaurants have a vintage or nostalgic atmosphere?,Ela,1
Which restaurants have a vintage or nostalgic atmosphere?,Russet,2
Which restaurants have a vintage or nostalgic atmosphere?,The Adobe Cafe,2
Which restaurants have a vintage or nostalgic atmosphere?,Harper's Garden,2
Which restaurants have a vintage or nostalgic atmosphere?,Red Owl Tavern,2
Which restaurants have a vintage or nostalgic atmosphere?,Fogo de Chao,2
Which restaurants have a vintage or nostalgic atmosphere?,Garces Trading Company,2
Which restaurants have a vintage or nostalgic atmosphere?,Ocean Prime,0
Which restaurants have a vintage or nostalgic atmosphere?,Chima Steakhouse,1
Which restaurants have a vintage or nostalgic atmosphere?,Moshulu,3
Which restaurants have a vintage or nostalgic atmosphere?,The Gold Standard Cafe,2
Which restaurants have a vintage or nostalgic atmosphere?,Hinge Cafe,2
Which restaurants have a vintage or nostalgic atmosphere?,Amada,2
Which restaurants have a vintage or nostalgic atmosphere?,Valanni,2
Which restaurants have a vintage or nostalgic atmosphere?,The Happy Rooster,2
Which restaurants have a vintage or nostalgic atmosphere?,South Philadelphia Tap Room,2
Which restaurants have a vintage or nostalgic atmosphere?,Kanella,2
Which restaurants have a vintage or nostalgic atmosphere?,The Goat's Beard,2
Which restaurants have a vintage or nostalgic atmosphere?,Pinefish,3
Which restaurants have a vintage or nostalgic atmosphere?,Panorama,2
Which restaurants have a vintage or nostalgic atmosphere?,Trolley Car Cafe,2
Which restaurants have a vintage or nostalgic atmosphere?,Penrose Diner,2
Which restaurants have a vintage or nostalgic atmosphere?,La Locanda Del Ghiottone,3
Which restaurants have a vintage or nostalgic atmosphere?,Sam's Morning Glory Diner,2
Which restaurants have a vintage or nostalgic atmosphere?,Barbuzzo,2
Which restaurants have a vintage or nostalgic atmosphere?,Zavino,2
Which restaurants have a vintage or nostalgic atmosphere?,Vedge,3
Which restaurants have a vintage or nostalgic atmosphere?,Bing Bing Dim Sum,2
Which restaurants have a vintage or nostalgic atmosphere?,Noord,2
Which restaurants have a vintage or nostalgic atmosphere?,Zahav,1
Which restaurants have a vintage or nostalgic atmosphere?,Paris Bistro and Jazz Cafe,3
Which restaurants have a vintage or nostalgic atmosphere?,Pumpkin,2
Which restaurants have a vintage or nostalgic atmosphere?,Tria Taproom,2
Which restaurants have a vintage or nostalgic atmosphere?,Cafe Lift,2
Which restaurants have a vintage or nostalgic atmosphere?,Han Dynasty,1
Which restaurants have a vintage or nostalgic atmosphere?,Osteria,3
Which restaurants have a vintage or nostalgic atmosphere?,Bridget Foy's,2
Which restaurants have a vintage or nostalgic atmosphere?,Miles Table,1
Which restaurants have a vintage or nostalgic atmosphere?,Bistro Romano,3
Which restaurants have a vintage or nostalgic atmosphere?,MilkBoy,2
Which restaurants have a vintage or nostalgic atmosphere?,Devil's Alley Bar & Grille,2
Which restaurants have a vintage or nostalgic atmosphere?,Xochitl,2
Which restaurants have a vintage or nostalgic atmosphere?,Barcelona Wine Bar Passyunk,2
Which restaurants have a vintage or nostalgic atmosphere?,Mad Rex,3
Which restaurants have a vintage or nostalgic atmosphere?,Iron Hill Brewery & Restaurant,1
Which restaurants have a vintage or nostalgic atmosphere?,Jake's & Cooper's Wine Bar & Wine Shop,1
Which restaurants have a vintage or nostalgic atmosphere?,American Sardine Bar,2
Which restaurants have a vintage or nostalgic atmosphere?,Cantina Los Caballitos,2
Which restaurants have a vintage or nostalgic atmosphere?,JJ Bootleggers,2
Which restaurants have a vintage or nostalgic atmosphere?,V Street,2
Which restaurants have a vintage or nostalgic atmosphere?,La Calaca Feliz,2
Which restaurants have a vintage or nostalgic atmosphere?,Village Whiskey,2
Which restaurants have a vintage or nostalgic atmosphere?,Cedar Park Cafe,1
Which restaurants have a vintage or nostalgic atmosphere?,Wedge + Fig,2
Which restaurants have a vintage or nostalgic atmosphere?,Local 44,1
Which restaurants have a vintage or nostalgic atmosphere?,Modo Mio,2
Which restaurants have a vintage or nostalgic atmosphere?,Aksum Cafe,2
Which restaurants have a vintage or nostalgic atmosphere?,PYT,2
Which restaurants have a vintage or nostalgic atmosphere?,Mixto,2
Which restaurants have a vintage or nostalgic atmosphere?,Suraya,3
Which restaurants have a vintage or nostalgic atmosphere?,Figs,3
Which restaurants have a vintage or nostalgic atmosphere?,Ramen Bar,2
Which restaurants have a vintage or nostalgic atmosphere?,Little Spoon Cafe,3
Which restaurants have a vintage or nostalgic atmosphere?,SOMO Manayunk,3
Which restaurants have a vintage or nostalgic atmosphere?,Three Monkeys Cafe,3
Which restaurants have a vintage or nostalgic atmosphere?,Oyster House,2
Which restaurants have a vintage or nostalgic atmosphere?,LaScala's,2
Which restaurants have a vintage or nostalgic atmosphere?,Rouge,2
Which restaurants have a vintage or nostalgic atmosphere?,Mercato BYOB,2
Which restaurants have a vintage or nostalgic atmosphere?,Ladder 15,1
Which restaurants have a vintage or nostalgic atmosphere?,Porta,2
Which restaurants have a vintage or nostalgic atmosphere?,Bar-Ly Chinatown,0
Which restaurants have a vintage or nostalgic atmosphere?,Copabanana,2
Which restaurants have a vintage or nostalgic atmosphere?,Johnny Brenda's,2
Which restaurants have a vintage or nostalgic atmosphere?,Bobby's Burger Palace,2
Which restaurants have a vintage or nostalgic atmosphere?,The Plough & the Stars,2
Which restaurants have a vintage or nostalgic atmosphere?,Misconduct Tavern,1
Which restaurants have a vintage or nostalgic atmosphere?,New Harmony Vegetarian Restaurant,2
Which restaurants have a vintage or nostalgic atmosphere?,Little Nonna's,3
Which restaurants have a vintage or nostalgic atmosphere?,Varga Bar,2
Which restaurants have a vintage or nostalgic atmosphere?,Barcade,3
Which restaurants have a vintage or nostalgic atmosphere?,Sancho Pistola's,2
Which restaurants have a vintage or nostalgic atmosphere?,Marrakesh,3
Which restaurants have a vintage or nostalgic atmosphere?,Soup Kitchen Cafe,2
Which restaurants have a vintage or nostalgic atmosphere?,McCrossen's Tavern,3
Which restaurants have a vintage or nostalgic atmosphere?,Marathon On the Square,0
Which restaurants have a vintage or nostalgic atmosphere?,Bourbon Blue,1
Which restaurants have a vintage or nostalgic atmosphere?,Percy Street Barbecue,2
Which restaurants have a vintage or nostalgic atmosphere?,Marra's,3
Which restaurants have a vintage or nostalgic atmosphere?,Little Fish,2
Which restaurants have a vintage or nostalgic atmosphere?,Jose Pistola's,1
Which restaurants have a vintage or nostalgic atmosphere?,Khyber Pass Pub,2
Which restaurants have a vintage or nostalgic atmosphere?,Fette Sau,3
Which restaurants have a vintage or nostalgic atmosphere?,The Sidecar Bar & Grille,2
Which restaurants have a vintage or nostalgic atmosphere?,Catahoula,2
Which restaurants have a vintage or nostalgic atmosphere?,Green Eggs Café,0
Which restaurants have a vintage or nostalgic atmosphere?,Café y Chocolate,2
Which restaurants have a vintage or nostalgic atmosphere?,One Shot Coffee,3
Which restaurants have a vintage or nostalgic atmosphere?,Cafe Ynez,3
Which restaurants have a vintage or nostalgic atmosphere?,The Belgian Café,2
Which restaurants have a vintage or nostalgic atmosphere?,Joy Tsin Lau Chinese Restaurant,3
Which restaurants have a vintage or nostalgic atmosphere?,El Vez,3
Which restaurants have a vintage or nostalgic atmosphere?,Opa,2
Which restaurants have a vintage or nostalgic atmosphere?,New Deck Tavern,2
Which restaurants have a vintage or nostalgic atmosphere?,2nd Story Brewing,2
Which restaurants have a vintage or nostalgic atmosphere?,Chart House,2
Which restaurants have a vintage or nostalgic atmosphere?,Karma Restaurant & Bar,1
Which restaurants have a vintage or nostalgic atmosphere?,Urban Saloon,1
Which restaurants have a vintage or nostalgic atmosphere?,McCormick & Schmick's Seafood & Steaks,2
Which restaurants have a vintage or nostalgic atmosphere?,Stogie Joe's Tavern,2
Which restaurants have a vintage or nostalgic atmosphere?,Le Virtu,2
Which restaurants have a vintage or nostalgic atmosphere?,Melograno,1
Which restaurants have a vintage or nostalgic atmosphere?,Perch Pub,2
Which restaurants have a vintage or nostalgic atmosphere?,Deke's Bar-B-Que,2
Which restaurants have a vintage or nostalgic atmosphere?,McGillin's Olde Ale House,3
Which restaurants have a vintage or nostalgic atmosphere?,Vietnam Restaurant,1
Which restaurants have a vintage or nostalgic atmosphere?,Drinker's Pub,1
Which restaurants have a vintage or nostalgic atmosphere?,Cantina Dos Segundos,2
Which restaurants have a vintage or nostalgic atmosphere?,Southgate,2
Which restaurants have a vintage or nostalgic atmosphere?,The Cambridge,2
Which restaurants have a vintage or nostalgic atmosphere?,La Fourno Ristorante Trattoria,2
Which restaurants have a vintage or nostalgic atmosphere?,La Viola,2
Which restaurants have a vintage or nostalgic atmosphere?,Entree BYOB,2
Which restaurants have a vintage or nostalgic atmosphere?,Parc,3
Which restaurants have a vintage or nostalgic atmosphere?,El Camino Real,2
Which restaurants have a vintage or nostalgic atmosphere?,Cafe La Maude,2
Which restaurants have a vintage or nostalgic atmosphere?,Front Street Cafe,2
Which restaurants have a vintage or nostalgic atmosphere?,Marathon,0
Which restaurants have a vintage or nostalgic atmosphere?,The Spicy Belly,2
Which restaurants have a vintage or nostalgic atmosphere?,Kite & Key,2
Which restaurants have a vintage or nostalgic atmosphere?,Honey's Sit-N-Eat,3
Which restaurants have a vintage or nostalgic atmosphere?,Devil's Den,2
Which restaurants have a vintage or nostalgic atmosphere?,Rosy's Taco Bar,2
Which restaurants have a vintage or nostalgic atmosphere?,Day By Day,1
Which restaurants have a vintage or nostalgic atmosphere?,Ms Tootsie's RBL,2
Which restaurants have a vintage or nostalgic atmosphere?,Blue Corn,2
Which restaurants have a vintage or nostalgic atmosphere?,Mad Mex - University City,2
Which restaurants have a vintage or nostalgic atmosphere?,Tierra Colombiana Restaurant,2
Which restaurants have a vintage or nostalgic atmosphere?,Oscar's Tavern,3
Which restaurants have a vintage or nostalgic atmosphere?,El Poquito,3
Which restaurants have a vintage or nostalgic atmosphere?,Sazon Restaurant & Cafe,2
Which restaurants have a vintage or nostalgic atmosphere?,Royal Sushi & Izakaya,2
Which restaurants have a vintage or nostalgic atmosphere?,Hickory Lane American Bistro,2
Which restaurants have a vintage or nostalgic atmosphere?,Spice 28,2
Which restaurants have a vintage or nostalgic atmosphere?,Veda - Modern Indian Bistro,2
Which restaurants have a vintage or nostalgic atmosphere?,New Delhi Indian Restaurant,0
Which restaurants have a vintage or nostalgic atmosphere?,Taqueria Feliz,1
Which restaurants have a vintage or nostalgic atmosphere?,Landmark Americana Tap & Grill - University City,1
Which restaurants have a vintage or nostalgic atmosphere?,Miel Patisserie,2
Which restaurants have a vintage or nostalgic atmosphere?,Creperie Beau Monde & L'Etage,3
Which restaurants have a vintage or nostalgic atmosphere?,Sweet Lucy's Smokehouse,2
Which restaurants have a vintage or nostalgic atmosphere?,Doma,2
Which restaurants have a vintage or nostalgic atmosphere?,Chhaya Cafe,2
Which restaurants have a vintage or nostalgic atmosphere?,Mac's Tavern,2
Which restaurants have a vintage or nostalgic atmosphere?,Bainbridge Street Barrel House,1
Which restaurants have a vintage or nostalgic atmosphere?,Bar Bombón,1
Which restaurants have a vintage or nostalgic atmosphere?,The Blue Duck,1
Which restaurants have a vintage or nostalgic atmosphere?,Baby Blues BBQ Philly,2
Which restaurants have a vintage or nostalgic atmosphere?,In Riva,2
Which restaurants have a vintage or nostalgic atmosphere?,Bellini,2
Which restaurants have a vintage or nostalgic atmosphere?,Honey's Sit N Eat,3
Which restaurants have a vintage or nostalgic atmosphere?,Ten Stone Bar & Restaurant,1
Which restaurants have a vintage or nostalgic atmosphere?,Banh Mi and Bottles,2
Which restaurants have a vintage or nostalgic atmosphere?,Branzino Italian Ristorante,2
Which restaurants have a vintage or nostalgic atmosphere?,Sate Kampar,2
Which restaurants have a vintage or nostalgic atmosphere?,Pizzeria Vetri,2
Which restaurants have a vintage or nostalgic atmosphere?,Max Brenner - Philadelphia,2
Which restaurants have a vintage or nostalgic atmosphere?,Maggiano's Little Italy,2
Which restaurants have a vintage or nostalgic atmosphere?,Bottle Bar East,1
Which restaurants have a vintage or nostalgic atmosphere?,Schlesinger's,2
Which restaurants have a vintage or nostalgic atmosphere?,Hardena_Waroeng Surabaya Restaurant,2
Which restaurants have a vintage or nostalgic atmosphere?,Ristorante Pesto,2
Which restaurants have a vintage or nostalgic atmosphere?,Estia,2
Which restaurants have a vintage or nostalgic atmosphere?,Gran Caffe L'Aquila,3
Which restaurants have a vintage or nostalgic atmosphere?,Hard Rock Cafe,3
Which restaurants have a vintage or nostalgic atmosphere?,Devon Seafood Grill,1
Which restaurants have a vintage or nostalgic atmosphere?,Luna Café,2
Which restaurants have a vintage or nostalgic atmosphere?,48th Street Grille,2
Which restaurants have a vintage or nostalgic atmosphere?,IndeBlue Modern Indian Food & Spirits,2
Which restaurants have a vintage or nostalgic atmosphere?,Cafe Olé,1
Which restaurants have a vintage or nostalgic atmosphere?,Pearl's Oyster Bar,1
Which restaurants have a vintage or nostalgic atmosphere?,Serafina Philadelphia,1
Which restaurants have a vintage or nostalgic atmosphere?,Memphis Taproom,2
Which restaurants have a vintage or nostalgic atmosphere?,Monsú,1
Which restaurants have a vintage or nostalgic atmosphere?,Kabobeesh,3
Which restaurants have a vintage or nostalgic atmosphere?,Buena Onda,0
Which restaurants have a vintage or nostalgic atmosphere?,Hippot Shabu Shabu,1
Which restaurants have a vintage or nostalgic atmosphere?,The Dutch,2
Which restaurants have a vintage or nostalgic atmosphere?,Happily Ever After,3
Which restaurants have a vintage or nostalgic atmosphere?,Honest Tom's Plant Based Taco Shop,2
Which restaurants have a vintage or nostalgic atmosphere?,Nick's Old Original Roast Beef,3
Which restaurants have a vintage or nostalgic atmosphere?,Loco Pez,2
Which restaurants have a vintage or nostalgic atmosphere?,Hawthornes Biercafé,2
Which restaurants have a vintage or nostalgic atmosphere?,Uzbekistan Restaurant,2
Which restaurants have a vintage or nostalgic atmosphere?,Gyu-Kaku Japanese BBQ,0
Which restaurants have a vintage or nostalgic atmosphere?,The Abbaye,2
Which restaurants have a vintage or nostalgic atmosphere?,LaScala's Birra,1
Which restaurants have a vintage or nostalgic atmosphere?,El Jarocho,2
Which restaurants have a vintage or nostalgic atmosphere?,Booker's Restaurant and Bar,2
Which restaurants have a vintage or nostalgic atmosphere?,Khmer Kitchen,1
Which restaurants have a vintage or nostalgic atmosphere?,Sketch Burger,3
Which restaurants have a vintage or nostalgic atmosphere?,La Fontana Della Citta,1
Which restaurants have a vintage or nostalgic atmosphere?,Relish,2
Which restaurants have a vintage or nostalgic atmosphere?,Morgan's Pier,0
Which restaurants have a vintage or nostalgic atmosphere?,Bufad,2
Which restaurants have a vintage or nostalgic atmosphere?,1225Raw Sushi and Sake Lounge,1
Which restaurants have a vintage or nostalgic atmosphere?,Wrap Shack,1
Which restaurants have a vintage or nostalgic atmosphere?,Lucha Cartel,3
Which restaurants have a vintage or nostalgic atmosphere?,Destination Dogs,1
Which restaurants have a vintage or nostalgic atmosphere?,Middle Child,3
Which restaurants have a vintage or nostalgic atmosphere?,Abyssinia,2
Which restaurants have a vintage or nostalgic atmosphere?,Green Eggs Cafe,2
Which restaurants have a vintage or nostalgic atmosphere?,Fergie's Pub,3
Which restaurants have a vintage or nostalgic atmosphere?,Nodding Head Brewery & Restaurant,3
Which restaurants have a vintage or nostalgic atmosphere?,Molly Malloy's,2
Which restaurants have a vintage or nostalgic atmosphere?,Spasso Italian Grill,2
Which restaurants have a vintage or nostalgic atmosphere?,Sahara Grill,0
Which restaurants have a vintage or nostalgic atmosphere?,Nom Wah Philadelphia,2
Which restaurants have a vintage or nostalgic atmosphere?,Con Murphy's,1
Which restaurants have a vintage or nostalgic atmosphere?,Porcini,2
Which restaurants have a vintage or nostalgic atmosphere?,North Bowl,3
Which restaurants have a vintage or nostalgic atmosphere?,Barra Rossa Ristorante,2
Which restaurants have a vintage or nostalgic atmosphere?,Yakitori Boy,2
Which restaurants have a vintage or nostalgic atmosphere?,Brauhaus Schmitz,3
Which restaurants have a vintage or nostalgic atmosphere?,Zama,2
Which restaurants have a vintage or nostalgic atmosphere?,The Foodery at Rittenhouse,0
Which restaurants have a vintage or nostalgic atmosphere?,Kalaya,0
Which restaurants have a vintage or nostalgic atmosphere?,Tres Jalapenos,1
Which restaurants have a vintage or nostalgic atmosphere?,Cedar Point Bar and Kitchen,2
Which restaurants have a vintage or nostalgic atmosphere?,Magpie,3
Which restaurants have a vintage or nostalgic atmosphere?,Le Pain Quotidien,2
Which restaurants have a vintage or nostalgic atmosphere?,Sang Kee Noodle House,1
Which restaurants have a vintage or nostalgic atmosphere?,Di Bruno Bros.,1
Which restaurants have a vintage or nostalgic atmosphere?,Seorabol Korean Restaurant,1
Which restaurants have a vintage or nostalgic atmosphere?,Dmitri's,0
Which restaurants have a vintage or nostalgic atmosphere?,Dan Dan,2
Which restaurants have a vintage or nostalgic atmosphere?,K-POT Korean BBQ & Hot Pot,0
Which restaurants have a vintage or nostalgic atmosphere?,Las Cazuelas Restaurant BYOB,2
Which restaurants have a vintage or nostalgic atmosphere?,The Black Sheep Pub & Restaurant,2
Which restaurants have a vintage or nostalgic atmosphere?,Sitar India,1
Which restaurants have a vintage or nostalgic atmosphere?,Radicchio Cafe,3
Which restaurants have a vintage or nostalgic atmosphere?,Manayunk Brewery,2
Which restaurants have a vintage or nostalgic atmosphere?,Lucky's Last Chance,1
Which restaurants have a vintage or nostalgic atmosphere?,Famous 4th Street Delicatessen,3
Which restaurants have a vintage or nostalgic atmosphere?,Moriarty's Restaurant and Irish Pub,3
Which restaurants have a vintage or nostalgic atmosphere?,K'Far Cafe,3
Which restaurants have a vintage or nostalgic atmosphere?,Francoluigi's Pizzeria & Italian Restaurant,3
Which restaurants have a vintage or nostalgic atmosphere?,La Colombe Coffee,2
Which restaurants have a vintage or nostalgic atmosphere?,Rangoon Burmese Restaurant,2
Which restaurants have a vintage or nostalgic atmosphere?,Bonchon Philadelphia,0
Which restaurants have a vintage or nostalgic atmosphere?,Eulogy Belgian Tavern,2
Which restaurants have a vintage or nostalgic atmosphere?,Taqueria La Veracruzana,0
Which restaurants have a vintage or nostalgic atmosphere?,Shiao Lan Kung,2
Which restaurants have a vintage or nostalgic atmosphere?,J'aime French Bakery,3
Which restaurants have a vintage or nostalgic atmosphere?,Ants Pants Café,2
Which restaurants have a vintage or nostalgic atmosphere?,Soy Cafe,3
Which restaurants have a vintage or nostalgic atmosphere?,Effie's Restaurant,2
Which restaurants have a vintage or nostalgic atmosphere?,Tria Cafe Rittenhouse,2
Which restaurants have a vintage or nostalgic atmosphere?,The QUICK FIXX,0
Which restaurants have a vintage or nostalgic atmosphere?,Cactus Restaurant & Bar,0
Which restaurants have a vintage or nostalgic atmosphere?,BurgerFi,2
Which restaurants have a vintage or nostalgic atmosphere?,Tavern on Broad,1
Which restaurants have a vintage or nostalgic atmosphere?,Zento Contemporary Japanese Cuisine,1
Which restaurants have a vintage or nostalgic atmosphere?,Dock Street Brewery,3
Which restaurants have a vintage or nostalgic atmosphere?,Paesano's Philly Style,0
Which restaurants have a vintage or nostalgic atmosphere?,Tela's Market & Kitchen,2
Which restaurants have a vintage or nostalgic atmosphere?,Dim Sum Garden,1
Which restaurants have a vintage or nostalgic atmosphere?,Jamaican Jerk Hut,0
Which restaurants have a vintage or nostalgic atmosphere?,Taco Riendo,1
Which restaurants have a vintage or nostalgic atmosphere?,South Philly Barbacoa,0
Which restaurants have a vintage or nostalgic atmosphere?,Termini Bros Bakery,3
Which restaurants have a vintage or nostalgic atmosphere?,Hiro Ramen House,2
Which restaurants have a vintage or nostalgic atmosphere?,Dave & Buster's,1
Which restaurants have a vintage or nostalgic atmosphere?,Fuel Center City,0
Which restaurants have a vintage or nostalgic atmosphere?,Rybread,2
Which restaurants have a vintage or nostalgic atmosphere?,Murph's Bar,2
Which restaurants have a vintage or nostalgic atmosphere?,Giorgio On Pine,2
Which restaurants have a vintage or nostalgic atmosphere?,Bok Bar,2
Which restaurants have a vintage or nostalgic atmosphere?,Gnocchi,2
Which restaurants have a vintage or nostalgic atmosphere?,Cheu Noodle Bar,2
Which restaurants have a vintage or nostalgic atmosphere?,Manakeesh Cafe Bakery & Grill,2
Which restaurants have a vintage or nostalgic atmosphere?,Shake Shack,1
Which restaurants have a vintage or nostalgic atmosphere?,Black & Brew,2
Which restaurants have a vintage or nostalgic atmosphere?,Café Soho,1
Which restaurants have a vintage or nostalgic atmosphere?,Steve's Prince of Steaks,2
Which restaurants have a vintage or nostalgic atmosphere?,Nam Phuong,1
Which restaurants have a vintage or nostalgic atmosphere?,Fadó Irish Pub,2
Which restaurants have a vintage or nostalgic atmosphere?,Pizzeria Stella,1
Which restaurants have a vintage or nostalgic atmosphere?,Jim's South St,2
Which restaurants have a vintage or nostalgic atmosphere?,Que Chula Es Puebla,1
Which restaurants have a vintage or nostalgic atmosphere?,Indian Kitchen Lovash,1
Which restaurants have a vintage or nostalgic atmosphere?,Winnie's Manayunk,1
Which restaurants have a vintage or nostalgic atmosphere?,Apricot Stone,2
Which restaurants have a vintage or nostalgic atmosphere?,Sakura Mandarin,0
Which restaurants have a vintage or nostalgic atmosphere?,Bistro SouthEast,2
Which restaurants have a vintage or nostalgic atmosphere?,L'Angolo Ristorante,3
Which restaurants have a vintage or nostalgic atmosphere?,So Crepe,2
Which restaurants have a vintage or nostalgic atmosphere?,Tai Lake Restaurant,2
Which restaurants have a vintage or nostalgic atmosphere?,IKEA,0
Which restaurants have a vintage or nostalgic atmosphere?,Tria Cafe Wash West,2
Which restaurants have a vintage or nostalgic atmosphere?,The Cheesecake Factory,2
Which restaurants have a vintage or nostalgic atmosphere?,Ratchada Thai & Laos Cuisine,2
Which restaurants have a vintage or nostalgic atmosphere?,Isot Mediterranean Cuisine,1
Which restaurants have a vintage or nostalgic atmosphere?,Rose Petals Cafe,2
Which restaurants have a vintage or nostalgic atmosphere?,Los Gallos Mexican Taqueria,1
Which restaurants have a vintage or nostalgic atmosphere?,Dutch Eating Place,2
Which restaurants have a vintage or nostalgic atmosphere?,Independence Beer Garden,1
Which restaurants have a vintage or nostalgic atmosphere?,Erawan Thai Cuisine,2
Which restaurants have a vintage or nostalgic atmosphere?,Stock,2
Which restaurants have a vintage or nostalgic atmosphere?,Penang,2
Which restaurants have a vintage or nostalgic atmosphere?,Saad's Halal Restaurant,2
Which restaurants have a vintage or nostalgic atmosphere?,Anastasi Seafood,2
Which restaurants have a vintage or nostalgic atmosphere?,Mac Mart,0
Which restaurants have a vintage or nostalgic atmosphere?,QT Vietnamese Sandwich,0
Which restaurants have a vintage or nostalgic atmosphere?,Koch's Deli,3
Which restaurants have a vintage or nostalgic atmosphere?,Bluestone Lane,1
Which restaurants have a vintage or nostalgic atmosphere?,Vientiane Café,2
Which restaurants have a vintage or nostalgic atmosphere?,BRÜ Craft & Wurst,2
Which restaurants have a vintage or nostalgic atmosphere?,P S & Co,1
Which restaurants have a vintage or nostalgic atmosphere?,Warmdaddy's,2
Which restaurants have a vintage or nostalgic atmosphere?,Jakes Sandwich Board - 12th St,2
Which restaurants have a vintage or nostalgic atmosphere?,Smile Cafe,2
Which restaurants have a vintage or nostalgic atmosphere?,Alyan's Restaurant,2
Which restaurants have a vintage or nostalgic atmosphere?,HipCityVeg,0
Which restaurants have a vintage or nostalgic atmosphere?,Pho Xe Lua Viet Thai Restaurant,2
Which restaurants have a vintage or nostalgic atmosphere?,Greg's Kitchen,2
Which restaurants have a vintage or nostalgic atmosphere?,John's Roast Pork,2
Which restaurants have a vintage or nostalgic atmosphere?,Monk's Cafe,2
Which restaurants have a vintage or nostalgic atmosphere?,Tampopo,1
Which restaurants have a vintage or nostalgic atmosphere?,Stockyard Sandwich,1
Which restaurants have a vintage or nostalgic atmosphere?,Fat Salmon,2
Which restaurants have a vintage or nostalgic atmosphere?,David's Mai Lai Wah,2
Which restaurants have a vintage or nostalgic atmosphere?,Zorba's Taverna,2
Which restaurants have a vintage or nostalgic atmosphere?,Las Margaritas,2
Which restaurants have a vintage or nostalgic atmosphere?,Chickie's & Pete's,1
Which restaurants have a vintage or nostalgic atmosphere?,Federal Donuts,1
Which restaurants have a vintage or nostalgic atmosphere?,Tacconelli's Pizzeria,3
Which restaurants have a vintage or nostalgic atmosphere?,Loews Philadelphia Hotel,2
Which restaurants have a vintage or nostalgic atmosphere?,Bareburger - Midtown Village,1
Which restaurants have a vintage or nostalgic atmosphere?,El Fuego,1
Which restaurants have a vintage or nostalgic atmosphere?,E Mei Restaurant,1
Which restaurants have a vintage or nostalgic atmosphere?,Pietro's Coal Oven Pizzeria,2
Which restaurants have a vintage or nostalgic atmosphere?,Ting Wong Restaurant,1
Which restaurants have a vintage or nostalgic atmosphere?,World Cafe Live,2
Which restaurants have a vintage or nostalgic atmosphere?,Banana Leaf,0
Which restaurants have a vintage or nostalgic atmosphere?,Sonny's Famous Steaks,1
Which restaurants have a vintage or nostalgic atmosphere?,Cleavers,1
Which restaurants have a vintage or nostalgic atmosphere?,Earth Bread + Brewery,2
Which restaurants have a vintage or nostalgic atmosphere?,Yards Brewing Company,2
Which restaurants have a vintage or nostalgic atmosphere?,Revolution Taco,0
Which restaurants have a vintage or nostalgic atmosphere?,500 Degrees,0
Which restaurants have a vintage or nostalgic atmosphere?,Kilimandjaro Restaurant,1
Which restaurants have a vintage or nostalgic atmosphere?,Pizza Brain,3
Which restaurants have a vintage or nostalgic atmosphere?,Giwa Korean Kitchen,1
Which restaurants have a vintage or nostalgic atmosphere?,HipCityVeg - University City,0
Which restaurants have a vintage or nostalgic atmosphere?,Lucky Strike - Philadelphia,2
Which restaurants have a vintage or nostalgic atmosphere?,Chapterhouse Café & Gallery,3
Which restaurants have a vintage or nostalgic atmosphere?,Govinda's Vegetarian,0
Which restaurants have a vintage or nostalgic atmosphere?,Fox and Hound,0
Which restaurants have a vintage or nostalgic atmosphere?,Chubbys Steaks,3
Which restaurants have a vintage or nostalgic atmosphere?,SPOT Gourmet Burgers,0
Which restaurants have a vintage or nostalgic atmosphere?,Geno's Steaks,1
Which restaurants have a vintage or nostalgic atmosphere?,Frankford Hall,2
Which restaurants have a vintage or nostalgic atmosphere?,Tamarind,0
Which restaurants have a vintage or nostalgic atmosphere?,Toast,2
Which restaurants have a vintage or nostalgic atmosphere?,Jasmine Rice - Rittenhouse,2
Which restaurants have a vintage or nostalgic atmosphere?,Woodrow's Sandwich Shop,1
Which restaurants have a vintage or nostalgic atmosphere?,Dos Tacos,0
Which restaurants have a vintage or nostalgic atmosphere?,Nom Nom Ramen,1
Which restaurants have a vintage or nostalgic atmosphere?,Evil Genius Beer,3
Which restaurants have a vintage or nostalgic atmosphere?,Pattaya,2
Which restaurants have a vintage or nostalgic atmosphere?,Xiandu Thai,2
Which restaurants have a vintage or nostalgic atmosphere?,Beck's Cajun Cafe,0
Which restaurants have a vintage or nostalgic atmosphere?,Nomad Roman Pizza,2
Which restaurants have a vintage or nostalgic atmosphere?,JJ Thai Cuisine,2
Which restaurants have a vintage or nostalgic atmosphere?,Jong Ka Jib,3
Which restaurants have a vintage or nostalgic atmosphere?,Greek Lady,2
Which restaurants have a vintage or nostalgic atmosphere?,The Original Tony Lukes,1
Which restaurants have a vintage or nostalgic atmosphere?,Real Food Eatery,0
Which restaurants have a vintage or nostalgic atmosphere?,Amma's South Indian Cuisine,0
Which restaurants have a vintage or nostalgic atmosphere?,Ocean Harbor,2
Which restaurants have a vintage or nostalgic atmosphere?,Carmen's Famous Italian Hoagies,2
Which restaurants have a vintage or nostalgic atmosphere?,Umai Umai,2
Which restaurants have a vintage or nostalgic atmosphere?,Little Sicily 2,0
Which restaurants have a vintage or nostalgic atmosphere?,Jim's Steaks,2
Which restaurants have a vintage or nostalgic atmosphere?,Pho Ha Saigon,1
Which restaurants have a vintage or nostalgic atmosphere?,Chickie's and Pete's,0
Which restaurants have a vintage or nostalgic atmosphere?,Bubblefish,2
Which restaurants have a vintage or nostalgic atmosphere?,Nook Bakery & Coffee Bar,2
Which restaurants have a vintage or nostalgic atmosphere?,Elixr Coffee Roasters,2
Which restaurants have a vintage or nostalgic atmosphere?,Byblos,1
Which restaurants have a vintage or nostalgic atmosphere?,Spice C,1
Which restaurants have a vintage or nostalgic atmosphere?,Legal Sea Foods,0
Which restaurants have a vintage or nostalgic atmosphere?,Su Xing House,3
Which restaurants have a vintage or nostalgic atmosphere?,Philadelphia Marriott Downtown,0
Which restaurants have a vintage or nostalgic atmosphere?,Fuji Mountain,2
Which restaurants have a vintage or nostalgic atmosphere?,Circles Contemporary Thai,0
Which restaurants have a vintage or nostalgic atmosphere?,Gooey Looie's,2
Which restaurants have a vintage or nostalgic atmosphere?,Indian Restaurant,1
Which restaurants have a vintage or nostalgic atmosphere?,Reading Terminal Market,2
Which restaurants have a vintage or nostalgic atmosphere?,Underdogs,2
Which restaurants have a vintage or nostalgic atmosphere?,Empress Garden,2
Which restaurants have a vintage or nostalgic atmosphere?,Pho Ha,0
Which restaurants have a vintage or nostalgic atmosphere?,Grindcore House,3
Which restaurants have a vintage or nostalgic atmosphere?,OCF Coffee House,0
Which restaurants have a vintage or nostalgic atmosphere?,Octopus Falafel Truck,0
Which restaurants have a vintage or nostalgic atmosphere?,Nine Ting,2
Which restaurants have a vintage or nostalgic atmosphere?,Koreana,0
Which restaurants have a vintage or nostalgic atmosphere?,Oh Brother Philly,1
Which restaurants have a vintage or nostalgic atmosphere?,P'unk Burger,1
Which restaurants have a vintage or nostalgic atmosphere?,Yamitsuki Ramen,2
Which restaurants have a vintage or nostalgic atmosphere?,Meltkraft At Reading Terminal Market,1
Which restaurants have a vintage or nostalgic atmosphere?,Hummus Grill,1
Which restaurants have a vintage or nostalgic atmosphere?,Campo's Philly Cheesesteaks,1
Which restaurants have a vintage or nostalgic atmosphere?,Dalessandro’s Steaks & Hoagies,1
Which restaurants have a vintage or nostalgic atmosphere?,Fuel,1
Which restaurants have a vintage or nostalgic atmosphere?,Nomad Pizza Company,2
Which restaurants have a vintage or nostalgic atmosphere?,RIM Cafe,3
Which restaurants have a vintage or nostalgic atmosphere?,Pat's King of Steaks,2
Which restaurants have a vintage or nostalgic atmosphere?,House of Thai Cuisine,2
Which restaurants have a vintage or nostalgic atmosphere?,Philip's Steaks,2
Which restaurants have a vintage or nostalgic atmosphere?,Mood Cafe,2
Which restaurants have a vintage or nostalgic atmosphere?,Local Tavern,1
Which restaurants have a vintage or nostalgic atmosphere?,Tom's Dim Sum,0
Which restaurants have a vintage or nostalgic atmosphere?,Vango Lounge & Skybar,1
Which restaurants have a vintage or nostalgic atmosphere?,Santucci's Original Square Pizza,1
Which restaurants have a vintage or nostalgic atmosphere?,honeygrow,0
Which restaurants have a vintage or nostalgic atmosphere?,Yanako,2
Which restaurants have a vintage or nostalgic atmosphere?,Terakawa Ramen,2
Which restaurants have a vintage or nostalgic atmosphere?,Bleu Sushi,1
Which restaurants have a vintage or nostalgic atmosphere?,Pizzeria Beddia,0
Which restaurants have a vintage or nostalgic atmosphere?,The Couch Tomato Cafe,0
Which restaurants have a vintage or nostalgic atmosphere?,Cafe Diem,1
Which restaurants have a vintage or nostalgic atmosphere?,T-Swirl Crêpe,2
Which restaurants have a vintage or nostalgic atmosphere?,Crazy Sushi,2
Which restaurants have a vintage or nostalgic atmosphere?,Cosmi's Deli,2
Which restaurants have a vintage or nostalgic atmosphere?,Sang Kee Peking Duck House,1
Which restaurants have a vintage or nostalgic atmosphere?,Ishkabibble's,2
Which restaurants have a vintage or nostalgic atmosphere?,Philadelphia Chutney Company,0
Which restaurants have a vintage or nostalgic atmosphere?,Circles Contemporary Asian,0
Which restaurants have a vintage or nostalgic atmosphere?,Pho Cali Vietnamese Restaurant,0
Which restaurants have a vintage or nostalgic atmosphere?,Hershel's East Side Deli,2
Which restaurants have a vintage or nostalgic atmosphere?,Smiley's Cafe,1
Which restaurants have a vintage or nostalgic atmosphere?,Dim Sum & Noodle,0
Which restaurants have a vintage or nostalgic atmosphere?,Pho 75,1
Which restaurants have a vintage or nostalgic atmosphere?,Tiffin,2
Which restaurants have a vintage or nostalgic atmosphere?,Animo Juice,1
Which restaurants have a vintage or nostalgic atmosphere?,Almaz Cafe,2
Which restaurants have a vintage or nostalgic atmosphere?,Aki Nom Nom Sushi & Ramen,0
Which restaurants have a vintage or nostalgic atmosphere?,Shang Hai 1,1
Which restaurants have a vintage or nostalgic atmosphere?,Knead Bagels,1
Which restaurants have a vintage or nostalgic atmosphere?,Isgro Pastries,3
Which restaurants have a vintage or nostalgic atmosphere?,Chabaa Thai Bistro,2
Which restaurants have a vintage or nostalgic atmosphere?,Flying Monkey Bakery,0
Which restaurants have a vintage or nostalgic atmosphere?,Rustica,0
Which restaurants have a vintage or nostalgic atmosphere?,Philadelphia Museum of Art,1
Which restaurants have a vintage or nostalgic atmosphere?,The Bakeshop on 20th,2
Which restaurants have a vintage or nostalgic atmosphere?,Capogiro Gelato,1
Which restaurants have a vintage or nostalgic atmosphere?,Helium Comedy Club,0
Which restaurants have a vintage or nostalgic atmosphere?,Spice End,0
Which restaurants have a vintage or nostalgic atmosphere?,By George! Pizza Pasta & Cheesesteaks,0
Which restaurants have a vintage or nostalgic atmosphere?,Ekta Indian Cuisine,0
Which restaurants have a vintage or nostalgic atmosphere?,Hai Street Kitchen & Co,0
Which restaurants have a vintage or nostalgic atmosphere?,Mama's Vegetarian,0
Which restaurants have a vintage or nostalgic atmosphere?,Volo Coffeehouse,2
Which restaurants have a vintage or nostalgic atmosphere?,Max's Steaks,1
Which restaurants have a vintage or nostalgic atmosphere?,Pho Saigon,0
Which restaurants have a vintage or nostalgic atmosphere?,Goldie,1
Which restaurants have a vintage or nostalgic atmosphere?,Blackbird Pizzeria,0
Which restaurants have a vintage or nostalgic atmosphere?,Tommy DiNic's,0
Which restaurants have a vintage or nostalgic atmosphere?,Little Baby's Ice Cream,2
Which restaurants have a vintage or nostalgic atmosphere?,Nan Zhou Hand Drawn Noodle House,1
Which restaurants have a vintage or nostalgic atmosphere?,Spataro's Cheesesteaks,0
Which restaurants have a vintage or nostalgic atmosphere?,TGI Fridays,2
Which restaurants have a vintage or nostalgic atmosphere?,Woody's,1
Which restaurants have a vintage or nostalgic atmosphere?,Sardi's Pollo A La Brasa,0
Which restaurants have a vintage or nostalgic atmosphere?,Jimmy G's Steaks,0
Which restaurants have a vintage or nostalgic atmosphere?,&pizza - Walnut,0
Which restaurants have a vintage or nostalgic atmosphere?,A La Mousse,2
Which restaurants have a vintage or nostalgic atmosphere?,Love & Honey Fried Chicken,1
Which restaurants have a vintage or nostalgic atmosphere?,Dizengoff,0
Which restaurants have a vintage or nostalgic atmosphere?,Spread Bagelry,1
Which restaurants have a vintage or nostalgic atmosphere?,Koto Sushi,0
Which restaurants have a vintage or nostalgic atmosphere?,Luke's Lobster Rittenhouse,1
Which restaurants have a vintage or nostalgic atmosphere?,Angelo's Pizzeria,0
Which restaurants have a vintage or nostalgic atmosphere?,Del Rossi's Cheesesteak,0
Which restaurants have a vintage or nostalgic atmosphere?,Xfinity Live! Philadelphia,0
Which restaurants have a vintage or nostalgic atmosphere?,Snap Custom Pizza - Center City,0
Which restaurants have a vintage or nostalgic atmosphere?,Slice,1
Which restaurants have a vintage or nostalgic atmosphere?,Vic Sushi Bar,1
Which restaurants have a vintage or nostalgic atmosphere?,Chubby Cattle,0
Which restaurants have a vintage or nostalgic atmosphere?,Punch Line Philly,1
Which restaurants have a vintage or nostalgic atmosphere?,Masala Kitchen Kati Rolls and Platters,0
Which restaurants have a vintage or nostalgic atmosphere?,Lorenzo & Sons Pizza,2
Which restaurants have a vintage or nostalgic atmosphere?,Swiss Haus Cafe & Pastry Bar,2
Which restaurants have a vintage or nostalgic atmosphere?,Sumo Sushi,0
Which restaurants have a vintage or nostalgic atmosphere?,Sweet Freedom Bakery,0
Which restaurants have a vintage or nostalgic atmosphere?,Bredenbeck's Bakery & Ice Cream Parlor,3
Which restaurants have a vintage or nostalgic atmosphere?,Sweet Box Cupcakes,2
Which restaurants have a vintage or nostalgic atmosphere?,Kabuki Sushi,0
Which restaurants have a vintage or nostalgic atmosphere?,Lazaro's Pizzeria & Grill,0
Which restaurants have a vintage or nostalgic atmosphere?,Kung Fu Tea,1
Which restaurants have a vintage or nostalgic atmosphere?,Beiler's Bakery,0
Which restaurants have a vintage or nostalgic atmosphere?,The Famous 4th Street Cookie Company,1
Where can I find a place where the chef is passionate about local food?,Marigold Kitchen,3
Where can I find a place where the chef is passionate about local food?,Laurel,3
Where can I find a place where the chef is passionate about local food?,Sbraga,2
Where can I find a place where the chef is passionate about local food?,Serpico,2
Where can I find a place where the chef is passionate about local food?,Kanella,3
Where can I find a place where the chef is passionate about local food?,Tashan,2
Where can I find a place where the chef is passionate about local food?,Vedge,3
Where can I find a place where the chef is passionate about local food?,Lacroix Restaurant at The Rittenhouse,2
Where can I find a place where the chef is passionate about local food?,Russet,3
Where can I find a place where the chef is passionate about local food?,Vetri Cucina,3
Where can I find a place where the chef is passionate about local food?,48th Street Grille,3
Where can I find a place where the chef is passionate about local food?,Fond,3
Where can I find a place where the chef is passionate about local food?,Spice Finch,2
Where can I find a place where the chef is passionate about local food?,a.kitchen,2
Where can I find a place where the chef is passionate about local food?,Butcher and Singer,0
Where can I find a place where the chef is passionate about local food?,Harvest Seasonal Grill & Wine Bar - Philadelphia,3
Where can I find a place where the chef is passionate about local food?,Hardena_Waroeng Surabaya Restaurant,3
Where can I find a place where the chef is passionate about local food?,Supper,3
Where can I find a place where the chef is passionate about local food?,Vernick Food & Drink,3
Where can I find a place where the chef is passionate about local food?,Bibou,3
Where can I find a place where the chef is passionate about local food?,Farmicia,2
Where can I find a place where the chef is passionate about local food?,Vietnam Cafe,1
Where can I find a place where the chef is passionate about local food?,Abe Fisher,3
Where can I find a place where the chef is passionate about local food?,Talula's Garden,3
Where can I find a place where the chef is passionate about local food?,Matyson,2
Where can I find a place where the chef is passionate about local food?,Seorabol Korean Restaurant,1
Where can I find a place where the chef is passionate about local food?,K-POT Korean BBQ & Hot Pot,0
Where can I find a place where the chef is passionate about local food?,Talula's Daily,3
Where can I find a place where the chef is passionate about local food?,Uzbekistan Restaurant,2
Where can I find a place where the chef is passionate about local food?,Noord,3
Where can I find a place where the chef is passionate about local food?,White Dog Cafe,3
Where can I find a place where the chef is passionate about local food?,Sahara Grill,0
Where can I find a place where the chef is passionate about local food?,Morimoto,2
Where can I find a place where the chef is passionate about local food?,Han Dynasty,1
Where can I find a place where the chef is passionate about local food?,Fork,3
Where can I find a place where the chef is passionate about local food?,Ela,3
Where can I find a place where the chef is passionate about local food?,Audrey Claire,2
Where can I find a place where the chef is passionate about local food?,Joe's Steaks + Soda Shop,1
Where can I find a place where the chef is passionate about local food?,Garces Trading Company,2
Where can I find a place where the chef is passionate about local food?,Chifa,2
Where can I find a place where the chef is passionate about local food?,Cafe Ynez,2
Where can I find a place where the chef is passionate about local food?,Kensington Quarters,3
Where can I find a place where the chef is passionate about local food?,Indian Restaurant,0
Where can I find a place where the chef is passionate about local food?,Kabobeesh,0
Where can I find a place where the chef is passionate about local food?,Miles Table,2
Where can I find a place where the chef is passionate about local food?,Twenty Manning,2
Where can I find a place where the chef is passionate about local food?,Modo Mio,2
Where can I find a place where the chef is passionate about local food?,Lolita,2
Where can I find a place where the chef is passionate about local food?,Pumpkin,3
Where can I find a place where the chef is passionate about local food?,Little Fish,3
Where can I find a place where the chef is passionate about local food?,Zahav,2
Where can I find a place where the chef is passionate about local food?,V Street,2
Where can I find a place where the chef is passionate about local food?,Sampan,1
Where can I find a place where the chef is passionate about local food?,Kalaya,3
Where can I find a place where the chef is passionate about local food?,High Street Philadelphia,3
Where can I find a place where the chef is passionate about local food?,Soup Kitchen Cafe,2
Where can I find a place where the chef is passionate about local food?,The Fat Ham,3
Where can I find a place where the chef is passionate about local food?,Percy Street Barbecue,1
Where can I find a place where the chef is passionate about local food?,Little Sicily 2,2
Where can I find a place where the chef is passionate about local food?,P S & Co,3
Where can I find a place where the chef is passionate about local food?,Iron Hill Brewery & Restaurant,1
Where can I find a place where the chef is passionate about local food?,Bistrot La Minette,2
Where can I find a place where the chef is passionate about local food?,Sweet Lucy's Smokehouse,0
Where can I find a place where the chef is passionate about local food?,Urban Farmer Philadelphia,2
Where can I find a place where the chef is passionate about local food?,IndeBlue Modern Indian Food & Spirits,1
Where can I find a place where the chef is passionate about local food?,Aksum Cafe,2
Where can I find a place where the chef is passionate about local food?,Di Bruno Bros.,2
Where can I find a place where the chef is passionate about local food?,Marrakesh,3
Where can I find a place where the chef is passionate about local food?,Hippot Shabu Shabu,0
Where can I find a place where the chef is passionate about local food?,Gyu-Kaku Japanese BBQ,0
Where can I find a place where the chef is passionate about local food?,Sabrina's Café,2
Where can I find a place where the chef is passionate about local food?,Amada,2
Where can I find a place where the chef is passionate about local food?,Real Food Eatery,2
Where can I find a place where the chef is passionate about local food?,Melograno,2
Where can I find a place where the chef is passionate about local food?,La Locanda Del Ghiottone,3
Where can I find a place where the chef is passionate about local food?,The Adobe Cafe,1
Where can I find a place where the chef is passionate about local food?,Sate Kampar,3
Where can I find a place where the chef is passionate about local food?,Friday Saturday Sunday,3
Where can I find a place where the chef is passionate about local food?,Khmer Kitchen,3
Where can I find a place where the chef is passionate about local food?,The Continental Mid-town,0
Where can I find a place where the chef is passionate about local food?,Ristorante Pesto,3
Where can I find a place where the chef is passionate about local food?,Kilimandjaro Restaurant,2
Where can I find a place where the chef is passionate about local food?,Wedge + Fig,2
Where can I find a place where the chef is passionate about local food?,Monsú,2
Where can I find a place where the chef is passionate about local food?,The Capital Grille,0
Where can I find a place where the chef is passionate about local food?,Nine Ting,0
Where can I find a place where the chef is passionate about local food?,Suraya,2
Where can I find a place where the chef is passionate about local food?,Fogo de Chao,1
Where can I find a place where the chef is passionate about local food?,La Fourno Ristorante Trattoria,2
Where can I find a place where the chef is passionate about local food?,Dim Sum House,0
Where can I find a place where the chef is passionate about local food?,Zavino,2
Where can I find a place where the chef is passionate about local food?,Las Bugambilias,2
Where can I find a place where the chef is passionate about local food?,New Harmony Vegetarian Restaurant,2
Where can I find a place where the chef is passionate about local food?,Rangoon Burmese Restaurant,1
Where can I find a place where the chef is passionate about local food?,Stateside,2
Where can I find a place where the chef is passionate about local food?,Trolley Car Cafe,1
Where can I find a place where the chef is passionate about local food?,Rose Tattoo Cafe,1
Where can I find a place where the chef is passionate about local food?,Karma Restaurant & Bar,2
Where can I find a place where the chef is passionate about local food?,Entree BYOB,2
Where can I find a place where the chef is passionate about local food?,Ratchada Thai & Laos Cuisine,3
Where can I find a place where the chef is passionate about local food?,Little Nonna's,1
Where can I find a place where the chef is passionate about local food?,Vientiane Café,1
Where can I find a place where the chef is passionate about local food?,North Third,2
Where can I find a place where the chef is passionate about local food?,Tierra Colombiana Restaurant,1
Where can I find a place where the chef is passionate about local food?,Apricot Stone,2
Where can I find a place where the chef is passionate about local food?,Barbuzzo,1
Where can I find a place where the chef is passionate about local food?,Octopus Falafel Truck,3
Where can I find a place where the chef is passionate about local food?,Davios,1
Where can I find a place where the chef is passionate about local food?,Villa Di Roma,1
Where can I find a place where the chef is passionate about local food?,Café y Chocolate,2
Where can I find a place where the chef is passionate about local food?,Double Knot,1
Where can I find a place where the chef is passionate about local food?,Reading Terminal Market,3
Where can I find a place where the chef is passionate about local food?,The Rooster,2
Where can I find a place where the chef is passionate about local food?,Bud & Marilyn's,1
Where can I find a place where the chef is passionate about local food?,Cafe La Maude,2
Where can I find a place where the chef is passionate about local food?,Dmitri's,2
Where can I find a place where the chef is passionate about local food?,Rex at the Royal,2
Where can I find a place where the chef is passionate about local food?,Deke's Bar-B-Que,2
Where can I find a place where the chef is passionate about local food?,Indian Kitchen Lovash,1
Where can I find a place where the chef is passionate about local food?,New Delhi Indian Restaurant,0
Where can I find a place where the chef is passionate about local food?,Blue Corn,2
Where can I find a place where the chef is passionate about local food?,Isot Mediterranean Cuisine,2
Where can I find a place where the chef is passionate about local food?,Figs,2
Where can I find a place where the chef is passionate about local food?,Taqueria La Veracruzana,0
Where can I find a place where the chef is passionate about local food?,Pub & Kitchen,2
Where can I find a place where the chef is passionate about local food?,Fette Sau,2
Where can I find a place where the chef is passionate about local food?,Front Street Cafe,2
Where can I find a place where the chef is passionate about local food?,Le Viet Restaurant,1
Where can I find a place where the chef is passionate about local food?,Su Xing House,0
Where can I find a place where the chef is passionate about local food?,Banana Leaf,1
Where can I find a place where the chef is passionate about local food?,Bellini,2
Where can I find a place where the chef is passionate about local food?,Heritage,3
Where can I find a place where the chef is passionate about local food?,Kraftwork,2
Where can I find a place where the chef is passionate about local food?,Sitar India,0
Where can I find a place where the chef is passionate about local food?,Mercato BYOB,2
Where can I find a place where the chef is passionate about local food?,Harp & Crown,1
Where can I find a place where the chef is passionate about local food?,House of Thai Cuisine,1
Where can I find a place where the chef is passionate about local food?,Los Gallos Mexican Taqueria,1
Where can I find a place where the chef is passionate about local food?,Tredici Enoteca,2
Where can I find a place where the chef is passionate about local food?,Dim Sum Garden,0
Where can I find a place where the chef is passionate about local food?,Le Virtu,2
Where can I find a place where the chef is passionate about local food?,Wm Mulherin's Sons,2
Where can I find a place where the chef is passionate about local food?,Koreana,1
Where can I find a place where the chef is passionate about local food?,Barclay Prime,1
Where can I find a place where the chef is passionate about local food?,Alyan's Restaurant,2
Where can I find a place where the chef is passionate about local food?,El Jarocho,2
Where can I find a place where the chef is passionate about local food?,The Industry,1
Where can I find a place where the chef is passionate about local food?,Porcini,3
Where can I find a place where the chef is passionate about local food?,Steve's Prince of Steaks,0
Where can I find a place where the chef is passionate about local food?,Maggiano's Little Italy,0
Where can I find a place where the chef is passionate about local food?,Vietnam Restaurant,1
Where can I find a place where the chef is passionate about local food?,JJ Thai Cuisine,1
Where can I find a place where the chef is passionate about local food?,Jong Ka Jib,2
Where can I find a place where the chef is passionate about local food?,HipCityVeg,0
Where can I find a place where the chef is passionate about local food?,Smile Cafe,1
Where can I find a place where the chef is passionate about local food?,Southgate,2
Where can I find a place where the chef is passionate about local food?,L'Angolo Ristorante,2
Where can I find a place where the chef is passionate about local food?,The Continental Restaurant and Martini Bar,1
Where can I find a place where the chef is passionate about local food?,Almaz Cafe,2
Where can I find a place where the chef is passionate about local food?,Sazon Restaurant & Cafe,3
Where can I find a place where the chef is passionate about local food?,The Spicy Belly,2
Where can I find a place where the chef is passionate about local food?,Soy Cafe,1
Where can I find a place where the chef is passionate about local food?,Osteria,3
Where can I find a place where the chef is passionate about local food?,Charlie Was a Sinner,2
Where can I find a place where the chef is passionate about local food?,Valanni,1
Where can I find a place where the chef is passionate about local food?,Alma de Cuba,3
Where can I find a place where the chef is passionate about local food?,Hungry Pigeon,3
Where can I find a place where the chef is passionate about local food?,Govinda's Vegetarian,1
Where can I find a place where the chef is passionate about local food?,Radicchio Cafe,2
Where can I find a place where the chef is passionate about local food?,Stock,3
Where can I find a place where the chef is passionate about local food?,Jamonera,2
Where can I find a place where the chef is passionate about local food?,The Love,2
Where can I find a place where the chef is passionate about local food?,The QUICK FIXX,1
Where can I find a place where the chef is passionate about local food?,Tinto,2
Where can I find a place where the chef is passionate about local food?,Green Eggs Café,2
Where can I find a place where the chef is passionate about local food?,Butcher Bar,2
Where can I find a place where the chef is passionate about local food?,Spasso Italian Grill,1
Where can I find a place where the chef is passionate about local food?,Spice End,0
Where can I find a place where the chef is passionate about local food?,The Victor Cafe,1
Where can I find a place where the chef is passionate about local food?,Amma's South Indian Cuisine,2
Where can I find a place where the chef is passionate about local food?,In Riva,3
Where can I find a place where the chef is passionate about local food?,Buddakan,0
Where can I find a place where the chef is passionate about local food?,Cedar Park Cafe,1
Where can I find a place where the chef is passionate about local food?,La Viola,2
Where can I find a place where the chef is passionate about local food?,Marathon,1
Where can I find a place where the chef is passionate about local food?,Tamarind,2
Where can I find a place where the chef is passionate about local food?,Sam's Morning Glory Diner,3
Where can I find a place where the chef is passionate about local food?,Dante & Luigi's,2
Where can I find a place where the chef is passionate about local food?,Trolley Car Diner,1
Where can I find a place where the chef is passionate about local food?,Chima Steakhouse,0
Where can I find a place where the chef is passionate about local food?,Amis Trattoria,1
Where can I find a place where the chef is passionate about local food?,Ekta Indian Cuisine,0
Where can I find a place where the chef is passionate about local food?,Que Chula Es Puebla,2
Where can I find a place where the chef is passionate about local food?,Xochitl,3
Where can I find a place where the chef is passionate about local food?,Del Frisco's Double Eagle Steakhouse,0
Where can I find a place where the chef is passionate about local food?,Jones,1
Where can I find a place where the chef is passionate about local food?,Bing Bing Dim Sum,1
Where can I find a place where the chef is passionate about local food?,Bar Bombón,0
Where can I find a place where the chef is passionate about local food?,The Farmers' Cabinet,3
Where can I find a place where the chef is passionate about local food?,Honey's Sit-N-Eat,2
Where can I find a place where the chef is passionate about local food?,Tequilas Restaurant,1
Where can I find a place where the chef is passionate about local food?,South Philly Barbacoa,3
Where can I find a place where the chef is passionate about local food?,Circles Contemporary Thai,0
Where can I find a place where the chef is passionate about local food?,Rustica,1
Where can I find a place where the chef is passionate about local food?,Hickory Lane American Bistro,2
Where can I find a place where the chef is passionate about local food?,Saad's Halal Restaurant,2
Where can I find a place where the chef is passionate about local food?,Francoluigi's Pizzeria & Italian Restaurant,0
Where can I find a place where the chef is passionate about local food?,Memphis Taproom,2
Where can I find a place where the chef is passionate about local food?,South,1
Where can I find a place where the chef is passionate about local food?,Veda - Modern Indian Bistro,2
Where can I find a place where the chef is passionate about local food?,Taco Riendo,1
Where can I find a place where the chef is passionate about local food?,Distrito,2
Where can I find a place where the chef is passionate about local food?,Bistro SouthEast,2
Where can I find a place where the chef is passionate about local food?,Giorgio On Pine,2
Where can I find a place where the chef is passionate about local food?,Shiao Lan Kung,1
Where can I find a place where the chef is passionate about local food?,Alla Spina,3
Where can I find a place where the chef is passionate about local food?,Estia,1
Where can I find a place where the chef is passionate about local food?,Positano Coast by Aldo Lamberti,1
Where can I find a place where the chef is passionate about local food?,honeygrow,3
Where can I find a place where the chef is passionate about local food?,Manakeesh Cafe Bakery & Grill,1
Where can I find a place where the chef is passionate about local food?,Bar Hygge,2
Where can I find a place where the chef is passionate about local food?,Tria Cafe Rittenhouse,1
Where can I find a place where the chef is passionate about local food?,Rittenhouse Grill,0
Where can I find a place where the chef is passionate about local food?,Bar Ferdinand,2
Where can I find a place where the chef is passionate about local food?,1225Raw Sushi and Sake Lounge,0
Where can I find a place where the chef is passionate about local food?,Jasmine Rice - Rittenhouse,2
Where can I find a place where the chef is passionate about local food?,E Mei Restaurant,2
Where can I find a place where the chef is passionate about local food?,The Little Lion,1
Where can I find a place where the chef is passionate about local food?,Gnocchi,3
Where can I find a place where the chef is passionate about local food?,Destination Dogs,1
Where can I find a place where the chef is passionate about local food?,Chubby Cattle,0
Where can I find a place where the chef is passionate about local food?,Sakura Mandarin,0
Where can I find a place where the chef is passionate about local food?,Zama,2
Where can I find a place where the chef is passionate about local food?,The Gaslight,1
Where can I find a place where the chef is passionate about local food?,Xiandu Thai,2
Where can I find a place where the chef is passionate about local food?,Giwa Korean Kitchen,0
Where can I find a place where the chef is passionate about local food?,Pod,0
Where can I find a place where the chef is passionate about local food?,Tiffin,0
Where can I find a place where the chef is passionate about local food?,Hinge Cafe,2
Where can I find a place where the chef is passionate about local food?,Bridget Foy's,1
Where can I find a place where the chef is passionate about local food?,Abyssinia,2
Where can I find a place where the chef is passionate about local food?,Tela's Market & Kitchen,2
Where can I find a place where the chef is passionate about local food?,El Fuego,0
Where can I find a place where the chef is passionate about local food?,Zorba's Taverna,1
Where can I find a place where the chef is passionate about local food?,City Tap House,1
Where can I find a place where the chef is passionate about local food?,Baby Blues BBQ Philly,0
Where can I find a place where the chef is passionate about local food?,Race Street Cafe,1
Where can I find a place where the chef is passionate about local food?,El Camino Real,0
Where can I find a place where the chef is passionate about local food?,Catahoula,2
Where can I find a place where the chef is passionate about local food?,Green Eggs Cafe,3
Where can I find a place where the chef is passionate about local food?,Penang,2
Where can I find a place where the chef is passionate about local food?,Marathon On the Square,3
Where can I find a place where the chef is passionate about local food?,Cedar Point Bar and Kitchen,2
Where can I find a place where the chef is passionate about local food?,Masala Kitchen Kati Rolls and Platters,0
Where can I find a place where the chef is passionate about local food?,Parc,1
Where can I find a place where the chef is passionate about local food?,South Philadelphia Tap Room,3
Where can I find a place where the chef is passionate about local food?,City Tavern Restaurant,3
Where can I find a place where the chef is passionate about local food?,Umai Umai,2
Where can I find a place where the chef is passionate about local food?,Little Pete's Restaurant,0
Where can I find a place where the chef is passionate about local food?,HipCityVeg - University City,1
Where can I find a place where the chef is passionate about local food?,Ms Tootsie's RBL,0
Where can I find a place where the chef is passionate about local food?,Doma,2
Where can I find a place where the chef is passionate about local food?,American Sardine Bar,3
Where can I find a place where the chef is passionate about local food?,Penrose Diner,0
Where can I find a place where the chef is passionate about local food?,Jake's & Cooper's Wine Bar & Wine Shop,1
Where can I find a place where the chef is passionate about local food?,XIX Nineteen,1
Where can I find a place where the chef is passionate about local food?,Fare,3
Where can I find a place where the chef is passionate about local food?,Resurrection Ale House,2
Where can I find a place where the chef is passionate about local food?,Booker's Restaurant and Bar,2
Where can I find a place where the chef is passionate about local food?,Gran Caffe L'Aquila,2
Where can I find a place where the chef is passionate about local food?,Local 44,3
Where can I find a place where the chef is passionate about local food?,Dalessandro’s Steaks & Hoagies,0
Where can I find a place where the chef is passionate about local food?,Erawan Thai Cuisine,0
Where can I find a place where the chef is passionate about local food?,Pattaya,1
Where can I find a place where the chef is passionate about local food?,La Peg,1
Where can I find a place where the chef is passionate about local food?,Walnut Street Cafe,2
Where can I find a place where the chef is passionate about local food?,La Fontana Della Citta,1
Where can I find a place where the chef is passionate about local food?,Honest Tom's Plant Based Taco Shop,2
Where can I find a place where the chef is passionate about local food?,The Gold Standard Cafe,2
Where can I find a place where the chef is passionate about local food?,Mission Taqueria,1
Where can I find a place where the chef is passionate about local food?,Khyber Pass Pub,2
Where can I find a place where the chef is passionate about local food?,Cafe Lift,2
Where can I find a place where the chef is passionate about local food?,R2L,1
Where can I find a place where the chef is passionate about local food?,Las Cazuelas Restaurant BYOB,2
Where can I find a place where the chef is passionate about local food?,Greg's Kitchen,2
Where can I find a place where the chef is passionate about local food?,Jack's Firehouse,1
Where can I find a place where the chef is passionate about local food?,La Calaca Feliz,2
Where can I find a place where the chef is passionate about local food?,Tres Jalapenos,0
Where can I find a place where the chef is passionate about local food?,Tampopo,2
Where can I find a place where the chef is passionate about local food?,Dan Dan,1
Where can I find a place where the chef is passionate about local food?,Cantina Dos Segundos,0
Where can I find a place where the chef is passionate about local food?,Hummus Grill,1
Where can I find a place where the chef is passionate about local food?,Ocean Prime,0
Where can I find a place where the chef is passionate about local food?,Effie's Restaurant,1
Where can I find a place where the chef is passionate about local food?,Cantina Los Caballitos,0
Where can I find a place where the chef is passionate about local food?,Mixto,1
Where can I find a place where the chef is passionate about local food?,Pennsylvania 6,1
Where can I find a place where the chef is passionate about local food?,Royal Sushi & Izakaya,3
Where can I find a place where the chef is passionate about local food?,Murph's Bar,3
Where can I find a place where the chef is passionate about local food?,Sang Kee Noodle House,0
Where can I find a place where the chef is passionate about local food?,Bleu Sushi,2
Where can I find a place where the chef is passionate about local food?,The Cheesecake Factory,0
Where can I find a place where the chef is passionate about local food?,McCormick & Schmick's Seafood & Steaks,0
Where can I find a place where the chef is passionate about local food?,Porta,1
Where can I find a place where the chef is passionate about local food?,Three Monkeys Cafe,1
Where can I find a place where the chef is passionate about local food?,Luna Café,2
Where can I find a place where the chef is passionate about local food?,Strangelove's,2
Where can I find a place where the chef is passionate about local food?,Zento Contemporary Japanese Cuisine,0
Where can I find a place where the chef is passionate about local food?,Pizzeria Vetri,2
Where can I find a place where the chef is passionate about local food?,Yanako,1
Where can I find a place where the chef is passionate about local food?,Pietro's Coal Oven Pizzeria,1
Where can I find a place where the chef is passionate about local food?,Fuel,2
Where can I find a place where the chef is passionate about local food?,Ting Wong Restaurant,0
Where can I find a place where the chef is passionate about local food?,Pho Xe Lua Viet Thai Restaurant,0
Where can I find a place where the chef is passionate about local food?,Hai Street Kitchen & Co,1
Where can I find a place where the chef is passionate about local food?,Mad Rex,2
Where can I find a place where the chef is passionate about local food?,The Good King Tavern,2
Where can I find a place where the chef is passionate about local food?,Louie Louie,0
Where can I find a place where the chef is passionate about local food?,Empress Garden,2
Where can I find a place where the chef is passionate about local food?,Harper's Garden,2
Where can I find a place where the chef is passionate about local food?,Branzino Italian Ristorante,1
Where can I find a place where the chef is passionate about local food?,Philadelphia Chutney Company,0
Where can I find a place where the chef is passionate about local food?,Devil's Alley Bar & Grille,0
Where can I find a place where the chef is passionate about local food?,Cheu Noodle Bar,2
Where can I find a place where the chef is passionate about local food?,The Dandelion,1
Where can I find a place where the chef is passionate about local food?,Fuel Center City,1
Where can I find a place where the chef is passionate about local food?,The Couch Tomato Cafe,2
Where can I find a place where the chef is passionate about local food?,Nam Phuong,1
Where can I find a place where the chef is passionate about local food?,Bistro Romano,1
Where can I find a place where the chef is passionate about local food?,Square 1682,3
Where can I find a place where the chef is passionate about local food?,Melrose Diner,0
Where can I find a place where the chef is passionate about local food?,Honey's Sit N Eat,1
Where can I find a place where the chef is passionate about local food?,Panorama,1
Where can I find a place where the chef is passionate about local food?,Royal Tavern,2
Where can I find a place where the chef is passionate about local food?,Spice C,0
Where can I find a place where the chef is passionate about local food?,Cafe Diem,0
Where can I find a place where the chef is passionate about local food?,National Mechanics,1
Where can I find a place where the chef is passionate about local food?,Cleavers,0
Where can I find a place where the chef is passionate about local food?,Darling's Diner,1
Where can I find a place where the chef is passionate about local food?,Underdogs,1
Where can I find a place where the chef is passionate about local food?,Nan Zhou Hand Drawn Noodle House,0
Where can I find a place where the chef is passionate about local food?,Ramen Bar,1
Where can I find a place where the chef is passionate about local food?,LaScala's,0
Where can I find a place where the chef is passionate about local food?,The Goat's Beard,3
Where can I find a place where the chef is passionate about local food?,McCrossen's Tavern,2
Where can I find a place where the chef is passionate about local food?,K'Far Cafe,3
Where can I find a place where the chef is passionate about local food?,Jamaican Jerk Hut,1
Where can I find a place where the chef is passionate about local food?,Barcelona Wine Bar Passyunk,2
Where can I find a place where the chef is passionate about local food?,Cuba Libre Restaurant & Rum Bar - Philadelphia,0
Where can I find a place where the chef is passionate about local food?,Ralphs Italian Restaurant,1
Where can I find a place where the chef is passionate about local food?,El Rey,0
Where can I find a place where the chef is passionate about local food?,Bourbon & Branch,1
Where can I find a place where the chef is passionate about local food?,David's Mai Lai Wah,0
Where can I find a place where the chef is passionate about local food?,Mama's Vegetarian,1
Where can I find a place where the chef is passionate about local food?,The Abbaye,2
Where can I find a place where the chef is passionate about local food?,The Blue Duck,2
Where can I find a place where the chef is passionate about local food?,Smokin Bettys,1
Where can I find a place where the chef is passionate about local food?,Sketch Burger,3
Where can I find a place where the chef is passionate about local food?,Day By Day,3
Where can I find a place where the chef is passionate about local food?,SPOT Gourmet Burgers,2
Where can I find a place where the chef is passionate about local food?,Blackbird Pizzeria,1
Where can I find a place where the chef is passionate about local food?,Spice 28,0
Where can I find a place where the chef is passionate about local food?,The Twisted Tail,2
Where can I find a place where the chef is passionate about local food?,Greek Lady,0
Where can I find a place where the chef is passionate about local food?,Little Spoon Cafe,1
Where can I find a place where the chef is passionate about local food?,Chubbys Steaks,0
Where can I find a place where the chef is passionate about local food?,Marmont Steakhouse & Bar,1
Where can I find a place where the chef is passionate about local food?,Bank & Bourbon,2
Where can I find a place where the chef is passionate about local food?,Mood Cafe,3
Where can I find a place where the chef is passionate about local food?,Ishkabibble's,0
Where can I find a place where the chef is passionate about local food?,Sancho Pistola's,2
Where can I find a place where the chef is passionate about local food?,Stockyard Sandwich,3
Where can I find a place where the chef is passionate about local food?,Opa,2
Where can I find a place where the chef is passionate about local food?,Down Home Diner,1
Where can I find a place where the chef is passionate about local food?,Cafe Olé,1
Where can I find a place where the chef is passionate about local food?,Jim's Steaks,0
Where can I find a place where the chef is passionate about local food?,Campo's Philly Cheesesteaks,1
Where can I find a place where the chef is passionate about local food?,Marra's,0
Where can I find a place where the chef is passionate about local food?,Fat Salmon,0
Where can I find a place where the chef is passionate about local food?,Rose Petals Cafe,2
Where can I find a place where the chef is passionate about local food?,El Vez,0
Where can I find a place where the chef is passionate about local food?,Triumph Brewing Company,2
Where can I find a place where the chef is passionate about local food?,Carmen's Famous Italian Hoagies,1
Where can I find a place where the chef is passionate about local food?,Earth Bread + Brewery,2
Where can I find a place where the chef is passionate about local food?,Molly Malloy's,1
Where can I find a place where the chef is passionate about local food?,Joy Tsin Lau Chinese Restaurant,0
Where can I find a place where the chef is passionate about local food?,Jim's South St,0
Where can I find a place where the chef is passionate about local food?,Cosmi's Deli,2
Where can I find a place where the chef is passionate about local food?,Bourbon Blue,1
Where can I find a place where the chef is passionate about local food?,Koto Sushi,3
Where can I find a place where the chef is passionate about local food?,Winnie's Manayunk,2
Where can I find a place where the chef is passionate about local food?,Black & Brew,3
Where can I find a place where the chef is passionate about local food?,Max's Steaks,0
Where can I find a place where the chef is passionate about local food?,London Grill,1
Where can I find a place where the chef is passionate about local food?,Tom's Dim Sum,1
Where can I find a place where the chef is passionate about local food?,Good Dog Bar,2
Where can I find a place where the chef is passionate about local food?,Paesano's Philly Style,2
Where can I find a place where the chef is passionate about local food?,By George! Pizza Pasta & Cheesesteaks,1
Where can I find a place where the chef is passionate about local food?,Philip's Steaks,1
Where can I find a place where the chef is passionate about local food?,Silk City Diner & Lounge,1
Where can I find a place where the chef is passionate about local food?,Caribou Cafe,1
Where can I find a place where the chef is passionate about local food?,Love & Honey Fried Chicken,2
Where can I find a place where the chef is passionate about local food?,Smiley's Cafe,2
Where can I find a place where the chef is passionate about local food?,Ants Pants Café,1
Where can I find a place where the chef is passionate about local food?,The Foodery at Rittenhouse,0
Where can I find a place where the chef is passionate about local food?,Shang Hai 1,1
Where can I find a place where the chef is passionate about local food?,Chabaa Thai Bistro,3
Where can I find a place where the chef is passionate about local food?,Santucci's Original Square Pizza,1
Where can I find a place where the chef is passionate about local food?,The Dutch,2
Where can I find a place where the chef is passionate about local food?,Pinefish,2
Where can I find a place where the chef is passionate about local food?,Circles Contemporary Asian,1
Where can I find a place where the chef is passionate about local food?,Bufad,3
Where can I find a place where the chef is passionate about local food?,Sardi's Pollo A La Brasa,0
Where can I find a place where the chef is passionate about local food?,Banh Mi and Bottles,2
Where can I find a place where the chef is passionate about local food?,Oh Brother Philly,0
Where can I find a place where the chef is passionate about local food?,Café Soho,0
Where can I find a place where the chef is passionate about local food?,Moshulu,1
Where can I find a place where the chef is passionate about local food?,The Sidecar Bar & Grille,2
Where can I find a place where the chef is passionate about local food?,Bobby's Burger Palace,1
Where can I find a place where the chef is passionate about local food?,Kite & Key,0
Where can I find a place where the chef is passionate about local food?,Le Pain Quotidien,1
Where can I find a place where the chef is passionate about local food?,QT Vietnamese Sandwich,1
Where can I find a place where the chef is passionate about local food?,Serafina Philadelphia,0
Where can I find a place where the chef is passionate about local food?,Fuji Mountain,0
Where can I find a place where the chef is passionate about local food?,John's Roast Pork,0
Where can I find a place where the chef is passionate about local food?,Las Margaritas,0
Where can I find a place where the chef is passionate about local food?,PYT,1
Where can I find a place where the chef is passionate about local food?,Tria Taproom,1
Where can I find a place where the chef is passionate about local food?,Anastasi Seafood,2
Where can I find a place where the chef is passionate about local food?,Varga Bar,1
Where can I find a place where the chef is passionate about local food?,Del Rossi's Cheesesteak,0
Where can I find a place where the chef is passionate about local food?,Wrap Shack,0
Where can I find a place where the chef is passionate about local food?,Bainbridge Street Barrel House,0
Where can I find a place where the chef is passionate about local food?,Famous 4th Street Delicatessen,0
Where can I find a place where the chef is passionate about local food?,Prohibition Taproom,2
Where can I find a place where the chef is passionate about local food?,Aki Nom Nom Sushi & Ramen,0
Where can I find a place where the chef is passionate about local food?,Revolution House,1
Where can I find a place where the chef is passionate about local food?,Taqueria Feliz,0
Where can I find a place where the chef is passionate about local food?,Jose Pistola's,2
Where can I find a place where the chef is passionate about local food?,El Poquito,0
Where can I find a place where the chef is passionate about local food?,Gooey Looie's,0
Where can I find a place where the chef is passionate about local food?,Chhaya Cafe,2
Where can I find a place where the chef is passionate about local food?,Relish,2
Where can I find a place where the chef is passionate about local food?,Jerry's Bar,1
Where can I find a place where the chef is passionate about local food?,Nom Nom Ramen,0
Where can I find a place where the chef is passionate about local food?,Standard Tap,3
Where can I find a place where the chef is passionate about local food?,Grindcore House,1
Where can I find a place where the chef is passionate about local food?,Hawthornes Biercafé,1
Where can I find a place where the chef is passionate about local food?,Nom Wah Philadelphia,1
Where can I find a place where the chef is passionate about local food?,The Original Tony Lukes,1
Where can I find a place where the chef is passionate about local food?,Terakawa Ramen,1
Where can I find a place where the chef is passionate about local food?,Rouge,1
Where can I find a place where the chef is passionate about local food?,Rybread,2
Where can I find a place where the chef is passionate about local food?,Hiro Ramen House,0
Where can I find a place where the chef is passionate about local food?,SOMO Manayunk,2
Where can I find a place where the chef is passionate about local food?,Brauhaus Schmitz,1
Where can I find a place where the chef is passionate about local food?,Meltkraft At Reading Terminal Market,3
Where can I find a place where the chef is passionate about local food?,Red Owl Tavern,2
Where can I find a place where the chef is passionate about local food?,Sang Kee Peking Duck House,0
Where can I find a place where the chef is passionate about local food?,The Belgian Café,1
Where can I find a place where the chef is passionate about local food?,Middle Child,2
Where can I find a place where the chef is passionate about local food?,Pho Ha,0
Where can I find a place where the chef is passionate about local food?,Mad Mex - University City,0
Where can I find a place where the chef is passionate about local food?,Federal Donuts,1
Where can I find a place where the chef is passionate about local food?,Bareburger - Midtown Village,2
Where can I find a place where the chef is passionate about local food?,Creperie Beau Monde & L'Etage,1
Where can I find a place where the chef is passionate about local food?,Pho Ha Saigon,0
Where can I find a place where the chef is passionate about local food?,MilkBoy,2
Where can I find a place where the chef is passionate about local food?,Stogie Joe's Tavern,0
Where can I find a place where the chef is passionate about local food?,So Crepe,2
Where can I find a place where the chef is passionate about local food?,LaScala's Birra,3
Where can I find a place where the chef is passionate about local food?,Crazy Sushi,0
Where can I find a place where the chef is passionate about local food?,Pho Cali Vietnamese Restaurant,0
Where can I find a place where the chef is passionate about local food?,Devil's Den,2
Where can I find a place where the chef is passionate about local food?,Tria Cafe Wash West,2
Where can I find a place where the chef is passionate about local food?,Copabanana,0
Where can I find a place where the chef is passionate about local food?,Max Brenner - Philadelphia,0
Where can I find a place where the chef is passionate about local food?,Nifty Fifty's,0
Where can I find a place where the chef is passionate about local food?,Barra Rossa Ristorante,1
Where can I find a place where the chef is passionate about local food?,The Plough & the Stars,2
Where can I find a place where the chef is passionate about local food?,&pizza - Walnut,1
Where can I find a place where the chef is passionate about local food?,Bubblefish,0
Where can I find a place where the chef is passionate about local food?,Jakes Sandwich Board - 12th St,2
Where can I find a place where the chef is passionate about local food?,Schlesinger's,0
Where can I find a place where the chef is passionate about local food?,Chart House,0
Where can I find a place where the chef is passionate about local food?,Village Whiskey,3
Where can I find a place where the chef is passionate about local food?,Yakitori Boy,1
Where can I find a place where the chef is passionate about local food?,Con Murphy's,1
Where can I find a place where the chef is passionate about local food?,New Deck Tavern,0
Where can I find a place where the chef is passionate about local food?,Urban Saloon,0
Where can I find a place where the chef is passionate about local food?,Pho Saigon,0
Where can I find a place where the chef is passionate about local food?,OCF Coffee House,1
Where can I find a place where the chef is passionate about local food?,Sonny's Famous Steaks,0
Where can I find a place where the chef is passionate about local food?,Vintage Wine Bar,1
Where can I find a place where the chef is passionate about local food?,Koch's Deli,2
Where can I find a place where the chef is passionate about local food?,Jimmy G's Steaks,0
Where can I find a place where the chef is passionate about local food?,Mac Mart,1
Where can I find a place where the chef is passionate about local food?,Bar-Ly Chinatown,0
Where can I find a place where the chef is passionate about local food?,Dim Sum & Noodle,0
Where can I find a place where the chef is passionate about local food?,Animo Juice,0
Where can I find a place where the chef is passionate about local food?,Bonchon Philadelphia,0
Where can I find a place where the chef is passionate about local food?,Tai Lake Restaurant,0
Where can I find a place where the chef is passionate about local food?,2nd Story Brewing,2
Where can I find a place where the chef is passionate about local food?,Perch Pub,0
Where can I find a place where the chef is passionate about local food?,Sumo Sushi,0
Where can I find a place where the chef is passionate about local food?,Pizzeria Stella,1
Where can I find a place where the chef is passionate about local food?,One Shot Coffee,2
Where can I find a place where the chef is passionate about local food?,Buena Onda,1
Where can I find a place where the chef is passionate about local food?,Loco Pez,1
Where can I find a place where the chef is passionate about local food?,Lucky's Last Chance,1
Where can I find a place where the chef is passionate about local food?,Nomad Pizza Company,2
Where can I find a place where the chef is passionate about local food?,Johnny Brenda's,2
Where can I find a place where the chef is passionate about local food?,Snap Custom Pizza - Center City,2
Where can I find a place where the chef is passionate about local food?,Toast,1
Where can I find a place where the chef is passionate about local food?,Dock Street Brewery,2
Where can I find a place where the chef is passionate about local food?,Nick's Old Original Roast Beef,1
Where can I find a place where the chef is passionate about local food?,Vic Sushi Bar,1
Where can I find a place where the chef is passionate about local food?,Pat's King of Steaks,0
Where can I find a place where the chef is passionate about local food?,Dutch Eating Place,2
Where can I find a place where the chef is passionate about local food?,Tattooed Mom,1
Where can I find a place where the chef is passionate about local food?,Beck's Cajun Cafe,2
Where can I find a place where the chef is passionate about local food?,Ten Stone Bar & Restaurant,1
Where can I find a place where the chef is passionate about local food?,Ocean Harbor,0
Where can I find a place where the chef is passionate about local food?,Devon Seafood Grill,1
Where can I find a place where the chef is passionate about local food?,Paris Bistro and Jazz Cafe,1
Where can I find a place where the chef is passionate about local food?,Goldie,3
Where can I find a place where the chef is passionate about local food?,Landmark Americana Tap & Grill - University City,0
Where can I find a place where the chef is passionate about local food?,Cactus Restaurant & Bar,0
Where can I find a place where the chef is passionate about local food?,Bottle Bar East,2
Where can I find a place where the chef is passionate about local food?,Morgan's Pier,1
Where can I find a place where the chef is passionate about local food?,Nomad Roman Pizza,1
Where can I find a place where the chef is passionate about local food?,P'unk Burger,2
Where can I find a place where the chef is passionate about local food?,Moriarty's Restaurant and Irish Pub,0
Where can I find a place where the chef is passionate about local food?,Happily Ever After,0
Where can I find a place where the chef is passionate about local food?,Tacconelli's Pizzeria,2
Where can I find a place where the chef is passionate about local food?,Woodrow's Sandwich Shop,2
Where can I find a place where the chef is passionate about local food?,Warmdaddy's,0
Where can I find a place where the chef is passionate about local food?,Spataro's Cheesesteaks,0
Where can I find a place where the chef is passionate about local food?,Sassafras Bar,0
Where can I find a place where the chef is passionate about local food?,BurgerFi,0
Where can I find a place where the chef is passionate about local food?,Pizzeria Beddia,3
Where can I find a place where the chef is passionate about local food?,Geno's Steaks,0
Where can I find a place where the chef is passionate about local food?,Manayunk Brewery,0
Where can I find a place where the chef is passionate about local food?,Lucha Cartel,0
Where can I find a place where the chef is passionate about local food?,Hard Rock Cafe,0
Where can I find a place where the chef is passionate about local food?,Time,2
Where can I find a place where the chef is passionate about local food?,Nook Bakery & Coffee Bar,3
Where can I find a place where the chef is passionate about local food?,Angelo's Pizzeria,3
Where can I find a place where the chef is passionate about local food?,Termini Bros Bakery,0
Where can I find a place where the chef is passionate about local food?,Rosy's Taco Bar,0
Where can I find a place where the chef is passionate about local food?,Revolution Taco,2
Where can I find a place where the chef is passionate about local food?,Pizza Brain,2
Where can I find a place where the chef is passionate about local food?,Bluestone Lane,1
Where can I find a place where the chef is passionate about local food?,Yards Brewing Company,2
Where can I find a place where the chef is passionate about local food?,The Cambridge,2
Where can I find a place where the chef is passionate about local food?,World Cafe Live,1
Where can I find a place where the chef is passionate about local food?,The Bakeshop on 20th,2
Where can I find a place where the chef is passionate about local food?,Pho 75,0
Where can I find a place where the chef is passionate about local food?,Ladder 15,1
Where can I find a place where the chef is passionate about local food?,Shake Shack,0
Where can I find a place where the chef is passionate about local food?,Nodding Head Brewery & Restaurant,1
Where can I find a place where the chef is passionate about local food?,500 Degrees,1
Where can I find a place where the chef is passionate about local food?,Misconduct Tavern,0
Where can I find a place where the chef is passionate about local food?,Dinardo's Famous Crabs,0
Where can I find a place where the chef is passionate about local food?,Miel Patisserie,0
Where can I find a place where the chef is passionate about local food?,Chickie's & Pete's,0
Where can I find a place where the chef is passionate about local food?,Chapterhouse Café & Gallery,0
Where can I find a place where the chef is passionate about local food?,Slice,2
Where can I find a place where the chef is passionate about local food?,Hershel's East Side Deli,0
Where can I find a place where the chef is passionate about local food?,Monk's Cafe,1
Where can I find a place where the chef is passionate about local food?,Kabuki Sushi,0
Where can I find a place where the chef is passionate about local food?,The Happy Rooster,2
Where can I find a place where the chef is passionate about local food?,Magpie,2
Where can I find a place where the chef is passionate about local food?,J'aime French Bakery,1
Where can I find a place where the chef is passionate about local food?,Yamitsuki Ramen,2
Where can I find a place where the chef is passionate about local food?,Mac's Tavern,0
Where can I find a place where the chef is passionate about local food?,The Olde Bar,1
Where can I find a place where the chef is passionate about local food?,La Colombe Coffee,0
Where can I find a place where the chef is passionate about local food?,RIM Cafe,3
Where can I find a place where the chef is passionate about local food?,Local Tavern,1
Where can I find a place where the chef is passionate about local food?,Independence Beer Garden,0
Where can I find a place where the chef is passionate about local food?,Pearl's Oyster Bar,2
Where can I find a place where the chef is passionate about local food?,Frankford Hall,0
Where can I find a place where the chef is passionate about local food?,Lorenzo & Sons Pizza,0
Where can I find a place where the chef is passionate about local food?,Fergie's Pub,2
Where can I find a place where the chef is passionate about local food?,Oyster House,2
Where can I find a place where the chef is passionate about local food?,Legal Sea Foods,1
Where can I find a place where the chef is passionate about local food?,The Black Sheep Pub & Restaurant,0
Where can I find a place where the chef is passionate about local food?,Dos Tacos,1
Where can I find a place where the chef is passionate about local food?,Lazaro's Pizzeria & Grill,0
Where can I find a place where the chef is passionate about local food?,Spread Bagelry,1
Where can I find a place where the chef is passionate about local food?,JJ Bootleggers,1
Where can I find a place where the chef is passionate about local food?,Sweet Freedom Bakery,0
Where can I find a place where the chef is passionate about local food?,Bok Bar,1
Where can I find a place where the chef is passionate about local food?,BRÜ Craft & Wurst,0
Where can I find a place where the chef is passionate about local food?,Eulogy Belgian Tavern,0
Where can I find a place where the chef is passionate about local food?,Knead Bagels,2
Where can I find a place where the chef is passionate about local food?,Dizengoff,2
Where can I find a place where the chef is passionate about local food?,McGillin's Olde Ale House,0
Where can I find a place where the chef is passionate about local food?,Isgro Pastries,0
Where can I find a place where the chef is passionate about local food?,Tommy DiNic's,1
Where can I find a place where the chef is passionate about local food?,North Bowl,0
Where can I find a place where the chef is passionate about local food?,T-Swirl Crêpe,1
Where can I find a place where the chef is passionate about local food?,Fox and Hound,0
Where can I find a place where the chef is passionate about local food?,Fadó Irish Pub,0
Where can I find a place where the chef is passionate about local food?,Luke's Lobster Rittenhouse,1
Where can I find a place where the chef is passionate about local food?,Barcade,0
Where can I find a place where the chef is passionate about local food?,Capogiro Gelato,0
Where can I find a place where the chef is passionate about local food?,Elixr Coffee Roasters,0
Where can I find a place where the chef is passionate about local food?,Evil Genius Beer,1
Where can I find a place where the chef is passionate about local food?,Dave & Buster's,0
Where can I find a place where the chef is passionate about local food?,A La Mousse,0
Where can I find a place where the chef is passionate about local food?,Byblos,0
Where can I find a place where the chef is passionate about local food?,Drinker's Pub,0
Where can I find a place where the chef is passionate about local food?,Chickie's and Pete's,0
Where can I find a place where the chef is passionate about local food?,Swiss Haus Cafe & Pastry Bar,0
Where can I find a place where the chef is passionate about local food?,Little Baby's Ice Cream,1
Where can I find a place where the chef is passionate about local food?,TGI Fridays,0
Where can I find a place where the chef is passionate about local food?,IKEA,0
Where can I find a place where the chef is passionate about local food?,Lucky Strike - Philadelphia,0
Where can I find a place where the chef is passionate about local food?,Bredenbeck's Bakery & Ice Cream Parlor,0
Where can I find a place where the chef is passionate about local food?,Loews Philadelphia Hotel,1
Where can I find a place where the chef is passionate about local food?,Sweet Box Cupcakes,0
Where can I find a place where the chef is passionate about local food?,Volo Coffeehouse,0
Where can I find a place where the chef is passionate about local food?,Oscar's Tavern,0
Where can I find a place where the chef is passionate about local food?,Philadelphia Marriott Downtown,1
Where can I find a place where the chef is passionate about local food?,Tavern on Broad,0
Where can I find a place where the chef is passionate about local food?,Vango Lounge & Skybar,0
Where can I find a place where the chef is passionate about local food?,Punch Line Philly,0
Where can I find a place where the chef is passionate about local food?,Helium Comedy Club,0
Where can I find a place where the chef is passionate about local food?,Flying Monkey Bakery,0
Where can I find a place where the chef is passionate about local food?,Beiler's Bakery,0
Where can I find a place where the chef is passionate about local food?,Xfinity Live! Philadelphia,0
Where can I find a place where the chef is passionate about local food?,Philadelphia Museum of Art,0
Where can I find a place where the chef is passionate about local food?,Kung Fu Tea,0
Where can I find a place where the chef is passionate about local food?,The Famous 4th Street Cookie Company,0
Where can I find a place where the chef is passionate about local food?,Woody's,0
Recommend a restaurant with interesting food textures.,Han Dynasty,3
Recommend a restaurant with interesting food textures.,Fond,3
Recommend a restaurant with interesting food textures.,Chifa,3
Recommend a restaurant with interesting food textures.,Bistro SouthEast,3
Recommend a restaurant with interesting food textures.,The Fat Ham,3
Recommend a restaurant with interesting food textures.,Percy Street Barbecue,2
Recommend a restaurant with interesting food textures.,Rangoon Burmese Restaurant,3
Recommend a restaurant with interesting food textures.,Supper,2
Recommend a restaurant with interesting food textures.,Vietnam Restaurant,3
Recommend a restaurant with interesting food textures.,Nom Nom Ramen,2
Recommend a restaurant with interesting food textures.,QT Vietnamese Sandwich,2
Recommend a restaurant with interesting food textures.,Su Xing House,3
Recommend a restaurant with interesting food textures.,Dim Sum Garden,3
Recommend a restaurant with interesting food textures.,Paesano's Philly Style,3
Recommend a restaurant with interesting food textures.,Lolita,3
Recommend a restaurant with interesting food textures.,Tamarind,2
Recommend a restaurant with interesting food textures.,Love & Honey Fried Chicken,3
Recommend a restaurant with interesting food textures.,Matyson,3
Recommend a restaurant with interesting food textures.,Kanella,2
Recommend a restaurant with interesting food textures.,Kensington Quarters,3
Recommend a restaurant with interesting food textures.,Serpico,3
Recommend a restaurant with interesting food textures.,Bud & Marilyn's,2
Recommend a restaurant with interesting food textures.,New Harmony Vegetarian Restaurant,2
Recommend a restaurant with interesting food textures.,Baby Blues BBQ Philly,2
Recommend a restaurant with interesting food textures.,Vernick Food & Drink,3
Recommend a restaurant with interesting food textures.,Jakes Sandwich Board - 12th St,3
Recommend a restaurant with interesting food textures.,Shiao Lan Kung,3
Recommend a restaurant with interesting food textures.,Sang Kee Noodle House,2
Recommend a restaurant with interesting food textures.,Govinda's Vegetarian,3
Recommend a restaurant with interesting food textures.,Sbraga,3
Recommend a restaurant with interesting food textures.,Green Eggs Café,3
Recommend a restaurant with interesting food textures.,Fogo de Chao,2
Recommend a restaurant with interesting food textures.,Jong Ka Jib,2
Recommend a restaurant with interesting food textures.,Spice Finch,2
Recommend a restaurant with interesting food textures.,Osteria,2
Recommend a restaurant with interesting food textures.,Hickory Lane American Bistro,2
Recommend a restaurant with interesting food textures.,Abe Fisher,3
Recommend a restaurant with interesting food textures.,Banana Leaf,2
Recommend a restaurant with interesting food textures.,Bar Ferdinand,3
Recommend a restaurant with interesting food textures.,Tashan,3
Recommend a restaurant with interesting food textures.,New Delhi Indian Restaurant,2
Recommend a restaurant with interesting food textures.,Vietnam Cafe,2
Recommend a restaurant with interesting food textures.,Sabrina's Café,2
Recommend a restaurant with interesting food textures.,Dim Sum House,3
Recommend a restaurant with interesting food textures.,E Mei Restaurant,3
Recommend a restaurant with interesting food textures.,Vedge,3
Recommend a restaurant with interesting food textures.,HipCityVeg - University City,3
Recommend a restaurant with interesting food textures.,Resurrection Ale House,2
Recommend a restaurant with interesting food textures.,Branzino Italian Ristorante,2
Recommend a restaurant with interesting food textures.,Southgate,3
Recommend a restaurant with interesting food textures.,High Street Philadelphia,3
Recommend a restaurant with interesting food textures.,Honest Tom's Plant Based Taco Shop,2
Recommend a restaurant with interesting food textures.,V Street,3
Recommend a restaurant with interesting food textures.,Russet,3
Recommend a restaurant with interesting food textures.,Sahara Grill,2
Recommend a restaurant with interesting food textures.,Ting Wong Restaurant,2
Recommend a restaurant with interesting food textures.,Buddakan,3
Recommend a restaurant with interesting food textures.,Hardena_Waroeng Surabaya Restaurant,3
Recommend a restaurant with interesting food textures.,IndeBlue Modern Indian Food & Spirits,3
Recommend a restaurant with interesting food textures.,Soup Kitchen Cafe,3
Recommend a restaurant with interesting food textures.,Indian Kitchen Lovash,2
Recommend a restaurant with interesting food textures.,Sate Kampar,2
Recommend a restaurant with interesting food textures.,Khmer Kitchen,3
Recommend a restaurant with interesting food textures.,Marigold Kitchen,3
Recommend a restaurant with interesting food textures.,Jamonera,3
Recommend a restaurant with interesting food textures.,Audrey Claire,2
Recommend a restaurant with interesting food textures.,Kalaya,3
Recommend a restaurant with interesting food textures.,Modo Mio,2
Recommend a restaurant with interesting food textures.,HipCityVeg,2
Recommend a restaurant with interesting food textures.,Terakawa Ramen,2
Recommend a restaurant with interesting food textures.,Cheu Noodle Bar,3
Recommend a restaurant with interesting food textures.,Chima Steakhouse,2
Recommend a restaurant with interesting food textures.,Tommy DiNic's,3
Recommend a restaurant with interesting food textures.,Penang,2
Recommend a restaurant with interesting food textures.,Butcher and Singer,2
Recommend a restaurant with interesting food textures.,Noord,3
Recommend a restaurant with interesting food textures.,Rex at the Royal,2
Recommend a restaurant with interesting food textures.,Federal Donuts,3
Recommend a restaurant with interesting food textures.,Sampan,3
Recommend a restaurant with interesting food textures.,Le Virtu,3
Recommend a restaurant with interesting food textures.,Laurel,3
Recommend a restaurant with interesting food textures.,Kabobeesh,2
Recommend a restaurant with interesting food textures.,Vientiane Café,3
Recommend a restaurant with interesting food textures.,Banh Mi and Bottles,2
Recommend a restaurant with interesting food textures.,Smile Cafe,2
Recommend a restaurant with interesting food textures.,Tampopo,2
Recommend a restaurant with interesting food textures.,Circles Contemporary Thai,2
Recommend a restaurant with interesting food textures.,Figs,2
Recommend a restaurant with interesting food textures.,Dan Dan,3
Recommend a restaurant with interesting food textures.,JJ Thai Cuisine,3
Recommend a restaurant with interesting food textures.,Alla Spina,2
Recommend a restaurant with interesting food textures.,Circles Contemporary Asian,2
Recommend a restaurant with interesting food textures.,Pattaya,2
Recommend a restaurant with interesting food textures.,The Spicy Belly,3
Recommend a restaurant with interesting food textures.,Stockyard Sandwich,3
Recommend a restaurant with interesting food textures.,Giwa Korean Kitchen,3
Recommend a restaurant with interesting food textures.,Sweet Lucy's Smokehouse,3
Recommend a restaurant with interesting food textures.,Aksum Cafe,3
Recommend a restaurant with interesting food textures.,Barclay Prime,2
Recommend a restaurant with interesting food textures.,Sazon Restaurant & Cafe,2
Recommend a restaurant with interesting food textures.,Sitar India,2
Recommend a restaurant with interesting food textures.,Butcher Bar,3
Recommend a restaurant with interesting food textures.,Barbuzzo,3
Recommend a restaurant with interesting food textures.,Seorabol Korean Restaurant,2
Recommend a restaurant with interesting food textures.,Bistrot La Minette,2
Recommend a restaurant with interesting food textures.,Real Food Eatery,2
Recommend a restaurant with interesting food textures.,Le Viet Restaurant,3
Recommend a restaurant with interesting food textures.,Isot Mediterranean Cuisine,2
Recommend a restaurant with interesting food textures.,Pumpkin,3
Recommend a restaurant with interesting food textures.,Empress Garden,2
Recommend a restaurant with interesting food textures.,Little Sicily 2,3
Recommend a restaurant with interesting food textures.,The Capital Grille,2
Recommend a restaurant with interesting food textures.,Good Dog Bar,3
Recommend a restaurant with interesting food textures.,John's Roast Pork,2
Recommend a restaurant with interesting food textures.,White Dog Cafe,2
Recommend a restaurant with interesting food textures.,Indian Restaurant,3
Recommend a restaurant with interesting food textures.,Lacroix Restaurant at The Rittenhouse,3
Recommend a restaurant with interesting food textures.,Bibou,3
Recommend a restaurant with interesting food textures.,Dim Sum & Noodle,2
Recommend a restaurant with interesting food textures.,Amis Trattoria,2
Recommend a restaurant with interesting food textures.,Que Chula Es Puebla,2
Recommend a restaurant with interesting food textures.,Apricot Stone,2
Recommend a restaurant with interesting food textures.,Garces Trading Company,2
Recommend a restaurant with interesting food textures.,Khyber Pass Pub,2
Recommend a restaurant with interesting food textures.,Square 1682,2
Recommend a restaurant with interesting food textures.,Joe's Steaks + Soda Shop,3
Recommend a restaurant with interesting food textures.,Tinto,3
Recommend a restaurant with interesting food textures.,Royal Tavern,2
Recommend a restaurant with interesting food textures.,Jack's Firehouse,1
Recommend a restaurant with interesting food textures.,Smokin Bettys,2
Recommend a restaurant with interesting food textures.,Talula's Garden,3
Recommend a restaurant with interesting food textures.,The QUICK FIXX,2
Recommend a restaurant with interesting food textures.,Zahav,3
Recommend a restaurant with interesting food textures.,Stateside,3
Recommend a restaurant with interesting food textures.,Twenty Manning,2
Recommend a restaurant with interesting food textures.,Fork,3
Recommend a restaurant with interesting food textures.,Entree BYOB,2
Recommend a restaurant with interesting food textures.,Tredici Enoteca,2
Recommend a restaurant with interesting food textures.,Little Fish,3
Recommend a restaurant with interesting food textures.,Soy Cafe,2
Recommend a restaurant with interesting food textures.,Spice C,3
Recommend a restaurant with interesting food textures.,Charlie Was a Sinner,2
Recommend a restaurant with interesting food textures.,Bar Hygge,3
Recommend a restaurant with interesting food textures.,Ekta Indian Cuisine,2
Recommend a restaurant with interesting food textures.,Varga Bar,2
Recommend a restaurant with interesting food textures.,Devil's Alley Bar & Grille,2
Recommend a restaurant with interesting food textures.,El Jarocho,2
Recommend a restaurant with interesting food textures.,Melograno,2
Recommend a restaurant with interesting food textures.,Gran Caffe L'Aquila,3
Recommend a restaurant with interesting food textures.,Saad's Halal Restaurant,2
Recommend a restaurant with interesting food textures.,South,2
Recommend a restaurant with interesting food textures.,Hiro Ramen House,3
Recommend a restaurant with interesting food textures.,El Camino Real,2
Recommend a restaurant with interesting food textures.,Revolution Taco,3
Recommend a restaurant with interesting food textures.,Honey's Sit N Eat,2
Recommend a restaurant with interesting food textures.,Sang Kee Peking Duck House,2
Recommend a restaurant with interesting food textures.,Tai Lake Restaurant,2
Recommend a restaurant with interesting food textures.,The Love,3
Recommend a restaurant with interesting food textures.,Nan Zhou Hand Drawn Noodle House,3
Recommend a restaurant with interesting food textures.,Walnut Street Cafe,2
Recommend a restaurant with interesting food textures.,The Continental Mid-town,2
Recommend a restaurant with interesting food textures.,Dmitri's,3
Recommend a restaurant with interesting food textures.,Dos Tacos,2
Recommend a restaurant with interesting food textures.,Mercato BYOB,3
Recommend a restaurant with interesting food textures.,Marrakesh,3
Recommend a restaurant with interesting food textures.,Yamitsuki Ramen,2
Recommend a restaurant with interesting food textures.,The Farmers' Cabinet,2
Recommend a restaurant with interesting food textures.,Monsú,3
Recommend a restaurant with interesting food textures.,Wedge + Fig,3
Recommend a restaurant with interesting food textures.,Koreana,2
Recommend a restaurant with interesting food textures.,Nam Phuong,3
Recommend a restaurant with interesting food textures.,The Original Tony Lukes,2
Recommend a restaurant with interesting food textures.,Honey's Sit-N-Eat,2
Recommend a restaurant with interesting food textures.,Harvest Seasonal Grill & Wine Bar - Philadelphia,2
Recommend a restaurant with interesting food textures.,Bridget Foy's,2
Recommend a restaurant with interesting food textures.,Distrito,2
Recommend a restaurant with interesting food textures.,Blackbird Pizzeria,2
Recommend a restaurant with interesting food textures.,Catahoula,2
Recommend a restaurant with interesting food textures.,a.kitchen,2
Recommend a restaurant with interesting food textures.,South Philadelphia Tap Room,2
Recommend a restaurant with interesting food textures.,Taqueria La Veracruzana,2
Recommend a restaurant with interesting food textures.,Taco Riendo,2
Recommend a restaurant with interesting food textures.,Ramen Bar,2
Recommend a restaurant with interesting food textures.,Erawan Thai Cuisine,2
Recommend a restaurant with interesting food textures.,Hummus Grill,2
Recommend a restaurant with interesting food textures.,Pho Xe Lua Viet Thai Restaurant,2
Recommend a restaurant with interesting food textures.,North Third,2
Recommend a restaurant with interesting food textures.,Fare,2
Recommend a restaurant with interesting food textures.,Farmicia,2
Recommend a restaurant with interesting food textures.,Cantina Dos Segundos,2
Recommend a restaurant with interesting food textures.,Friday Saturday Sunday,3
Recommend a restaurant with interesting food textures.,Tria Taproom,3
Recommend a restaurant with interesting food textures.,Stock,2
Recommend a restaurant with interesting food textures.,Cafe Diem,3
Recommend a restaurant with interesting food textures.,Pub & Kitchen,3
Recommend a restaurant with interesting food textures.,Las Bugambilias,2
Recommend a restaurant with interesting food textures.,Amada,3
Recommend a restaurant with interesting food textures.,Wm Mulherin's Sons,3
Recommend a restaurant with interesting food textures.,Karma Restaurant & Bar,2
Recommend a restaurant with interesting food textures.,Ms Tootsie's RBL,2
Recommend a restaurant with interesting food textures.,The Dandelion,2
Recommend a restaurant with interesting food textures.,The Industry,1
Recommend a restaurant with interesting food textures.,Cafe Ynez,2
Recommend a restaurant with interesting food textures.,Fuel Center City,2
Recommend a restaurant with interesting food textures.,Memphis Taproom,3
Recommend a restaurant with interesting food textures.,Miles Table,2
Recommend a restaurant with interesting food textures.,Philadelphia Chutney Company,3
Recommend a restaurant with interesting food textures.,Rose Tattoo Cafe,2
Recommend a restaurant with interesting food textures.,Doma,3
Recommend a restaurant with interesting food textures.,Bing Bing Dim Sum,3
Recommend a restaurant with interesting food textures.,Xochitl,2
Recommend a restaurant with interesting food textures.,Fette Sau,2
Recommend a restaurant with interesting food textures.,Shang Hai 1,2
Recommend a restaurant with interesting food textures.,Kraftwork,2
Recommend a restaurant with interesting food textures.,Jasmine Rice - Rittenhouse,2
Recommend a restaurant with interesting food textures.,Cafe Lift,2
Recommend a restaurant with interesting food textures.,Tiffin,2
Recommend a restaurant with interesting food textures.,Spice End,2
Recommend a restaurant with interesting food textures.,Double Knot,2
Recommend a restaurant with interesting food textures.,Bourbon & Branch,2
Recommend a restaurant with interesting food textures.,Veda - Modern Indian Bistro,2
Recommend a restaurant with interesting food textures.,Iron Hill Brewery & Restaurant,2
Recommend a restaurant with interesting food textures.,Jones,2
Recommend a restaurant with interesting food textures.,Sancho Pistola's,2
Recommend a restaurant with interesting food textures.,Gyu-Kaku Japanese BBQ,2
Recommend a restaurant with interesting food textures.,Zavino,2
Recommend a restaurant with interesting food textures.,La Viola,2
Recommend a restaurant with interesting food textures.,Sakura Mandarin,3
Recommend a restaurant with interesting food textures.,Little Nonna's,2
Recommend a restaurant with interesting food textures.,Vetri Cucina,3
Recommend a restaurant with interesting food textures.,Fuel,2
Recommend a restaurant with interesting food textures.,Hershel's East Side Deli,2
Recommend a restaurant with interesting food textures.,Kilimandjaro Restaurant,3
Recommend a restaurant with interesting food textures.,Jake's & Cooper's Wine Bar & Wine Shop,2
Recommend a restaurant with interesting food textures.,Sam's Morning Glory Diner,2
Recommend a restaurant with interesting food textures.,Giorgio On Pine,3
Recommend a restaurant with interesting food textures.,Spice 28,2
Recommend a restaurant with interesting food textures.,The Sidecar Bar & Grille,2
Recommend a restaurant with interesting food textures.,Xiandu Thai,2
Recommend a restaurant with interesting food textures.,L'Angolo Ristorante,3
Recommend a restaurant with interesting food textures.,Strangelove's,2
Recommend a restaurant with interesting food textures.,Uzbekistan Restaurant,3
Recommend a restaurant with interesting food textures.,The Rooster,2
Recommend a restaurant with interesting food textures.,Deke's Bar-B-Que,2
Recommend a restaurant with interesting food textures.,Cuba Libre Restaurant & Rum Bar - Philadelphia,3
Recommend a restaurant with interesting food textures.,Café y Chocolate,3
Recommend a restaurant with interesting food textures.,American Sardine Bar,2
Recommend a restaurant with interesting food textures.,Royal Sushi & Izakaya,2
Recommend a restaurant with interesting food textures.,Suraya,3
Recommend a restaurant with interesting food textures.,The Little Lion,2
Recommend a restaurant with interesting food textures.,Meltkraft At Reading Terminal Market,3
Recommend a restaurant with interesting food textures.,Marmont Steakhouse & Bar,1
Recommend a restaurant with interesting food textures.,Alyan's Restaurant,2
Recommend a restaurant with interesting food textures.,Alma de Cuba,2
Recommend a restaurant with interesting food textures.,Cedar Point Bar and Kitchen,2
Recommend a restaurant with interesting food textures.,Tres Jalapenos,2
Recommend a restaurant with interesting food textures.,El Fuego,2
Recommend a restaurant with interesting food textures.,Bonchon Philadelphia,3
Recommend a restaurant with interesting food textures.,Steve's Prince of Steaks,2
Recommend a restaurant with interesting food textures.,Underdogs,2
Recommend a restaurant with interesting food textures.,The Dutch,3
Recommend a restaurant with interesting food textures.,La Fourno Ristorante Trattoria,2
Recommend a restaurant with interesting food textures.,Spasso Italian Grill,2
Recommend a restaurant with interesting food textures.,Zorba's Taverna,2
Recommend a restaurant with interesting food textures.,Mixto,2
Recommend a restaurant with interesting food textures.,La Calaca Feliz,2
Recommend a restaurant with interesting food textures.,Village Whiskey,2
Recommend a restaurant with interesting food textures.,Tierra Colombiana Restaurant,2
Recommend a restaurant with interesting food textures.,Radicchio Cafe,2
Recommend a restaurant with interesting food textures.,Paris Bistro and Jazz Cafe,2
Recommend a restaurant with interesting food textures.,Rybread,2
Recommend a restaurant with interesting food textures.,The Twisted Tail,2
Recommend a restaurant with interesting food textures.,City Tap House,2
Recommend a restaurant with interesting food textures.,Ela,3
Recommend a restaurant with interesting food textures.,Valanni,3
Recommend a restaurant with interesting food textures.,Ratchada Thai & Laos Cuisine,2
Recommend a restaurant with interesting food textures.,Porcini,2
Recommend a restaurant with interesting food textures.,K'Far Cafe,3
Recommend a restaurant with interesting food textures.,Mission Taqueria,2
Recommend a restaurant with interesting food textures.,The Abbaye,2
Recommend a restaurant with interesting food textures.,Front Street Cafe,3
Recommend a restaurant with interesting food textures.,Pennsylvania 6,2
Recommend a restaurant with interesting food textures.,Parc,2
Recommend a restaurant with interesting food textures.,Nom Wah Philadelphia,3
Recommend a restaurant with interesting food textures.,P S & Co,3
Recommend a restaurant with interesting food textures.,Woodrow's Sandwich Shop,2
Recommend a restaurant with interesting food textures.,Bar Bombón,2
Recommend a restaurant with interesting food textures.,Marathon On the Square,2
Recommend a restaurant with interesting food textures.,Pod,2
Recommend a restaurant with interesting food textures.,The Blue Duck,2
Recommend a restaurant with interesting food textures.,Morimoto,2
Recommend a restaurant with interesting food textures.,Rustica,3
Recommend a restaurant with interesting food textures.,South Philly Barbacoa,3
Recommend a restaurant with interesting food textures.,Pearl's Oyster Bar,2
Recommend a restaurant with interesting food textures.,La Peg,2
Recommend a restaurant with interesting food textures.,Silk City Diner & Lounge,2
Recommend a restaurant with interesting food textures.,Hinge Cafe,2
Recommend a restaurant with interesting food textures.,Green Eggs Cafe,2
Recommend a restaurant with interesting food textures.,Devil's Den,2
Recommend a restaurant with interesting food textures.,Heritage,3
Recommend a restaurant with interesting food textures.,Hippot Shabu Shabu,2
Recommend a restaurant with interesting food textures.,Sweet Freedom Bakery,2
Recommend a restaurant with interesting food textures.,Beck's Cajun Cafe,3
Recommend a restaurant with interesting food textures.,Famous 4th Street Delicatessen,2
Recommend a restaurant with interesting food textures.,Day By Day,3
Recommend a restaurant with interesting food textures.,Blue Corn,2
Recommend a restaurant with interesting food textures.,48th Street Grille,2
Recommend a restaurant with interesting food textures.,Ants Pants Café,2
Recommend a restaurant with interesting food textures.,Positano Coast by Aldo Lamberti,3
Recommend a restaurant with interesting food textures.,Mama's Vegetarian,3
Recommend a restaurant with interesting food textures.,Del Frisco's Double Eagle Steakhouse,2
Recommend a restaurant with interesting food textures.,Manakeesh Cafe Bakery & Grill,3
Recommend a restaurant with interesting food textures.,Gnocchi,3
Recommend a restaurant with interesting food textures.,Hai Street Kitchen & Co,3
Recommend a restaurant with interesting food textures.,Tom's Dim Sum,3
Recommend a restaurant with interesting food textures.,XIX Nineteen,2
Recommend a restaurant with interesting food textures.,Las Cazuelas Restaurant BYOB,2
Recommend a restaurant with interesting food textures.,Harp & Crown,3
Recommend a restaurant with interesting food textures.,Caribou Cafe,1
Recommend a restaurant with interesting food textures.,Effie's Restaurant,2
Recommend a restaurant with interesting food textures.,House of Thai Cuisine,3
Recommend a restaurant with interesting food textures.,McCormick & Schmick's Seafood & Steaks,2
Recommend a restaurant with interesting food textures.,Devon Seafood Grill,2
Recommend a restaurant with interesting food textures.,Termini Bros Bakery,3
Recommend a restaurant with interesting food textures.,Standard Tap,2
Recommend a restaurant with interesting food textures.,Pizzeria Vetri,2
Recommend a restaurant with interesting food textures.,Destination Dogs,3
Recommend a restaurant with interesting food textures.,The Adobe Cafe,2
Recommend a restaurant with interesting food textures.,Chabaa Thai Bistro,2
Recommend a restaurant with interesting food textures.,Estia,3
Recommend a restaurant with interesting food textures.,Amma's South Indian Cuisine,2
Recommend a restaurant with interesting food textures.,The Gaslight,2
Recommend a restaurant with interesting food textures.,Cafe La Maude,3
Recommend a restaurant with interesting food textures.,Taqueria Feliz,3
Recommend a restaurant with interesting food textures.,Pho Ha,3
Recommend a restaurant with interesting food textures.,Marathon,2
Recommend a restaurant with interesting food textures.,La Locanda Del Ghiottone,2
Recommend a restaurant with interesting food textures.,Hungry Pigeon,2
Recommend a restaurant with interesting food textures.,R2L,2
Recommend a restaurant with interesting food textures.,Villa Di Roma,2
Recommend a restaurant with interesting food textures.,Animo Juice,1
Recommend a restaurant with interesting food textures.,Kite & Key,2
Recommend a restaurant with interesting food textures.,Goldie,3
Recommend a restaurant with interesting food textures.,Booker's Restaurant and Bar,2
Recommend a restaurant with interesting food textures.,Pho Cali Vietnamese Restaurant,2
Recommend a restaurant with interesting food textures.,Urban Farmer Philadelphia,2
Recommend a restaurant with interesting food textures.,London Grill,2
Recommend a restaurant with interesting food textures.,Jamaican Jerk Hut,2
Recommend a restaurant with interesting food textures.,Ocean Prime,2
Recommend a restaurant with interesting food textures.,Hawthornes Biercafé,2
Recommend a restaurant with interesting food textures.,Davios,2
Recommend a restaurant with interesting food textures.,Chubbys Steaks,2
Recommend a restaurant with interesting food textures.,Di Bruno Bros.,2
Recommend a restaurant with interesting food textures.,Little Spoon Cafe,2
Recommend a restaurant with interesting food textures.,Pinefish,2
Recommend a restaurant with interesting food textures.,K-POT Korean BBQ & Hot Pot,3
Recommend a restaurant with interesting food textures.,The Belgian Café,2
Recommend a restaurant with interesting food textures.,Rose Petals Cafe,2
Recommend a restaurant with interesting food textures.,Middle Child,3
Recommend a restaurant with interesting food textures.,Almaz Cafe,2
Recommend a restaurant with interesting food textures.,Opa,2
Recommend a restaurant with interesting food textures.,Masala Kitchen Kati Rolls and Platters,2
Recommend a restaurant with interesting food textures.,Prohibition Taproom,2
Recommend a restaurant with interesting food textures.,Local 44,2
Recommend a restaurant with interesting food textures.,David's Mai Lai Wah,2
Recommend a restaurant with interesting food textures.,Mac Mart,3
Recommend a restaurant with interesting food textures.,Rittenhouse Grill,1
Recommend a restaurant with interesting food textures.,Tequilas Restaurant,2
Recommend a restaurant with interesting food textures.,Bank & Bourbon,2
Recommend a restaurant with interesting food textures.,Anastasi Seafood,2
Recommend a restaurant with interesting food textures.,Moshulu,2
Recommend a restaurant with interesting food textures.,Pho Saigon,2
Recommend a restaurant with interesting food textures.,Greg's Kitchen,2
Recommend a restaurant with interesting food textures.,Race Street Cafe,2
Recommend a restaurant with interesting food textures.,Ristorante Pesto,2
Recommend a restaurant with interesting food textures.,Rouge,2
Recommend a restaurant with interesting food textures.,The Good King Tavern,3
Recommend a restaurant with interesting food textures.,Bellini,2
Recommend a restaurant with interesting food textures.,McCrossen's Tavern,2
Recommend a restaurant with interesting food textures.,Pho Ha Saigon,2
Recommend a restaurant with interesting food textures.,Bobby's Burger Palace,2
Recommend a restaurant with interesting food textures.,Octopus Falafel Truck,3
Recommend a restaurant with interesting food textures.,Max Brenner - Philadelphia,2
Recommend a restaurant with interesting food textures.,Wrap Shack,2
Recommend a restaurant with interesting food textures.,Rosy's Taco Bar,2
Recommend a restaurant with interesting food textures.,Winnie's Manayunk,1
Recommend a restaurant with interesting food textures.,The Bakeshop on 20th,3
Recommend a restaurant with interesting food textures.,PYT,3
Recommend a restaurant with interesting food textures.,Schlesinger's,2
Recommend a restaurant with interesting food textures.,Pizzeria Stella,3
Recommend a restaurant with interesting food textures.,Chhaya Cafe,2
Recommend a restaurant with interesting food textures.,Bufad,3
Recommend a restaurant with interesting food textures.,The Continental Restaurant and Martini Bar,3
Recommend a restaurant with interesting food textures.,Jose Pistola's,2
Recommend a restaurant with interesting food textures.,Talula's Daily,2
Recommend a restaurant with interesting food textures.,Del Rossi's Cheesesteak,1
Recommend a restaurant with interesting food textures.,Copabanana,1
Recommend a restaurant with interesting food textures.,Joy Tsin Lau Chinese Restaurant,3
Recommend a restaurant with interesting food textures.,Smiley's Cafe,2
Recommend a restaurant with interesting food textures.,Perch Pub,2
Recommend a restaurant with interesting food textures.,The Foodery at Rittenhouse,2
Recommend a restaurant with interesting food textures.,Mood Cafe,3
Recommend a restaurant with interesting food textures.,Pietro's Coal Oven Pizzeria,2
Recommend a restaurant with interesting food textures.,Koch's Deli,2
Recommend a restaurant with interesting food textures.,El Rey,2
Recommend a restaurant with interesting food textures.,Cosmi's Deli,2
Recommend a restaurant with interesting food textures.,Cleavers,2
Recommend a restaurant with interesting food textures.,LaScala's,2
Recommend a restaurant with interesting food textures.,Ocean Harbor,2
Recommend a restaurant with interesting food textures.,Sardi's Pollo A La Brasa,2
Recommend a restaurant with interesting food textures.,Barcelona Wine Bar Passyunk,3
Recommend a restaurant with interesting food textures.,Creperie Beau Monde & L'Etage,3
Recommend a restaurant with interesting food textures.,Buena Onda,2
Recommend a restaurant with interesting food textures.,Bourbon Blue,2
Recommend a restaurant with interesting food textures.,Nick's Old Original Roast Beef,3
Recommend a restaurant with interesting food textures.,Slice,2
Recommend a restaurant with interesting food textures.,Three Monkeys Cafe,1
Recommend a restaurant with interesting food textures.,Santucci's Original Square Pizza,2
Recommend a restaurant with interesting food textures.,Cantina Los Caballitos,2
Recommend a restaurant with interesting food textures.,Sketch Burger,2
Recommend a restaurant with interesting food textures.,Loco Pez,2
Recommend a restaurant with interesting food textures.,Greek Lady,2
Recommend a restaurant with interesting food textures.,Bainbridge Street Barrel House,2
Recommend a restaurant with interesting food textures.,Bistro Romano,2
Recommend a restaurant with interesting food textures.,honeygrow,2
Recommend a restaurant with interesting food textures.,Tria Cafe Wash West,3
Recommend a restaurant with interesting food textures.,Louie Louie,2
Recommend a restaurant with interesting food textures.,Trolley Car Diner,2
Recommend a restaurant with interesting food textures.,Café Soho,3
Recommend a restaurant with interesting food textures.,Angelo's Pizzeria,3
Recommend a restaurant with interesting food textures.,Dante & Luigi's,2
Recommend a restaurant with interesting food textures.,Down Home Diner,1
Recommend a restaurant with interesting food textures.,Nine Ting,2
Recommend a restaurant with interesting food textures.,In Riva,3
Recommend a restaurant with interesting food textures.,Maggiano's Little Italy,2
Recommend a restaurant with interesting food textures.,Brauhaus Schmitz,2
Recommend a restaurant with interesting food textures.,Panorama,3
Recommend a restaurant with interesting food textures.,Abyssinia,3
Recommend a restaurant with interesting food textures.,Revolution House,2
Recommend a restaurant with interesting food textures.,Francoluigi's Pizzeria & Italian Restaurant,2
Recommend a restaurant with interesting food textures.,The Goat's Beard,3
Recommend a restaurant with interesting food textures.,Capogiro Gelato,2
Recommend a restaurant with interesting food textures.,The Victor Cafe,2
Recommend a restaurant with interesting food textures.,So Crepe,2
Recommend a restaurant with interesting food textures.,Bareburger - Midtown Village,2
Recommend a restaurant with interesting food textures.,Miel Patisserie,2
Recommend a restaurant with interesting food textures.,Marra's,2
Recommend a restaurant with interesting food textures.,Triumph Brewing Company,2
Recommend a restaurant with interesting food textures.,Zama,3
Recommend a restaurant with interesting food textures.,Jerry's Bar,2
Recommend a restaurant with interesting food textures.,Urban Saloon,2
Recommend a restaurant with interesting food textures.,Dutch Eating Place,2
Recommend a restaurant with interesting food textures.,Magpie,3
Recommend a restaurant with interesting food textures.,Murph's Bar,2
Recommend a restaurant with interesting food textures.,By George! Pizza Pasta & Cheesesteaks,2
Recommend a restaurant with interesting food textures.,Landmark Americana Tap & Grill - University City,1
Recommend a restaurant with interesting food textures.,Bubblefish,3
Recommend a restaurant with interesting food textures.,Earth Bread + Brewery,3
Recommend a restaurant with interesting food textures.,Tela's Market & Kitchen,2
Recommend a restaurant with interesting food textures.,Gooey Looie's,2
Recommend a restaurant with interesting food textures.,Black & Brew,2
Recommend a restaurant with interesting food textures.,Ten Stone Bar & Restaurant,1
Recommend a restaurant with interesting food textures.,Tria Cafe Rittenhouse,2
Recommend a restaurant with interesting food textures.,Ralphs Italian Restaurant,2
Recommend a restaurant with interesting food textures.,Luna Café,2
Recommend a restaurant with interesting food textures.,The Cheesecake Factory,2
Recommend a restaurant with interesting food textures.,Pho 75,2
Recommend a restaurant with interesting food textures.,Mac's Tavern,2
Recommend a restaurant with interesting food textures.,Darling's Diner,1
Recommend a restaurant with interesting food textures.,Serafina Philadelphia,1
Recommend a restaurant with interesting food textures.,SPOT Gourmet Burgers,3
Recommend a restaurant with interesting food textures.,City Tavern Restaurant,2
Recommend a restaurant with interesting food textures.,The Cambridge,2
Recommend a restaurant with interesting food textures.,Cedar Park Cafe,2
Recommend a restaurant with interesting food textures.,Harper's Garden,2
Recommend a restaurant with interesting food textures.,Pat's King of Steaks,2
Recommend a restaurant with interesting food textures.,Lazaro's Pizzeria & Grill,2
Recommend a restaurant with interesting food textures.,Ladder 15,2
Recommend a restaurant with interesting food textures.,The Famous 4th Street Cookie Company,3
Recommend a restaurant with interesting food textures.,Los Gallos Mexican Taqueria,2
Recommend a restaurant with interesting food textures.,Sonny's Famous Steaks,2
Recommend a restaurant with interesting food textures.,Chickie's & Pete's,2
Recommend a restaurant with interesting food textures.,New Deck Tavern,1
Recommend a restaurant with interesting food textures.,La Fontana Della Citta,2
Recommend a restaurant with interesting food textures.,Trolley Car Cafe,2
Recommend a restaurant with interesting food textures.,Nomad Pizza Company,2
Recommend a restaurant with interesting food textures.,Bar-Ly Chinatown,2
Recommend a restaurant with interesting food textures.,Stogie Joe's Tavern,2
Recommend a restaurant with interesting food textures.,Misconduct Tavern,2
Recommend a restaurant with interesting food textures.,Barra Rossa Ristorante,2
Recommend a restaurant with interesting food textures.,Luke's Lobster Rittenhouse,2
Recommend a restaurant with interesting food textures.,Relish,2
Recommend a restaurant with interesting food textures.,LaScala's Birra,2
Recommend a restaurant with interesting food textures.,Lucky's Last Chance,3
Recommend a restaurant with interesting food textures.,Campo's Philly Cheesesteaks,2
Recommend a restaurant with interesting food textures.,Penrose Diner,2
Recommend a restaurant with interesting food textures.,2nd Story Brewing,2
Recommend a restaurant with interesting food textures.,500 Degrees,3
Recommend a restaurant with interesting food textures.,SOMO Manayunk,2
Recommend a restaurant with interesting food textures.,Dinardo's Famous Crabs,2
Recommend a restaurant with interesting food textures.,Nomad Roman Pizza,3
Recommend a restaurant with interesting food textures.,Molly Malloy's,2
Recommend a restaurant with interesting food textures.,The Couch Tomato Cafe,2
Recommend a restaurant with interesting food textures.,The Gold Standard Cafe,2
Recommend a restaurant with interesting food textures.,Con Murphy's,1
Recommend a restaurant with interesting food textures.,Mad Mex - University City,1
Recommend a restaurant with interesting food textures.,Tacconelli's Pizzeria,2
Recommend a restaurant with interesting food textures.,T-Swirl Crêpe,3
Recommend a restaurant with interesting food textures.,Oh Brother Philly,2
Recommend a restaurant with interesting food textures.,Little Pete's Restaurant,1
Recommend a restaurant with interesting food textures.,Nifty Fifty's,2
Recommend a restaurant with interesting food textures.,Jimmy G's Steaks,2
Recommend a restaurant with interesting food textures.,Lucha Cartel,2
Recommend a restaurant with interesting food textures.,Carmen's Famous Italian Hoagies,2
Recommend a restaurant with interesting food textures.,Sassafras Bar,2
Recommend a restaurant with interesting food textures.,Ishkabibble's,2
Recommend a restaurant with interesting food textures.,Oyster House,2
Recommend a restaurant with interesting food textures.,Shake Shack,2
Recommend a restaurant with interesting food textures.,Dock Street Brewery,2
Recommend a restaurant with interesting food textures.,Red Owl Tavern,2
Recommend a restaurant with interesting food textures.,Warmdaddy's,2
Recommend a restaurant with interesting food textures.,Yanako,2
Recommend a restaurant with interesting food textures.,Bleu Sushi,3
Recommend a restaurant with interesting food textures.,Chickie's and Pete's,2
Recommend a restaurant with interesting food textures.,Le Pain Quotidien,2
Recommend a restaurant with interesting food textures.,Sumo Sushi,2
Recommend a restaurant with interesting food textures.,Melrose Diner,1
Recommend a restaurant with interesting food textures.,Legal Sea Foods,2
Recommend a restaurant with interesting food textures.,El Poquito,2
Recommend a restaurant with interesting food textures.,Geno's Steaks,2
Recommend a restaurant with interesting food textures.,Jim's Steaks,2
Recommend a restaurant with interesting food textures.,The Plough & the Stars,2
Recommend a restaurant with interesting food textures.,Chart House,2
Recommend a restaurant with interesting food textures.,The Olde Bar,2
Recommend a restaurant with interesting food textures.,Zento Contemporary Japanese Cuisine,2
Recommend a restaurant with interesting food textures.,Morgan's Pier,1
Recommend a restaurant with interesting food textures.,El Vez,2
Recommend a restaurant with interesting food textures.,Reading Terminal Market,3
Recommend a restaurant with interesting food textures.,Las Margaritas,1
Recommend a restaurant with interesting food textures.,Jim's South St,2
Recommend a restaurant with interesting food textures.,Flying Monkey Bakery,2
Recommend a restaurant with interesting food textures.,The Happy Rooster,2
Recommend a restaurant with interesting food textures.,One Shot Coffee,2
Recommend a restaurant with interesting food textures.,Umai Umai,3
Recommend a restaurant with interesting food textures.,Vintage Wine Bar,2
Recommend a restaurant with interesting food textures.,Philip's Steaks,2
Recommend a restaurant with interesting food textures.,Porta,1
Recommend a restaurant with interesting food textures.,Yakitori Boy,2
Recommend a restaurant with interesting food textures.,1225Raw Sushi and Sake Lounge,2
Recommend a restaurant with interesting food textures.,Dizengoff,2
Recommend a restaurant with interesting food textures.,Dalessandro’s Steaks & Hoagies,3
Recommend a restaurant with interesting food textures.,OCF Coffee House,2
Recommend a restaurant with interesting food textures.,Monk's Cafe,2
Recommend a restaurant with interesting food textures.,Time,2
Recommend a restaurant with interesting food textures.,Fat Salmon,3
Recommend a restaurant with interesting food textures.,Cactus Restaurant & Bar,1
Recommend a restaurant with interesting food textures.,Cafe Olé,2
Recommend a restaurant with interesting food textures.,Isgro Pastries,3
Recommend a restaurant with interesting food textures.,Hard Rock Cafe,1
Recommend a restaurant with interesting food textures.,BurgerFi,2
Recommend a restaurant with interesting food textures.,The Black Sheep Pub & Restaurant,2
Recommend a restaurant with interesting food textures.,Pizzeria Beddia,3
Recommend a restaurant with interesting food textures.,Mad Rex,2
Recommend a restaurant with interesting food textures.,Happily Ever After,2
Recommend a restaurant with interesting food textures.,Johnny Brenda's,2
Recommend a restaurant with interesting food textures.,Toast,2
Recommend a restaurant with interesting food textures.,Chubby Cattle,3
Recommend a restaurant with interesting food textures.,Pizza Brain,3
Recommend a restaurant with interesting food textures.,Fuji Mountain,3
Recommend a restaurant with interesting food textures.,MilkBoy,2
Recommend a restaurant with interesting food textures.,Crazy Sushi,2
Recommend a restaurant with interesting food textures.,Bottle Bar East,2
Recommend a restaurant with interesting food textures.,Knead Bagels,3
Recommend a restaurant with interesting food textures.,Manayunk Brewery,2
Recommend a restaurant with interesting food textures.,Kabuki Sushi,3
Recommend a restaurant with interesting food textures.,Beiler's Bakery,3
Recommend a restaurant with interesting food textures.,J'aime French Bakery,3
Recommend a restaurant with interesting food textures.,Swiss Haus Cafe & Pastry Bar,2
Recommend a restaurant with interesting food textures.,National Mechanics,1
Recommend a restaurant with interesting food textures.,&pizza - Walnut,2
Recommend a restaurant with interesting food textures.,Spread Bagelry,3
Recommend a restaurant with interesting food textures.,Fergie's Pub,2
Recommend a restaurant with interesting food textures.,Aki Nom Nom Sushi & Ramen,2
Recommend a restaurant with interesting food textures.,P'unk Burger,2
Recommend a restaurant with interesting food textures.,Lorenzo & Sons Pizza,2
Recommend a restaurant with interesting food textures.,Bluestone Lane,2
Recommend a restaurant with interesting food textures.,Nodding Head Brewery & Restaurant,2
Recommend a restaurant with interesting food textures.,Little Baby's Ice Cream,3
Recommend a restaurant with interesting food textures.,Spataro's Cheesesteaks,1
Recommend a restaurant with interesting food textures.,Snap Custom Pizza - Center City,2
Recommend a restaurant with interesting food textures.,Sweet Box Cupcakes,2
Recommend a restaurant with interesting food textures.,Moriarty's Restaurant and Irish Pub,2
Recommend a restaurant with interesting food textures.,Max's Steaks,2
Recommend a restaurant with interesting food textures.,Local Tavern,1
Recommend a restaurant with interesting food textures.,JJ Bootleggers,1
Recommend a restaurant with interesting food textures.,Grindcore House,2
Recommend a restaurant with interesting food textures.,Fadó Irish Pub,2
Recommend a restaurant with interesting food textures.,BRÜ Craft & Wurst,2
Recommend a restaurant with interesting food textures.,Tattooed Mom,2
Recommend a restaurant with interesting food textures.,Koto Sushi,2
Recommend a restaurant with interesting food textures.,Vic Sushi Bar,3
Recommend a restaurant with interesting food textures.,Nook Bakery & Coffee Bar,2
Recommend a restaurant with interesting food textures.,La Colombe Coffee,2
Recommend a restaurant with interesting food textures.,Eulogy Belgian Tavern,2
Recommend a restaurant with interesting food textures.,A La Mousse,3
Recommend a restaurant with interesting food textures.,World Cafe Live,1
Recommend a restaurant with interesting food textures.,Fox and Hound,1
Recommend a restaurant with interesting food textures.,Frankford Hall,2
Recommend a restaurant with interesting food textures.,Dave & Buster's,0
Recommend a restaurant with interesting food textures.,TGI Fridays,1
Recommend a restaurant with interesting food textures.,Barcade,1
Recommend a restaurant with interesting food textures.,North Bowl,2
Recommend a restaurant with interesting food textures.,Byblos,2
Recommend a restaurant with interesting food textures.,McGillin's Olde Ale House,1
Recommend a restaurant with interesting food textures.,Bredenbeck's Bakery & Ice Cream Parlor,2
Recommend a restaurant with interesting food textures.,Yards Brewing Company,2
Recommend a restaurant with interesting food textures.,Independence Beer Garden,2
Recommend a restaurant with interesting food textures.,Evil Genius Beer,2
Recommend a restaurant with interesting food textures.,Bok Bar,2
Recommend a restaurant with interesting food textures.,Chapterhouse Café & Gallery,1
Recommend a restaurant with interesting food textures.,IKEA,2
Recommend a restaurant with interesting food textures.,RIM Cafe,3
Recommend a restaurant with interesting food textures.,Tavern on Broad,0
Recommend a restaurant with interesting food textures.,Drinker's Pub,1
Recommend a restaurant with interesting food textures.,Oscar's Tavern,0
Recommend a restaurant with interesting food textures.,Elixr Coffee Roasters,2
Recommend a restaurant with interesting food textures.,Lucky Strike - Philadelphia,2
Recommend a restaurant with interesting food textures.,Kung Fu Tea,2
Recommend a restaurant with interesting food textures.,Volo Coffeehouse,1
Recommend a restaurant with interesting food textures.,Punch Line Philly,1
Recommend a restaurant with interesting food textures.,Helium Comedy Club,1
Recommend a restaurant with interesting food textures.,Philadelphia Marriott Downtown,1
Recommend a restaurant with interesting food textures.,Vango Lounge & Skybar,1
Recommend a restaurant with interesting food textures.,Loews Philadelphia Hotel,1
Recommend a restaurant with interesting food textures.,Xfinity Live! Philadelphia,1
Recommend a restaurant with interesting food textures.,Woody's,0
Recommend a restaurant with interesting food textures.,Philadelphia Museum of Art,1
Where can I dine with thoughtful lighting?,XIX Nineteen,3
Where can I dine with thoughtful lighting?,Joy Tsin Lau Chinese Restaurant,1
Where can I dine with thoughtful lighting?,Nom Wah Philadelphia,1
Where can I dine with thoughtful lighting?,Ocean Harbor,0
Where can I dine with thoughtful lighting?,Dim Sum House,2
Where can I dine with thoughtful lighting?,Tashan,3
Where can I dine with thoughtful lighting?,Lacroix Restaurant at The Rittenhouse,2
Where can I dine with thoughtful lighting?,Supper,3
Where can I dine with thoughtful lighting?,Serpico,2
Where can I dine with thoughtful lighting?,R2L,3
Where can I dine with thoughtful lighting?,Morimoto,3
Where can I dine with thoughtful lighting?,Pod,3
Where can I dine with thoughtful lighting?,Square 1682,2
Where can I dine with thoughtful lighting?,The Gaslight,3
Where can I dine with thoughtful lighting?,Chifa,3
Where can I dine with thoughtful lighting?,Audrey Claire,2
Where can I dine with thoughtful lighting?,Davios,3
Where can I dine with thoughtful lighting?,Zavino,2
Where can I dine with thoughtful lighting?,Barclay Prime,3
Where can I dine with thoughtful lighting?,The Farmers' Cabinet,3
Where can I dine with thoughtful lighting?,The Dandelion,3
Where can I dine with thoughtful lighting?,Harp & Crown,3
Where can I dine with thoughtful lighting?,Marigold Kitchen,2
Where can I dine with thoughtful lighting?,Butcher and Singer,3
Where can I dine with thoughtful lighting?,Distrito,3
Where can I dine with thoughtful lighting?,a.kitchen,2
Where can I dine with thoughtful lighting?,Rouge,2
Where can I dine with thoughtful lighting?,Matyson,3
Where can I dine with thoughtful lighting?,The Continental Mid-town,3
Where can I dine with thoughtful lighting?,Spice Finch,2
Where can I dine with thoughtful lighting?,Laurel,2
Where can I dine with thoughtful lighting?,Mercato BYOB,2
Where can I dine with thoughtful lighting?,Rose Tattoo Cafe,3
Where can I dine with thoughtful lighting?,Talula's Garden,3
Where can I dine with thoughtful lighting?,Sbraga,2
Where can I dine with thoughtful lighting?,Friday Saturday Sunday,3
Where can I dine with thoughtful lighting?,Bing Bing Dim Sum,2
Where can I dine with thoughtful lighting?,Bistrot La Minette,3
Where can I dine with thoughtful lighting?,Buddakan,3
Where can I dine with thoughtful lighting?,Farmicia,3
Where can I dine with thoughtful lighting?,Tinto,3
Where can I dine with thoughtful lighting?,Pinefish,2
Where can I dine with thoughtful lighting?,Bistro Romano,3
Where can I dine with thoughtful lighting?,Walnut Street Cafe,2
Where can I dine with thoughtful lighting?,Kanella,2
Where can I dine with thoughtful lighting?,Dim Sum Garden,1
Where can I dine with thoughtful lighting?,Fond,2
Where can I dine with thoughtful lighting?,Alma de Cuba,3
Where can I dine with thoughtful lighting?,Bud & Marilyn's,3
Where can I dine with thoughtful lighting?,Jamonera,3
Where can I dine with thoughtful lighting?,Figs,3
Where can I dine with thoughtful lighting?,Tequilas Restaurant,3
Where can I dine with thoughtful lighting?,Amada,3
Where can I dine with thoughtful lighting?,Panorama,3
Where can I dine with thoughtful lighting?,Harper's Garden,3
Where can I dine with thoughtful lighting?,Vietnam Cafe,3
Where can I dine with thoughtful lighting?,Sampan,2
Where can I dine with thoughtful lighting?,Cantina Los Caballitos,2
Where can I dine with thoughtful lighting?,Barbuzzo,3
Where can I dine with thoughtful lighting?,Valanni,3
Where can I dine with thoughtful lighting?,Bibou,2
Where can I dine with thoughtful lighting?,Double Knot,3
Where can I dine with thoughtful lighting?,Wm Mulherin's Sons,3
Where can I dine with thoughtful lighting?,Melograno,3
Where can I dine with thoughtful lighting?,Twenty Manning,2
Where can I dine with thoughtful lighting?,Positano Coast by Aldo Lamberti,2
Where can I dine with thoughtful lighting?,Louie Louie,3
Where can I dine with thoughtful lighting?,Little Fish,3
Where can I dine with thoughtful lighting?,The Love,3
Where can I dine with thoughtful lighting?,Lolita,2
Where can I dine with thoughtful lighting?,The Victor Cafe,1
Where can I dine with thoughtful lighting?,Aksum Cafe,2
Where can I dine with thoughtful lighting?,North Third,2
Where can I dine with thoughtful lighting?,Pub & Kitchen,3
Where can I dine with thoughtful lighting?,1225Raw Sushi and Sake Lounge,3
Where can I dine with thoughtful lighting?,Vernick Food & Drink,2
Where can I dine with thoughtful lighting?,Del Frisco's Double Eagle Steakhouse,2
Where can I dine with thoughtful lighting?,La Viola,1
Where can I dine with thoughtful lighting?,The Industry,3
Where can I dine with thoughtful lighting?,Russet,3
Where can I dine with thoughtful lighting?,Royal Sushi & Izakaya,3
Where can I dine with thoughtful lighting?,La Peg,2
Where can I dine with thoughtful lighting?,Doma,3
Where can I dine with thoughtful lighting?,Rittenhouse Grill,3
Where can I dine with thoughtful lighting?,Marrakesh,3
Where can I dine with thoughtful lighting?,Loews Philadelphia Hotel,1
Where can I dine with thoughtful lighting?,Suraya,3
Where can I dine with thoughtful lighting?,Han Dynasty,1
Where can I dine with thoughtful lighting?,Fork,3
Where can I dine with thoughtful lighting?,Entree BYOB,1
Where can I dine with thoughtful lighting?,Vintage Wine Bar,3
Where can I dine with thoughtful lighting?,Harvest Seasonal Grill & Wine Bar - Philadelphia,2
Where can I dine with thoughtful lighting?,City Tap House,2
Where can I dine with thoughtful lighting?,Chart House,2
Where can I dine with thoughtful lighting?,Silk City Diner & Lounge,3
Where can I dine with thoughtful lighting?,Fogo de Chao,1
Where can I dine with thoughtful lighting?,Branzino Italian Ristorante,2
Where can I dine with thoughtful lighting?,Pumpkin,3
Where can I dine with thoughtful lighting?,South,2
Where can I dine with thoughtful lighting?,Le Viet Restaurant,2
Where can I dine with thoughtful lighting?,Tredici Enoteca,3
Where can I dine with thoughtful lighting?,Estia,3
Where can I dine with thoughtful lighting?,Xochitl,3
Where can I dine with thoughtful lighting?,La Calaca Feliz,2
Where can I dine with thoughtful lighting?,Osteria,2
Where can I dine with thoughtful lighting?,Vetri Cucina,1
Where can I dine with thoughtful lighting?,The Continental Restaurant and Martini Bar,2
Where can I dine with thoughtful lighting?,IndeBlue Modern Indian Food & Spirits,3
Where can I dine with thoughtful lighting?,La Locanda Del Ghiottone,1
Where can I dine with thoughtful lighting?,Ela,3
Where can I dine with thoughtful lighting?,Spice 28,3
Where can I dine with thoughtful lighting?,Opa,3
Where can I dine with thoughtful lighting?,Charlie Was a Sinner,3
Where can I dine with thoughtful lighting?,Porta,1
Where can I dine with thoughtful lighting?,White Dog Cafe,2
Where can I dine with thoughtful lighting?,Devil's Alley Bar & Grille,2
Where can I dine with thoughtful lighting?,Bar Ferdinand,3
Where can I dine with thoughtful lighting?,Tria Taproom,3
Where can I dine with thoughtful lighting?,The Adobe Cafe,3
Where can I dine with thoughtful lighting?,Porcini,1
Where can I dine with thoughtful lighting?,Time,3
Where can I dine with thoughtful lighting?,Chapterhouse Café & Gallery,3
Where can I dine with thoughtful lighting?,Prohibition Taproom,2
Where can I dine with thoughtful lighting?,Darling's Diner,0
Where can I dine with thoughtful lighting?,Kraftwork,2
Where can I dine with thoughtful lighting?,The Good King Tavern,2
Where can I dine with thoughtful lighting?,Heritage,3
Where can I dine with thoughtful lighting?,Sabrina's Café,3
Where can I dine with thoughtful lighting?,Revolution House,2
Where can I dine with thoughtful lighting?,Three Monkeys Cafe,2
Where can I dine with thoughtful lighting?,La Fourno Ristorante Trattoria,1
Where can I dine with thoughtful lighting?,Zama,2
Where can I dine with thoughtful lighting?,Karma Restaurant & Bar,2
Where can I dine with thoughtful lighting?,Yakitori Boy,2
Where can I dine with thoughtful lighting?,Moshulu,2
Where can I dine with thoughtful lighting?,National Mechanics,2
Where can I dine with thoughtful lighting?,Talula's Daily,2
Where can I dine with thoughtful lighting?,Radicchio Cafe,2
Where can I dine with thoughtful lighting?,Barcelona Wine Bar Passyunk,2
Where can I dine with thoughtful lighting?,Philadelphia Marriott Downtown,1
Where can I dine with thoughtful lighting?,Jones,2
Where can I dine with thoughtful lighting?,Varga Bar,1
Where can I dine with thoughtful lighting?,Bar Hygge,3
Where can I dine with thoughtful lighting?,Le Virtu,2
Where can I dine with thoughtful lighting?,Garces Trading Company,2
Where can I dine with thoughtful lighting?,Booker's Restaurant and Bar,2
Where can I dine with thoughtful lighting?,Noord,2
Where can I dine with thoughtful lighting?,High Street Philadelphia,3
Where can I dine with thoughtful lighting?,Tom's Dim Sum,1
Where can I dine with thoughtful lighting?,Ms Tootsie's RBL,2
Where can I dine with thoughtful lighting?,Urban Farmer Philadelphia,2
Where can I dine with thoughtful lighting?,Modo Mio,1
Where can I dine with thoughtful lighting?,Jasmine Rice - Rittenhouse,2
Where can I dine with thoughtful lighting?,Ratchada Thai & Laos Cuisine,3
Where can I dine with thoughtful lighting?,Bok Bar,2
Where can I dine with thoughtful lighting?,The Gold Standard Cafe,2
Where can I dine with thoughtful lighting?,Amis Trattoria,2
Where can I dine with thoughtful lighting?,Johnny Brenda's,3
Where can I dine with thoughtful lighting?,Wedge + Fig,2
Where can I dine with thoughtful lighting?,Dim Sum & Noodle,1
Where can I dine with thoughtful lighting?,Serafina Philadelphia,2
Where can I dine with thoughtful lighting?,Giorgio On Pine,2
Where can I dine with thoughtful lighting?,Ocean Prime,3
Where can I dine with thoughtful lighting?,The Blue Duck,2
Where can I dine with thoughtful lighting?,Iron Hill Brewery & Restaurant,2
Where can I dine with thoughtful lighting?,Kalaya,0
Where can I dine with thoughtful lighting?,LaScala's Birra,2
Where can I dine with thoughtful lighting?,City Tavern Restaurant,2
Where can I dine with thoughtful lighting?,Kensington Quarters,2
Where can I dine with thoughtful lighting?,The Little Lion,2
Where can I dine with thoughtful lighting?,Ramen Bar,2
Where can I dine with thoughtful lighting?,Sassafras Bar,3
Where can I dine with thoughtful lighting?,Stateside,2
Where can I dine with thoughtful lighting?,Sate Kampar,3
Where can I dine with thoughtful lighting?,Morgan's Pier,1
Where can I dine with thoughtful lighting?,Pennsylvania 6,2
Where can I dine with thoughtful lighting?,Chima Steakhouse,1
Where can I dine with thoughtful lighting?,Chhaya Cafe,1
Where can I dine with thoughtful lighting?,Mad Rex,1
Where can I dine with thoughtful lighting?,Smile Cafe,2
Where can I dine with thoughtful lighting?,Bellini,1
Where can I dine with thoughtful lighting?,Vedge,3
Where can I dine with thoughtful lighting?,Race Street Cafe,3
Where can I dine with thoughtful lighting?,Crazy Sushi,2
Where can I dine with thoughtful lighting?,Max Brenner - Philadelphia,2
Where can I dine with thoughtful lighting?,Ristorante Pesto,0
Where can I dine with thoughtful lighting?,Miles Table,2
Where can I dine with thoughtful lighting?,American Sardine Bar,2
Where can I dine with thoughtful lighting?,Uzbekistan Restaurant,2
Where can I dine with thoughtful lighting?,World Cafe Live,2
Where can I dine with thoughtful lighting?,Sang Kee Noodle House,0
Where can I dine with thoughtful lighting?,Effie's Restaurant,2
Where can I dine with thoughtful lighting?,Mission Taqueria,3
Where can I dine with thoughtful lighting?,Hinge Cafe,1
Where can I dine with thoughtful lighting?,Cafe La Maude,2
Where can I dine with thoughtful lighting?,Tierra Colombiana Restaurant,2
Where can I dine with thoughtful lighting?,Yanako,3
Where can I dine with thoughtful lighting?,Dante & Luigi's,2
Where can I dine with thoughtful lighting?,Tria Cafe Wash West,2
Where can I dine with thoughtful lighting?,Jerry's Bar,3
Where can I dine with thoughtful lighting?,Pizzeria Vetri,1
Where can I dine with thoughtful lighting?,Zahav,2
Where can I dine with thoughtful lighting?,Royal Tavern,3
Where can I dine with thoughtful lighting?,Catahoula,2
Where can I dine with thoughtful lighting?,Zento Contemporary Japanese Cuisine,2
Where can I dine with thoughtful lighting?,New Harmony Vegetarian Restaurant,2
Where can I dine with thoughtful lighting?,La Fontana Della Citta,1
Where can I dine with thoughtful lighting?,Bank & Bourbon,2
Where can I dine with thoughtful lighting?,Jack's Firehouse,1
Where can I dine with thoughtful lighting?,Marathon On the Square,3
Where can I dine with thoughtful lighting?,Tria Cafe Rittenhouse,2
Where can I dine with thoughtful lighting?,Landmark Americana Tap & Grill - University City,1
Where can I dine with thoughtful lighting?,The Plough & the Stars,2
Where can I dine with thoughtful lighting?,The Twisted Tail,2
Where can I dine with thoughtful lighting?,Cantina Dos Segundos,2
Where can I dine with thoughtful lighting?,Jake's & Cooper's Wine Bar & Wine Shop,3
Where can I dine with thoughtful lighting?,Bridget Foy's,1
Where can I dine with thoughtful lighting?,Kite & Key,3
Where can I dine with thoughtful lighting?,Parc,3
Where can I dine with thoughtful lighting?,Veda - Modern Indian Bistro,2
Where can I dine with thoughtful lighting?,Dan Dan,2
Where can I dine with thoughtful lighting?,Vientiane Café,2
Where can I dine with thoughtful lighting?,LaScala's,0
Where can I dine with thoughtful lighting?,Spasso Italian Grill,1
Where can I dine with thoughtful lighting?,Triumph Brewing Company,1
Where can I dine with thoughtful lighting?,Bubblefish,3
Where can I dine with thoughtful lighting?,El Rey,3
Where can I dine with thoughtful lighting?,Gyu-Kaku Japanese BBQ,1
Where can I dine with thoughtful lighting?,Trolley Car Cafe,1
Where can I dine with thoughtful lighting?,Perch Pub,2
Where can I dine with thoughtful lighting?,Red Owl Tavern,1
Where can I dine with thoughtful lighting?,Café Soho,1
Where can I dine with thoughtful lighting?,Paris Bistro and Jazz Cafe,2
Where can I dine with thoughtful lighting?,Circles Contemporary Thai,3
Where can I dine with thoughtful lighting?,Umai Umai,3
Where can I dine with thoughtful lighting?,Bonchon Philadelphia,1
Where can I dine with thoughtful lighting?,Erawan Thai Cuisine,2
Where can I dine with thoughtful lighting?,Mixto,2
Where can I dine with thoughtful lighting?,Rangoon Burmese Restaurant,2
Where can I dine with thoughtful lighting?,Sakura Mandarin,2
Where can I dine with thoughtful lighting?,Hungry Pigeon,2
Where can I dine with thoughtful lighting?,IKEA,2
Where can I dine with thoughtful lighting?,El Vez,3
Where can I dine with thoughtful lighting?,Hickory Lane American Bistro,2
Where can I dine with thoughtful lighting?,New Delhi Indian Restaurant,2
Where can I dine with thoughtful lighting?,In Riva,2
Where can I dine with thoughtful lighting?,Las Bugambilias,2
Where can I dine with thoughtful lighting?,Dmitri's,1
Where can I dine with thoughtful lighting?,Bainbridge Street Barrel House,2
Where can I dine with thoughtful lighting?,Creperie Beau Monde & L'Etage,3
Where can I dine with thoughtful lighting?,Gran Caffe L'Aquila,1
Where can I dine with thoughtful lighting?,Rex at the Royal,3
Where can I dine with thoughtful lighting?,Hawthornes Biercafé,3
Where can I dine with thoughtful lighting?,Indian Restaurant,2
Where can I dine with thoughtful lighting?,Bourbon Blue,1
Where can I dine with thoughtful lighting?,Strangelove's,2
Where can I dine with thoughtful lighting?,The Fat Ham,2
Where can I dine with thoughtful lighting?,Cafe Lift,1
Where can I dine with thoughtful lighting?,Fat Salmon,2
Where can I dine with thoughtful lighting?,Urban Saloon,2
Where can I dine with thoughtful lighting?,The Capital Grille,2
Where can I dine with thoughtful lighting?,London Grill,2
Where can I dine with thoughtful lighting?,Pizzeria Stella,2
Where can I dine with thoughtful lighting?,Bourbon & Branch,2
Where can I dine with thoughtful lighting?,Pattaya,3
Where can I dine with thoughtful lighting?,Green Eggs Café,1
Where can I dine with thoughtful lighting?,Bufad,2
Where can I dine with thoughtful lighting?,Copabanana,1
Where can I dine with thoughtful lighting?,Tamarind,1
Where can I dine with thoughtful lighting?,Caribou Cafe,2
Where can I dine with thoughtful lighting?,Little Nonna's,3
Where can I dine with thoughtful lighting?,Pietro's Coal Oven Pizzeria,2
Where can I dine with thoughtful lighting?,Alla Spina,1
Where can I dine with thoughtful lighting?,Marmont Steakhouse & Bar,2
Where can I dine with thoughtful lighting?,Monsú,1
Where can I dine with thoughtful lighting?,Nodding Head Brewery & Restaurant,2
Where can I dine with thoughtful lighting?,P S & Co,2
Where can I dine with thoughtful lighting?,JJ Thai Cuisine,2
Where can I dine with thoughtful lighting?,McCrossen's Tavern,2
Where can I dine with thoughtful lighting?,McCormick & Schmick's Seafood & Steaks,2
Where can I dine with thoughtful lighting?,Marathon,2
Where can I dine with thoughtful lighting?,The Belgian Café,2
Where can I dine with thoughtful lighting?,Smokin Bettys,1
Where can I dine with thoughtful lighting?,Shiao Lan Kung,0
Where can I dine with thoughtful lighting?,V Street,2
Where can I dine with thoughtful lighting?,Abe Fisher,1
Where can I dine with thoughtful lighting?,Independence Beer Garden,3
Where can I dine with thoughtful lighting?,Mood Cafe,0
Where can I dine with thoughtful lighting?,Frankford Hall,2
Where can I dine with thoughtful lighting?,K-POT Korean BBQ & Hot Pot,0
Where can I dine with thoughtful lighting?,Melrose Diner,0
Where can I dine with thoughtful lighting?,Bar-Ly Chinatown,1
Where can I dine with thoughtful lighting?,Misconduct Tavern,2
Where can I dine with thoughtful lighting?,House of Thai Cuisine,2
Where can I dine with thoughtful lighting?,Fare,1
Where can I dine with thoughtful lighting?,honeygrow,0
Where can I dine with thoughtful lighting?,Evil Genius Beer,1
Where can I dine with thoughtful lighting?,L'Angolo Ristorante,2
Where can I dine with thoughtful lighting?,Day By Day,2
Where can I dine with thoughtful lighting?,RIM Cafe,2
Where can I dine with thoughtful lighting?,Devil's Den,3
Where can I dine with thoughtful lighting?,Southgate,3
Where can I dine with thoughtful lighting?,Banana Leaf,0
Where can I dine with thoughtful lighting?,Le Pain Quotidien,2
Where can I dine with thoughtful lighting?,Fuji Mountain,1
Where can I dine with thoughtful lighting?,K'Far Cafe,2
Where can I dine with thoughtful lighting?,48th Street Grille,0
Where can I dine with thoughtful lighting?,Kabobeesh,0
Where can I dine with thoughtful lighting?,Khmer Kitchen,0
Where can I dine with thoughtful lighting?,Apricot Stone,3
Where can I dine with thoughtful lighting?,Good Dog Bar,1
Where can I dine with thoughtful lighting?,The Abbaye,1
Where can I dine with thoughtful lighting?,Elixr Coffee Roasters,2
Where can I dine with thoughtful lighting?,Penang,1
Where can I dine with thoughtful lighting?,Manakeesh Cafe Bakery & Grill,2
Where can I dine with thoughtful lighting?,Indian Kitchen Lovash,2
Where can I dine with thoughtful lighting?,E Mei Restaurant,1
Where can I dine with thoughtful lighting?,Hardena_Waroeng Surabaya Restaurant,0
Where can I dine with thoughtful lighting?,JJ Bootleggers,0
Where can I dine with thoughtful lighting?,The Cheesecake Factory,2
Where can I dine with thoughtful lighting?,Dinardo's Famous Crabs,0
Where can I dine with thoughtful lighting?,Earth Bread + Brewery,2
Where can I dine with thoughtful lighting?,Ralphs Italian Restaurant,1
Where can I dine with thoughtful lighting?,Café y Chocolate,2
Where can I dine with thoughtful lighting?,Xiandu Thai,2
Where can I dine with thoughtful lighting?,Little Pete's Restaurant,0
Where can I dine with thoughtful lighting?,Relish,1
Where can I dine with thoughtful lighting?,Devon Seafood Grill,1
Where can I dine with thoughtful lighting?,Vietnam Restaurant,3
Where can I dine with thoughtful lighting?,Brauhaus Schmitz,1
Where can I dine with thoughtful lighting?,Sazon Restaurant & Cafe,1
Where can I dine with thoughtful lighting?,The Black Sheep Pub & Restaurant,2
Where can I dine with thoughtful lighting?,Moriarty's Restaurant and Irish Pub,2
Where can I dine with thoughtful lighting?,Nomad Pizza Company,2
Where can I dine with thoughtful lighting?,Cuba Libre Restaurant & Rum Bar - Philadelphia,3
Where can I dine with thoughtful lighting?,Hiro Ramen House,2
Where can I dine with thoughtful lighting?,The Sidecar Bar & Grille,2
Where can I dine with thoughtful lighting?,Fuel Center City,0
Where can I dine with thoughtful lighting?,The Cambridge,2
Where can I dine with thoughtful lighting?,The Spicy Belly,2
Where can I dine with thoughtful lighting?,Seorabol Korean Restaurant,2
Where can I dine with thoughtful lighting?,Trolley Car Diner,2
Where can I dine with thoughtful lighting?,Dock Street Brewery,1
Where can I dine with thoughtful lighting?,Sitar India,1
Where can I dine with thoughtful lighting?,David's Mai Lai Wah,0
Where can I dine with thoughtful lighting?,Ten Stone Bar & Restaurant,1
Where can I dine with thoughtful lighting?,Memphis Taproom,3
Where can I dine with thoughtful lighting?,Honey's Sit N Eat,0
Where can I dine with thoughtful lighting?,The Goat's Beard,2
Where can I dine with thoughtful lighting?,The Dutch,1
Where can I dine with thoughtful lighting?,Circles Contemporary Asian,2
Where can I dine with thoughtful lighting?,Green Eggs Cafe,0
Where can I dine with thoughtful lighting?,Nomad Roman Pizza,3
Where can I dine with thoughtful lighting?,Rosy's Taco Bar,2
Where can I dine with thoughtful lighting?,Resurrection Ale House,3
Where can I dine with thoughtful lighting?,Standard Tap,2
Where can I dine with thoughtful lighting?,Abyssinia,1
Where can I dine with thoughtful lighting?,Gnocchi,2
Where can I dine with thoughtful lighting?,Manayunk Brewery,2
Where can I dine with thoughtful lighting?,Joe's Steaks + Soda Shop,0
Where can I dine with thoughtful lighting?,Vango Lounge & Skybar,1
Where can I dine with thoughtful lighting?,Ladder 15,2
Where can I dine with thoughtful lighting?,Bleu Sushi,2
Where can I dine with thoughtful lighting?,Pizzeria Beddia,2
Where can I dine with thoughtful lighting?,Jamaican Jerk Hut,0
Where can I dine with thoughtful lighting?,South Philadelphia Tap Room,3
Where can I dine with thoughtful lighting?,Nam Phuong,1
Where can I dine with thoughtful lighting?,The QUICK FIXX,1
Where can I dine with thoughtful lighting?,El Poquito,2
Where can I dine with thoughtful lighting?,Pho Xe Lua Viet Thai Restaurant,1
Where can I dine with thoughtful lighting?,Tavern on Broad,1
Where can I dine with thoughtful lighting?,Mac's Tavern,0
Where can I dine with thoughtful lighting?,Banh Mi and Bottles,2
Where can I dine with thoughtful lighting?,Honey's Sit-N-Eat,1
Where can I dine with thoughtful lighting?,Marra's,2
Where can I dine with thoughtful lighting?,Local 44,2
Where can I dine with thoughtful lighting?,The Olde Bar,2
Where can I dine with thoughtful lighting?,2nd Story Brewing,1
Where can I dine with thoughtful lighting?,PYT,2
Where can I dine with thoughtful lighting?,Tai Lake Restaurant,0
Where can I dine with thoughtful lighting?,Happily Ever After,2
Where can I dine with thoughtful lighting?,Tattooed Mom,2
Where can I dine with thoughtful lighting?,Maggiano's Little Italy,2
Where can I dine with thoughtful lighting?,Hippot Shabu Shabu,3
Where can I dine with thoughtful lighting?,Cafe Olé,1
Where can I dine with thoughtful lighting?,Sam's Morning Glory Diner,1
Where can I dine with thoughtful lighting?,Fette Sau,1
Where can I dine with thoughtful lighting?,MilkBoy,1
Where can I dine with thoughtful lighting?,Las Cazuelas Restaurant BYOB,1
Where can I dine with thoughtful lighting?,La Colombe Coffee,3
Where can I dine with thoughtful lighting?,Sancho Pistola's,2
Where can I dine with thoughtful lighting?,Villa Di Roma,1
Where can I dine with thoughtful lighting?,Percy Street Barbecue,1
Where can I dine with thoughtful lighting?,Warmdaddy's,3
Where can I dine with thoughtful lighting?,Little Spoon Cafe,2
Where can I dine with thoughtful lighting?,Luna Café,1
Where can I dine with thoughtful lighting?,Chabaa Thai Bistro,2
Where can I dine with thoughtful lighting?,Barra Rossa Ristorante,2
Where can I dine with thoughtful lighting?,El Camino Real,1
Where can I dine with thoughtful lighting?,North Bowl,2
Where can I dine with thoughtful lighting?,Taqueria Feliz,1
Where can I dine with thoughtful lighting?,Front Street Cafe,3
Where can I dine with thoughtful lighting?,Destination Dogs,2
Where can I dine with thoughtful lighting?,Francoluigi's Pizzeria & Italian Restaurant,3
Where can I dine with thoughtful lighting?,Zorba's Taverna,1
Where can I dine with thoughtful lighting?,A La Mousse,2
Where can I dine with thoughtful lighting?,Yards Brewing Company,0
Where can I dine with thoughtful lighting?,Lucky Strike - Philadelphia,2
Where can I dine with thoughtful lighting?,Soy Cafe,2
Where can I dine with thoughtful lighting?,Alyan's Restaurant,2
Where can I dine with thoughtful lighting?,Toast,1
Where can I dine with thoughtful lighting?,Khyber Pass Pub,3
Where can I dine with thoughtful lighting?,Bottle Bar East,0
Where can I dine with thoughtful lighting?,&pizza - Walnut,2
Where can I dine with thoughtful lighting?,Cheu Noodle Bar,2
Where can I dine with thoughtful lighting?,Butcher Bar,1
Where can I dine with thoughtful lighting?,The Happy Rooster,2
Where can I dine with thoughtful lighting?,Cedar Park Cafe,1
Where can I dine with thoughtful lighting?,Stock,2
Where can I dine with thoughtful lighting?,Jose Pistola's,2
Where can I dine with thoughtful lighting?,One Shot Coffee,3
Where can I dine with thoughtful lighting?,Ekta Indian Cuisine,2
Where can I dine with thoughtful lighting?,Helium Comedy Club,1
Where can I dine with thoughtful lighting?,Soup Kitchen Cafe,3
Where can I dine with thoughtful lighting?,Aki Nom Nom Sushi & Ramen,2
Where can I dine with thoughtful lighting?,Stogie Joe's Tavern,0
Where can I dine with thoughtful lighting?,J'aime French Bakery,2
Where can I dine with thoughtful lighting?,BRÜ Craft & Wurst,1
Where can I dine with thoughtful lighting?,Penrose Diner,0
Where can I dine with thoughtful lighting?,Cedar Point Bar and Kitchen,2
Where can I dine with thoughtful lighting?,Sweet Lucy's Smokehouse,0
Where can I dine with thoughtful lighting?,Monk's Cafe,2
Where can I dine with thoughtful lighting?,Lucha Cartel,2
Where can I dine with thoughtful lighting?,Oyster House,2
Where can I dine with thoughtful lighting?,Deke's Bar-B-Que,2
Where can I dine with thoughtful lighting?,SOMO Manayunk,2
Where can I dine with thoughtful lighting?,Cafe Ynez,1
Where can I dine with thoughtful lighting?,Down Home Diner,0
Where can I dine with thoughtful lighting?,The Foodery at Rittenhouse,1
Where can I dine with thoughtful lighting?,Jong Ka Jib,2
Where can I dine with thoughtful lighting?,Di Bruno Bros.,1
Where can I dine with thoughtful lighting?,Eulogy Belgian Tavern,2
Where can I dine with thoughtful lighting?,Baby Blues BBQ Philly,1
Where can I dine with thoughtful lighting?,Anastasi Seafood,0
Where can I dine with thoughtful lighting?,Nifty Fifty's,0
Where can I dine with thoughtful lighting?,Fadó Irish Pub,1
Where can I dine with thoughtful lighting?,Pho Ha,0
Where can I dine with thoughtful lighting?,Su Xing House,3
Where can I dine with thoughtful lighting?,So Crepe,1
Where can I dine with thoughtful lighting?,Pho Ha Saigon,2
Where can I dine with thoughtful lighting?,Bluestone Lane,3
Where can I dine with thoughtful lighting?,Isot Mediterranean Cuisine,3
Where can I dine with thoughtful lighting?,Murph's Bar,0
Where can I dine with thoughtful lighting?,Byblos,1
Where can I dine with thoughtful lighting?,Kilimandjaro Restaurant,1
Where can I dine with thoughtful lighting?,Pizza Brain,2
Where can I dine with thoughtful lighting?,Greg's Kitchen,0
Where can I dine with thoughtful lighting?,Nook Bakery & Coffee Bar,3
Where can I dine with thoughtful lighting?,Fox and Hound,0
Where can I dine with thoughtful lighting?,Bobby's Burger Palace,2
Where can I dine with thoughtful lighting?,McGillin's Olde Ale House,1
Where can I dine with thoughtful lighting?,The Rooster,1
Where can I dine with thoughtful lighting?,Con Murphy's,1
Where can I dine with thoughtful lighting?,Mad Mex - University City,1
Where can I dine with thoughtful lighting?,Loco Pez,0
Where can I dine with thoughtful lighting?,Ants Pants Café,1
Where can I dine with thoughtful lighting?,Bar Bombón,3
Where can I dine with thoughtful lighting?,Sketch Burger,1
Where can I dine with thoughtful lighting?,Rose Petals Cafe,1
Where can I dine with thoughtful lighting?,Molly Malloy's,0
Where can I dine with thoughtful lighting?,Oscar's Tavern,2
Where can I dine with thoughtful lighting?,Winnie's Manayunk,2
Where can I dine with thoughtful lighting?,Taqueria La Veracruzana,0
Where can I dine with thoughtful lighting?,Local Tavern,1
Where can I dine with thoughtful lighting?,The Couch Tomato Cafe,0
Where can I dine with thoughtful lighting?,Vic Sushi Bar,1
Where can I dine with thoughtful lighting?,Giwa Korean Kitchen,1
Where can I dine with thoughtful lighting?,Bistro SouthEast,0
Where can I dine with thoughtful lighting?,Sumo Sushi,1
Where can I dine with thoughtful lighting?,Blue Corn,2
Where can I dine with thoughtful lighting?,Pho 75,0
Where can I dine with thoughtful lighting?,OCF Coffee House,3
Where can I dine with thoughtful lighting?,Las Margaritas,0
Where can I dine with thoughtful lighting?,Little Sicily 2,0
Where can I dine with thoughtful lighting?,Reading Terminal Market,0
Where can I dine with thoughtful lighting?,New Deck Tavern,1
Where can I dine with thoughtful lighting?,Spice End,0
Where can I dine with thoughtful lighting?,Sahara Grill,1
Where can I dine with thoughtful lighting?,Miel Patisserie,2
Where can I dine with thoughtful lighting?,Nine Ting,0
Where can I dine with thoughtful lighting?,Hard Rock Cafe,1
Where can I dine with thoughtful lighting?,Fuel,1
Where can I dine with thoughtful lighting?,Koto Sushi,1
Where can I dine with thoughtful lighting?,Terakawa Ramen,1
Where can I dine with thoughtful lighting?,Govinda's Vegetarian,0
Where can I dine with thoughtful lighting?,Koreana,1
Where can I dine with thoughtful lighting?,Spice C,0
Where can I dine with thoughtful lighting?,Barcade,1
Where can I dine with thoughtful lighting?,Black & Brew,1
Where can I dine with thoughtful lighting?,Tacconelli's Pizzeria,1
Where can I dine with thoughtful lighting?,Xfinity Live! Philadelphia,0
Where can I dine with thoughtful lighting?,El Jarocho,0
Where can I dine with thoughtful lighting?,Nom Nom Ramen,3
Where can I dine with thoughtful lighting?,Drinker's Pub,0
Where can I dine with thoughtful lighting?,Santucci's Original Square Pizza,1
Where can I dine with thoughtful lighting?,Los Gallos Mexican Taqueria,2
Where can I dine with thoughtful lighting?,Cactus Restaurant & Bar,1
Where can I dine with thoughtful lighting?,Cleavers,0
Where can I dine with thoughtful lighting?,Ting Wong Restaurant,0
Where can I dine with thoughtful lighting?,Real Food Eatery,1
Where can I dine with thoughtful lighting?,Rybread,1
Where can I dine with thoughtful lighting?,Dave & Buster's,0
Where can I dine with thoughtful lighting?,Fergie's Pub,2
Where can I dine with thoughtful lighting?,Tiffin,2
Where can I dine with thoughtful lighting?,Pho Saigon,1
Where can I dine with thoughtful lighting?,Pho Cali Vietnamese Restaurant,1
Where can I dine with thoughtful lighting?,Greek Lady,1
Where can I dine with thoughtful lighting?,Dalessandro’s Steaks & Hoagies,0
Where can I dine with thoughtful lighting?,Legal Sea Foods,2
Where can I dine with thoughtful lighting?,Village Whiskey,2
Where can I dine with thoughtful lighting?,Volo Coffeehouse,2
Where can I dine with thoughtful lighting?,Amma's South Indian Cuisine,1
Where can I dine with thoughtful lighting?,Tres Jalapenos,0
Where can I dine with thoughtful lighting?,Chickie's & Pete's,0
Where can I dine with thoughtful lighting?,Punch Line Philly,2
Where can I dine with thoughtful lighting?,Federal Donuts,1
Where can I dine with thoughtful lighting?,Tampopo,1
Where can I dine with thoughtful lighting?,Yamitsuki Ramen,1
Where can I dine with thoughtful lighting?,Empress Garden,3
Where can I dine with thoughtful lighting?,Shang Hai 1,1
Where can I dine with thoughtful lighting?,Termini Bros Bakery,0
Where can I dine with thoughtful lighting?,Almaz Cafe,1
Where can I dine with thoughtful lighting?,Cafe Diem,0
Where can I dine with thoughtful lighting?,Steve's Prince of Steaks,0
Where can I dine with thoughtful lighting?,Philip's Steaks,1
Where can I dine with thoughtful lighting?,SPOT Gourmet Burgers,0
Where can I dine with thoughtful lighting?,Chubby Cattle,0
Where can I dine with thoughtful lighting?,Magpie,3
Where can I dine with thoughtful lighting?,T-Swirl Crêpe,1
Where can I dine with thoughtful lighting?,BurgerFi,2
Where can I dine with thoughtful lighting?,Meltkraft At Reading Terminal Market,0
Where can I dine with thoughtful lighting?,QT Vietnamese Sandwich,0
Where can I dine with thoughtful lighting?,Wrap Shack,0
Where can I dine with thoughtful lighting?,Taco Riendo,0
Where can I dine with thoughtful lighting?,Mac Mart,0
Where can I dine with thoughtful lighting?,Paesano's Philly Style,1
Where can I dine with thoughtful lighting?,Saad's Halal Restaurant,0
Where can I dine with thoughtful lighting?,Rustica,1
Where can I dine with thoughtful lighting?,Sang Kee Peking Duck House,1
Where can I dine with thoughtful lighting?,HipCityVeg - University City,2
Where can I dine with thoughtful lighting?,Jim's South St,0
Where can I dine with thoughtful lighting?,Jimmy G's Steaks,0
Where can I dine with thoughtful lighting?,Lucky's Last Chance,1
Where can I dine with thoughtful lighting?,Snap Custom Pizza - Center City,0
Where can I dine with thoughtful lighting?,Que Chula Es Puebla,0
Where can I dine with thoughtful lighting?,Philadelphia Chutney Company,1
Where can I dine with thoughtful lighting?,The Original Tony Lukes,0
Where can I dine with thoughtful lighting?,El Fuego,1
Where can I dine with thoughtful lighting?,Schlesinger's,1
Where can I dine with thoughtful lighting?,Buena Onda,0
Where can I dine with thoughtful lighting?,Hai Street Kitchen & Co,0
Where can I dine with thoughtful lighting?,Tela's Market & Kitchen,2
Where can I dine with thoughtful lighting?,500 Degrees,0
Where can I dine with thoughtful lighting?,Bareburger - Midtown Village,2
Where can I dine with thoughtful lighting?,Hummus Grill,1
Where can I dine with thoughtful lighting?,Middle Child,1
Where can I dine with thoughtful lighting?,Chubbys Steaks,0
Where can I dine with thoughtful lighting?,Grindcore House,1
Where can I dine with thoughtful lighting?,Philadelphia Museum of Art,1
Where can I dine with thoughtful lighting?,Woody's,0
Where can I dine with thoughtful lighting?,Geno's Steaks,1
Where can I dine with thoughtful lighting?,The Bakeshop on 20th,1
Where can I dine with thoughtful lighting?,Bredenbeck's Bakery & Ice Cream Parlor,0
Where can I dine with thoughtful lighting?,TGI Fridays,0
Where can I dine with thoughtful lighting?,HipCityVeg,0
Where can I dine with thoughtful lighting?,Sardi's Pollo A La Brasa,0
Where can I dine with thoughtful lighting?,Carmen's Famous Italian Hoagies,0
Where can I dine with thoughtful lighting?,Lorenzo & Sons Pizza,0
Where can I dine with thoughtful lighting?,Chickie's and Pete's,0
Where can I dine with thoughtful lighting?,Kung Fu Tea,2
Where can I dine with thoughtful lighting?,Jim's Steaks,0
Where can I dine with thoughtful lighting?,Sonny's Famous Steaks,2
Where can I dine with thoughtful lighting?,Masala Kitchen Kati Rolls and Platters,0
Where can I dine with thoughtful lighting?,Love & Honey Fried Chicken,1
Where can I dine with thoughtful lighting?,South Philly Barbacoa,0
Where can I dine with thoughtful lighting?,Max's Steaks,0
Where can I dine with thoughtful lighting?,By George! Pizza Pasta & Cheesesteaks,0
Where can I dine with thoughtful lighting?,Kabuki Sushi,2
Where can I dine with thoughtful lighting?,Sweet Box Cupcakes,0
Where can I dine with thoughtful lighting?,Dutch Eating Place,0
Where can I dine with thoughtful lighting?,Slice,0
Where can I dine with thoughtful lighting?,Famous 4th Street Delicatessen,0
Where can I dine with thoughtful lighting?,Pearl's Oyster Bar,0
Where can I dine with thoughtful lighting?,Smiley's Cafe,0
Where can I dine with thoughtful lighting?,Campo's Philly Cheesesteaks,0
Where can I dine with thoughtful lighting?,Underdogs,0
Where can I dine with thoughtful lighting?,Cosmi's Deli,0
Where can I dine with thoughtful lighting?,Shake Shack,1
Where can I dine with thoughtful lighting?,Ishkabibble's,0
Where can I dine with thoughtful lighting?,Capogiro Gelato,1
Where can I dine with thoughtful lighting?,Blackbird Pizzeria,1
Where can I dine with thoughtful lighting?,Beck's Cajun Cafe,0
Where can I dine with thoughtful lighting?,Del Rossi's Cheesesteak,0
Where can I dine with thoughtful lighting?,Gooey Looie's,0
Where can I dine with thoughtful lighting?,Lazaro's Pizzeria & Grill,0
Where can I dine with thoughtful lighting?,Little Baby's Ice Cream,0
Where can I dine with thoughtful lighting?,Isgro Pastries,0
Where can I dine with thoughtful lighting?,Sweet Freedom Bakery,2
Where can I dine with thoughtful lighting?,Honest Tom's Plant Based Taco Shop,1
Where can I dine with thoughtful lighting?,Woodrow's Sandwich Shop,0
Where can I dine with thoughtful lighting?,Swiss Haus Cafe & Pastry Bar,0
Where can I dine with thoughtful lighting?,Jakes Sandwich Board - 12th St,0
Where can I dine with thoughtful lighting?,Nan Zhou Hand Drawn Noodle House,1
Where can I dine with thoughtful lighting?,Pat's King of Steaks,0
Where can I dine with thoughtful lighting?,Animo Juice,0
Where can I dine with thoughtful lighting?,Angelo's Pizzeria,0
Where can I dine with thoughtful lighting?,Revolution Taco,2
Where can I dine with thoughtful lighting?,Spataro's Cheesesteaks,0
Where can I dine with thoughtful lighting?,John's Roast Pork,0
Where can I dine with thoughtful lighting?,Stockyard Sandwich,0
Where can I dine with thoughtful lighting?,Oh Brother Philly,1
Where can I dine with thoughtful lighting?,P'unk Burger,1
Where can I dine with thoughtful lighting?,Spread Bagelry,1
Where can I dine with thoughtful lighting?,Nick's Old Original Roast Beef,0
Where can I dine with thoughtful lighting?,Flying Monkey Bakery,0
Where can I dine with thoughtful lighting?,Octopus Falafel Truck,0
Where can I dine with thoughtful lighting?,Koch's Deli,0
Where can I dine with thoughtful lighting?,Goldie,0
Where can I dine with thoughtful lighting?,Knead Bagels,1
Where can I dine with thoughtful lighting?,Dizengoff,1
Where can I dine with thoughtful lighting?,Luke's Lobster Rittenhouse,0
Where can I dine with thoughtful lighting?,Beiler's Bakery,0
Where can I dine with thoughtful lighting?,The Famous 4th Street Cookie Company,0
Where can I dine with thoughtful lighting?,Mama's Vegetarian,1
Where can I dine with thoughtful lighting?,Dos Tacos,0
Where can I dine with thoughtful lighting?,Hershel's East Side Deli,0
Where can I dine with thoughtful lighting?,Tommy DiNic's,0
What restaurants pay attention to ambiance?,XIX Nineteen,3
What restaurants pay attention to ambiance?,Serpico,3
What restaurants pay attention to ambiance?,Audrey Claire,2
What restaurants pay attention to ambiance?,Tashan,3
What restaurants pay attention to ambiance?,The Farmers' Cabinet,3
What restaurants pay attention to ambiance?,Bistrot La Minette,3
What restaurants pay attention to ambiance?,Harp & Crown,3
What restaurants pay attention to ambiance?,Talula's Garden,3
What restaurants pay attention to ambiance?,The Continental Mid-town,3
What restaurants pay attention to ambiance?,Mercato BYOB,2
What restaurants pay attention to ambiance?,Supper,3
What restaurants pay attention to ambiance?,Lacroix Restaurant at The Rittenhouse,3
What restaurants pay attention to ambiance?,Butcher and Singer,3
What restaurants pay attention to ambiance?,Harper's Garden,3
What restaurants pay attention to ambiance?,Laurel,3
What restaurants pay attention to ambiance?,Rose Tattoo Cafe,3
What restaurants pay attention to ambiance?,a.kitchen,3
What restaurants pay attention to ambiance?,The Dandelion,3
What restaurants pay attention to ambiance?,Friday Saturday Sunday,3
What restaurants pay attention to ambiance?,Little Fish,3
What restaurants pay attention to ambiance?,The Victor Cafe,3
What restaurants pay attention to ambiance?,Twenty Manning,3
What restaurants pay attention to ambiance?,Square 1682,3
What restaurants pay attention to ambiance?,Melograno,3
What restaurants pay attention to ambiance?,Zavino,3
What restaurants pay attention to ambiance?,Double Knot,3
What restaurants pay attention to ambiance?,Pod,3
What restaurants pay attention to ambiance?,Pub & Kitchen,2
What restaurants pay attention to ambiance?,Kanella,2
What restaurants pay attention to ambiance?,R2L,3
What restaurants pay attention to ambiance?,Barbuzzo,3
What restaurants pay attention to ambiance?,Fond,3
What restaurants pay attention to ambiance?,Matyson,3
What restaurants pay attention to ambiance?,Spice Finch,3
What restaurants pay attention to ambiance?,Chifa,3
What restaurants pay attention to ambiance?,Positano Coast by Aldo Lamberti,3
What restaurants pay attention to ambiance?,The Love,3
What restaurants pay attention to ambiance?,Marrakesh,3
What restaurants pay attention to ambiance?,Sbraga,3
What restaurants pay attention to ambiance?,Barclay Prime,3
What restaurants pay attention to ambiance?,Bistro Romano,3
What restaurants pay attention to ambiance?,La Viola,2
What restaurants pay attention to ambiance?,Figs,2
What restaurants pay attention to ambiance?,Del Frisco's Double Eagle Steakhouse,3
What restaurants pay attention to ambiance?,La Locanda Del Ghiottone,3
What restaurants pay attention to ambiance?,Walnut Street Cafe,3
What restaurants pay attention to ambiance?,Morimoto,3
What restaurants pay attention to ambiance?,South,3
What restaurants pay attention to ambiance?,Buddakan,3
What restaurants pay attention to ambiance?,Davios,3
What restaurants pay attention to ambiance?,Marigold Kitchen,3
What restaurants pay attention to ambiance?,Pumpkin,3
What restaurants pay attention to ambiance?,Russet,3
What restaurants pay attention to ambiance?,Vietnam Cafe,3
What restaurants pay attention to ambiance?,Estia,3
What restaurants pay attention to ambiance?,Pinefish,3
What restaurants pay attention to ambiance?,Jamonera,3
What restaurants pay attention to ambiance?,Alma de Cuba,3
What restaurants pay attention to ambiance?,Wm Mulherin's Sons,3
What restaurants pay attention to ambiance?,Valanni,3
What restaurants pay attention to ambiance?,Suraya,3
What restaurants pay attention to ambiance?,Porcini,3
What restaurants pay attention to ambiance?,Tredici Enoteca,3
What restaurants pay attention to ambiance?,Amis Trattoria,2
What restaurants pay attention to ambiance?,Bud & Marilyn's,3
What restaurants pay attention to ambiance?,Bibou,3
What restaurants pay attention to ambiance?,Lolita,3
What restaurants pay attention to ambiance?,Harvest Seasonal Grill & Wine Bar - Philadelphia,3
What restaurants pay attention to ambiance?,La Peg,3
What restaurants pay attention to ambiance?,Osteria,3
What restaurants pay attention to ambiance?,The Industry,3
What restaurants pay attention to ambiance?,Silk City Diner & Lounge,3
What restaurants pay attention to ambiance?,The Adobe Cafe,3
What restaurants pay attention to ambiance?,Wedge + Fig,3
What restaurants pay attention to ambiance?,Entree BYOB,2
What restaurants pay attention to ambiance?,Vernick Food & Drink,3
What restaurants pay attention to ambiance?,The Good King Tavern,3
What restaurants pay attention to ambiance?,Doma,3
What restaurants pay attention to ambiance?,Sampan,3
What restaurants pay attention to ambiance?,Louie Louie,3
What restaurants pay attention to ambiance?,Jones,3
What restaurants pay attention to ambiance?,The Continental Restaurant and Martini Bar,3
What restaurants pay attention to ambiance?,Three Monkeys Cafe,3
What restaurants pay attention to ambiance?,Tinto,3
What restaurants pay attention to ambiance?,Porta,3
What restaurants pay attention to ambiance?,North Third,3
What restaurants pay attention to ambiance?,Farmicia,3
What restaurants pay attention to ambiance?,Amada,3
What restaurants pay attention to ambiance?,Giorgio On Pine,2
What restaurants pay attention to ambiance?,Rittenhouse Grill,3
What restaurants pay attention to ambiance?,Dim Sum House,3
What restaurants pay attention to ambiance?,Aksum Cafe,2
What restaurants pay attention to ambiance?,Heritage,3
What restaurants pay attention to ambiance?,Modo Mio,3
What restaurants pay attention to ambiance?,Noord,3
What restaurants pay attention to ambiance?,Rouge,3
What restaurants pay attention to ambiance?,1225Raw Sushi and Sake Lounge,3
What restaurants pay attention to ambiance?,White Dog Cafe,3
What restaurants pay attention to ambiance?,Distrito,3
What restaurants pay attention to ambiance?,La Fourno Ristorante Trattoria,3
Where can I find a place that serves comfort food with a twist?,V Street,3
Where can I find a place that serves comfort food with a twist?,Vedge,3
Where can I find a place that serves comfort food with a twist?,Magpie,3
Where can I find a place that serves comfort food with a twist?,HipCityVeg,3
Where can I find a place that serves comfort food with a twist?,HipCityVeg - University City,2
Where can I find a place that serves comfort food with a twist?,Soy Cafe,2
Where can I find a place that serves comfort food with a twist?,New Harmony Vegetarian Restaurant,2
Where can I find a place that serves comfort food with a twist?,Hardena_Waroeng Surabaya Restaurant,3
Where can I find a place that serves comfort food with a twist?,Sabrina's Café,3
Where can I find a place that serves comfort food with a twist?,Southgate,3
Where can I find a place that serves comfort food with a twist?,Real Food Eatery,2
Where can I find a place that serves comfort food with a twist?,Han Dynasty,2
Where can I find a place that serves comfort food with a twist?,Bar Bombón,3
Where can I find a place that serves comfort food with a twist?,Federal Donuts,3
Where can I find a place that serves comfort food with a twist?,Underdogs,3
Where can I find a place that serves comfort food with a twist?,Circles Contemporary Thai,2
Where can I find a place that serves comfort food with a twist?,Spice Finch,3
Where can I find a place that serves comfort food with a twist?,Green Eggs Café,3
Where can I find a place that serves comfort food with a twist?,Su Xing House,3
Where can I find a place that serves comfort food with a twist?,Good Dog Bar,3
Where can I find a place that serves comfort food with a twist?,Tamarind,2
Where can I find a place that serves comfort food with a twist?,Front Street Cafe,3
Where can I find a place that serves comfort food with a twist?,Tashan,2
Where can I find a place that serves comfort food with a twist?,Fond,3
Where can I find a place that serves comfort food with a twist?,Supper,3
Where can I find a place that serves comfort food with a twist?,Charlie Was a Sinner,3
Where can I find a place that serves comfort food with a twist?,Honest Tom's Plant Based Taco Shop,2
Where can I find a place that serves comfort food with a twist?,Bud & Marilyn's,3
Where can I find a place that serves comfort food with a twist?,Serpico,3
Where can I find a place that serves comfort food with a twist?,Pumpkin,3
Where can I find a place that serves comfort food with a twist?,Vientiane Café,2
Where can I find a place that serves comfort food with a twist?,The Fat Ham,3
Where can I find a place that serves comfort food with a twist?,Chifa,2
Where can I find a place that serves comfort food with a twist?,P S & Co,2
Where can I find a place that serves comfort food with a twist?,Khmer Kitchen,3
Where can I find a place that serves comfort food with a twist?,Sketch Burger,3
Where can I find a place that serves comfort food with a twist?,Royal Tavern,3
Where can I find a place that serves comfort food with a twist?,Abe Fisher,3
Where can I find a place that serves comfort food with a twist?,Tampopo,3
Where can I find a place that serves comfort food with a twist?,Love & Honey Fried Chicken,3
Where can I find a place that serves comfort food with a twist?,Khyber Pass Pub,3
Where can I find a place that serves comfort food with a twist?,Kanella,3
Where can I find a place that serves comfort food with a twist?,Govinda's Vegetarian,2
Where can I find a place that serves comfort food with a twist?,Rex at the Royal,3
Where can I find a place that serves comfort food with a twist?,Kensington Quarters,2
Where can I find a place that serves comfort food with a twist?,Lolita,2
Where can I find a place that serves comfort food with a twist?,The Spicy Belly,3
Where can I find a place that serves comfort food with a twist?,The Belgian Café,2
Where can I find a place that serves comfort food with a twist?,Honey's Sit-N-Eat,3
Where can I find a place that serves comfort food with a twist?,Aksum Cafe,3
Where can I find a place that serves comfort food with a twist?,Circles Contemporary Asian,2
Where can I find a place that serves comfort food with a twist?,Vernick Food & Drink,3
Where can I find a place that serves comfort food with a twist?,Indian Kitchen Lovash,2
Where can I find a place that serves comfort food with a twist?,Russet,2
Where can I find a place that serves comfort food with a twist?,White Dog Cafe,2
Where can I find a place that serves comfort food with a twist?,Little Sicily 2,3
Where can I find a place that serves comfort food with a twist?,Memphis Taproom,3
Where can I find a place that serves comfort food with a twist?,Figs,3
Where can I find a place that serves comfort food with a twist?,Honey's Sit N Eat,3
Where can I find a place that serves comfort food with a twist?,The Blue Duck,3
Where can I find a place that serves comfort food with a twist?,Jones,3
Where can I find a place that serves comfort food with a twist?,Vietnam Cafe,2
Where can I find a place that serves comfort food with a twist?,Varga Bar,3
Where can I find a place that serves comfort food with a twist?,Resurrection Ale House,3
Where can I find a place that serves comfort food with a twist?,The Abbaye,3
Where can I find a place that serves comfort food with a twist?,Banana Leaf,3
Where can I find a place that serves comfort food with a twist?,Cafe Ynez,2
Where can I find a place that serves comfort food with a twist?,Cedar Point Bar and Kitchen,3
Where can I find a place that serves comfort food with a twist?,JJ Thai Cuisine,2
Where can I find a place that serves comfort food with a twist?,Bistrot La Minette,3
Where can I find a place that serves comfort food with a twist?,Square 1682,2
Where can I find a place that serves comfort food with a twist?,Smile Cafe,2
Where can I find a place that serves comfort food with a twist?,Destination Dogs,3
Where can I find a place that serves comfort food with a twist?,The Adobe Cafe,2
Where can I find a place that serves comfort food with a twist?,Vetri Cucina,2
Where can I find a place that serves comfort food with a twist?,Sancho Pistola's,3
Where can I find a place that serves comfort food with a twist?,Cafe La Maude,3
Where can I find a place that serves comfort food with a twist?,Farmicia,2
Where can I find a place that serves comfort food with a twist?,Alyan's Restaurant,2
Where can I find a place that serves comfort food with a twist?,Sahara Grill,2
Where can I find a place that serves comfort food with a twist?,Marigold Kitchen,3
Where can I find a place that serves comfort food with a twist?,Marrakesh,2
Where can I find a place that serves comfort food with a twist?,North Third,3
Where can I find a place that serves comfort food with a twist?,Alla Spina,3
Where can I find a place that serves comfort food with a twist?,South Philadelphia Tap Room,3
Where can I find a place that serves comfort food with a twist?,Greek Lady,2
Where can I find a place that serves comfort food with a twist?,Strangelove's,3
Where can I find a place that serves comfort food with a twist?,Sate Kampar,2
Where can I find a place that serves comfort food with a twist?,Cafe Lift,3
Where can I find a place that serves comfort food with a twist?,The Love,3
Where can I find a place that serves comfort food with a twist?,Matyson,3
Where can I find a place that serves comfort food with a twist?,Zahav,3
Where can I find a place that serves comfort food with a twist?,Butcher and Singer,2
Where can I find a place that serves comfort food with a twist?,Soup Kitchen Cafe,3
Where can I find a place that serves comfort food with a twist?,Bobby's Burger Palace,2
Where can I find a place that serves comfort food with a twist?,Revolution Taco,2
Where can I find a place that serves comfort food with a twist?,Rangoon Burmese Restaurant,2
Where can I find a place that serves comfort food with a twist?,Kabobeesh,2
Where can I find a place that serves comfort food with a twist?,Twenty Manning,2
Where can I find a place that serves comfort food with a twist?,Pub & Kitchen,3
Where can I find a place that serves comfort food with a twist?,Pattaya,2
Where can I find a place that serves comfort food with a twist?,Dutch Eating Place,2
Where can I find a place that serves comfort food with a twist?,Miles Table,3
Where can I find a place that serves comfort food with a twist?,Penang,2
Where can I find a place that serves comfort food with a twist?,Café y Chocolate,3
Where can I find a place that serves comfort food with a twist?,48th Street Grille,3
Where can I find a place that serves comfort food with a twist?,The Continental Mid-town,3
Where can I find a place that serves comfort food with a twist?,Sbraga,3
Where can I find a place that serves comfort food with a twist?,Cantina Dos Segundos,2
Where can I find a place that serves comfort food with a twist?,honeygrow,2
Where can I find a place that serves comfort food with a twist?,Ms Tootsie's RBL,3
Where can I find a place that serves comfort food with a twist?,Blackbird Pizzeria,3
Where can I find a place that serves comfort food with a twist?,Local 44,3
Where can I find a place that serves comfort food with a twist?,Dos Tacos,2
Where can I find a place that serves comfort food with a twist?,Iron Hill Brewery & Restaurant,2
Where can I find a place that serves comfort food with a twist?,Bistro SouthEast,3
Where can I find a place that serves comfort food with a twist?,Vietnam Restaurant,2
Where can I find a place that serves comfort food with a twist?,Laurel,3
Where can I find a place that serves comfort food with a twist?,Village Whiskey,3
Where can I find a place that serves comfort food with a twist?,Ting Wong Restaurant,2
Where can I find a place that serves comfort food with a twist?,Jong Ka Jib,2
Where can I find a place that serves comfort food with a twist?,Noord,3
Where can I find a place that serves comfort food with a twist?,Dim Sum House,2
Where can I find a place that serves comfort food with a twist?,Hippot Shabu Shabu,2
Where can I find a place that serves comfort food with a twist?,Bonchon Philadelphia,2
Where can I find a place that serves comfort food with a twist?,Kalaya,3
Where can I find a place that serves comfort food with a twist?,Sampan,3
Where can I find a place that serves comfort food with a twist?,Pod,2
Where can I find a place that serves comfort food with a twist?,Parc,2
Where can I find a place that serves comfort food with a twist?,The Rooster,2
Where can I find a place that serves comfort food with a twist?,Hickory Lane American Bistro,2
Where can I find a place that serves comfort food with a twist?,Butcher Bar,3
Where can I find a place that serves comfort food with a twist?,Harvest Seasonal Grill & Wine Bar - Philadelphia,2
Where can I find a place that serves comfort food with a twist?,Devil's Alley Bar & Grille,3
Where can I find a place that serves comfort food with a twist?,Day By Day,3
Where can I find a place that serves comfort food with a twist?,Wedge + Fig,3
Where can I find a place that serves comfort food with a twist?,Que Chula Es Puebla,3
Where can I find a place that serves comfort food with a twist?,Mood Cafe,3
Where can I find a place that serves comfort food with a twist?,Sitar India,2
Where can I find a place that serves comfort food with a twist?,Hungry Pigeon,2
Where can I find a place that serves comfort food with a twist?,E Mei Restaurant,2
Where can I find a place that serves comfort food with a twist?,Bibou,2
Where can I find a place that serves comfort food with a twist?,El Jarocho,2
Where can I find a place that serves comfort food with a twist?,Hinge Cafe,3
Where can I find a place that serves comfort food with a twist?,a.kitchen,2
Where can I find a place that serves comfort food with a twist?,Las Bugambilias,2
Where can I find a place that serves comfort food with a twist?,Isot Mediterranean Cuisine,2
Where can I find a place that serves comfort food with a twist?,Lacroix Restaurant at The Rittenhouse,2
Where can I find a place that serves comfort food with a twist?,Xiandu Thai,2
Where can I find a place that serves comfort food with a twist?,Goldie,3
Where can I find a place that serves comfort food with a twist?,Bridget Foy's,2
Where can I find a place that serves comfort food with a twist?,La Calaca Feliz,2
Where can I find a place that serves comfort food with a twist?,IndeBlue Modern Indian Food & Spirits,3
Where can I find a place that serves comfort food with a twist?,Stock,3
Where can I find a place that serves comfort food with a twist?,El Camino Real,2
Where can I find a place that serves comfort food with a twist?,House of Thai Cuisine,2
Where can I find a place that serves comfort food with a twist?,Ekta Indian Cuisine,2
Where can I find a place that serves comfort food with a twist?,The Continental Restaurant and Martini Bar,3
Where can I find a place that serves comfort food with a twist?,Tiffin,2
Where can I find a place that serves comfort food with a twist?,Race Street Cafe,2
Where can I find a place that serves comfort food with a twist?,Jamonera,3
Where can I find a place that serves comfort food with a twist?,Sang Kee Peking Duck House,2
Where can I find a place that serves comfort food with a twist?,Ratchada Thai & Laos Cuisine,2
Where can I find a place that serves comfort food with a twist?,City Tavern Restaurant,3
Where can I find a place that serves comfort food with a twist?,Mission Taqueria,2
Where can I find a place that serves comfort food with a twist?,Nick's Old Original Roast Beef,3
Where can I find a place that serves comfort food with a twist?,Ants Pants Café,3
Where can I find a place that serves comfort food with a twist?,Marathon On the Square,2
Where can I find a place that serves comfort food with a twist?,Heritage,2
Where can I find a place that serves comfort food with a twist?,New Delhi Indian Restaurant,2
Where can I find a place that serves comfort food with a twist?,Karma Restaurant & Bar,2
Where can I find a place that serves comfort food with a twist?,Cheu Noodle Bar,3
Where can I find a place that serves comfort food with a twist?,Jasmine Rice - Rittenhouse,2
Where can I find a place that serves comfort food with a twist?,Green Eggs Cafe,3
Where can I find a place that serves comfort food with a twist?,Terakawa Ramen,3
Where can I find a place that serves comfort food with a twist?,Fogo de Chao,1
Where can I find a place that serves comfort food with a twist?,Bar Hygge,3
Where can I find a place that serves comfort food with a twist?,Le Viet Restaurant,2
Where can I find a place that serves comfort food with a twist?,Entree BYOB,2
Where can I find a place that serves comfort food with a twist?,Hummus Grill,2
Where can I find a place that serves comfort food with a twist?,Bareburger - Midtown Village,3
Where can I find a place that serves comfort food with a twist?,City Tap House,2
Where can I find a place that serves comfort food with a twist?,Sazon Restaurant & Cafe,3
Where can I find a place that serves comfort food with a twist?,Giwa Korean Kitchen,2
Where can I find a place that serves comfort food with a twist?,Wrap Shack,2
Where can I find a place that serves comfort food with a twist?,Black & Brew,2
Where can I find a place that serves comfort food with a twist?,Distrito,3
Where can I find a place that serves comfort food with a twist?,Friday Saturday Sunday,3
Where can I find a place that serves comfort food with a twist?,Mama's Vegetarian,3
Where can I find a place that serves comfort food with a twist?,Buddakan,2
Where can I find a place that serves comfort food with a twist?,500 Degrees,2
Where can I find a place that serves comfort food with a twist?,Marathon,2
Where can I find a place that serves comfort food with a twist?,Sam's Morning Glory Diner,3
Where can I find a place that serves comfort food with a twist?,High Street Philadelphia,2
Where can I find a place that serves comfort food with a twist?,South Philly Barbacoa,3
Where can I find a place that serves comfort food with a twist?,Rouge,2
Where can I find a place that serves comfort food with a twist?,Stockyard Sandwich,3
Where can I find a place that serves comfort food with a twist?,Amis Trattoria,3
Where can I find a place that serves comfort food with a twist?,Kraftwork,2
Where can I find a place that serves comfort food with a twist?,Taqueria La Veracruzana,2
Where can I find a place that serves comfort food with a twist?,Percy Street Barbecue,3
Where can I find a place that serves comfort food with a twist?,Spice End,3
Where can I find a place that serves comfort food with a twist?,Fuel Center City,2
Where can I find a place that serves comfort food with a twist?,Bar Ferdinand,2
Where can I find a place that serves comfort food with a twist?,Silk City Diner & Lounge,3
Where can I find a place that serves comfort food with a twist?,Tres Jalapenos,2
Where can I find a place that serves comfort food with a twist?,The Goat's Beard,2
Where can I find a place that serves comfort food with a twist?,Shiao Lan Kung,2
Where can I find a place that serves comfort food with a twist?,Taco Riendo,2
Where can I find a place that serves comfort food with a twist?,Stateside,2
Where can I find a place that serves comfort food with a twist?,Talula's Garden,2
Where can I find a place that serves comfort food with a twist?,Xochitl,2
Where can I find a place that serves comfort food with a twist?,Cafe Diem,3
Where can I find a place that serves comfort food with a twist?,Joe's Steaks + Soda Shop,2
Where can I find a place that serves comfort food with a twist?,Sakura Mandarin,2
Where can I find a place that serves comfort food with a twist?,So Crepe,3
Where can I find a place that serves comfort food with a twist?,The Dutch,3
Where can I find a place that serves comfort food with a twist?,Little Spoon Cafe,3
Where can I find a place that serves comfort food with a twist?,La Peg,2
Where can I find a place that serves comfort food with a twist?,The Dandelion,3
Where can I find a place that serves comfort food with a twist?,Cedar Park Cafe,3
Where can I find a place that serves comfort food with a twist?,Uzbekistan Restaurant,3
Where can I find a place that serves comfort food with a twist?,Dim Sum Garden,2
Where can I find a place that serves comfort food with a twist?,Prohibition Taproom,3
Where can I find a place that serves comfort food with a twist?,Erawan Thai Cuisine,2
Where can I find a place that serves comfort food with a twist?,Sang Kee Noodle House,2
Where can I find a place that serves comfort food with a twist?,Garces Trading Company,2
Where can I find a place that serves comfort food with a twist?,Jamaican Jerk Hut,2
Where can I find a place that serves comfort food with a twist?,Tredici Enoteca,2
Where can I find a place that serves comfort food with a twist?,Fare,2
Where can I find a place that serves comfort food with a twist?,Kite & Key,2
Where can I find a place that serves comfort food with a twist?,Creperie Beau Monde & L'Etage,3
Where can I find a place that serves comfort food with a twist?,Almaz Cafe,3
Where can I find a place that serves comfort food with a twist?,Ramen Bar,2
Where can I find a place that serves comfort food with a twist?,Dan Dan,2
Where can I find a place that serves comfort food with a twist?,Le Virtu,2
Where can I find a place that serves comfort food with a twist?,Osteria,2
Where can I find a place that serves comfort food with a twist?,Audrey Claire,2
Where can I find a place that serves comfort food with a twist?,Harp & Crown,3
Where can I find a place that serves comfort food with a twist?,Nom Nom Ramen,2
Where can I find a place that serves comfort food with a twist?,Kilimandjaro Restaurant,2
Where can I find a place that serves comfort food with a twist?,Nifty Fifty's,3
Where can I find a place that serves comfort food with a twist?,Paesano's Philly Style,3
Where can I find a place that serves comfort food with a twist?,Indian Restaurant,2
Where can I find a place that serves comfort food with a twist?,Grindcore House,2
Where can I find a place that serves comfort food with a twist?,Taqueria Feliz,2
Where can I find a place that serves comfort food with a twist?,Suraya,3
Where can I find a place that serves comfort food with a twist?,Tierra Colombiana Restaurant,3
Where can I find a place that serves comfort food with a twist?,Smokin Bettys,2
Where can I find a place that serves comfort food with a twist?,Doma,3
Where can I find a place that serves comfort food with a twist?,Blue Corn,3
Where can I find a place that serves comfort food with a twist?,Luna Café,2
Where can I find a place that serves comfort food with a twist?,Pennsylvania 6,2
Where can I find a place that serves comfort food with a twist?,Gyu-Kaku Japanese BBQ,1
Where can I find a place that serves comfort food with a twist?,Barbuzzo,2
Where can I find a place that serves comfort food with a twist?,Baby Blues BBQ Philly,2
Where can I find a place that serves comfort food with a twist?,PYT,3
Where can I find a place that serves comfort food with a twist?,Rose Petals Cafe,3
Where can I find a place that serves comfort food with a twist?,K-POT Korean BBQ & Hot Pot,2
Where can I find a place that serves comfort food with a twist?,Winnie's Manayunk,2
Where can I find a place that serves comfort food with a twist?,K'Far Cafe,3
Where can I find a place that serves comfort food with a twist?,Apricot Stone,3
Where can I find a place that serves comfort food with a twist?,Bourbon & Branch,3
Where can I find a place that serves comfort food with a twist?,Sweet Lucy's Smokehouse,2
Where can I find a place that serves comfort food with a twist?,Max Brenner - Philadelphia,2
Where can I find a place that serves comfort food with a twist?,Veda - Modern Indian Bistro,3
Where can I find a place that serves comfort food with a twist?,Yamitsuki Ramen,2
Where can I find a place that serves comfort food with a twist?,Chhaya Cafe,3
Where can I find a place that serves comfort food with a twist?,Manakeesh Cafe Bakery & Grill,2
Where can I find a place that serves comfort food with a twist?,The QUICK FIXX,2
Where can I find a place that serves comfort food with a twist?,The Industry,2
Where can I find a place that serves comfort food with a twist?,Zorba's Taverna,2
Where can I find a place that serves comfort food with a twist?,Nam Phuong,2
Where can I find a place that serves comfort food with a twist?,Morimoto,2
Where can I find a place that serves comfort food with a twist?,Amada,2
Where can I find a place that serves comfort food with a twist?,Smiley's Cafe,2
Where can I find a place that serves comfort food with a twist?,The Little Lion,3
Where can I find a place that serves comfort food with a twist?,Fork,2
Where can I find a place that serves comfort food with a twist?,Amma's South Indian Cuisine,2
Where can I find a place that serves comfort food with a twist?,Los Gallos Mexican Taqueria,2
Where can I find a place that serves comfort food with a twist?,Tinto,3
Where can I find a place that serves comfort food with a twist?,Double Knot,3
Where can I find a place that serves comfort food with a twist?,David's Mai Lai Wah,2
Where can I find a place that serves comfort food with a twist?,Chima Steakhouse,1
Where can I find a place that serves comfort food with a twist?,Banh Mi and Bottles,3
Where can I find a place that serves comfort food with a twist?,Koreana,2
Where can I find a place that serves comfort food with a twist?,Walnut Street Cafe,2
Where can I find a place that serves comfort food with a twist?,New Deck Tavern,2
Where can I find a place that serves comfort food with a twist?,Empress Garden,2
Where can I find a place that serves comfort food with a twist?,Buena Onda,2
Where can I find a place that serves comfort food with a twist?,Dmitri's,2
Where can I find a place that serves comfort food with a twist?,Gnocchi,3
Where can I find a place that serves comfort food with a twist?,The Sidecar Bar & Grille,2
Where can I find a place that serves comfort food with a twist?,Devil's Den,3
Where can I find a place that serves comfort food with a twist?,Hai Street Kitchen & Co,2
Where can I find a place that serves comfort food with a twist?,Café Soho,2
Where can I find a place that serves comfort food with a twist?,Seorabol Korean Restaurant,2
Where can I find a place that serves comfort food with a twist?,Rose Tattoo Cafe,2
Where can I find a place that serves comfort food with a twist?,Jake's & Cooper's Wine Bar & Wine Shop,2
Where can I find a place that serves comfort food with a twist?,Bing Bing Dim Sum,3
Where can I find a place that serves comfort food with a twist?,Le Pain Quotidien,2
Where can I find a place that serves comfort food with a twist?,Opa,2
Where can I find a place that serves comfort food with a twist?,Mixto,2
Where can I find a place that serves comfort food with a twist?,El Rey,2
Where can I find a place that serves comfort food with a twist?,Saad's Halal Restaurant,2
Where can I find a place that serves comfort food with a twist?,Modo Mio,2
Where can I find a place that serves comfort food with a twist?,El Fuego,2
Where can I find a place that serves comfort food with a twist?,Ela,2
Where can I find a place that serves comfort food with a twist?,Di Bruno Bros.,2
Where can I find a place that serves comfort food with a twist?,The Twisted Tail,3
Where can I find a place that serves comfort food with a twist?,Mercato BYOB,2
Where can I find a place that serves comfort food with a twist?,Bank & Bourbon,2
Where can I find a place that serves comfort food with a twist?,Fuel,2
Where can I find a place that serves comfort food with a twist?,Hiro Ramen House,2
Where can I find a place that serves comfort food with a twist?,Spice C,3
Where can I find a place that serves comfort food with a twist?,Paris Bistro and Jazz Cafe,2
Where can I find a place that serves comfort food with a twist?,Molly Malloy's,2
Where can I find a place that serves comfort food with a twist?,Pho Xe Lua Viet Thai Restaurant,2
Where can I find a place that serves comfort food with a twist?,South,3
Where can I find a place that serves comfort food with a twist?,Louie Louie,2
Where can I find a place that serves comfort food with a twist?,Lucky's Last Chance,3
Where can I find a place that serves comfort food with a twist?,Cantina Los Caballitos,2
Where can I find a place that serves comfort food with a twist?,P'unk Burger,3
Where can I find a place that serves comfort food with a twist?,BurgerFi,2
Where can I find a place that serves comfort food with a twist?,Alma de Cuba,2
Where can I find a place that serves comfort food with a twist?,Trolley Car Cafe,2
Where can I find a place that serves comfort food with a twist?,Cuba Libre Restaurant & Rum Bar - Philadelphia,2
Where can I find a place that serves comfort food with a twist?,Sardi's Pollo A La Brasa,2
Where can I find a place that serves comfort food with a twist?,The Farmers' Cabinet,2
Where can I find a place that serves comfort food with a twist?,London Grill,2
Where can I find a place that serves comfort food with a twist?,Barclay Prime,2
Where can I find a place that serves comfort food with a twist?,Rosy's Taco Bar,2
Where can I find a place that serves comfort food with a twist?,Penrose Diner,3
Where can I find a place that serves comfort food with a twist?,Abyssinia,2
Where can I find a place that serves comfort food with a twist?,Philadelphia Chutney Company,2
Where can I find a place that serves comfort food with a twist?,Sweet Freedom Bakery,2
Where can I find a place that serves comfort food with a twist?,The Good King Tavern,3
Where can I find a place that serves comfort food with a twist?,Trolley Car Diner,2
Where can I find a place that serves comfort food with a twist?,Little Nonna's,3
Where can I find a place that serves comfort food with a twist?,Little Pete's Restaurant,2
Where can I find a place that serves comfort food with a twist?,Standard Tap,2
Where can I find a place that serves comfort food with a twist?,Zavino,3
Where can I find a place that serves comfort food with a twist?,Spice 28,2
Where can I find a place that serves comfort food with a twist?,Cafe Olé,2
Where can I find a place that serves comfort food with a twist?,Sassafras Bar,2
Where can I find a place that serves comfort food with a twist?,American Sardine Bar,3
Where can I find a place that serves comfort food with a twist?,Miel Patisserie,1
Where can I find a place that serves comfort food with a twist?,Jack's Firehouse,2
Where can I find a place that serves comfort food with a twist?,Shake Shack,2
Where can I find a place that serves comfort food with a twist?,Hawthornes Biercafé,2
Where can I find a place that serves comfort food with a twist?,Las Cazuelas Restaurant BYOB,2
Where can I find a place that serves comfort food with a twist?,Effie's Restaurant,3
Where can I find a place that serves comfort food with a twist?,Chabaa Thai Bistro,2
Where can I find a place that serves comfort food with a twist?,Copabanana,2
Where can I find a place that serves comfort food with a twist?,The Gaslight,2
Where can I find a place that serves comfort food with a twist?,Greg's Kitchen,3
Where can I find a place that serves comfort food with a twist?,Pearl's Oyster Bar,2
Where can I find a place that serves comfort food with a twist?,Urban Farmer Philadelphia,2
Where can I find a place that serves comfort food with a twist?,El Poquito,2
Where can I find a place that serves comfort food with a twist?,National Mechanics,2
Where can I find a place that serves comfort food with a twist?,Jerry's Bar,2
Where can I find a place that serves comfort food with a twist?,Valanni,2
Where can I find a place that serves comfort food with a twist?,Little Fish,3
Where can I find a place that serves comfort food with a twist?,SPOT Gourmet Burgers,3
Where can I find a place that serves comfort food with a twist?,Animo Juice,1
Where can I find a place that serves comfort food with a twist?,Talula's Daily,2
Where can I find a place that serves comfort food with a twist?,The Gold Standard Cafe,2
Where can I find a place that serves comfort food with a twist?,Catahoula,3
Where can I find a place that serves comfort food with a twist?,Wm Mulherin's Sons,3
Where can I find a place that serves comfort food with a twist?,Shang Hai 1,2
Where can I find a place that serves comfort food with a twist?,Booker's Restaurant and Bar,2
Where can I find a place that serves comfort food with a twist?,Darling's Diner,2
Where can I find a place that serves comfort food with a twist?,Bainbridge Street Barrel House,3
Where can I find a place that serves comfort food with a twist?,Davios,2
Where can I find a place that serves comfort food with a twist?,Caribou Cafe,2
Where can I find a place that serves comfort food with a twist?,Melrose Diner,2
Where can I find a place that serves comfort food with a twist?,Monsú,3
Where can I find a place that serves comfort food with a twist?,Moshulu,2
Where can I find a place that serves comfort food with a twist?,McCrossen's Tavern,2
Where can I find a place that serves comfort food with a twist?,Down Home Diner,2
Where can I find a place that serves comfort food with a twist?,La Fourno Ristorante Trattoria,2
Where can I find a place that serves comfort food with a twist?,SOMO Manayunk,2
Where can I find a place that serves comfort food with a twist?,Nine Ting,2
Where can I find a place that serves comfort food with a twist?,Tom's Dim Sum,2
Where can I find a place that serves comfort food with a twist?,Mac Mart,3
Where can I find a place that serves comfort food with a twist?,J'aime French Bakery,1
Where can I find a place that serves comfort food with a twist?,Pinefish,2
Where can I find a place that serves comfort food with a twist?,Steve's Prince of Steaks,2
Where can I find a place that serves comfort food with a twist?,Pizzeria Vetri,2
Where can I find a place that serves comfort food with a twist?,Jose Pistola's,2
Where can I find a place that serves comfort food with a twist?,Tequilas Restaurant,2
Where can I find a place that serves comfort food with a twist?,OCF Coffee House,2
Where can I find a place that serves comfort food with a twist?,Triumph Brewing Company,2
Where can I find a place that serves comfort food with a twist?,The Plough & the Stars,2
Where can I find a place that serves comfort food with a twist?,Loco Pez,3
Where can I find a place that serves comfort food with a twist?,Estia,2
Where can I find a place that serves comfort food with a twist?,Royal Sushi & Izakaya,2
Where can I find a place that serves comfort food with a twist?,Perch Pub,2
Where can I find a place that serves comfort food with a twist?,Mac's Tavern,2
Where can I find a place that serves comfort food with a twist?,The Capital Grille,1
Where can I find a place that serves comfort food with a twist?,El Vez,2
Where can I find a place that serves comfort food with a twist?,Octopus Falafel Truck,3
Where can I find a place that serves comfort food with a twist?,Jakes Sandwich Board - 12th St,2
Where can I find a place that serves comfort food with a twist?,Reading Terminal Market,2
Where can I find a place that serves comfort food with a twist?,In Riva,2
Where can I find a place that serves comfort food with a twist?,XIX Nineteen,2
Where can I find a place that serves comfort food with a twist?,Tai Lake Restaurant,2
Where can I find a place that serves comfort food with a twist?,Nan Zhou Hand Drawn Noodle House,2
Where can I find a place that serves comfort food with a twist?,QT Vietnamese Sandwich,2
Where can I find a place that serves comfort food with a twist?,Dim Sum & Noodle,3
Where can I find a place that serves comfort food with a twist?,Masala Kitchen Kati Rolls and Platters,3
Where can I find a place that serves comfort food with a twist?,Bufad,3
Where can I find a place that serves comfort food with a twist?,T-Swirl Crêpe,2
Where can I find a place that serves comfort food with a twist?,Ocean Prime,0
Where can I find a place that serves comfort food with a twist?,Tria Taproom,3
Where can I find a place that serves comfort food with a twist?,Dizengoff,3
Where can I find a place that serves comfort food with a twist?,Fette Sau,2
Where can I find a place that serves comfort food with a twist?,Spasso Italian Grill,2
Where can I find a place that serves comfort food with a twist?,Positano Coast by Aldo Lamberti,1
Where can I find a place that serves comfort food with a twist?,Tattooed Mom,3
Where can I find a place that serves comfort food with a twist?,R2L,2
Where can I find a place that serves comfort food with a twist?,Pizzeria Stella,2
Where can I find a place that serves comfort food with a twist?,Schlesinger's,2
Where can I find a place that serves comfort food with a twist?,Deke's Bar-B-Que,2
Where can I find a place that serves comfort food with a twist?,Del Frisco's Double Eagle Steakhouse,1
Where can I find a place that serves comfort food with a twist?,La Locanda Del Ghiottone,2
Where can I find a place that serves comfort food with a twist?,Bourbon Blue,2
Where can I find a place that serves comfort food with a twist?,Three Monkeys Cafe,2
Where can I find a place that serves comfort food with a twist?,La Viola,2
Where can I find a place that serves comfort food with a twist?,Happily Ever After,3
Where can I find a place that serves comfort food with a twist?,Tela's Market & Kitchen,2
Where can I find a place that serves comfort food with a twist?,Little Baby's Ice Cream,3
Where can I find a place that serves comfort food with a twist?,Harper's Garden,2
Where can I find a place that serves comfort food with a twist?,Bleu Sushi,1
Where can I find a place that serves comfort food with a twist?,Chickie's & Pete's,2
Where can I find a place that serves comfort food with a twist?,Mad Mex - University City,2
Where can I find a place that serves comfort food with a twist?,Rybread,2
Where can I find a place that serves comfort food with a twist?,Joy Tsin Lau Chinese Restaurant,2
Where can I find a place that serves comfort food with a twist?,Brauhaus Schmitz,2
Where can I find a place that serves comfort food with a twist?,One Shot Coffee,2
Where can I find a place that serves comfort food with a twist?,Famous 4th Street Delicatessen,2
Where can I find a place that serves comfort food with a twist?,Melograno,2
Where can I find a place that serves comfort food with a twist?,Lucha Cartel,2
Where can I find a place that serves comfort food with a twist?,Ladder 15,2
Where can I find a place that serves comfort food with a twist?,The Cambridge,2
Where can I find a place that serves comfort food with a twist?,Oh Brother Philly,2
Where can I find a place that serves comfort food with a twist?,Nom Wah Philadelphia,2
Where can I find a place that serves comfort food with a twist?,Misconduct Tavern,3
Where can I find a place that serves comfort food with a twist?,Pho Ha,2
Where can I find a place that serves comfort food with a twist?,Red Owl Tavern,2
Where can I find a place that serves comfort food with a twist?,McCormick & Schmick's Seafood & Steaks,1
Where can I find a place that serves comfort food with a twist?,Gran Caffe L'Aquila,3
Where can I find a place that serves comfort food with a twist?,Pho Cali Vietnamese Restaurant,2
Where can I find a place that serves comfort food with a twist?,Bar-Ly Chinatown,2
Where can I find a place that serves comfort food with a twist?,Ristorante Pesto,2
Where can I find a place that serves comfort food with a twist?,Revolution House,2
Where can I find a place that serves comfort food with a twist?,Yanako,2
Where can I find a place that serves comfort food with a twist?,Giorgio On Pine,2
Where can I find a place that serves comfort food with a twist?,Cleavers,3
Where can I find a place that serves comfort food with a twist?,Branzino Italian Ristorante,2
Where can I find a place that serves comfort food with a twist?,Rittenhouse Grill,1
Where can I find a place that serves comfort food with a twist?,Fergie's Pub,2
Where can I find a place that serves comfort food with a twist?,Dock Street Brewery,2
Where can I find a place that serves comfort food with a twist?,Radicchio Cafe,3
Where can I find a place that serves comfort food with a twist?,The Bakeshop on 20th,3
Where can I find a place that serves comfort food with a twist?,Vintage Wine Bar,2
Where can I find a place that serves comfort food with a twist?,The Couch Tomato Cafe,2
Where can I find a place that serves comfort food with a twist?,Francoluigi's Pizzeria & Italian Restaurant,2
Where can I find a place that serves comfort food with a twist?,Toast,2
Where can I find a place that serves comfort food with a twist?,Chubby Cattle,3
Where can I find a place that serves comfort food with a twist?,Rustica,3
Where can I find a place that serves comfort food with a twist?,MilkBoy,2
Where can I find a place that serves comfort food with a twist?,Nomad Pizza Company,2
Where can I find a place that serves comfort food with a twist?,Marmont Steakhouse & Bar,2
Where can I find a place that serves comfort food with a twist?,Maggiano's Little Italy,2
Where can I find a place that serves comfort food with a twist?,Urban Saloon,2
Where can I find a place that serves comfort food with a twist?,Santucci's Original Square Pizza,2
Where can I find a place that serves comfort food with a twist?,Bubblefish,3
Where can I find a place that serves comfort food with a twist?,Mad Rex,3
Where can I find a place that serves comfort food with a twist?,Termini Bros Bakery,2
Where can I find a place that serves comfort food with a twist?,Monk's Cafe,2
Where can I find a place that serves comfort food with a twist?,Flying Monkey Bakery,2
Where can I find a place that serves comfort food with a twist?,Warmdaddy's,2
Where can I find a place that serves comfort food with a twist?,Beck's Cajun Cafe,3
Where can I find a place that serves comfort food with a twist?,Con Murphy's,2
Where can I find a place that serves comfort food with a twist?,Landmark Americana Tap & Grill - University City,2
Where can I find a place that serves comfort food with a twist?,The Black Sheep Pub & Restaurant,2
Where can I find a place that serves comfort food with a twist?,Relish,2
Where can I find a place that serves comfort food with a twist?,LaScala's,2
Where can I find a place that serves comfort food with a twist?,Nook Bakery & Coffee Bar,2
Where can I find a place that serves comfort food with a twist?,Yakitori Boy,2
Where can I find a place that serves comfort food with a twist?,L'Angolo Ristorante,2
Where can I find a place that serves comfort food with a twist?,Pho Ha Saigon,2
Where can I find a place that serves comfort food with a twist?,Bluestone Lane,2
Where can I find a place that serves comfort food with a twist?,Tacconelli's Pizzeria,1
Where can I find a place that serves comfort food with a twist?,Time,3
Where can I find a place that serves comfort food with a twist?,The Happy Rooster,2
Where can I find a place that serves comfort food with a twist?,1225Raw Sushi and Sake Lounge,1
Where can I find a place that serves comfort food with a twist?,The Cheesecake Factory,2
Where can I find a place that serves comfort food with a twist?,Bistro Romano,2
Where can I find a place that serves comfort food with a twist?,Woodrow's Sandwich Shop,3
Where can I find a place that serves comfort food with a twist?,Ishkabibble's,2
Where can I find a place that serves comfort food with a twist?,Las Margaritas,2
Where can I find a place that serves comfort food with a twist?,Umai Umai,3
Where can I find a place that serves comfort food with a twist?,Slice,2
Where can I find a place that serves comfort food with a twist?,Barcelona Wine Bar Passyunk,2
Where can I find a place that serves comfort food with a twist?,Panorama,2
Where can I find a place that serves comfort food with a twist?,Moriarty's Restaurant and Irish Pub,2
Where can I find a place that serves comfort food with a twist?,The Olde Bar,2
Where can I find a place that serves comfort food with a twist?,Middle Child,3
Where can I find a place that serves comfort food with a twist?,Porcini,2
Where can I find a place that serves comfort food with a twist?,Chubbys Steaks,2
Where can I find a place that serves comfort food with a twist?,Nomad Roman Pizza,2
Where can I find a place that serves comfort food with a twist?,Capogiro Gelato,0
Where can I find a place that serves comfort food with a twist?,Johnny Brenda's,2
Where can I find a place that serves comfort food with a twist?,Beiler's Bakery,2
Where can I find a place that serves comfort food with a twist?,Zama,2
Where can I find a place that serves comfort food with a twist?,Nodding Head Brewery & Restaurant,2
Where can I find a place that serves comfort food with a twist?,Stogie Joe's Tavern,2
Where can I find a place that serves comfort food with a twist?,Serafina Philadelphia,2
Where can I find a place that serves comfort food with a twist?,Devon Seafood Grill,1
Where can I find a place that serves comfort food with a twist?,Barra Rossa Ristorante,2
Where can I find a place that serves comfort food with a twist?,Ralphs Italian Restaurant,2
Where can I find a place that serves comfort food with a twist?,Tria Cafe Rittenhouse,2
Where can I find a place that serves comfort food with a twist?,Ten Stone Bar & Restaurant,2
Where can I find a place that serves comfort food with a twist?,Meltkraft At Reading Terminal Market,3
Where can I find a place that serves comfort food with a twist?,Villa Di Roma,3
Where can I find a place that serves comfort food with a twist?,Pat's King of Steaks,2
Where can I find a place that serves comfort food with a twist?,The Original Tony Lukes,2
Where can I find a place that serves comfort food with a twist?,Morgan's Pier,2
Where can I find a place that serves comfort food with a twist?,The Victor Cafe,2
Where can I find a place that serves comfort food with a twist?,Pho 75,2
Where can I find a place that serves comfort food with a twist?,Pizza Brain,3
Where can I find a place that serves comfort food with a twist?,Oyster House,2
Where can I find a place that serves comfort food with a twist?,Cactus Restaurant & Bar,2
Where can I find a place that serves comfort food with a twist?,Earth Bread + Brewery,3
Where can I find a place that serves comfort food with a twist?,Ocean Harbor,1
Where can I find a place that serves comfort food with a twist?,LaScala's Birra,3
Where can I find a place that serves comfort food with a twist?,Pho Saigon,2
Where can I find a place that serves comfort food with a twist?,The Foodery at Rittenhouse,2
Where can I find a place that serves comfort food with a twist?,Dante & Luigi's,2
Where can I find a place that serves comfort food with a twist?,Fadó Irish Pub,2
Where can I find a place that serves comfort food with a twist?,John's Roast Pork,2
Where can I find a place that serves comfort food with a twist?,Pietro's Coal Oven Pizzeria,2
Where can I find a place that serves comfort food with a twist?,Jimmy G's Steaks,2
Where can I find a place that serves comfort food with a twist?,Anastasi Seafood,2
Where can I find a place that serves comfort food with a twist?,2nd Story Brewing,2
Where can I find a place that serves comfort food with a twist?,Del Rossi's Cheesesteak,2
Where can I find a place that serves comfort food with a twist?,Bellini,2
Where can I find a place that serves comfort food with a twist?,Cosmi's Deli,1
Where can I find a place that serves comfort food with a twist?,Tommy DiNic's,3
Where can I find a place that serves comfort food with a twist?,Fat Salmon,2
Where can I find a place that serves comfort food with a twist?,Chickie's and Pete's,2
Where can I find a place that serves comfort food with a twist?,Geno's Steaks,2
Where can I find a place that serves comfort food with a twist?,Tria Cafe Wash West,2
Where can I find a place that serves comfort food with a twist?,Fuji Mountain,1
Where can I find a place that serves comfort food with a twist?,Hard Rock Cafe,2
Where can I find a place that serves comfort food with a twist?,Hershel's East Side Deli,2
Where can I find a place that serves comfort food with a twist?,Zento Contemporary Japanese Cuisine,1
Where can I find a place that serves comfort food with a twist?,Marra's,2
Where can I find a place that serves comfort food with a twist?,La Fontana Della Citta,1
Where can I find a place that serves comfort food with a twist?,La Colombe Coffee,2
Where can I find a place that serves comfort food with a twist?,Murph's Bar,3
Where can I find a place that serves comfort food with a twist?,Chart House,1
Where can I find a place that serves comfort food with a twist?,Pizzeria Beddia,2
Where can I find a place that serves comfort food with a twist?,Local Tavern,2
Where can I find a place that serves comfort food with a twist?,Frankford Hall,2
Where can I find a place that serves comfort food with a twist?,JJ Bootleggers,2
Where can I find a place that serves comfort food with a twist?,Sonny's Famous Steaks,2
Where can I find a place that serves comfort food with a twist?,Philip's Steaks,2
Where can I find a place that serves comfort food with a twist?,BRÜ Craft & Wurst,2
Where can I find a place that serves comfort food with a twist?,Manayunk Brewery,2
Where can I find a place that serves comfort food with a twist?,Eulogy Belgian Tavern,2
Where can I find a place that serves comfort food with a twist?,By George! Pizza Pasta & Cheesesteaks,2
Where can I find a place that serves comfort food with a twist?,Legal Sea Foods,1
Where can I find a place that serves comfort food with a twist?,Isgro Pastries,0
Where can I find a place that serves comfort food with a twist?,Bottle Bar East,3
Where can I find a place that serves comfort food with a twist?,Porta,2
Where can I find a place that serves comfort food with a twist?,Aki Nom Nom Sushi & Ramen,1
Where can I find a place that serves comfort food with a twist?,&pizza - Walnut,2
Where can I find a place that serves comfort food with a twist?,Swiss Haus Cafe & Pastry Bar,2
Where can I find a place that serves comfort food with a twist?,Koch's Deli,3
Where can I find a place that serves comfort food with a twist?,Dinardo's Famous Crabs,1
Where can I find a place that serves comfort food with a twist?,World Cafe Live,2
Where can I find a place that serves comfort food with a twist?,Crazy Sushi,2
Where can I find a place that serves comfort food with a twist?,Lazaro's Pizzeria & Grill,2
Where can I find a place that serves comfort food with a twist?,Koto Sushi,1
Where can I find a place that serves comfort food with a twist?,Carmen's Famous Italian Hoagies,2
Where can I find a place that serves comfort food with a twist?,Dalessandro’s Steaks & Hoagies,2
Where can I find a place that serves comfort food with a twist?,Sumo Sushi,1
Where can I find a place that serves comfort food with a twist?,Snap Custom Pizza - Center City,2
Where can I find a place that serves comfort food with a twist?,Kabuki Sushi,0
Where can I find a place that serves comfort food with a twist?,Knead Bagels,3
Where can I find a place that serves comfort food with a twist?,Vic Sushi Bar,1
Where can I find a place that serves comfort food with a twist?,Angelo's Pizzeria,2
Where can I find a place that serves comfort food with a twist?,Gooey Looie's,2
Where can I find a place that serves comfort food with a twist?,Campo's Philly Cheesesteaks,2
Where can I find a place that serves comfort food with a twist?,Jim's Steaks,2
Where can I find a place that serves comfort food with a twist?,A La Mousse,3
Where can I find a place that serves comfort food with a twist?,Jim's South St,2
Where can I find a place that serves comfort food with a twist?,McGillin's Olde Ale House,2
Where can I find a place that serves comfort food with a twist?,Sweet Box Cupcakes,2
Where can I find a place that serves comfort food with a twist?,Volo Coffeehouse,1
Where can I find a place that serves comfort food with a twist?,Luke's Lobster Rittenhouse,2
Where can I find a place that serves comfort food with a twist?,Max's Steaks,2
Where can I find a place that serves comfort food with a twist?,Dave & Buster's,2
Where can I find a place that serves comfort food with a twist?,Bredenbeck's Bakery & Ice Cream Parlor,1
Where can I find a place that serves comfort food with a twist?,Fox and Hound,1
Where can I find a place that serves comfort food with a twist?,North Bowl,3
Where can I find a place that serves comfort food with a twist?,Spread Bagelry,2
Where can I find a place that serves comfort food with a twist?,Chapterhouse Café & Gallery,2
Where can I find a place that serves comfort food with a twist?,Elixr Coffee Roasters,1
Where can I find a place that serves comfort food with a twist?,Spataro's Cheesesteaks,2
Where can I find a place that serves comfort food with a twist?,IKEA,2
Where can I find a place that serves comfort food with a twist?,Independence Beer Garden,2
Where can I find a place that serves comfort food with a twist?,Drinker's Pub,2
Where can I find a place that serves comfort food with a twist?,RIM Cafe,3
Where can I find a place that serves comfort food with a twist?,Lorenzo & Sons Pizza,2
Where can I find a place that serves comfort food with a twist?,Barcade,2
Where can I find a place that serves comfort food with a twist?,The Famous 4th Street Cookie Company,1
Where can I find a place that serves comfort food with a twist?,TGI Fridays,2
Where can I find a place that serves comfort food with a twist?,Yards Brewing Company,2
Where can I find a place that serves comfort food with a twist?,Byblos,2
Where can I find a place that serves comfort food with a twist?,Bok Bar,1
Where can I find a place that serves comfort food with a twist?,Evil Genius Beer,2
Where can I find a place that serves comfort food with a twist?,Tavern on Broad,1
Where can I find a place that serves comfort food with a twist?,Lucky Strike - Philadelphia,2
Where can I find a place that serves comfort food with a twist?,Oscar's Tavern,2
Where can I find a place that serves comfort food with a twist?,Loews Philadelphia Hotel,2
Where can I find a place that serves comfort food with a twist?,Kung Fu Tea,1
Where can I find a place that serves comfort food with a twist?,Philadelphia Marriott Downtown,1
Where can I find a place that serves comfort food with a twist?,Vango Lounge & Skybar,1
Where can I find a place that serves comfort food with a twist?,Punch Line Philly,1
Where can I find a place that serves comfort food with a twist?,Helium Comedy Club,2
Where can I find a place that serves comfort food with a twist?,Xfinity Live! Philadelphia,2
Where can I find a place that serves comfort food with a twist?,Woody's,1
Where can I find a place that serves comfort food with a twist?,Philadelphia Museum of Art,1
Which restaurants feel intimate despite being popular?,Serpico,2
Which restaurants feel intimate despite being popular?,Tashan,3
Which restaurants feel intimate despite being popular?,Audrey Claire,2
Which restaurants feel intimate despite being popular?,Little Fish,3
Which restaurants feel intimate despite being popular?,Bistrot La Minette,3
Which restaurants feel intimate despite being popular?,The Farmers' Cabinet,2
Which restaurants feel intimate despite being popular?,Matyson,3
Which restaurants feel intimate despite being popular?,Lacroix Restaurant at The Rittenhouse,3
Which restaurants feel intimate despite being popular?,Mercato BYOB,3
Which restaurants feel intimate despite being popular?,Pumpkin,3
Which restaurants feel intimate despite being popular?,Kanella,2
Which restaurants feel intimate despite being popular?,Friday Saturday Sunday,3
Which restaurants feel intimate despite being popular?,Laurel,3
Which restaurants feel intimate despite being popular?,Fond,3
Which restaurants feel intimate despite being popular?,XIX Nineteen,3
Which restaurants feel intimate despite being popular?,Bibou,3
Which restaurants feel intimate despite being popular?,Harp & Crown,2
Which restaurants feel intimate despite being popular?,a.kitchen,3
Which restaurants feel intimate despite being popular?,Butcher and Singer,3
Which restaurants feel intimate despite being popular?,La Viola,2
Which restaurants feel intimate despite being popular?,La Locanda Del Ghiottone,3
Which restaurants feel intimate despite being popular?,Melograno,2
Which restaurants feel intimate despite being popular?,Chifa,2
Which restaurants feel intimate despite being popular?,Marrakesh,3
Which restaurants feel intimate despite being popular?,Noord,3
Which restaurants feel intimate despite being popular?,Double Knot,3
Which restaurants feel intimate despite being popular?,The Continental Mid-town,2
Which restaurants feel intimate despite being popular?,Square 1682,2
Which restaurants feel intimate despite being popular?,Supper,2
Which restaurants feel intimate despite being popular?,Russet,3
Which restaurants feel intimate despite being popular?,Porcini,3
Which restaurants feel intimate despite being popular?,Marigold Kitchen,3
Which restaurants feel intimate despite being popular?,The Victor Cafe,3
Which restaurants feel intimate despite being popular?,Pub & Kitchen,2
Which restaurants feel intimate despite being popular?,Vernick Food & Drink,2
Which restaurants feel intimate despite being popular?,Barclay Prime,3
Which restaurants feel intimate despite being popular?,Talula's Garden,3
Which restaurants feel intimate despite being popular?,La Fourno Ristorante Trattoria,2
Which restaurants feel intimate despite being popular?,Barbuzzo,3
Which restaurants feel intimate despite being popular?,Giorgio On Pine,2
Which restaurants feel intimate despite being popular?,Twenty Manning,2
Which restaurants feel intimate despite being popular?,The Love,3
Which restaurants feel intimate despite being popular?,Sbraga,2
Which restaurants feel intimate despite being popular?,Smile Cafe,3
Which restaurants feel intimate despite being popular?,Dmitri's,3
Which restaurants feel intimate despite being popular?,Del Frisco's Double Eagle Steakhouse,2
Which restaurants feel intimate despite being popular?,Spice Finch,3
Which restaurants feel intimate despite being popular?,Zavino,3
Which restaurants feel intimate despite being popular?,Modo Mio,2
Which restaurants feel intimate despite being popular?,Wm Mulherin's Sons,2
Which restaurants feel intimate despite being popular?,Morimoto,2
Which restaurants feel intimate despite being popular?,Amis Trattoria,2
Which restaurants feel intimate despite being popular?,Estia,2
Which restaurants feel intimate despite being popular?,Figs,3
Which restaurants feel intimate despite being popular?,Nook Bakery & Coffee Bar,3
Which restaurants feel intimate despite being popular?,Han Dynasty,1
Which restaurants feel intimate despite being popular?,The Dandelion,3
Which restaurants feel intimate despite being popular?,Davios,3
Which restaurants feel intimate despite being popular?,R2L,2
Which restaurants feel intimate despite being popular?,Rose Tattoo Cafe,3
Which restaurants feel intimate despite being popular?,Vietnam Cafe,2
Which restaurants feel intimate despite being popular?,Hardena_Waroeng Surabaya Restaurant,2
Which restaurants feel intimate despite being popular?,Harper's Garden,2
Which restaurants feel intimate despite being popular?,Jasmine Rice - Rittenhouse,3
Which restaurants feel intimate despite being popular?,Sampan,2
Which restaurants feel intimate despite being popular?,Osteria,2
Which restaurants feel intimate despite being popular?,Vetri Cucina,3
Which restaurants feel intimate despite being popular?,K-POT Korean BBQ & Hot Pot,0
Which restaurants feel intimate despite being popular?,Bistro Romano,3
Which restaurants feel intimate despite being popular?,Suraya,3
Which restaurants feel intimate despite being popular?,Pod,2
Which restaurants feel intimate despite being popular?,Tinto,3
Which restaurants feel intimate despite being popular?,Dim Sum House,2
Which restaurants feel intimate despite being popular?,Vedge,3
Which restaurants feel intimate despite being popular?,Jamonera,3
Which restaurants feel intimate despite being popular?,The Gold Standard Cafe,2
Which restaurants feel intimate despite being popular?,South,3
Which restaurants feel intimate despite being popular?,Amada,2
Which restaurants feel intimate despite being popular?,Lolita,3
Which restaurants feel intimate despite being popular?,Buddakan,2
Which restaurants feel intimate despite being popular?,Entree BYOB,3
Which restaurants feel intimate despite being popular?,Doma,2
Which restaurants feel intimate despite being popular?,Valanni,2
Which restaurants feel intimate despite being popular?,Pinefish,1
Which restaurants feel intimate despite being popular?,The Good King Tavern,3
Which restaurants feel intimate despite being popular?,Jones,2
Which restaurants feel intimate despite being popular?,Bud & Marilyn's,2
Which restaurants feel intimate despite being popular?,Rittenhouse Grill,2
Which restaurants feel intimate despite being popular?,Walnut Street Cafe,2
Which restaurants feel intimate despite being popular?,White Dog Cafe,2
Which restaurants feel intimate despite being popular?,Uzbekistan Restaurant,2
Which restaurants feel intimate despite being popular?,Wedge + Fig,3
Which restaurants feel intimate despite being popular?,Branzino Italian Ristorante,2
Which restaurants feel intimate despite being popular?,Alma de Cuba,3
Which restaurants feel intimate despite being popular?,Louie Louie,2
Which restaurants feel intimate despite being popular?,Positano Coast by Aldo Lamberti,2
Which restaurants feel intimate despite being popular?,Kalaya,1
Which restaurants feel intimate despite being popular?,Radicchio Cafe,3
Which restaurants feel intimate despite being popular?,Hinge Cafe,3
Which restaurants feel intimate despite being popular?,Karma Restaurant & Bar,2
Which restaurants feel intimate despite being popular?,Effie's Restaurant,2
Which restaurants feel intimate despite being popular?,Miles Table,2
Which restaurants feel intimate despite being popular?,Sabrina's Café,2
Which restaurants feel intimate despite being popular?,Tredici Enoteca,2
Which restaurants feel intimate despite being popular?,Fork,2
Which restaurants feel intimate despite being popular?,Rouge,3
Which restaurants feel intimate despite being popular?,Gyu-Kaku Japanese BBQ,2
Which restaurants feel intimate despite being popular?,IndeBlue Modern Indian Food & Spirits,2
Which restaurants feel intimate despite being popular?,Farmicia,2
Which restaurants feel intimate despite being popular?,JJ Thai Cuisine,2
Which restaurants feel intimate despite being popular?,Bellini,2
Which restaurants feel intimate despite being popular?,Chhaya Cafe,2
Which restaurants feel intimate despite being popular?,Distrito,2
Which restaurants feel intimate despite being popular?,Hungry Pigeon,2
Which restaurants feel intimate despite being popular?,Ristorante Pesto,2
Which restaurants feel intimate despite being popular?,Charlie Was a Sinner,3
Which restaurants feel intimate despite being popular?,Circles Contemporary Thai,3
Which restaurants feel intimate despite being popular?,Gnocchi,2
Which restaurants feel intimate despite being popular?,Le Virtu,2
Which restaurants feel intimate despite being popular?,Devil's Alley Bar & Grille,2
Which restaurants feel intimate despite being popular?,La Peg,1
Which restaurants feel intimate despite being popular?,Bridget Foy's,1
Which restaurants feel intimate despite being popular?,North Third,2
Which restaurants feel intimate despite being popular?,Little Nonna's,3
Which restaurants feel intimate despite being popular?,Trolley Car Cafe,1
Which restaurants feel intimate despite being popular?,1225Raw Sushi and Sake Lounge,2
Which restaurants feel intimate despite being popular?,Fogo de Chao,2
Which restaurants feel intimate despite being popular?,Iron Hill Brewery & Restaurant,1
Which restaurants feel intimate despite being popular?,Silk City Diner & Lounge,1
Which restaurants feel intimate despite being popular?,Porta,1
Which restaurants feel intimate despite being popular?,House of Thai Cuisine,3
Which restaurants feel intimate despite being popular?,L'Angolo Ristorante,3
Which restaurants feel intimate despite being popular?,Kensington Quarters,2
Which restaurants feel intimate despite being popular?,Talula's Daily,3
Which restaurants feel intimate despite being popular?,The Industry,2
Which restaurants feel intimate despite being popular?,Pattaya,2
Which restaurants feel intimate despite being popular?,The Continental Restaurant and Martini Bar,2
Which restaurants feel intimate despite being popular?,Harvest Seasonal Grill & Wine Bar - Philadelphia,2
Which restaurants feel intimate despite being popular?,Urban Farmer Philadelphia,2
Which restaurants feel intimate despite being popular?,Stateside,2
Which restaurants feel intimate despite being popular?,Bar Hygge,2
Which restaurants feel intimate despite being popular?,Race Street Cafe,3
Which restaurants feel intimate despite being popular?,Ocean Prime,2
Which restaurants feel intimate despite being popular?,High Street Philadelphia,2
Which restaurants feel intimate despite being popular?,Aksum Cafe,3
Which restaurants feel intimate despite being popular?,La Calaca Feliz,2
Which restaurants feel intimate despite being popular?,Tamarind,2
Which restaurants feel intimate despite being popular?,New Delhi Indian Restaurant,2
Which restaurants feel intimate despite being popular?,Ratchada Thai & Laos Cuisine,3
Which restaurants feel intimate despite being popular?,Three Monkeys Cafe,2
Which restaurants feel intimate despite being popular?,Garces Trading Company,2
Which restaurants feel intimate despite being popular?,Ramen Bar,2
Which restaurants feel intimate despite being popular?,Ms Tootsie's RBL,2
Which restaurants feel intimate despite being popular?,Pizzeria Vetri,2
Which restaurants feel intimate despite being popular?,Le Viet Restaurant,3
Which restaurants feel intimate despite being popular?,Rex at the Royal,3
Which restaurants feel intimate despite being popular?,Indian Restaurant,2
Which restaurants feel intimate despite being popular?,The Gaslight,2
Which restaurants feel intimate despite being popular?,Pennsylvania 6,2
Which restaurants feel intimate despite being popular?,Trolley Car Diner,1
Which restaurants feel intimate despite being popular?,The Blue Duck,2
Which restaurants feel intimate despite being popular?,Vientiane Café,2
Which restaurants feel intimate despite being popular?,Ela,2
Which restaurants feel intimate despite being popular?,Cantina Los Caballitos,2
Which restaurants feel intimate despite being popular?,Sitar India,2
Which restaurants feel intimate despite being popular?,Darling's Diner,0
Which restaurants feel intimate despite being popular?,Paris Bistro and Jazz Cafe,2
Which restaurants feel intimate despite being popular?,The Little Lion,2
Which restaurants feel intimate despite being popular?,Dan Dan,2
Which restaurants feel intimate despite being popular?,City Tap House,1
Which restaurants feel intimate despite being popular?,Heritage,3
Which restaurants feel intimate despite being popular?,Jerry's Bar,2
Which restaurants feel intimate despite being popular?,Spice 28,2
Which restaurants feel intimate despite being popular?,Cafe Lift,2
Which restaurants feel intimate despite being popular?,La Fontana Della Citta,1
Which restaurants feel intimate despite being popular?,Bank & Bourbon,2
Which restaurants feel intimate despite being popular?,Indian Kitchen Lovash,3
Which restaurants feel intimate despite being popular?,Tequilas Restaurant,3
Which restaurants feel intimate despite being popular?,Chart House,2
Which restaurants feel intimate despite being popular?,The Fat Ham,2
Which restaurants feel intimate despite being popular?,Royal Sushi & Izakaya,2
Which restaurants feel intimate despite being popular?,Caribou Cafe,2
Which restaurants feel intimate despite being popular?,Las Bugambilias,3
Which restaurants feel intimate despite being popular?,Tria Taproom,2
Which restaurants feel intimate despite being popular?,Opa,2
Which restaurants feel intimate despite being popular?,Marathon,1
Which restaurants feel intimate despite being popular?,Tierra Colombiana Restaurant,2
Which restaurants feel intimate despite being popular?,Prohibition Taproom,2
Which restaurants feel intimate despite being popular?,Yakitori Boy,2
Which restaurants feel intimate despite being popular?,Little Pete's Restaurant,2
Which restaurants feel intimate despite being popular?,The Spicy Belly,1
Which restaurants feel intimate despite being popular?,Erawan Thai Cuisine,2
Which restaurants feel intimate despite being popular?,Veda - Modern Indian Bistro,2
Which restaurants feel intimate despite being popular?,Max Brenner - Philadelphia,2
Which restaurants feel intimate despite being popular?,LaScala's,2
Which restaurants feel intimate despite being popular?,Monsú,2
Which restaurants feel intimate despite being popular?,Creperie Beau Monde & L'Etage,3
Which restaurants feel intimate despite being popular?,Hickory Lane American Bistro,2
Which restaurants feel intimate despite being popular?,Sate Kampar,2
Which restaurants feel intimate despite being popular?,Parc,2
Which restaurants feel intimate despite being popular?,Marathon On the Square,1
Which restaurants feel intimate despite being popular?,Panorama,2
Which restaurants feel intimate despite being popular?,Bar Ferdinand,3
Which restaurants feel intimate despite being popular?,The Adobe Cafe,2
Which restaurants feel intimate despite being popular?,Spasso Italian Grill,2
Which restaurants feel intimate despite being popular?,Xochitl,2
Which restaurants feel intimate despite being popular?,Pietro's Coal Oven Pizzeria,2
Which restaurants feel intimate despite being popular?,National Mechanics,2
Which restaurants feel intimate despite being popular?,Green Eggs Café,1
Which restaurants feel intimate despite being popular?,Gran Caffe L'Aquila,2
Which restaurants feel intimate despite being popular?,Alla Spina,2
Which restaurants feel intimate despite being popular?,Moshulu,3
Which restaurants feel intimate despite being popular?,Chima Steakhouse,1
Which restaurants feel intimate despite being popular?,Dante & Luigi's,2
Which restaurants feel intimate despite being popular?,Abyssinia,2
Which restaurants feel intimate despite being popular?,New Harmony Vegetarian Restaurant,2
Which restaurants feel intimate despite being popular?,The Dutch,2
Which restaurants feel intimate despite being popular?,Serafina Philadelphia,1
Which restaurants feel intimate despite being popular?,Chapterhouse Café & Gallery,2
Which restaurants feel intimate despite being popular?,Rangoon Burmese Restaurant,3
Which restaurants feel intimate despite being popular?,Mission Taqueria,2
Which restaurants feel intimate despite being popular?,Tria Cafe Rittenhouse,3
Which restaurants feel intimate despite being popular?,Mixto,2
Which restaurants feel intimate despite being popular?,Xiandu Thai,2
Which restaurants feel intimate despite being popular?,Catahoula,2
Which restaurants feel intimate despite being popular?,Sam's Morning Glory Diner,2
Which restaurants feel intimate despite being popular?,Bing Bing Dim Sum,2
Which restaurants feel intimate despite being popular?,Ralphs Italian Restaurant,2
Which restaurants feel intimate despite being popular?,Honey's Sit-N-Eat,2
Which restaurants feel intimate despite being popular?,P S & Co,2
Which restaurants feel intimate despite being popular?,Seorabol Korean Restaurant,1
Which restaurants feel intimate despite being popular?,Khmer Kitchen,2
Which restaurants feel intimate despite being popular?,honeygrow,0
Which restaurants feel intimate despite being popular?,Loews Philadelphia Hotel,1
Which restaurants feel intimate despite being popular?,Mad Rex,1
Which restaurants feel intimate despite being popular?,Sassafras Bar,3
Which restaurants feel intimate despite being popular?,Ants Pants Café,2
Which restaurants feel intimate despite being popular?,The Twisted Tail,2
Which restaurants feel intimate despite being popular?,Butcher Bar,2
Which restaurants feel intimate despite being popular?,LaScala's Birra,2
Which restaurants feel intimate despite being popular?,Kraftwork,2
Which restaurants feel intimate despite being popular?,Strangelove's,2
Which restaurants feel intimate despite being popular?,Bonchon Philadelphia,1
Which restaurants feel intimate despite being popular?,Apricot Stone,2
Which restaurants feel intimate despite being popular?,Southgate,2
Which restaurants feel intimate despite being popular?,Jack's Firehouse,2
Which restaurants feel intimate despite being popular?,Hippot Shabu Shabu,2
Which restaurants feel intimate despite being popular?,City Tavern Restaurant,2
Which restaurants feel intimate despite being popular?,McCrossen's Tavern,3
Which restaurants feel intimate despite being popular?,Yanako,3
Which restaurants feel intimate despite being popular?,Cheu Noodle Bar,3
Which restaurants feel intimate despite being popular?,Jong Ka Jib,2
Which restaurants feel intimate despite being popular?,Le Pain Quotidien,1
Which restaurants feel intimate despite being popular?,Bufad,2
Which restaurants feel intimate despite being popular?,The Goat's Beard,2
Which restaurants feel intimate despite being popular?,Shiao Lan Kung,2
Which restaurants feel intimate despite being popular?,Revolution House,1
Which restaurants feel intimate despite being popular?,Time,2
Which restaurants feel intimate despite being popular?,Booker's Restaurant and Bar,2
Which restaurants feel intimate despite being popular?,The Capital Grille,2
Which restaurants feel intimate despite being popular?,Villa Di Roma,2
Which restaurants feel intimate despite being popular?,Joy Tsin Lau Chinese Restaurant,2
Which restaurants feel intimate despite being popular?,PYT,1
Which restaurants feel intimate despite being popular?,Red Owl Tavern,2
Which restaurants feel intimate despite being popular?,Zama,2
Which restaurants feel intimate despite being popular?,Royal Tavern,2
Which restaurants feel intimate despite being popular?,48th Street Grille,2
Which restaurants feel intimate despite being popular?,South Philadelphia Tap Room,2
Which restaurants feel intimate despite being popular?,IKEA,0
Which restaurants feel intimate despite being popular?,V Street,2
Which restaurants feel intimate despite being popular?,In Riva,2
Which restaurants feel intimate despite being popular?,McCormick & Schmick's Seafood & Steaks,2
Which restaurants feel intimate despite being popular?,Isot Mediterranean Cuisine,3
Which restaurants feel intimate despite being popular?,Ekta Indian Cuisine,2
Which restaurants feel intimate despite being popular?,Cantina Dos Segundos,2
Which restaurants feel intimate despite being popular?,Café y Chocolate,3
Which restaurants feel intimate despite being popular?,Nine Ting,2
Which restaurants feel intimate despite being popular?,Vietnam Restaurant,3
Which restaurants feel intimate despite being popular?,Zahav,2
Which restaurants feel intimate despite being popular?,Nom Wah Philadelphia,2
Which restaurants feel intimate despite being popular?,Abe Fisher,2
Which restaurants feel intimate despite being popular?,Jake's & Cooper's Wine Bar & Wine Shop,2
Which restaurants feel intimate despite being popular?,Kite & Key,2
Which restaurants feel intimate despite being popular?,Banana Leaf,1
Which restaurants feel intimate despite being popular?,Oyster House,2
Which restaurants feel intimate despite being popular?,Barcelona Wine Bar Passyunk,3
Which restaurants feel intimate despite being popular?,Circles Contemporary Asian,2
Which restaurants feel intimate despite being popular?,Nomad Roman Pizza,2
Which restaurants feel intimate despite being popular?,Relish,2
Which restaurants feel intimate despite being popular?,Local 44,1
Which restaurants feel intimate despite being popular?,Soup Kitchen Cafe,2
Which restaurants feel intimate despite being popular?,Good Dog Bar,2
Which restaurants feel intimate despite being popular?,Joe's Steaks + Soda Shop,2
Which restaurants feel intimate despite being popular?,Hiro Ramen House,2
Which restaurants feel intimate despite being popular?,Greg's Kitchen,2
Which restaurants feel intimate despite being popular?,Marmont Steakhouse & Bar,1
Which restaurants feel intimate despite being popular?,Nomad Pizza Company,2
Which restaurants feel intimate despite being popular?,Fette Sau,1
Which restaurants feel intimate despite being popular?,Sazon Restaurant & Cafe,2
Which restaurants feel intimate despite being popular?,Maggiano's Little Italy,2
Which restaurants feel intimate despite being popular?,Toast,1
Which restaurants feel intimate despite being popular?,The Belgian Café,2
Which restaurants feel intimate despite being popular?,Hawthornes Biercafé,2
Which restaurants feel intimate despite being popular?,Cedar Park Cafe,2
Which restaurants feel intimate despite being popular?,Landmark Americana Tap & Grill - University City,1
Which restaurants feel intimate despite being popular?,Little Spoon Cafe,3
Which restaurants feel intimate despite being popular?,Honey's Sit N Eat,2
Which restaurants feel intimate despite being popular?,So Crepe,2
Which restaurants feel intimate despite being popular?,Cafe La Maude,2
Which restaurants feel intimate despite being popular?,Bourbon & Branch,2
Which restaurants feel intimate despite being popular?,Copabanana,1
Which restaurants feel intimate despite being popular?,Melrose Diner,2
Which restaurants feel intimate despite being popular?,Percy Street Barbecue,1
Which restaurants feel intimate despite being popular?,Bobby's Burger Palace,1
Which restaurants feel intimate despite being popular?,El Camino Real,2
Which restaurants feel intimate despite being popular?,Nodding Head Brewery & Restaurant,1
Which restaurants feel intimate despite being popular?,Perch Pub,2
Which restaurants feel intimate despite being popular?,Varga Bar,2
Which restaurants feel intimate despite being popular?,Resurrection Ale House,2
Which restaurants feel intimate despite being popular?,Standard Tap,2
Which restaurants feel intimate despite being popular?,Smokin Bettys,2
Which restaurants feel intimate despite being popular?,Fuel Center City,1
Which restaurants feel intimate despite being popular?,Dim Sum Garden,1
Which restaurants feel intimate despite being popular?,Johnny Brenda's,2
Which restaurants feel intimate despite being popular?,Francoluigi's Pizzeria & Italian Restaurant,3
Which restaurants feel intimate despite being popular?,Sang Kee Noodle House,1
Which restaurants feel intimate despite being popular?,The Sidecar Bar & Grille,2
Which restaurants feel intimate despite being popular?,Little Sicily 2,1
Which restaurants feel intimate despite being popular?,Baby Blues BBQ Philly,2
Which restaurants feel intimate despite being popular?,Bourbon Blue,2
Which restaurants feel intimate despite being popular?,Jamaican Jerk Hut,1
Which restaurants feel intimate despite being popular?,London Grill,1
Which restaurants feel intimate despite being popular?,Day By Day,2
Which restaurants feel intimate despite being popular?,Devon Seafood Grill,2
Which restaurants feel intimate despite being popular?,Green Eggs Cafe,2
Which restaurants feel intimate despite being popular?,Luna Café,2
Which restaurants feel intimate despite being popular?,Ocean Harbor,0
Which restaurants feel intimate despite being popular?,Cuba Libre Restaurant & Rum Bar - Philadelphia,2
Which restaurants feel intimate despite being popular?,Sweet Lucy's Smokehouse,1
Which restaurants feel intimate despite being popular?,Soy Cafe,2
Which restaurants feel intimate despite being popular?,Philadelphia Marriott Downtown,1
Which restaurants feel intimate despite being popular?,Bubblefish,2
Which restaurants feel intimate despite being popular?,Pizzeria Stella,2
Which restaurants feel intimate despite being popular?,Tria Cafe Wash West,3
Which restaurants feel intimate despite being popular?,Bistro SouthEast,2
Which restaurants feel intimate despite being popular?,The Cambridge,2
Which restaurants feel intimate despite being popular?,Manakeesh Cafe Bakery & Grill,2
Which restaurants feel intimate despite being popular?,Destination Dogs,1
Which restaurants feel intimate despite being popular?,Stock,2
Which restaurants feel intimate despite being popular?,Umai Umai,3
Which restaurants feel intimate despite being popular?,Nam Phuong,2
Which restaurants feel intimate despite being popular?,Anastasi Seafood,2
Which restaurants feel intimate despite being popular?,Ten Stone Bar & Restaurant,1
Which restaurants feel intimate despite being popular?,The Abbaye,2
Which restaurants feel intimate despite being popular?,Kabobeesh,1
Which restaurants feel intimate despite being popular?,The Plough & the Stars,2
Which restaurants feel intimate despite being popular?,Vintage Wine Bar,3
Which restaurants feel intimate despite being popular?,Deke's Bar-B-Que,2
Which restaurants feel intimate despite being popular?,Taqueria Feliz,1
Which restaurants feel intimate despite being popular?,Khyber Pass Pub,2
Which restaurants feel intimate despite being popular?,Cafe Olé,2
Which restaurants feel intimate despite being popular?,David's Mai Lai Wah,1
Which restaurants feel intimate despite being popular?,Front Street Cafe,2
Which restaurants feel intimate despite being popular?,The QUICK FIXX,1
Which restaurants feel intimate despite being popular?,American Sardine Bar,2
Which restaurants feel intimate despite being popular?,Dinardo's Famous Crabs,1
Which restaurants feel intimate despite being popular?,Cafe Ynez,2
Which restaurants feel intimate despite being popular?,Café Soho,1
Which restaurants feel intimate despite being popular?,Down Home Diner,1
Which restaurants feel intimate despite being popular?,Zorba's Taverna,3
Which restaurants feel intimate despite being popular?,The Rooster,2
Which restaurants feel intimate despite being popular?,The Cheesecake Factory,1
Which restaurants feel intimate despite being popular?,Mood Cafe,2
Which restaurants feel intimate despite being popular?,Sancho Pistola's,2
Which restaurants feel intimate despite being popular?,Pizzeria Beddia,2
Which restaurants feel intimate despite being popular?,Spice C,2
Which restaurants feel intimate despite being popular?,Bleu Sushi,2
Which restaurants feel intimate despite being popular?,Devil's Den,2
Which restaurants feel intimate despite being popular?,Zento Contemporary Japanese Cuisine,3
Which restaurants feel intimate despite being popular?,Morgan's Pier,0
Which restaurants feel intimate despite being popular?,Memphis Taproom,2
Which restaurants feel intimate despite being popular?,World Cafe Live,2
Which restaurants feel intimate despite being popular?,Murph's Bar,2
Which restaurants feel intimate despite being popular?,Triumph Brewing Company,1
Which restaurants feel intimate despite being popular?,Rosy's Taco Bar,1
Which restaurants feel intimate despite being popular?,El Vez,2
Which restaurants feel intimate despite being popular?,Village Whiskey,2
Which restaurants feel intimate despite being popular?,Penrose Diner,1
Which restaurants feel intimate despite being popular?,Crazy Sushi,1
Which restaurants feel intimate despite being popular?,Fare,2
Which restaurants feel intimate despite being popular?,Urban Saloon,1
Which restaurants feel intimate despite being popular?,Amma's South Indian Cuisine,2
Which restaurants feel intimate despite being popular?,Elixr Coffee Roasters,2
Which restaurants feel intimate despite being popular?,Penang,1
Which restaurants feel intimate despite being popular?,Marra's,2
Which restaurants feel intimate despite being popular?,Frankford Hall,1
Which restaurants feel intimate despite being popular?,Winnie's Manayunk,2
Which restaurants feel intimate despite being popular?,Fat Salmon,2
Which restaurants feel intimate despite being popular?,Chabaa Thai Bistro,2
Which restaurants feel intimate despite being popular?,The Olde Bar,2
Which restaurants feel intimate despite being popular?,SOMO Manayunk,2
Which restaurants feel intimate despite being popular?,Pho Xe Lua Viet Thai Restaurant,2
Which restaurants feel intimate despite being popular?,Su Xing House,2
Which restaurants feel intimate despite being popular?,Bainbridge Street Barrel House,1
Which restaurants feel intimate despite being popular?,Nom Nom Ramen,2
Which restaurants feel intimate despite being popular?,Ladder 15,1
Which restaurants feel intimate despite being popular?,Warmdaddy's,2
Which restaurants feel intimate despite being popular?,Sakura Mandarin,2
Which restaurants feel intimate despite being popular?,The Black Sheep Pub & Restaurant,2
Which restaurants feel intimate despite being popular?,Alyan's Restaurant,3
Which restaurants feel intimate despite being popular?,Las Cazuelas Restaurant BYOB,2
Which restaurants feel intimate despite being popular?,El Poquito,2
Which restaurants feel intimate despite being popular?,Barra Rossa Ristorante,2
Which restaurants feel intimate despite being popular?,Sahara Grill,2
Which restaurants feel intimate despite being popular?,Kilimandjaro Restaurant,2
Which restaurants feel intimate despite being popular?,Misconduct Tavern,2
Which restaurants feel intimate despite being popular?,Independence Beer Garden,1
Which restaurants feel intimate despite being popular?,E Mei Restaurant,1
Which restaurants feel intimate despite being popular?,Black & Brew,3
Which restaurants feel intimate despite being popular?,Nifty Fifty's,1
Which restaurants feel intimate despite being popular?,One Shot Coffee,2
Which restaurants feel intimate despite being popular?,Giwa Korean Kitchen,2
Which restaurants feel intimate despite being popular?,Dock Street Brewery,2
Which restaurants feel intimate despite being popular?,Fuji Mountain,2
Which restaurants feel intimate despite being popular?,Con Murphy's,2
Which restaurants feel intimate despite being popular?,Moriarty's Restaurant and Irish Pub,2
Which restaurants feel intimate despite being popular?,Tai Lake Restaurant,1
Which restaurants feel intimate despite being popular?,Koreana,2
Which restaurants feel intimate despite being popular?,K'Far Cafe,2
Which restaurants feel intimate despite being popular?,New Deck Tavern,2
Which restaurants feel intimate despite being popular?,Paesano's Philly Style,2
Which restaurants feel intimate despite being popular?,The Happy Rooster,2
Which restaurants feel intimate despite being popular?,El Rey,2
Which restaurants feel intimate despite being popular?,Tampopo,1
Which restaurants feel intimate despite being popular?,Tattooed Mom,2
Which restaurants feel intimate despite being popular?,Local Tavern,1
Which restaurants feel intimate despite being popular?,MilkBoy,2
Which restaurants feel intimate despite being popular?,Sketch Burger,2
Which restaurants feel intimate despite being popular?,Banh Mi and Bottles,2
Which restaurants feel intimate despite being popular?,The Foodery at Rittenhouse,2
Which restaurants feel intimate despite being popular?,Govinda's Vegetarian,1
Which restaurants feel intimate despite being popular?,Tres Jalapenos,2
Which restaurants feel intimate despite being popular?,Stogie Joe's Tavern,2
Which restaurants feel intimate despite being popular?,Jose Pistola's,2
Which restaurants feel intimate despite being popular?,Vic Sushi Bar,3
Which restaurants feel intimate despite being popular?,Bar Bombón,2
Which restaurants feel intimate despite being popular?,Earth Bread + Brewery,2
Which restaurants feel intimate despite being popular?,Fuel,1
Which restaurants feel intimate despite being popular?,Bar-Ly Chinatown,1
Which restaurants feel intimate despite being popular?,Manayunk Brewery,1
Which restaurants feel intimate despite being popular?,Real Food Eatery,0
Which restaurants feel intimate despite being popular?,2nd Story Brewing,1
Which restaurants feel intimate despite being popular?,Rybread,2
Which restaurants feel intimate despite being popular?,Greek Lady,1
Which restaurants feel intimate despite being popular?,Federal Donuts,1
Which restaurants feel intimate despite being popular?,Pho Ha Saigon,1
Which restaurants feel intimate despite being popular?,Monk's Cafe,2
Which restaurants feel intimate despite being popular?,Terakawa Ramen,2
Which restaurants feel intimate despite being popular?,Aki Nom Nom Sushi & Ramen,1
Which restaurants feel intimate despite being popular?,Rose Petals Cafe,2
Which restaurants feel intimate despite being popular?,Lucky's Last Chance,2
Which restaurants feel intimate despite being popular?,La Colombe Coffee,2
Which restaurants feel intimate despite being popular?,Brauhaus Schmitz,2
Which restaurants feel intimate despite being popular?,Tom's Dim Sum,1
Which restaurants feel intimate despite being popular?,The Couch Tomato Cafe,1
Which restaurants feel intimate despite being popular?,El Jarocho,2
Which restaurants feel intimate despite being popular?,Hummus Grill,1
Which restaurants feel intimate despite being popular?,Tavern on Broad,1
Which restaurants feel intimate despite being popular?,Pho Ha,1
Which restaurants feel intimate despite being popular?,Tiffin,2
Which restaurants feel intimate despite being popular?,Eulogy Belgian Tavern,2
Which restaurants feel intimate despite being popular?,Fergie's Pub,2
Which restaurants feel intimate despite being popular?,SPOT Gourmet Burgers,2
Which restaurants feel intimate despite being popular?,OCF Coffee House,2
Which restaurants feel intimate despite being popular?,Bareburger - Midtown Village,1
Which restaurants feel intimate despite being popular?,Mad Mex - University City,1
Which restaurants feel intimate despite being popular?,&pizza - Walnut,1
Which restaurants feel intimate despite being popular?,Lucky Strike - Philadelphia,1
Which restaurants feel intimate despite being popular?,Tacconelli's Pizzeria,2
Which restaurants feel intimate despite being popular?,Chubbys Steaks,2
Which restaurants feel intimate despite being popular?,Cedar Point Bar and Kitchen,2
Which restaurants feel intimate despite being popular?,Di Bruno Bros.,2
Which restaurants feel intimate despite being popular?,Philadelphia Chutney Company,1
Which restaurants feel intimate despite being popular?,Taqueria La Veracruzana,1
Which restaurants feel intimate despite being popular?,Chickie's & Pete's,0
Which restaurants feel intimate despite being popular?,Happily Ever After,2
Which restaurants feel intimate despite being popular?,Santucci's Original Square Pizza,2
Which restaurants feel intimate despite being popular?,Saad's Halal Restaurant,2
Which restaurants feel intimate despite being popular?,Smiley's Cafe,1
Which restaurants feel intimate despite being popular?,Hard Rock Cafe,1
Which restaurants feel intimate despite being popular?,Bluestone Lane,2
Which restaurants feel intimate despite being popular?,Las Margaritas,2
Which restaurants feel intimate despite being popular?,El Fuego,2
Which restaurants feel intimate despite being popular?,Pho Saigon,1
Which restaurants feel intimate despite being popular?,Bok Bar,2
Which restaurants feel intimate despite being popular?,Dalessandro’s Steaks & Hoagies,1
Which restaurants feel intimate despite being popular?,RIM Cafe,2
Which restaurants feel intimate despite being popular?,BurgerFi,0
Which restaurants feel intimate despite being popular?,Ting Wong Restaurant,1
Which restaurants feel intimate despite being popular?,Almaz Cafe,2
Which restaurants feel intimate despite being popular?,Middle Child,2
Which restaurants feel intimate despite being popular?,QT Vietnamese Sandwich,1
Which restaurants feel intimate despite being popular?,Mac's Tavern,1
Which restaurants feel intimate despite being popular?,Cafe Diem,2
Which restaurants feel intimate despite being popular?,500 Degrees,1
Which restaurants feel intimate despite being popular?,Bottle Bar East,2
Which restaurants feel intimate despite being popular?,BRÜ Craft & Wurst,1
Which restaurants feel intimate despite being popular?,Evil Genius Beer,2
Which restaurants feel intimate despite being popular?,Tela's Market & Kitchen,2
Which restaurants feel intimate despite being popular?,Loco Pez,2
Which restaurants feel intimate despite being popular?,McGillin's Olde Ale House,2
Which restaurants feel intimate despite being popular?,TGI Fridays,0
Which restaurants feel intimate despite being popular?,Dim Sum & Noodle,1
Which restaurants feel intimate despite being popular?,J'aime French Bakery,2
Which restaurants feel intimate despite being popular?,North Bowl,1
Which restaurants feel intimate despite being popular?,Miel Patisserie,1
Which restaurants feel intimate despite being popular?,HipCityVeg - University City,1
Which restaurants feel intimate despite being popular?,Los Gallos Mexican Taqueria,2
Which restaurants feel intimate despite being popular?,Chubby Cattle,1
Which restaurants feel intimate despite being popular?,Magpie,2
Which restaurants feel intimate despite being popular?,Steve's Prince of Steaks,1
Which restaurants feel intimate despite being popular?,Blue Corn,2
Which restaurants feel intimate despite being popular?,Wrap Shack,2
Which restaurants feel intimate despite being popular?,Pizza Brain,1
Which restaurants feel intimate despite being popular?,Fox and Hound,1
Which restaurants feel intimate despite being popular?,Schlesinger's,1
Which restaurants feel intimate despite being popular?,Honest Tom's Plant Based Taco Shop,2
Which restaurants feel intimate despite being popular?,Rustica,2
Which restaurants feel intimate despite being popular?,Fadó Irish Pub,1
Which restaurants feel intimate despite being popular?,Dutch Eating Place,2
Which restaurants feel intimate despite being popular?,Helium Comedy Club,2
Which restaurants feel intimate despite being popular?,Spice End,1
Which restaurants feel intimate despite being popular?,Nan Zhou Hand Drawn Noodle House,1
Which restaurants feel intimate despite being popular?,Pho 75,1
Which restaurants feel intimate despite being popular?,Que Chula Es Puebla,2
Which restaurants feel intimate despite being popular?,Reading Terminal Market,0
Which restaurants feel intimate despite being popular?,Empress Garden,2
Which restaurants feel intimate despite being popular?,Snap Custom Pizza - Center City,1
Which restaurants feel intimate despite being popular?,Dave & Buster's,0
Which restaurants feel intimate despite being popular?,Legal Sea Foods,1
Which restaurants feel intimate despite being popular?,Byblos,1
Which restaurants feel intimate despite being popular?,Cleavers,1
Which restaurants feel intimate despite being popular?,Underdogs,2
Which restaurants feel intimate despite being popular?,Hai Street Kitchen & Co,1
Which restaurants feel intimate despite being popular?,HipCityVeg,0
Which restaurants feel intimate despite being popular?,Yamitsuki Ramen,1
Which restaurants feel intimate despite being popular?,Taco Riendo,2
Which restaurants feel intimate despite being popular?,JJ Bootleggers,1
Which restaurants feel intimate despite being popular?,Vango Lounge & Skybar,1
Which restaurants feel intimate despite being popular?,Cactus Restaurant & Bar,1
Which restaurants feel intimate despite being popular?,P'unk Burger,1
Which restaurants feel intimate despite being popular?,Molly Malloy's,1
Which restaurants feel intimate despite being popular?,Sang Kee Peking Duck House,1
Which restaurants feel intimate despite being popular?,Buena Onda,1
Which restaurants feel intimate despite being popular?,Grindcore House,2
Which restaurants feel intimate despite being popular?,Lucha Cartel,1
Which restaurants feel intimate despite being popular?,Pearl's Oyster Bar,1
Which restaurants feel intimate despite being popular?,Yards Brewing Company,1
Which restaurants feel intimate despite being popular?,Sumo Sushi,2
Which restaurants feel intimate despite being popular?,Pho Cali Vietnamese Restaurant,1
Which restaurants feel intimate despite being popular?,South Philly Barbacoa,2
Which restaurants feel intimate despite being popular?,Slice,2
Which restaurants feel intimate despite being popular?,A La Mousse,2
Which restaurants feel intimate despite being popular?,Capogiro Gelato,1
Which restaurants feel intimate despite being popular?,Volo Coffeehouse,2
Which restaurants feel intimate despite being popular?,Mac Mart,1
Which restaurants feel intimate despite being popular?,Termini Bros Bakery,1
Which restaurants feel intimate despite being popular?,Shang Hai 1,1
Which restaurants feel intimate despite being popular?,Koto Sushi,2
Which restaurants feel intimate despite being popular?,Ishkabibble's,2
Which restaurants feel intimate despite being popular?,Blackbird Pizzeria,1
Which restaurants feel intimate despite being popular?,Jim's South St,1
Which restaurants feel intimate despite being popular?,Philip's Steaks,1
Which restaurants feel intimate despite being popular?,Lorenzo & Sons Pizza,1
Which restaurants feel intimate despite being popular?,Drinker's Pub,1
Which restaurants feel intimate despite being popular?,John's Roast Pork,2
Which restaurants feel intimate despite being popular?,Shake Shack,1
Which restaurants feel intimate despite being popular?,The Original Tony Lukes,1
Which restaurants feel intimate despite being popular?,Del Rossi's Cheesesteak,0
Which restaurants feel intimate despite being popular?,Sonny's Famous Steaks,1
Which restaurants feel intimate despite being popular?,Jimmy G's Steaks,1
Which restaurants feel intimate despite being popular?,Luke's Lobster Rittenhouse,2
Which restaurants feel intimate despite being popular?,Chickie's and Pete's,0
Which restaurants feel intimate despite being popular?,Oscar's Tavern,2
Which restaurants feel intimate despite being popular?,Campo's Philly Cheesesteaks,1
Which restaurants feel intimate despite being popular?,Love & Honey Fried Chicken,1
Which restaurants feel intimate despite being popular?,Sardi's Pollo A La Brasa,1
Which restaurants feel intimate despite being popular?,Masala Kitchen Kati Rolls and Platters,2
Which restaurants feel intimate despite being popular?,T-Swirl Crêpe,1
Which restaurants feel intimate despite being popular?,Revolution Taco,2
Which restaurants feel intimate despite being popular?,Jakes Sandwich Board - 12th St,0
Which restaurants feel intimate despite being popular?,Max's Steaks,1
Which restaurants feel intimate despite being popular?,Famous 4th Street Delicatessen,1
Which restaurants feel intimate despite being popular?,Nick's Old Original Roast Beef,2
Which restaurants feel intimate despite being popular?,Gooey Looie's,2
Which restaurants feel intimate despite being popular?,Animo Juice,0
Which restaurants feel intimate despite being popular?,Isgro Pastries,1
Which restaurants feel intimate despite being popular?,Stockyard Sandwich,1
Which restaurants feel intimate despite being popular?,Barcade,1
Which restaurants feel intimate despite being popular?,Geno's Steaks,0
Which restaurants feel intimate despite being popular?,Beck's Cajun Cafe,1
Which restaurants feel intimate despite being popular?,Oh Brother Philly,1
Which restaurants feel intimate despite being popular?,Jim's Steaks,1
Which restaurants feel intimate despite being popular?,Carmen's Famous Italian Hoagies,1
Which restaurants feel intimate despite being popular?,The Bakeshop on 20th,1
Which restaurants feel intimate despite being popular?,Punch Line Philly,2
Which restaurants feel intimate despite being popular?,By George! Pizza Pasta & Cheesesteaks,0
Which restaurants feel intimate despite being popular?,Lazaro's Pizzeria & Grill,1
Which restaurants feel intimate despite being popular?,Octopus Falafel Truck,1
Which restaurants feel intimate despite being popular?,Pat's King of Steaks,0
Which restaurants feel intimate despite being popular?,Angelo's Pizzeria,2
Which restaurants feel intimate despite being popular?,Woodrow's Sandwich Shop,1
Which restaurants feel intimate despite being popular?,Dizengoff,2
Which restaurants feel intimate despite being popular?,Koch's Deli,2
Which restaurants feel intimate despite being popular?,Cosmi's Deli,1
Which restaurants feel intimate despite being popular?,Kabuki Sushi,2
Which restaurants feel intimate despite being popular?,Mama's Vegetarian,2
Which restaurants feel intimate despite being popular?,Xfinity Live! Philadelphia,0
Which restaurants feel intimate despite being popular?,Meltkraft At Reading Terminal Market,1
Which restaurants feel intimate despite being popular?,Goldie,2
Which restaurants feel intimate despite being popular?,Little Baby's Ice Cream,0
Which restaurants feel intimate despite being popular?,Kung Fu Tea,1
Which restaurants feel intimate despite being popular?,Spataro's Cheesesteaks,0
Which restaurants feel intimate despite being popular?,Dos Tacos,1
Which restaurants feel intimate despite being popular?,Spread Bagelry,1
Which restaurants feel intimate despite being popular?,Woody's,1
Which restaurants feel intimate despite being popular?,Swiss Haus Cafe & Pastry Bar,1
Which restaurants feel intimate despite being popular?,Bredenbeck's Bakery & Ice Cream Parlor,1
Which restaurants feel intimate despite being popular?,Sweet Freedom Bakery,0
Which restaurants feel intimate despite being popular?,Knead Bagels,1
Which restaurants feel intimate despite being popular?,Tommy DiNic's,1
Which restaurants feel intimate despite being popular?,Hershel's East Side Deli,1
Which restaurants feel intimate despite being popular?,Sweet Box Cupcakes,0
Which restaurants feel intimate despite being popular?,Flying Monkey Bakery,1
Which restaurants feel intimate despite being popular?,Beiler's Bakery,0
Which restaurants feel intimate despite being popular?,Philadelphia Museum of Art,1
Which restaurants feel intimate despite being popular?,The Famous 4th Street Cookie Company,0
Where can I eat in a building with character?,The Dandelion,3
Where can I eat in a building with character?,City Tavern Restaurant,3
Where can I eat in a building with character?,Pub & Kitchen,3
Where can I eat in a building with character?,Sassafras Bar,3
Where can I eat in a building with character?,The Continental Mid-town,3
Where can I eat in a building with character?,Royal Tavern,3
Where can I eat in a building with character?,Butcher and Singer,3
Where can I eat in a building with character?,Harp & Crown,3
Where can I eat in a building with character?,XIX Nineteen,3
Where can I eat in a building with character?,National Mechanics,3
Where can I eat in a building with character?,The Farmers' Cabinet,3
Where can I eat in a building with character?,Le Viet Restaurant,3
Where can I eat in a building with character?,The Continental Restaurant and Martini Bar,3
Where can I eat in a building with character?,The Industry,2
Where can I eat in a building with character?,Serpico,3
Where can I eat in a building with character?,The Belgian Café,2
Where can I eat in a building with character?,Heritage,3
Where can I eat in a building with character?,La Peg,3
Where can I eat in a building with character?,Del Frisco's Double Eagle Steakhouse,3
Where can I eat in a building with character?,The Good King Tavern,3
Where can I eat in a building with character?,Race Street Cafe,3
Where can I eat in a building with character?,Supper,3
Where can I eat in a building with character?,Rose Tattoo Cafe,3
Where can I eat in a building with character?,The Victor Cafe,3
Where can I eat in a building with character?,Bistrot La Minette,3
Where can I eat in a building with character?,Vintage Wine Bar,3
Where can I eat in a building with character?,Alma de Cuba,3
Where can I eat in a building with character?,North Third,3
Where can I eat in a building with character?,Kraftwork,3
Where can I eat in a building with character?,Tattooed Mom,3
Where can I eat in a building with character?,Kensington Quarters,3
Where can I eat in a building with character?,Tashan,3
Where can I eat in a building with character?,Square 1682,3
Where can I eat in a building with character?,Rittenhouse Grill,3
Where can I eat in a building with character?,a.kitchen,2
Where can I eat in a building with character?,Devil's Alley Bar & Grille,2
Where can I eat in a building with character?,Barclay Prime,3
Where can I eat in a building with character?,Vietnam Cafe,3
Where can I eat in a building with character?,London Grill,2
Where can I eat in a building with character?,Double Knot,3
Where can I eat in a building with character?,Pod,3
Where can I eat in a building with character?,White Dog Cafe,3
Where can I eat in a building with character?,Caribou Cafe,3
Where can I eat in a building with character?,Revolution House,3
Where can I eat in a building with character?,Trolley Car Diner,3
Where can I eat in a building with character?,Rouge,3
Where can I eat in a building with character?,Walnut Street Cafe,2
Where can I eat in a building with character?,Lacroix Restaurant at The Rittenhouse,3
Where can I eat in a building with character?,Bibou,3
Where can I eat in a building with character?,R2L,3
Where can I eat in a building with character?,Chapterhouse Café & Gallery,3
Where can I eat in a building with character?,Davios,3
Where can I eat in a building with character?,Perch Pub,3
Where can I eat in a building with character?,Twenty Manning,2
Where can I eat in a building with character?,Local 44,2
Where can I eat in a building with character?,Marigold Kitchen,3
Where can I eat in a building with character?,Hardena_Waroeng Surabaya Restaurant,3
Where can I eat in a building with character?,Matyson,2
Where can I eat in a building with character?,Friday Saturday Sunday,3
Where can I eat in a building with character?,Jones,3
Where can I eat in a building with character?,Triumph Brewing Company,3
Where can I eat in a building with character?,The Little Lion,3
Where can I eat in a building with character?,Marrakesh,3
Where can I eat in a building with character?,Distrito,3
Where can I eat in a building with character?,Butcher Bar,2
Where can I eat in a building with character?,Louie Louie,3
Where can I eat in a building with character?,Bar Hygge,3
Where can I eat in a building with character?,Three Monkeys Cafe,3
Where can I eat in a building with character?,Buddakan,3
Where can I eat in a building with character?,The Adobe Cafe,3
Where can I eat in a building with character?,Figs,2
Where can I eat in a building with character?,Hinge Cafe,3
Where can I eat in a building with character?,Moriarty's Restaurant and Irish Pub,3
Where can I eat in a building with character?,Laurel,3
Where can I eat in a building with character?,Sabrina's Café,3
Where can I eat in a building with character?,Tredici Enoteca,3
Where can I eat in a building with character?,Urban Farmer Philadelphia,3
Where can I eat in a building with character?,Spice Finch,3
Where can I eat in a building with character?,Bing Bing Dim Sum,3
Where can I eat in a building with character?,Bar-Ly Chinatown,2
Where can I eat in a building with character?,Dim Sum House,2
Where can I eat in a building with character?,Café y Chocolate,3
Where can I eat in a building with character?,Charlie Was a Sinner,3
Where can I eat in a building with character?,Cafe Lift,3
Where can I eat in a building with character?,Prohibition Taproom,3
Where can I eat in a building with character?,Pennsylvania 6,3
Where can I eat in a building with character?,City Tap House,2
Where can I eat in a building with character?,Fond,2
Where can I eat in a building with character?,Morimoto,3
Where can I eat in a building with character?,Creperie Beau Monde & L'Etage,3
Where can I eat in a building with character?,Front Street Cafe,3
Where can I eat in a building with character?,Harvest Seasonal Grill & Wine Bar - Philadelphia,2
Where can I eat in a building with character?,Audrey Claire,2
Where can I eat in a building with character?,Tierra Colombiana Restaurant,3
Where can I eat in a building with character?,Positano Coast by Aldo Lamberti,3
Where can I eat in a building with character?,Strangelove's,2
Where can I eat in a building with character?,The Black Sheep Pub & Restaurant,3
Where can I eat in a building with character?,Vedge,3
Where can I eat in a building with character?,Little Pete's Restaurant,3
Where can I eat in a building with character?,Farmicia,2
Where can I eat in a building with character?,Suraya,3
Where can I eat in a building with character?,Bud & Marilyn's,3
Where can I eat in a building with character?,Lolita,2
Where can I eat in a building with character?,Sbraga,3
Where can I eat in a building with character?,Bourbon & Branch,3
Where can I eat in a building with character?,Time,3
Where can I eat in a building with character?,Barbuzzo,3
Where can I eat in a building with character?,Chima Steakhouse,2
Where can I eat in a building with character?,Chifa,3
Where can I eat in a building with character?,Ten Stone Bar & Restaurant,2
Where can I eat in a building with character?,Stateside,3
Where can I eat in a building with character?,The Sidecar Bar & Grille,2
Where can I eat in a building with character?,Devil's Den,3
Where can I eat in a building with character?,Bank & Bourbon,3
Where can I eat in a building with character?,Vetri Cucina,3
Where can I eat in a building with character?,Rex at the Royal,3
Where can I eat in a building with character?,Wedge + Fig,3
Where can I eat in a building with character?,Brauhaus Schmitz,3
Where can I eat in a building with character?,Standard Tap,3
Where can I eat in a building with character?,Melrose Diner,3
Where can I eat in a building with character?,New Harmony Vegetarian Restaurant,2
Where can I eat in a building with character?,Talula's Daily,3
Where can I eat in a building with character?,Soup Kitchen Cafe,3
Where can I eat in a building with character?,Tequilas Restaurant,3
Where can I eat in a building with character?,Loews Philadelphia Hotel,3
Where can I eat in a building with character?,Bainbridge Street Barrel House,2
Where can I eat in a building with character?,Jerry's Bar,3
Where can I eat in a building with character?,Good Dog Bar,3
Where can I eat in a building with character?,Bistro Romano,3
Where can I eat in a building with character?,The Olde Bar,3
Where can I eat in a building with character?,American Sardine Bar,3
Where can I eat in a building with character?,Han Dynasty,2
Where can I eat in a building with character?,The Gaslight,2
Where can I eat in a building with character?,Pumpkin,3
Where can I eat in a building with character?,Bar Ferdinand,3
Where can I eat in a building with character?,Jamonera,3
Where can I eat in a building with character?,Resurrection Ale House,3
Where can I eat in a building with character?,The Plough & the Stars,3
Where can I eat in a building with character?,High Street Philadelphia,3
Where can I eat in a building with character?,One Shot Coffee,3
Where can I eat in a building with character?,Alla Spina,2
Where can I eat in a building with character?,Fogo de Chao,3
Where can I eat in a building with character?,V Street,2
Where can I eat in a building with character?,Valanni,2
Where can I eat in a building with character?,Fork,3
Where can I eat in a building with character?,Trolley Car Cafe,3
Where can I eat in a building with character?,Zavino,2
Where can I eat in a building with character?,Ramen Bar,3
Where can I eat in a building with character?,Urban Saloon,2
Where can I eat in a building with character?,The Rooster,3
Where can I eat in a building with character?,The Gold Standard Cafe,2
Where can I eat in a building with character?,Khyber Pass Pub,3
Where can I eat in a building with character?,Destination Dogs,2
Where can I eat in a building with character?,Soy Cafe,3
Where can I eat in a building with character?,Sazon Restaurant & Cafe,3
Where can I eat in a building with character?,Paris Bistro and Jazz Cafe,3
Where can I eat in a building with character?,Fette Sau,3
Where can I eat in a building with character?,McCrossen's Tavern,3
Where can I eat in a building with character?,The Goat's Beard,3
Where can I eat in a building with character?,Eulogy Belgian Tavern,3
Where can I eat in a building with character?,Uzbekistan Restaurant,3
Where can I eat in a building with character?,Tria Taproom,3
Where can I eat in a building with character?,Las Bugambilias,3
Where can I eat in a building with character?,Iron Hill Brewery & Restaurant,2
Where can I eat in a building with character?,MilkBoy,2
Where can I eat in a building with character?,Cafe La Maude,3
Where can I eat in a building with character?,Red Owl Tavern,2
Where can I eat in a building with character?,Talula's Garden,3
Where can I eat in a building with character?,Silk City Diner & Lounge,3
Where can I eat in a building with character?,Noord,3
Where can I eat in a building with character?,Kanella,2
Where can I eat in a building with character?,Jose Pistola's,2
Where can I eat in a building with character?,Varga Bar,3
Where can I eat in a building with character?,Misconduct Tavern,2
Where can I eat in a building with character?,Dim Sum Garden,2
Where can I eat in a building with character?,The Twisted Tail,3
Where can I eat in a building with character?,Mad Rex,3
Where can I eat in a building with character?,La Calaca Feliz,3
Where can I eat in a building with character?,Memphis Taproom,3
Where can I eat in a building with character?,Bok Bar,3
Where can I eat in a building with character?,Dante & Luigi's,3
Where can I eat in a building with character?,Wm Mulherin's Sons,3
Where can I eat in a building with character?,Nodding Head Brewery & Restaurant,3
Where can I eat in a building with character?,South Philadelphia Tap Room,3
Where can I eat in a building with character?,Villa Di Roma,3
Where can I eat in a building with character?,La Locanda Del Ghiottone,3
Where can I eat in a building with character?,Porta,3
Where can I eat in a building with character?,Barcade,2
Where can I eat in a building with character?,Royal Sushi & Izakaya,3
Where can I eat in a building with character?,Bridget Foy's,2
Where can I eat in a building with character?,Kite & Key,2
Where can I eat in a building with character?,Mercato BYOB,2
Where can I eat in a building with character?,Hawthornes Biercafé,3
Where can I eat in a building with character?,Pinefish,3
Where can I eat in a building with character?,Ralphs Italian Restaurant,3
Where can I eat in a building with character?,Garces Trading Company,2
Where can I eat in a building with character?,Vietnam Restaurant,3
Where can I eat in a building with character?,The Love,3
Where can I eat in a building with character?,Harper's Garden,3
Where can I eat in a building with character?,Ladder 15,3
Where can I eat in a building with character?,Monk's Cafe,2
Where can I eat in a building with character?,BRÜ Craft & Wurst,2
Where can I eat in a building with character?,The Happy Rooster,2
Where can I eat in a building with character?,Abyssinia,3
Where can I eat in a building with character?,LaScala's Birra,2
Where can I eat in a building with character?,Nom Wah Philadelphia,3
Where can I eat in a building with character?,Fergie's Pub,3
Where can I eat in a building with character?,Parc,3
Where can I eat in a building with character?,Xochitl,3
Where can I eat in a building with character?,Mission Taqueria,3
Where can I eat in a building with character?,Landmark Americana Tap & Grill - University City,2
Where can I eat in a building with character?,Sampan,3
Where can I eat in a building with character?,Black & Brew,3
Where can I eat in a building with character?,Veda - Modern Indian Bistro,3
Where can I eat in a building with character?,Banh Mi and Bottles,2
Where can I eat in a building with character?,The Cambridge,3
Where can I eat in a building with character?,Russet,3
Where can I eat in a building with character?,Cuba Libre Restaurant & Rum Bar - Philadelphia,3
Where can I eat in a building with character?,Tinto,3
Where can I eat in a building with character?,The Fat Ham,3
Where can I eat in a building with character?,El Rey,3
Where can I eat in a building with character?,The Foodery at Rittenhouse,2
Where can I eat in a building with character?,Darling's Diner,2
Where can I eat in a building with character?,Joy Tsin Lau Chinese Restaurant,3
Where can I eat in a building with character?,Jack's Firehouse,3
Where can I eat in a building with character?,Bottle Bar East,2
Where can I eat in a building with character?,The Abbaye,3
Where can I eat in a building with character?,Philadelphia Marriott Downtown,2
Where can I eat in a building with character?,Aksum Cafe,3
Where can I eat in a building with character?,Cafe Ynez,3
Where can I eat in a building with character?,IndeBlue Modern Indian Food & Spirits,3
Where can I eat in a building with character?,Chhaya Cafe,2
Where can I eat in a building with character?,Cantina Los Caballitos,3
Where can I eat in a building with character?,Amada,3
Where can I eat in a building with character?,La Colombe Coffee,3
Where can I eat in a building with character?,Kabobeesh,3
Where can I eat in a building with character?,Fare,2
Where can I eat in a building with character?,Little Fish,3
Where can I eat in a building with character?,Reading Terminal Market,3
Where can I eat in a building with character?,Doma,2
Where can I eat in a building with character?,Panorama,3
Where can I eat in a building with character?,Johnny Brenda's,3
Where can I eat in a building with character?,South,3
Where can I eat in a building with character?,Melograno,3
Where can I eat in a building with character?,La Viola,2
Where can I eat in a building with character?,Abe Fisher,2
Where can I eat in a building with character?,Bar Bombón,2
Where can I eat in a building with character?,The Spicy Belly,2
Where can I eat in a building with character?,Hungry Pigeon,3
Where can I eat in a building with character?,The Capital Grille,2
Where can I eat in a building with character?,McGillin's Olde Ale House,3
Where can I eat in a building with character?,Dan Dan,3
Where can I eat in a building with character?,Estia,3
Where can I eat in a building with character?,Ela,3
Where can I eat in a building with character?,Rangoon Burmese Restaurant,2
Where can I eat in a building with character?,Frankford Hall,3
Where can I eat in a building with character?,Osteria,3
Where can I eat in a building with character?,Joe's Steaks + Soda Shop,3
Where can I eat in a building with character?,Gran Caffe L'Aquila,3
Where can I eat in a building with character?,Le Pain Quotidien,2
Where can I eat in a building with character?,Barcelona Wine Bar Passyunk,3
Where can I eat in a building with character?,Green Eggs Café,2
Where can I eat in a building with character?,Marmont Steakhouse & Bar,1
Where can I eat in a building with character?,Khmer Kitchen,2
Where can I eat in a building with character?,Miles Table,2
Where can I eat in a building with character?,Philadelphia Museum of Art,3
Where can I eat in a building with character?,Opa,3
Where can I eat in a building with character?,Smile Cafe,2
Where can I eat in a building with character?,Yakitori Boy,2
Where can I eat in a building with character?,RIM Cafe,3
Where can I eat in a building with character?,Con Murphy's,2
Where can I eat in a building with character?,Down Home Diner,2
Where can I eat in a building with character?,Ms Tootsie's RBL,3
Where can I eat in a building with character?,Stogie Joe's Tavern,2
Where can I eat in a building with character?,Hiro Ramen House,2
Where can I eat in a building with character?,Branzino Italian Ristorante,2
Where can I eat in a building with character?,Dock Street Brewery,3
Where can I eat in a building with character?,Happily Ever After,3
Where can I eat in a building with character?,Di Bruno Bros.,2
Where can I eat in a building with character?,Café Soho,2
Where can I eat in a building with character?,Shiao Lan Kung,2
Where can I eat in a building with character?,Su Xing House,3
Where can I eat in a building with character?,Vientiane Café,2
Where can I eat in a building with character?,1225Raw Sushi and Sake Lounge,2
Where can I eat in a building with character?,Bonchon Philadelphia,1
Where can I eat in a building with character?,Oscar's Tavern,3
Where can I eat in a building with character?,Le Virtu,3
Where can I eat in a building with character?,Sate Kampar,3
Where can I eat in a building with character?,Grindcore House,3
Where can I eat in a building with character?,Modo Mio,2
Where can I eat in a building with character?,Cafe Olé,2
Where can I eat in a building with character?,Sketch Burger,3
Where can I eat in a building with character?,The Blue Duck,2
Where can I eat in a building with character?,Jake's & Cooper's Wine Bar & Wine Shop,2
Where can I eat in a building with character?,Penrose Diner,2
Where can I eat in a building with character?,Marathon On the Square,2
Where can I eat in a building with character?,La Fourno Ristorante Trattoria,2
Where can I eat in a building with character?,Luna Café,2
Where can I eat in a building with character?,Catahoula,2
Where can I eat in a building with character?,Mixto,3
Where can I eat in a building with character?,Smokin Bettys,2
Where can I eat in a building with character?,The Dutch,2
Where can I eat in a building with character?,Sakura Mandarin,2
Where can I eat in a building with character?,El Jarocho,2
Where can I eat in a building with character?,Sang Kee Noodle House,1
Where can I eat in a building with character?,Bourbon Blue,2
Where can I eat in a building with character?,Spice 28,3
Where can I eat in a building with character?,Monsú,3
Where can I eat in a building with character?,Vernick Food & Drink,3
Where can I eat in a building with character?,Cantina Dos Segundos,2
Where can I eat in a building with character?,2nd Story Brewing,3
Where can I eat in a building with character?,Karma Restaurant & Bar,2
Where can I eat in a building with character?,Village Whiskey,3
Where can I eat in a building with character?,Nam Phuong,1
Where can I eat in a building with character?,Entree BYOB,2
Where can I eat in a building with character?,Independence Beer Garden,2
Where can I eat in a building with character?,Ocean Prime,2
Where can I eat in a building with character?,New Deck Tavern,2
Where can I eat in a building with character?,Cedar Point Bar and Kitchen,2
Where can I eat in a building with character?,Miel Patisserie,2
Where can I eat in a building with character?,Tria Cafe Rittenhouse,2
Where can I eat in a building with character?,David's Mai Lai Wah,2
Where can I eat in a building with character?,Evil Genius Beer,3
Where can I eat in a building with character?,Southgate,3
Where can I eat in a building with character?,Indian Restaurant,2
Where can I eat in a building with character?,Indian Kitchen Lovash,2
Where can I eat in a building with character?,Porcini,3
Where can I eat in a building with character?,Copabanana,2
Where can I eat in a building with character?,Amis Trattoria,2
Where can I eat in a building with character?,Fadó Irish Pub,2
Where can I eat in a building with character?,Francoluigi's Pizzeria & Italian Restaurant,2
Where can I eat in a building with character?,J'aime French Bakery,3
Where can I eat in a building with character?,Deke's Bar-B-Que,3
Where can I eat in a building with character?,Hickory Lane American Bistro,3
Where can I eat in a building with character?,In Riva,3
Where can I eat in a building with character?,Booker's Restaurant and Bar,3
Where can I eat in a building with character?,Alyan's Restaurant,3
Where can I eat in a building with character?,Elixr Coffee Roasters,3
Where can I eat in a building with character?,Sam's Morning Glory Diner,3
Where can I eat in a building with character?,P S & Co,3
Where can I eat in a building with character?,Max Brenner - Philadelphia,2
Where can I eat in a building with character?,Molly Malloy's,2
Where can I eat in a building with character?,New Delhi Indian Restaurant,2
Where can I eat in a building with character?,Hippot Shabu Shabu,2
Where can I eat in a building with character?,Moshulu,3
Where can I eat in a building with character?,Cedar Park Cafe,2
Where can I eat in a building with character?,Sancho Pistola's,2
Where can I eat in a building with character?,LaScala's,2
Where can I eat in a building with character?,Cafe Diem,2
Where can I eat in a building with character?,Honey's Sit-N-Eat,2
Where can I eat in a building with character?,Cheu Noodle Bar,2
Where can I eat in a building with character?,Tai Lake Restaurant,2
Where can I eat in a building with character?,Little Spoon Cafe,3
Where can I eat in a building with character?,Little Sicily 2,2
Where can I eat in a building with character?,Drinker's Pub,2
Where can I eat in a building with character?,Dmitri's,3
Where can I eat in a building with character?,E Mei Restaurant,2
Where can I eat in a building with character?,Giorgio On Pine,3
Where can I eat in a building with character?,HipCityVeg,0
Where can I eat in a building with character?,Oyster House,3
Where can I eat in a building with character?,World Cafe Live,3
Where can I eat in a building with character?,Banana Leaf,2
Where can I eat in a building with character?,Spice C,2
Where can I eat in a building with character?,Dinardo's Famous Crabs,2
Where can I eat in a building with character?,Ting Wong Restaurant,2
Where can I eat in a building with character?,Mac's Tavern,2
Where can I eat in a building with character?,South Philly Barbacoa,3
Where can I eat in a building with character?,Stock,2
Where can I eat in a building with character?,El Camino Real,2
Where can I eat in a building with character?,Sweet Lucy's Smokehouse,3
Where can I eat in a building with character?,Blue Corn,2
Where can I eat in a building with character?,North Bowl,3
Where can I eat in a building with character?,Earth Bread + Brewery,3
Where can I eat in a building with character?,Tria Cafe Wash West,2
Where can I eat in a building with character?,Zahav,2
Where can I eat in a building with character?,Bobby's Burger Palace,2
Where can I eat in a building with character?,Penang,3
Where can I eat in a building with character?,48th Street Grille,2
Where can I eat in a building with character?,HipCityVeg - University City,1
Where can I eat in a building with character?,Manakeesh Cafe Bakery & Grill,3
Where can I eat in a building with character?,SOMO Manayunk,2
Where can I eat in a building with character?,Taqueria La Veracruzana,2
Where can I eat in a building with character?,QT Vietnamese Sandwich,2
Where can I eat in a building with character?,Federal Donuts,2
Where can I eat in a building with character?,El Vez,3
Where can I eat in a building with character?,El Fuego,1
Where can I eat in a building with character?,House of Thai Cuisine,3
Where can I eat in a building with character?,Pho Xe Lua Viet Thai Restaurant,1
Where can I eat in a building with character?,Zento Contemporary Japanese Cuisine,2
Where can I eat in a building with character?,Los Gallos Mexican Taqueria,2
Where can I eat in a building with character?,Marathon,1
Where can I eat in a building with character?,Apricot Stone,2
Where can I eat in a building with character?,Honey's Sit N Eat,2
Where can I eat in a building with character?,Murph's Bar,2
Where can I eat in a building with character?,Green Eggs Cafe,3
Where can I eat in a building with character?,Dutch Eating Place,3
Where can I eat in a building with character?,Taco Riendo,2
Where can I eat in a building with character?,Ants Pants Café,2
Where can I eat in a building with character?,Erawan Thai Cuisine,2
Where can I eat in a building with character?,Govinda's Vegetarian,2
Where can I eat in a building with character?,Pizzeria Vetri,2
Where can I eat in a building with character?,Day By Day,2
Where can I eat in a building with character?,Manayunk Brewery,3
Where can I eat in a building with character?,Morgan's Pier,2
Where can I eat in a building with character?,Underdogs,2
Where can I eat in a building with character?,Mad Mex - University City,2
Where can I eat in a building with character?,Bufad,3
Where can I eat in a building with character?,Las Cazuelas Restaurant BYOB,2
Where can I eat in a building with character?,So Crepe,2
Where can I eat in a building with character?,Fox and Hound,1
Where can I eat in a building with character?,Tres Jalapenos,2
Where can I eat in a building with character?,Sitar India,2
Where can I eat in a building with character?,Almaz Cafe,2
Where can I eat in a building with character?,Kilimandjaro Restaurant,2
Where can I eat in a building with character?,Chart House,3
Where can I eat in a building with character?,Pizzeria Stella,2
Where can I eat in a building with character?,Bellini,2
Where can I eat in a building with character?,PYT,2
Where can I eat in a building with character?,Ratchada Thai & Laos Cuisine,3
Where can I eat in a building with character?,Loco Pez,3
Where can I eat in a building with character?,Nook Bakery & Coffee Bar,3
Where can I eat in a building with character?,Radicchio Cafe,3
Where can I eat in a building with character?,Baby Blues BBQ Philly,3
Where can I eat in a building with character?,Sahara Grill,1
Where can I eat in a building with character?,Marra's,3
Where can I eat in a building with character?,Nifty Fifty's,2
Where can I eat in a building with character?,Ristorante Pesto,2
Where can I eat in a building with character?,Empress Garden,2
Where can I eat in a building with character?,Que Chula Es Puebla,2
Where can I eat in a building with character?,Honest Tom's Plant Based Taco Shop,2
Where can I eat in a building with character?,Lucky's Last Chance,2
Where can I eat in a building with character?,Little Nonna's,3
Where can I eat in a building with character?,Serafina Philadelphia,2
Where can I eat in a building with character?,Yards Brewing Company,2
Where can I eat in a building with character?,Jong Ka Jib,3
Where can I eat in a building with character?,Spasso Italian Grill,2
Where can I eat in a building with character?,Yanako,3
Where can I eat in a building with character?,Famous 4th Street Delicatessen,3
Where can I eat in a building with character?,Tamarind,2
Where can I eat in a building with character?,Real Food Eatery,1
Where can I eat in a building with character?,Tampopo,1
Where can I eat in a building with character?,IKEA,2
Where can I eat in a building with character?,Maggiano's Little Italy,2
Where can I eat in a building with character?,Effie's Restaurant,3
Where can I eat in a building with character?,Isot Mediterranean Cuisine,3
Where can I eat in a building with character?,Zama,2
Where can I eat in a building with character?,Middle Child,3
Where can I eat in a building with character?,Tavern on Broad,2
Where can I eat in a building with character?,BurgerFi,2
Where can I eat in a building with character?,El Poquito,2
Where can I eat in a building with character?,Bluestone Lane,2
Where can I eat in a building with character?,Percy Street Barbecue,2
Where can I eat in a building with character?,Tom's Dim Sum,2
Where can I eat in a building with character?,Circles Contemporary Thai,2
Where can I eat in a building with character?,Wrap Shack,2
Where can I eat in a building with character?,Kalaya,3
Where can I eat in a building with character?,Taqueria Feliz,2
Where can I eat in a building with character?,Amma's South Indian Cuisine,3
Where can I eat in a building with character?,JJ Bootleggers,2
Where can I eat in a building with character?,Tela's Market & Kitchen,2
Where can I eat in a building with character?,Shang Hai 1,1
Where can I eat in a building with character?,K'Far Cafe,3
Where can I eat in a building with character?,Jasmine Rice - Rittenhouse,2
Where can I eat in a building with character?,Pietro's Coal Oven Pizzeria,2
Where can I eat in a building with character?,Winnie's Manayunk,2
Where can I eat in a building with character?,Cleavers,2
Where can I eat in a building with character?,JJ Thai Cuisine,2
Where can I eat in a building with character?,Rosy's Taco Bar,3
Where can I eat in a building with character?,Nick's Old Original Roast Beef,3
Where can I eat in a building with character?,Pattaya,2
Where can I eat in a building with character?,La Fontana Della Citta,2
Where can I eat in a building with character?,Anastasi Seafood,2
Where can I eat in a building with character?,Vango Lounge & Skybar,2
Where can I eat in a building with character?,Nan Zhou Hand Drawn Noodle House,1
Where can I eat in a building with character?,Mood Cafe,3
Where can I eat in a building with character?,L'Angolo Ristorante,3
Where can I eat in a building with character?,Ocean Harbor,2
Where can I eat in a building with character?,Hard Rock Cafe,3
Where can I eat in a building with character?,OCF Coffee House,3
Where can I eat in a building with character?,Gyu-Kaku Japanese BBQ,1
Where can I eat in a building with character?,Bistro SouthEast,1
Where can I eat in a building with character?,The QUICK FIXX,1
Where can I eat in a building with character?,Fuji Mountain,3
Where can I eat in a building with character?,Giwa Korean Kitchen,2
Where can I eat in a building with character?,Rybread,2
Where can I eat in a building with character?,McCormick & Schmick's Seafood & Steaks,2
Where can I eat in a building with character?,Fuel Center City,1
Where can I eat in a building with character?,Gnocchi,3
Where can I eat in a building with character?,Sang Kee Peking Duck House,2
Where can I eat in a building with character?,Rose Petals Cafe,2
Where can I eat in a building with character?,Toast,2
Where can I eat in a building with character?,Lucha Cartel,3
Where can I eat in a building with character?,Umai Umai,2
Where can I eat in a building with character?,Bareburger - Midtown Village,2
Where can I eat in a building with character?,Bubblefish,2
Where can I eat in a building with character?,Lucky Strike - Philadelphia,2
Where can I eat in a building with character?,Xiandu Thai,2
Where can I eat in a building with character?,Schlesinger's,2
Where can I eat in a building with character?,Seorabol Korean Restaurant,2
Where can I eat in a building with character?,Philadelphia Chutney Company,2
Where can I eat in a building with character?,Saad's Halal Restaurant,2
Where can I eat in a building with character?,Greg's Kitchen,2
Where can I eat in a building with character?,Nom Nom Ramen,1
Where can I eat in a building with character?,Ekta Indian Cuisine,2
Where can I eat in a building with character?,Chubbys Steaks,2
Where can I eat in a building with character?,Rustica,2
Where can I eat in a building with character?,Nomad Pizza Company,2
Where can I eat in a building with character?,500 Degrees,2
Where can I eat in a building with character?,Paesano's Philly Style,2
Where can I eat in a building with character?,Las Margaritas,2
Where can I eat in a building with character?,Pearl's Oyster Bar,3
Where can I eat in a building with character?,Stockyard Sandwich,2
Where can I eat in a building with character?,honeygrow,1
Where can I eat in a building with character?,T-Swirl Crêpe,2
Where can I eat in a building with character?,Pho Ha Saigon,2
Where can I eat in a building with character?,Relish,2
Where can I eat in a building with character?,Dim Sum & Noodle,1
Where can I eat in a building with character?,K-POT Korean BBQ & Hot Pot,1
Where can I eat in a building with character?,Nomad Roman Pizza,3
Where can I eat in a building with character?,Koreana,2
Where can I eat in a building with character?,Tiffin,2
Where can I eat in a building with character?,Pho Cali Vietnamese Restaurant,1
Where can I eat in a building with character?,Zorba's Taverna,3
Where can I eat in a building with character?,Circles Contemporary Asian,2
Where can I eat in a building with character?,Pho 75,2
Where can I eat in a building with character?,Pho Ha,1
Where can I eat in a building with character?,Devon Seafood Grill,2
Where can I eat in a building with character?,Volo Coffeehouse,2
Where can I eat in a building with character?,The Couch Tomato Cafe,3
Where can I eat in a building with character?,Buena Onda,1
Where can I eat in a building with character?,Blackbird Pizzeria,2
Where can I eat in a building with character?,Terakawa Ramen,2
Where can I eat in a building with character?,Spice End,1
Where can I eat in a building with character?,Steve's Prince of Steaks,1
Where can I eat in a building with character?,Chickie's & Pete's,2
Where can I eat in a building with character?,Fat Salmon,3
Where can I eat in a building with character?,Shake Shack,1
Where can I eat in a building with character?,Cactus Restaurant & Bar,1
Where can I eat in a building with character?,Barra Rossa Ristorante,2
Where can I eat in a building with character?,Dalessandro’s Steaks & Hoagies,3
Where can I eat in a building with character?,Jamaican Jerk Hut,1
Where can I eat in a building with character?,Yamitsuki Ramen,2
Where can I eat in a building with character?,Bleu Sushi,1
Where can I eat in a building with character?,Pizza Brain,3
Where can I eat in a building with character?,Crazy Sushi,1
Where can I eat in a building with character?,Masala Kitchen Kati Rolls and Platters,1
Where can I eat in a building with character?,Hai Street Kitchen & Co,0
Where can I eat in a building with character?,Mac Mart,2
Where can I eat in a building with character?,Koch's Deli,3
Where can I eat in a building with character?,Max's Steaks,2
Where can I eat in a building with character?,SPOT Gourmet Burgers,2
Where can I eat in a building with character?,Dave & Buster's,1
Where can I eat in a building with character?,The Cheesecake Factory,1
Where can I eat in a building with character?,Revolution Taco,2
Where can I eat in a building with character?,Xfinity Live! Philadelphia,2
Where can I eat in a building with character?,Gooey Looie's,2
Where can I eat in a building with character?,Vic Sushi Bar,3
Where can I eat in a building with character?,Tacconelli's Pizzeria,3
Where can I eat in a building with character?,Pho Saigon,1
Where can I eat in a building with character?,Hummus Grill,1
Where can I eat in a building with character?,Greek Lady,2
Where can I eat in a building with character?,Pizzeria Beddia,2
Where can I eat in a building with character?,Carmen's Famous Italian Hoagies,2
Where can I eat in a building with character?,Beck's Cajun Cafe,2
Where can I eat in a building with character?,Smiley's Cafe,3
Where can I eat in a building with character?,Fuel,2
Where can I eat in a building with character?,Geno's Steaks,2
Where can I eat in a building with character?,Termini Bros Bakery,3
Where can I eat in a building with character?,Chabaa Thai Bistro,2
Where can I eat in a building with character?,Byblos,2
Where can I eat in a building with character?,The Original Tony Lukes,2
Where can I eat in a building with character?,Santucci's Original Square Pizza,2
Where can I eat in a building with character?,Jim's South St,3
Where can I eat in a building with character?,Nine Ting,2
Where can I eat in a building with character?,Cosmi's Deli,2
Where can I eat in a building with character?,Philip's Steaks,2
Where can I eat in a building with character?,Sardi's Pollo A La Brasa,2
Where can I eat in a building with character?,Goldie,2
Where can I eat in a building with character?,Magpie,3
Where can I eat in a building with character?,Local Tavern,2
Where can I eat in a building with character?,&pizza - Walnut,2
Where can I eat in a building with character?,Mama's Vegetarian,2
Where can I eat in a building with character?,Meltkraft At Reading Terminal Market,3
Where can I eat in a building with character?,Jakes Sandwich Board - 12th St,2
Where can I eat in a building with character?,A La Mousse,2
Where can I eat in a building with character?,Woody's,2
Where can I eat in a building with character?,Capogiro Gelato,1
Where can I eat in a building with character?,Jim's Steaks,2
Where can I eat in a building with character?,Chickie's and Pete's,2
Where can I eat in a building with character?,Ishkabibble's,2
Where can I eat in a building with character?,Dos Tacos,2
Where can I eat in a building with character?,Helium Comedy Club,2
Where can I eat in a building with character?,P'unk Burger,2
Where can I eat in a building with character?,The Bakeshop on 20th,2
Where can I eat in a building with character?,By George! Pizza Pasta & Cheesesteaks,2
Where can I eat in a building with character?,Animo Juice,3
Where can I eat in a building with character?,Legal Sea Foods,1
Where can I eat in a building with character?,Little Baby's Ice Cream,2
Where can I eat in a building with character?,Warmdaddy's,3
Where can I eat in a building with character?,Aki Nom Nom Sushi & Ramen,2
Where can I eat in a building with character?,Pat's King of Steaks,2
Where can I eat in a building with character?,Sonny's Famous Steaks,1
Where can I eat in a building with character?,Oh Brother Philly,2
Where can I eat in a building with character?,Octopus Falafel Truck,1
Where can I eat in a building with character?,Lorenzo & Sons Pizza,2
Where can I eat in a building with character?,Love & Honey Fried Chicken,2
Where can I eat in a building with character?,Chubby Cattle,1
Where can I eat in a building with character?,Del Rossi's Cheesesteak,2
Where can I eat in a building with character?,John's Roast Pork,3
Where can I eat in a building with character?,Hershel's East Side Deli,2
Where can I eat in a building with character?,Woodrow's Sandwich Shop,1
Where can I eat in a building with character?,Campo's Philly Cheesesteaks,1
Where can I eat in a building with character?,Jimmy G's Steaks,2
Where can I eat in a building with character?,Koto Sushi,2
Where can I eat in a building with character?,Isgro Pastries,3
Where can I eat in a building with character?,Luke's Lobster Rittenhouse,3
Where can I eat in a building with character?,Sumo Sushi,2
Where can I eat in a building with character?,Spread Bagelry,3
Where can I eat in a building with character?,Tommy DiNic's,3
Where can I eat in a building with character?,Snap Custom Pizza - Center City,2
Where can I eat in a building with character?,Knead Bagels,2
Where can I eat in a building with character?,Lazaro's Pizzeria & Grill,1
Where can I eat in a building with character?,Kabuki Sushi,0
Where can I eat in a building with character?,Angelo's Pizzeria,2
Where can I eat in a building with character?,Slice,2
Where can I eat in a building with character?,Spataro's Cheesesteaks,2
Where can I eat in a building with character?,TGI Fridays,1
Where can I eat in a building with character?,Beiler's Bakery,2
Where can I eat in a building with character?,Dizengoff,2
Where can I eat in a building with character?,Sweet Freedom Bakery,1
Where can I eat in a building with character?,Punch Line Philly,2
Where can I eat in a building with character?,Flying Monkey Bakery,2
Where can I eat in a building with character?,Swiss Haus Cafe & Pastry Bar,2
Where can I eat in a building with character?,Bredenbeck's Bakery & Ice Cream Parlor,3
Where can I eat in a building with character?,Kung Fu Tea,2
Where can I eat in a building with character?,Sweet Box Cupcakes,1
Where can I eat in a building with character?,The Famous 4th Street Cookie Company,2
