{
    "Recommend a hotel with great family-friendly amenities.": 0.5615806675345103,
    "Recommend a hotel with the best poolside service.": 0.6111111111111112,
    "Suggest a hotel with a magical ambiance.": 0.24258658008658007,
    "Where can I find a hotel that balances luxury and affordability?": 0.4049126827764598,
    "Suggest a hotel with the best spa services.": 0.5357201042684913,
    "Where can I stay near the best art museums?": 0.5840592928668376,
    "Recommend a hotel with a lively atmosphere.": 0.7169293425872373,
    "Where can I find hotels that combine adventure and relaxation?": 0.045454545454545456,
    "What are some of the best hotels for gourmet lovers?": 0.05381627828436339,
    "Suggest a hotel with excellent fine dining.": 0.27617879422928515,
    "Where can I stay that feels youthful and energetic?": 0.694280488030488,
    "I want a hotel that makes me feel like I\u2019m in a movie.": 0.5952861563619226,
    "Where can I stay to fully experience the nightlife of a city?": 0.504461689190672,
    "Where can I stay to get the best of both city and nature?": 0.46590909090909094,
    "What are the top boutique hotels?": 0.4189308988159563,
    "Recommend a pet-friendly hotel.": 0.5997556390977443,
    "Where can I find hotels with great rooftop bars?": 0.3614285714285714,
    "Recommend a hotel that keeps surprising me every day.": 0.7636494252873562,
    "Suggest a hotel where I can just go with the flow.": 0.3715583992873539,
    "What are the best hotels for exploring hidden gems in a city?": 0.25,
    "Where can I stay with beautiful waterfront views?": 0.6986002970155327,
    "Where can I find hotels with a unique architectural design?": 0.44412991854263467,
    "Looking for a hotel with creative spaces and an artsy vibe.": 0.42280552571905955,
    "What are the best hotels for wellness and relaxation?": 0.3404761904761905,
    "What are the top hotels for a scenic retreat?": 0.10222897669706181,
    "Which hotels offer the best opportunities for socializing?": 0.26083655083655083,
    "Recommend a hotel for travellers who just want to people-watch.": 0.3380351791066077,
    "Recommend a hotel that feels intimate and private.": 0.23690476190476187,
    "Recommend a hotel that matches a slower travel rhythm.": 0.07780705606792564,
    "Recommend a hotel that works well for group celebrations.": 0.29365079365079366,
    "Recommend a hotel that works well for traveling with teenagers.": 0.2945793180356131,
    "Recommend a hotel with a nostalgic, vintage vibe.": 0.6572419850680721,
    "Recommend a place for a solo birthday trip.": 0.2923856698432127,
    "Recommend a place where I won't feel like a tourist.": 0.07142857142857142,
    "Suggest a hotel that complements a journaling or reflection-focused trip.": 0.24285714285714285,
    "Suggest a hotel that doesn't feel too polished.": 0.11786750483558994,
    "Suggest a hotel that works well for working remotely.": 0.23738780180264327,
    "Suggest a hotel that's perfect for art lovers.": 0.21522867608581894,
    "What are some hotels that are great for slow mornings?": 0.03598247809762203,
    "What hotels are affordable but don't feel basic?": 0.25873768918975604,
    "Where can I stay for the best sunrise or sunset views?": 0.652139037433155,
    "Where can I stay if I'm traveling with elderly parents?": 0.13239035087719297,
    "Where can I stay that fits a minimalist travel style?": 0,
    "Where can I stay that fits well with a photography-heavy trip?": 0.02127659574468085,
    "Where can I stay that works for multiple generations?": 0.560703534922285,
    "Where can I stay that works well with young kids and no fuss?": 0.659476886749614,
    "Where can I stay to avoid the tourist rush without going remote?": 0.06666666666666667,
    "Where should I stay during a creative block?": 0.03125,
    "Where should I stay for easy airport access?": 0.5109885620915032,
    "Where should I stay that matches a high-energy trip?": 0.5087734235461507
}