{
    "Recommend a hotel with great family-friendly amenities.": 0.42560789796814635,
    "Recommend a hotel with the best poolside service.": 0.41666666666666663,
    "Suggest a hotel with a magical ambiance.": 0.20114942528735633,
    "Where can I find a hotel that balances luxury and affordability?": 0.3547295875420875,
    "Suggest a hotel with the best spa services.": 0.37954545454545446,
    "Where can I stay near the best art museums?": 0.4618307106196381,
    "Recommend a hotel with a lively atmosphere.": 0.43287201520284224,
    "Where can I find hotels that combine adventure and relaxation?": 0.09090909090909091,
    "What are some of the best hotels for gourmet lovers?": 0.06388888888888888,
    "Suggest a hotel with excellent fine dining.": 0.40938139364396525,
    "Where can I stay that feels youthful and energetic?": 0.47554740220774366,
    "I want a hotel that makes me feel like I\u2019m in a movie.": 0.5273188010935046,
    "Where can I stay to fully experience the nightlife of a city?": 0.5770065022443915,
    "Where can I stay to get the best of both city and nature?": 0.10747970878538216,
    "What are the top boutique hotels?": 0.5492238562091503,
    "Recommend a pet-friendly hotel.": 0.6240176848241363,
    "Where can I find hotels with great rooftop bars?": 0.5794117647058824,
    "Recommend a hotel that keeps surprising me every day.": 0.26659125188536953,
    "Suggest a hotel where I can just go with the flow.": 0.4567686699265646,
    "What are the best hotels for exploring hidden gems in a city?": 0.0625,
    "Where can I stay with beautiful waterfront views?": 0.6674645175537208,
    "Where can I find hotels with a unique architectural design?": 0.4620944901099178,
    "Looking for a hotel with creative spaces and an artsy vibe.": 0.33012750554767356,
    "What are the best hotels for wellness and relaxation?": 0.5990338164251207,
    "What are the top hotels for a scenic retreat?": 0.5440891472868218,
    "Which hotels offer the best opportunities for socializing?": 0.19462333532100973,
    "Recommend a hotel for travellers who just want to people-watch.": 0.17106874982891243,
    "Recommend a hotel that feels intimate and private.": 0.22275132275132276,
    "Recommend a hotel that matches a slower travel rhythm.": 0.10989010989010989,
    "Recommend a hotel that works well for group celebrations.": 0.14485601355166572,
    "Recommend a hotel that works well for traveling with teenagers.": 0.30933483269645845,
    "Recommend a hotel with a nostalgic, vintage vibe.": 0.5813064150020671,
    "Recommend a place for a solo birthday trip.": 0.8626373626373626,
    "Recommend a place where I won't feel like a tourist.": 0.14285714285714285,
    "Suggest a hotel that complements a journaling or reflection-focused trip.": 0.14545454545454545,
    "Suggest a hotel that doesn't feel too polished.": 0.0969597288676236,
    "Suggest a hotel that works well for working remotely.": 0.3596825396825397,
    "Suggest a hotel that's perfect for art lovers.": 0.3556927887434043,
    "What are some hotels that are great for slow mornings?": 0.07692307692307693,
    "What hotels are affordable but don't feel basic?": 0.2976588497056334,
    "Where can I stay for the best sunrise or sunset views?": 0.4049673202614379,
    "Where can I stay if I'm traveling with elderly parents?": 0.40101010101010104,
    "Where can I stay that fits a minimalist travel style?": 0.038461538461538464,
    "Where can I stay that fits well with a photography-heavy trip?": 0,
    "Where can I stay that works for multiple generations?": 0.6853706717645336,
    "Where can I stay that works well with young kids and no fuss?": 0.5539931439024054,
    "Where can I stay to avoid the tourist rush without going remote?": 0.07692307692307693,
    "Where should I stay during a creative block?": 0.029411764705882353,
    "Where should I stay for easy airport access?": 0.4676966610073571,
    "Where should I stay that matches a high-energy trip?": 0.39798863990040456
}