{
    "Recommend a hotel with great family-friendly amenities.": 0.6992396981763578,
    "Recommend a hotel with the best poolside service.": 0.8476190476190476,
    "Suggest a hotel with a magical ambiance.": 0.2927826978513478,
    "Where can I find a hotel that balances luxury and affordability?": 0.5067724867724868,
    "Suggest a hotel with the best spa services.": 0.628827703495191,
    "Where can I stay near the best art museums?": 0.531316852114192,
    "Recommend a hotel with a lively atmosphere.": 0.8215520290018954,
    "Where can I find hotels that combine adventure and relaxation?": 1.0,
    "What are some of the best hotels for gourmet lovers?": 0.5833333333333334,
    "Suggest a hotel with excellent fine dining.": 0.35823378131740496,
    "Where can I stay that feels youthful and energetic?": 0.6480368337805268,
    "I want a hotel that makes me feel like I\u2019m in a movie.": 0.5066785529984932,
    "Where can I stay to fully experience the nightlife of a city?": 0.7398191633361391,
    "Where can I stay to get the best of both city and nature?": 0.5842405904742815,
    "What are the top boutique hotels?": 0.5575376678094536,
    "Recommend a pet-friendly hotel.": 0.5202841369168809,
    "Where can I find hotels with great rooftop bars?": 0.553933249780865,
    "Recommend a hotel that keeps surprising me every day.": 0.2555554467319173,
    "Suggest a hotel where I can just go with the flow.": 0.4324376044884357,
    "What are the best hotels for exploring hidden gems in a city?": 0.4946982451061798,
    "Where can I stay with beautiful waterfront views?": 0.34314252295535713,
    "Where can I find hotels with a unique architectural design?": 0.5005459853735166,
    "Looking for a hotel with creative spaces and an artsy vibe.": 0.5420280911407626,
    "What are the best hotels for wellness and relaxation?": 0.5312333057013907,
    "What are the top hotels for a scenic retreat?": 0.3812169312169312,
    "Which hotels offer the best opportunities for socializing?": 0.7689682539682539,
    "Recommend a hotel for travellers who just want to people-watch.": 0.30964371974685184,
    "Recommend a hotel that feels intimate and private.": 0.34514723142354714,
    "Recommend a hotel that matches a slower travel rhythm.": 0.2738095238095238,
    "Recommend a hotel that works well for group celebrations.": 0.1111111111111111,
    "Recommend a hotel that works well for traveling with teenagers.": 0.459606784287649,
    "Recommend a hotel with a nostalgic, vintage vibe.": 0.4135786100946284,
    "Recommend a place for a solo birthday trip.": 0.3197159278691234,
    "Recommend a place where I won't feel like a tourist.": 0.4379364630494839,
    "Suggest a hotel that complements a journaling or reflection-focused trip.": 0.4238438438438439,
    "Suggest a hotel that doesn't feel too polished.": 0.1422751322751323,
    "Suggest a hotel that works well for working remotely.": 0.067816091954023,
    "Suggest a hotel that's perfect for art lovers.": 0.45470085470085464,
    "What are some hotels that are great for slow mornings?": 0.15617588031381133,
    "What hotels are affordable but don't feel basic?": 0.4750905986984717,
    "Where can I stay for the best sunrise or sunset views?": 0.656745300000878,
    "Where can I stay if I'm traveling with elderly parents?": 0.28080976069481817,
    "Where can I stay that fits a minimalist travel style?": 0.33635102821616447,
    "Where can I stay that fits well with a photography-heavy trip?": 0.2542997542997543,
    "Where can I stay that works for multiple generations?": 0.8577709722153891,
    "Where can I stay that works well with young kids and no fuss?": 0.8035436622697064,
    "Where can I stay to avoid the tourist rush without going remote?": 0.47915830110362084,
    "Where should I stay during a creative block?": 0.46971688155898683,
    "Where should I stay for easy airport access?": 0.16644444444444445,
    "Where should I stay that matches a high-energy trip?": 0.37937053959473765
}