{
    "Recommend a hotel with great family-friendly amenities.": 0.41415663935825225,
    "Recommend a hotel with the best poolside service.": 0.7166666666666667,
    "Suggest a hotel with a magical ambiance.": 0.15543448799262752,
    "Where can I find a hotel that balances luxury and affordability?": 0.5146972991727214,
    "Suggest a hotel with the best spa services.": 0.8177011494252874,
    "Where can I stay near the best art museums?": 0.21368309935995808,
    "Recommend a hotel with a lively atmosphere.": 0.47087280366692125,
    "Where can I find hotels that combine adventure and relaxation?": 0.2148148148148148,
    "What are some of the best hotels for gourmet lovers?": 0.1179980446284794,
    "Suggest a hotel with excellent fine dining.": 0.6028367669213305,
    "Where can I stay that feels youthful and energetic?": 0.837121212121212,
    "I want a hotel that makes me feel like I\u2019m in a movie.": 0.22855525700353285,
    "Where can I stay to fully experience the nightlife of a city?": 0.7079983529828732,
    "Where can I stay to get the best of both city and nature?": 0.1250091575091575,
    "What are the top boutique hotels?": 0.7616714674755611,
    "Recommend a pet-friendly hotel.": 0.5551984705728021,
    "Where can I find hotels with great rooftop bars?": 0.568212739641311,
    "Recommend a hotel that keeps surprising me every day.": 0.23480725623582768,
    "Suggest a hotel where I can just go with the flow.": 0.5188556263182494,
    "What are the best hotels for exploring hidden gems in a city?": 0.48768037518037516,
    "Where can I stay with beautiful waterfront views?": 0.19642857142857142,
    "Where can I find hotels with a unique architectural design?": 0.28080525775758197,
    "Looking for a hotel with creative spaces and an artsy vibe.": 0.3926702926702927,
    "What are the best hotels for wellness and relaxation?": 0.18560606060606064,
    "What are the top hotels for a scenic retreat?": 0.1893427704752275,
    "Which hotels offer the best opportunities for socializing?": 0.8166666666666667,
    "Recommend a hotel for travellers who just want to people-watch.": 0.2270821113066354,
    "Recommend a hotel that feels intimate and private.": 0.4022948296876916,
    "Recommend a hotel that matches a slower travel rhythm.": 0.08496732026143791,
    "Recommend a hotel that works well for group celebrations.": 0.8333333333333334,
    "Recommend a hotel that works well for traveling with teenagers.": 0.696953200804292,
    "Recommend a hotel with a nostalgic, vintage vibe.": 0.49154722758668684,
    "Recommend a place for a solo birthday trip.": 0.28098483855369516,
    "Recommend a place where I won't feel like a tourist.": 0.2948631999628205,
    "Suggest a hotel that complements a journaling or reflection-focused trip.": 0.21083333333333334,
    "Suggest a hotel that doesn't feel too polished.": 0.13347763347763347,
    "Suggest a hotel that works well for working remotely.": 0.46533348971772626,
    "Suggest a hotel that's perfect for art lovers.": 0.2,
    "What are some hotels that are great for slow mornings?": 0.09090909090909091,
    "What hotels are affordable but don't feel basic?": 0.34097922608910836,
    "Where can I stay for the best sunrise or sunset views?": 0.17301587301587304,
    "Where can I stay if I'm traveling with elderly parents?": 0.5742753623188406,
    "Where can I stay that fits a minimalist travel style?": 0.3656862745098039,
    "Where can I stay that fits well with a photography-heavy trip?": 0.125,
    "Where can I stay that works for multiple generations?": 0.5103212335780485,
    "Where can I stay that works well with young kids and no fuss?": 0.6151550275067287,
    "Where can I stay to avoid the tourist rush without going remote?": 0.4776458584150891,
    "Where should I stay during a creative block?": 0.8095238095238094,
    "Where should I stay for easy airport access?": 0.15395604395604395,
    "Where should I stay that matches a high-energy trip?": 0.30784226811291887
}