Query,Hotel,Relevance Score
Where can I find a hotel with authentic local culture experiences?,can_quebec_montreal_hotel_nelligan,3
Where can I find a hotel with authentic local culture experiences?,can_montreal_hotel_nelligan,3
Where can I find a hotel with authentic local culture experiences?,can_montreal_le_square_phillips_hotel_suites,0
Where can I find a hotel with authentic local culture experiences?,can_quebec_montreal_le_square_phillips_hotel_suites,0
Where can I find a hotel with authentic local culture experiences?,can_quebec_montreal_le_place_d_armes_hotel_suites,2
Where can I find a hotel with authentic local culture experiences?,can_montreal_le_place_d_armes_hotel_suites,2
Where can I find a hotel with authentic local culture experiences?,can_quebec_montreal_hotel_gault,2
Where can I find a hotel with authentic local culture experiences?,can_montreal_hotel_gault,1
Where can I find a hotel with authentic local culture experiences?,can_quebec_montreal_loews_hotel_vogue,0
Where can I find a hotel with authentic local culture experiences?,can_montreal_loews_hotel_vogue,1
Where can I find a hotel with authentic local culture experiences?,can_montreal_sofitel_montreal,1
Where can I find a hotel with authentic local culture experiences?,can_quebec_montreal_sofitel_montreal,1
Where can I find a hotel with authentic local culture experiences?,can_quebec_montreal_auberge_du_vieux_port,3
Where can I find a hotel with authentic local culture experiences?,can_montreal_auberge_du_vieux_port,3
Where can I find a hotel with authentic local culture experiences?,can_quebec_montreal_residence_inn_by_marriott_montreal_downtown,0
Where can I find a hotel with authentic local culture experiences?,can_montreal_residence_inn_by_marriott_montreal_downtown,0
Where can I find a hotel with authentic local culture experiences?,can_montreal_w_montreal,2
Where can I find a hotel with authentic local culture experiences?,can_quebec_montreal_w_montreal,2
Where can I find a hotel with authentic local culture experiences?,can_montreal_hotel_xixe_siecle,2
Where can I find a hotel with authentic local culture experiences?,can_quebec_montreal_hotel_xixe_siecle,3
Where can I find a hotel with authentic local culture experiences?,can_montreal_le_saint_sulpice,2
Where can I find a hotel with authentic local culture experiences?,can_quebec_montreal_le_saint_sulpice,2
Where can I find a hotel with authentic local culture experiences?,can_quebec_montreal_hotel_du_fort,1
Where can I find a hotel with authentic local culture experiences?,can_montreal_hotel_du_fort,0
Where can I find a hotel with authentic local culture experiences?,can_montreal_hilton_montreal_bonaventure,1
Where can I find a hotel with authentic local culture experiences?,can_quebec_montreal_hilton_montreal_bonaventure,1
Where can I find a hotel with authentic local culture experiences?,can_quebec_montreal_sheraton_le_centre_montreal_hotel,1
Where can I find a hotel with authentic local culture experiences?,can_montreal_sheraton_le_centre_montreal_hotel,1
Where can I find a hotel with authentic local culture experiences?,can_montreal_opus_hotel_montreal,2
Where can I find a hotel with authentic local culture experiences?,can_quebec_montreal_opus_hotel_montreal,2
Where can I find a hotel with authentic local culture experiences?,can_montreal_hyatt_regency_montreal,1
Where can I find a hotel with authentic local culture experiences?,can_quebec_montreal_hyatt_regency_montreal,2
Where can I find a hotel with authentic local culture experiences?,can_montreal_chateau_de_l_argoat,2
Where can I find a hotel with authentic local culture experiences?,can_quebec_montreal_chateau_de_l_argoat,2
Where can I find a hotel with authentic local culture experiences?,can_montreal_marriott_chateau_champlain,1
Where can I find a hotel with authentic local culture experiences?,can_quebec_montreal_marriott_chateau_champlain,1
Where can I find a hotel with authentic local culture experiences?,can_quebec_montreal_hotel_st_paul,2
Where can I find a hotel with authentic local culture experiences?,can_montreal_hotel_st_paul,2
Where can I find a hotel with authentic local culture experiences?,can_montreal_fairmont_the_queen_elizabeth,2
Where can I find a hotel with authentic local culture experiences?,can_quebec_montreal_fairmont_the_queen_elizabeth,2
Where can I find a hotel with authentic local culture experiences?,can_montreal_delta_centre_ville,1
Where can I find a hotel with authentic local culture experiences?,can_quebec_montreal_delta_centre_ville,1
Where can I find a hotel with authentic local culture experiences?,can_montreal_le_cantlie_suites_hotel,1
Where can I find a hotel with authentic local culture experiences?,can_quebec_montreal_le_cantlie_suites_hotel,1
Where can I find a hotel with authentic local culture experiences?,can_quebec_montreal_hotel_omni_mont_royal,1
Where can I find a hotel with authentic local culture experiences?,can_montreal_hotel_omni_mont_royal,1
Where can I find a hotel with authentic local culture experiences?,can_quebec_montreal_intercontinental_montreal,2
Where can I find a hotel with authentic local culture experiences?,can_montreal_intercontinental_montreal,2
Where can I find a hotel with authentic local culture experiences?,can_montreal_ritz_carlton_montreal,2
Where can I find a hotel with authentic local culture experiences?,can_quebec_montreal_ritz_carlton_montreal,2
Where can I find a hotel with authentic local culture experiences?,can_quebec_montreal_springhill_suites_old_montreal,2
Where can I find a hotel with authentic local culture experiences?,can_montreal_springhill_suites_old_montreal,2
Where can I find a hotel with authentic local culture experiences?,can_montreal_embassy_suites_montreal,1
Where can I find a hotel with authentic local culture experiences?,can_quebec_montreal_holiday_inn_express_montreal_centre_ville,0
Where can I find a hotel with authentic local culture experiences?,can_montreal_holiday_inn_express_montreal_centre_ville,0
Where can I find a hotel with authentic local culture experiences?,can_quebec_montreal_delta_montreal_hotel,0
Where can I find a hotel with authentic local culture experiences?,can_montreal_delta_montreal_hotel,0
Where can I find a hotel with authentic local culture experiences?,can_quebec_montreal_embassy_suites_montreal,1
Where can I find a hotel with authentic local culture experiences?,can_quebec_montreal_auberge_bonaparte,2
Where can I find a hotel with authentic local culture experiences?,can_montreal_auberge_bonaparte,2
Where can I find a hotel with authentic local culture experiences?,can_montreal_novotel_montreal_center,0
Where can I find a hotel with authentic local culture experiences?,can_quebec_montreal_novotel_montreal_center,1
Where can I find a hotel with authentic local culture experiences?,can_montreal_holiday_inn_montreal_midtown,1
Where can I find a hotel with authentic local culture experiences?,can_quebec_montreal_holiday_inn_montreal_midtown,1
Where should I stay that's surrounded by natural beauty?,can_montreal_le_square_phillips_hotel_suites,0
Where should I stay that's surrounded by natural beauty?,can_quebec_montreal_le_square_phillips_hotel_suites,0
Where should I stay that's surrounded by natural beauty?,can_montreal_hilton_montreal_bonaventure,3
Where should I stay that's surrounded by natural beauty?,can_quebec_montreal_hilton_montreal_bonaventure,3
Where should I stay that's surrounded by natural beauty?,can_quebec_montreal_hotel_nelligan,1
Where should I stay that's surrounded by natural beauty?,can_montreal_hotel_nelligan,1
Where should I stay that's surrounded by natural beauty?,can_quebec_montreal_le_place_d_armes_hotel_suites,2
Where should I stay that's surrounded by natural beauty?,can_montreal_le_place_d_armes_hotel_suites,0
Where should I stay that's surrounded by natural beauty?,can_quebec_montreal_auberge_du_vieux_port,1
Where should I stay that's surrounded by natural beauty?,can_montreal_auberge_du_vieux_port,1
Where should I stay that's surrounded by natural beauty?,can_quebec_montreal_hotel_omni_mont_royal,2
Where should I stay that's surrounded by natural beauty?,can_montreal_hotel_omni_mont_royal,2
Where should I stay that's surrounded by natural beauty?,can_quebec_montreal_sheraton_le_centre_montreal_hotel,0
Where should I stay that's surrounded by natural beauty?,can_montreal_sheraton_le_centre_montreal_hotel,0
Where should I stay that's surrounded by natural beauty?,can_quebec_montreal_residence_inn_by_marriott_montreal_downtown,0
Where should I stay that's surrounded by natural beauty?,can_montreal_residence_inn_by_marriott_montreal_downtown,0
Where should I stay that's surrounded by natural beauty?,can_montreal_marriott_chateau_champlain,1
Where should I stay that's surrounded by natural beauty?,can_quebec_montreal_marriott_chateau_champlain,1
Where should I stay that's surrounded by natural beauty?,can_quebec_montreal_hotel_gault,1
Where should I stay that's surrounded by natural beauty?,can_montreal_hotel_gault,1
Where should I stay that's surrounded by natural beauty?,can_quebec_montreal_loews_hotel_vogue,0
Where should I stay that's surrounded by natural beauty?,can_montreal_loews_hotel_vogue,0
Where should I stay that's surrounded by natural beauty?,can_montreal_sofitel_montreal,1
Where should I stay that's surrounded by natural beauty?,can_quebec_montreal_sofitel_montreal,1
Where should I stay that's surrounded by natural beauty?,can_montreal_w_montreal,0
Where should I stay that's surrounded by natural beauty?,can_quebec_montreal_w_montreal,0
Where should I stay that's surrounded by natural beauty?,can_quebec_montreal_hotel_du_fort,0
Where should I stay that's surrounded by natural beauty?,can_montreal_hotel_du_fort,0
Where should I stay that's surrounded by natural beauty?,can_montreal_le_saint_sulpice,0
Where should I stay that's surrounded by natural beauty?,can_quebec_montreal_le_saint_sulpice,1
Where should I stay that's surrounded by natural beauty?,can_montreal_fairmont_the_queen_elizabeth,0
Where should I stay that's surrounded by natural beauty?,can_quebec_montreal_fairmont_the_queen_elizabeth,0
Where should I stay that's surrounded by natural beauty?,can_montreal_hyatt_regency_montreal,0
Where should I stay that's surrounded by natural beauty?,can_quebec_montreal_hyatt_regency_montreal,0
Where should I stay that's surrounded by natural beauty?,can_quebec_montreal_springhill_suites_old_montreal,1
Where should I stay that's surrounded by natural beauty?,can_montreal_springhill_suites_old_montreal,0
Where should I stay that's surrounded by natural beauty?,can_montreal_le_cantlie_suites_hotel,0
Where should I stay that's surrounded by natural beauty?,can_quebec_montreal_le_cantlie_suites_hotel,0
Where should I stay that's surrounded by natural beauty?,can_montreal_delta_centre_ville,0
Where should I stay that's surrounded by natural beauty?,can_quebec_montreal_delta_centre_ville,0
Where should I stay that's surrounded by natural beauty?,can_montreal_hotel_xixe_siecle,1
Where should I stay that's surrounded by natural beauty?,can_quebec_montreal_hotel_xixe_siecle,1
Where should I stay that's surrounded by natural beauty?,can_montreal_chateau_de_l_argoat,1
Where should I stay that's surrounded by natural beauty?,can_quebec_montreal_chateau_de_l_argoat,0
Where should I stay that's surrounded by natural beauty?,can_quebec_montreal_intercontinental_montreal,0
Where should I stay that's surrounded by natural beauty?,can_montreal_intercontinental_montreal,0
Where should I stay that's surrounded by natural beauty?,can_quebec_montreal_delta_montreal_hotel,0
Where should I stay that's surrounded by natural beauty?,can_montreal_delta_montreal_hotel,1
Where should I stay that's surrounded by natural beauty?,can_quebec_montreal_holiday_inn_express_montreal_centre_ville,0
Where should I stay that's surrounded by natural beauty?,can_montreal_holiday_inn_express_montreal_centre_ville,0
Where should I stay that's surrounded by natural beauty?,can_montreal_novotel_montreal_center,0
Where should I stay that's surrounded by natural beauty?,can_quebec_montreal_novotel_montreal_center,0
Where should I stay that's surrounded by natural beauty?,can_montreal_opus_hotel_montreal,0
Where should I stay that's surrounded by natural beauty?,can_quebec_montreal_opus_hotel_montreal,0
Where should I stay that's surrounded by natural beauty?,can_quebec_montreal_hotel_st_paul,1
Where should I stay that's surrounded by natural beauty?,can_montreal_hotel_st_paul,1
Where should I stay that's surrounded by natural beauty?,can_quebec_montreal_auberge_bonaparte,1
Where should I stay that's surrounded by natural beauty?,can_montreal_auberge_bonaparte,0
Where should I stay that's surrounded by natural beauty?,can_montreal_embassy_suites_montreal,0
Where should I stay that's surrounded by natural beauty?,can_quebec_montreal_embassy_suites_montreal,0
Where should I stay that's surrounded by natural beauty?,can_montreal_holiday_inn_montreal_midtown,0
Where should I stay that's surrounded by natural beauty?,can_quebec_montreal_holiday_inn_montreal_midtown,0
Where should I stay that's surrounded by natural beauty?,can_montreal_ritz_carlton_montreal,1
Where should I stay that's surrounded by natural beauty?,can_quebec_montreal_ritz_carlton_montreal,0
Recommend a hotel with excellent sustainability practices.,can_montreal_le_square_phillips_hotel_suites,0
Recommend a hotel with excellent sustainability practices.,can_quebec_montreal_le_square_phillips_hotel_suites,0
Recommend a hotel with excellent sustainability practices.,can_montreal_hilton_montreal_bonaventure,0
Recommend a hotel with excellent sustainability practices.,can_quebec_montreal_hilton_montreal_bonaventure,0
Recommend a hotel with excellent sustainability practices.,can_montreal_le_cantlie_suites_hotel,0
Recommend a hotel with excellent sustainability practices.,can_quebec_montreal_le_cantlie_suites_hotel,0
Recommend a hotel with excellent sustainability practices.,can_quebec_montreal_loews_hotel_vogue,0
Recommend a hotel with excellent sustainability practices.,can_montreal_loews_hotel_vogue,0
Recommend a hotel with excellent sustainability practices.,can_quebec_montreal_hotel_omni_mont_royal,0
Recommend a hotel with excellent sustainability practices.,can_montreal_hotel_omni_mont_royal,0
Recommend a hotel with excellent sustainability practices.,can_montreal_sofitel_montreal,0
Recommend a hotel with excellent sustainability practices.,can_quebec_montreal_sofitel_montreal,0
Recommend a hotel with excellent sustainability practices.,can_quebec_montreal_residence_inn_by_marriott_montreal_downtown,0
Recommend a hotel with excellent sustainability practices.,can_montreal_residence_inn_by_marriott_montreal_downtown,0
Recommend a hotel with excellent sustainability practices.,can_montreal_marriott_chateau_champlain,0
Recommend a hotel with excellent sustainability practices.,can_quebec_montreal_marriott_chateau_champlain,0
Recommend a hotel with excellent sustainability practices.,can_quebec_montreal_hotel_gault,0
Recommend a hotel with excellent sustainability practices.,can_montreal_hotel_gault,0
Recommend a hotel with excellent sustainability practices.,can_quebec_montreal_delta_montreal_hotel,0
Recommend a hotel with excellent sustainability practices.,can_montreal_delta_montreal_hotel,0
Recommend a hotel with excellent sustainability practices.,can_montreal_hyatt_regency_montreal,0
Recommend a hotel with excellent sustainability practices.,can_quebec_montreal_hyatt_regency_montreal,0
Recommend a hotel with excellent sustainability practices.,can_quebec_montreal_sheraton_le_centre_montreal_hotel,0
Recommend a hotel with excellent sustainability practices.,can_montreal_sheraton_le_centre_montreal_hotel,0
Recommend a hotel with excellent sustainability practices.,can_quebec_montreal_le_place_d_armes_hotel_suites,0
Recommend a hotel with excellent sustainability practices.,can_montreal_le_place_d_armes_hotel_suites,0
Recommend a hotel with excellent sustainability practices.,can_montreal_w_montreal,0
Recommend a hotel with excellent sustainability practices.,can_quebec_montreal_w_montreal,0
Recommend a hotel with excellent sustainability practices.,can_quebec_montreal_hotel_du_fort,0
Recommend a hotel with excellent sustainability practices.,can_montreal_hotel_du_fort,0
Recommend a hotel with excellent sustainability practices.,can_montreal_delta_centre_ville,0
Recommend a hotel with excellent sustainability practices.,can_quebec_montreal_delta_centre_ville,0
Recommend a hotel with excellent sustainability practices.,can_quebec_montreal_holiday_inn_express_montreal_centre_ville,0
Recommend a hotel with excellent sustainability practices.,can_montreal_holiday_inn_express_montreal_centre_ville,0
Recommend a hotel with excellent sustainability practices.,can_quebec_montreal_intercontinental_montreal,0
Recommend a hotel with excellent sustainability practices.,can_montreal_intercontinental_montreal,0
Recommend a hotel with excellent sustainability practices.,can_montreal_le_saint_sulpice,0
Recommend a hotel with excellent sustainability practices.,can_quebec_montreal_le_saint_sulpice,0
Recommend a hotel with excellent sustainability practices.,can_quebec_montreal_hotel_nelligan,0
Recommend a hotel with excellent sustainability practices.,can_montreal_hotel_nelligan,0
Recommend a hotel with excellent sustainability practices.,can_montreal_fairmont_the_queen_elizabeth,0
Recommend a hotel with excellent sustainability practices.,can_quebec_montreal_fairmont_the_queen_elizabeth,0
Recommend a hotel with excellent sustainability practices.,can_montreal_embassy_suites_montreal,0
Recommend a hotel with excellent sustainability practices.,can_montreal_hotel_xixe_siecle,0
Recommend a hotel with excellent sustainability practices.,can_quebec_montreal_hotel_xixe_siecle,0
Recommend a hotel with excellent sustainability practices.,can_quebec_montreal_hotel_st_paul,0
Recommend a hotel with excellent sustainability practices.,can_montreal_hotel_st_paul,0
Recommend a hotel with excellent sustainability practices.,can_quebec_montreal_embassy_suites_montreal,0
Recommend a hotel with excellent sustainability practices.,can_montreal_chateau_de_l_argoat,0
Recommend a hotel with excellent sustainability practices.,can_quebec_montreal_chateau_de_l_argoat,0
Recommend a hotel with excellent sustainability practices.,can_quebec_montreal_springhill_suites_old_montreal,0
Recommend a hotel with excellent sustainability practices.,can_montreal_springhill_suites_old_montreal,0
Recommend a hotel with excellent sustainability practices.,can_montreal_holiday_inn_montreal_midtown,0
Recommend a hotel with excellent sustainability practices.,can_quebec_montreal_holiday_inn_montreal_midtown,0
Recommend a hotel with excellent sustainability practices.,can_montreal_opus_hotel_montreal,0
Recommend a hotel with excellent sustainability practices.,can_quebec_montreal_opus_hotel_montreal,0
Recommend a hotel with excellent sustainability practices.,can_montreal_ritz_carlton_montreal,0
Recommend a hotel with excellent sustainability practices.,can_quebec_montreal_ritz_carlton_montreal,0
Recommend a hotel with excellent sustainability practices.,can_quebec_montreal_auberge_du_vieux_port,0
Recommend a hotel with excellent sustainability practices.,can_montreal_auberge_du_vieux_port,0
Recommend a hotel with excellent sustainability practices.,can_montreal_novotel_montreal_center,0
Recommend a hotel with excellent sustainability practices.,can_quebec_montreal_novotel_montreal_center,0
Recommend a hotel with excellent sustainability practices.,can_quebec_montreal_auberge_bonaparte,0
Recommend a hotel with excellent sustainability practices.,can_montreal_auberge_bonaparte,0
What are the best hotels for a digital detox vacation?,can_montreal_le_square_phillips_hotel_suites,0
What are the best hotels for a digital detox vacation?,can_quebec_montreal_le_square_phillips_hotel_suites,0
What are the best hotels for a digital detox vacation?,can_quebec_montreal_loews_hotel_vogue,0
What are the best hotels for a digital detox vacation?,can_montreal_loews_hotel_vogue,0
What are the best hotels for a digital detox vacation?,can_quebec_montreal_le_place_d_armes_hotel_suites,0
What are the best hotels for a digital detox vacation?,can_montreal_le_place_d_armes_hotel_suites,0
What are the best hotels for a digital detox vacation?,can_montreal_sofitel_montreal,0
What are the best hotels for a digital detox vacation?,can_quebec_montreal_sofitel_montreal,0
What are the best hotels for a digital detox vacation?,can_quebec_montreal_residence_inn_by_marriott_montreal_downtown,0
What are the best hotels for a digital detox vacation?,can_montreal_residence_inn_by_marriott_montreal_downtown,0
What are the best hotels for a digital detox vacation?,can_montreal_w_montreal,0
What are the best hotels for a digital detox vacation?,can_quebec_montreal_w_montreal,0
What are the best hotels for a digital detox vacation?,can_montreal_hilton_montreal_bonaventure,0
What are the best hotels for a digital detox vacation?,can_quebec_montreal_hilton_montreal_bonaventure,1
What are the best hotels for a digital detox vacation?,can_quebec_montreal_hotel_du_fort,0
What are the best hotels for a digital detox vacation?,can_montreal_hotel_du_fort,0
What are the best hotels for a digital detox vacation?,can_quebec_montreal_hotel_gault,0
What are the best hotels for a digital detox vacation?,can_montreal_hotel_gault,0
What are the best hotels for a digital detox vacation?,can_quebec_montreal_delta_montreal_hotel,0
What are the best hotels for a digital detox vacation?,can_montreal_delta_montreal_hotel,0
What are the best hotels for a digital detox vacation?,can_montreal_marriott_chateau_champlain,0
What are the best hotels for a digital detox vacation?,can_quebec_montreal_marriott_chateau_champlain,0
What are the best hotels for a digital detox vacation?,can_montreal_hyatt_regency_montreal,1
What are the best hotels for a digital detox vacation?,can_quebec_montreal_hyatt_regency_montreal,0
What are the best hotels for a digital detox vacation?,can_quebec_montreal_hotel_nelligan,0
What are the best hotels for a digital detox vacation?,can_montreal_hotel_nelligan,0
What are the best hotels for a digital detox vacation?,can_quebec_montreal_hotel_omni_mont_royal,0
What are the best hotels for a digital detox vacation?,can_montreal_hotel_omni_mont_royal,1
What are the best hotels for a digital detox vacation?,can_quebec_montreal_intercontinental_montreal,0
What are the best hotels for a digital detox vacation?,can_montreal_intercontinental_montreal,0
What are the best hotels for a digital detox vacation?,can_montreal_chateau_de_l_argoat,0
What are the best hotels for a digital detox vacation?,can_quebec_montreal_chateau_de_l_argoat,0
What are the best hotels for a digital detox vacation?,can_quebec_montreal_springhill_suites_old_montreal,0
What are the best hotels for a digital detox vacation?,can_montreal_springhill_suites_old_montreal,0
What are the best hotels for a digital detox vacation?,can_quebec_montreal_sheraton_le_centre_montreal_hotel,0
What are the best hotels for a digital detox vacation?,can_montreal_sheraton_le_centre_montreal_hotel,0
What are the best hotels for a digital detox vacation?,can_quebec_montreal_holiday_inn_express_montreal_centre_ville,0
What are the best hotels for a digital detox vacation?,can_montreal_holiday_inn_express_montreal_centre_ville,0
What are the best hotels for a digital detox vacation?,can_montreal_delta_centre_ville,0
What are the best hotels for a digital detox vacation?,can_quebec_montreal_delta_centre_ville,0
What are the best hotels for a digital detox vacation?,can_montreal_le_saint_sulpice,1
What are the best hotels for a digital detox vacation?,can_quebec_montreal_le_saint_sulpice,0
What are the best hotels for a digital detox vacation?,can_montreal_opus_hotel_montreal,0
What are the best hotels for a digital detox vacation?,can_quebec_montreal_opus_hotel_montreal,0
What are the best hotels for a digital detox vacation?,can_montreal_le_cantlie_suites_hotel,0
What are the best hotels for a digital detox vacation?,can_quebec_montreal_le_cantlie_suites_hotel,0
What are the best hotels for a digital detox vacation?,can_quebec_montreal_auberge_du_vieux_port,0
What are the best hotels for a digital detox vacation?,can_montreal_auberge_du_vieux_port,0
What are the best hotels for a digital detox vacation?,can_montreal_embassy_suites_montreal,0
What are the best hotels for a digital detox vacation?,can_quebec_montreal_embassy_suites_montreal,0
What are the best hotels for a digital detox vacation?,can_montreal_hotel_xixe_siecle,0
What are the best hotels for a digital detox vacation?,can_quebec_montreal_hotel_xixe_siecle,0
What are the best hotels for a digital detox vacation?,can_montreal_holiday_inn_montreal_midtown,0
What are the best hotels for a digital detox vacation?,can_quebec_montreal_holiday_inn_montreal_midtown,0
What are the best hotels for a digital detox vacation?,can_montreal_fairmont_the_queen_elizabeth,0
What are the best hotels for a digital detox vacation?,can_quebec_montreal_fairmont_the_queen_elizabeth,0
What are the best hotels for a digital detox vacation?,can_quebec_montreal_hotel_st_paul,0
What are the best hotels for a digital detox vacation?,can_montreal_hotel_st_paul,0
What are the best hotels for a digital detox vacation?,can_montreal_novotel_montreal_center,0
What are the best hotels for a digital detox vacation?,can_quebec_montreal_novotel_montreal_center,0
What are the best hotels for a digital detox vacation?,can_montreal_ritz_carlton_montreal,0
What are the best hotels for a digital detox vacation?,can_quebec_montreal_ritz_carlton_montreal,0
What are the best hotels for a digital detox vacation?,can_quebec_montreal_auberge_bonaparte,0
What are the best hotels for a digital detox vacation?,can_montreal_auberge_bonaparte,0
Suggest a hotel that feels like a hidden sanctuary.,can_quebec_montreal_loews_hotel_vogue,3
Suggest a hotel that feels like a hidden sanctuary.,can_montreal_loews_hotel_vogue,3
Suggest a hotel that feels like a hidden sanctuary.,can_montreal_sofitel_montreal,2
Suggest a hotel that feels like a hidden sanctuary.,can_quebec_montreal_sofitel_montreal,3
Suggest a hotel that feels like a hidden sanctuary.,can_quebec_montreal_hotel_nelligan,3
Suggest a hotel that feels like a hidden sanctuary.,can_montreal_hotel_nelligan,3
Suggest a hotel that feels like a hidden sanctuary.,can_montreal_le_square_phillips_hotel_suites,1
Suggest a hotel that feels like a hidden sanctuary.,can_quebec_montreal_le_square_phillips_hotel_suites,1
Suggest a hotel that feels like a hidden sanctuary.,can_quebec_montreal_le_place_d_armes_hotel_suites,3
Suggest a hotel that feels like a hidden sanctuary.,can_montreal_le_place_d_armes_hotel_suites,3
Suggest a hotel that feels like a hidden sanctuary.,can_quebec_montreal_hotel_gault,3
Suggest a hotel that feels like a hidden sanctuary.,can_montreal_hotel_gault,3
Suggest a hotel that feels like a hidden sanctuary.,can_quebec_montreal_auberge_du_vieux_port,3
Suggest a hotel that feels like a hidden sanctuary.,can_montreal_auberge_du_vieux_port,3
Suggest a hotel that feels like a hidden sanctuary.,can_montreal_w_montreal,2
Suggest a hotel that feels like a hidden sanctuary.,can_quebec_montreal_w_montreal,2
Suggest a hotel that feels like a hidden sanctuary.,can_montreal_hilton_montreal_bonaventure,3
Suggest a hotel that feels like a hidden sanctuary.,can_quebec_montreal_hilton_montreal_bonaventure,3
Suggest a hotel that feels like a hidden sanctuary.,can_quebec_montreal_residence_inn_by_marriott_montreal_downtown,1
Suggest a hotel that feels like a hidden sanctuary.,can_montreal_residence_inn_by_marriott_montreal_downtown,1
Suggest a hotel that feels like a hidden sanctuary.,can_montreal_le_saint_sulpice,3
Suggest a hotel that feels like a hidden sanctuary.,can_quebec_montreal_le_saint_sulpice,3
Suggest a hotel that feels like a hidden sanctuary.,can_montreal_hotel_xixe_siecle,3
Suggest a hotel that feels like a hidden sanctuary.,can_quebec_montreal_hotel_xixe_siecle,3
Suggest a hotel that feels like a hidden sanctuary.,can_montreal_chateau_de_l_argoat,2
Suggest a hotel that feels like a hidden sanctuary.,can_quebec_montreal_chateau_de_l_argoat,1
Suggest a hotel that feels like a hidden sanctuary.,can_montreal_hyatt_regency_montreal,0
Suggest a hotel that feels like a hidden sanctuary.,can_quebec_montreal_hyatt_regency_montreal,0
Suggest a hotel that feels like a hidden sanctuary.,can_montreal_marriott_chateau_champlain,2
Suggest a hotel that feels like a hidden sanctuary.,can_quebec_montreal_marriott_chateau_champlain,2
Suggest a hotel that feels like a hidden sanctuary.,can_quebec_montreal_hotel_omni_mont_royal,2
Suggest a hotel that feels like a hidden sanctuary.,can_montreal_hotel_omni_mont_royal,2
Suggest a hotel that feels like a hidden sanctuary.,can_quebec_montreal_hotel_st_paul,2
Suggest a hotel that feels like a hidden sanctuary.,can_montreal_hotel_st_paul,2
Suggest a hotel that feels like a hidden sanctuary.,can_quebec_montreal_hotel_du_fort,1
Suggest a hotel that feels like a hidden sanctuary.,can_montreal_hotel_du_fort,1
Suggest a hotel that feels like a hidden sanctuary.,can_quebec_montreal_sheraton_le_centre_montreal_hotel,1
Suggest a hotel that feels like a hidden sanctuary.,can_montreal_sheraton_le_centre_montreal_hotel,1
Suggest a hotel that feels like a hidden sanctuary.,can_montreal_opus_hotel_montreal,2
Suggest a hotel that feels like a hidden sanctuary.,can_quebec_montreal_opus_hotel_montreal,2
Suggest a hotel that feels like a hidden sanctuary.,can_quebec_montreal_intercontinental_montreal,2
Suggest a hotel that feels like a hidden sanctuary.,can_montreal_intercontinental_montreal,1
Suggest a hotel that feels like a hidden sanctuary.,can_montreal_le_cantlie_suites_hotel,1
Suggest a hotel that feels like a hidden sanctuary.,can_quebec_montreal_le_cantlie_suites_hotel,1
Suggest a hotel that feels like a hidden sanctuary.,can_montreal_embassy_suites_montreal,1
Suggest a hotel that feels like a hidden sanctuary.,can_quebec_montreal_embassy_suites_montreal,1
Suggest a hotel that feels like a hidden sanctuary.,can_quebec_montreal_springhill_suites_old_montreal,3
Suggest a hotel that feels like a hidden sanctuary.,can_montreal_springhill_suites_old_montreal,3
Suggest a hotel that feels like a hidden sanctuary.,can_montreal_fairmont_the_queen_elizabeth,1
Suggest a hotel that feels like a hidden sanctuary.,can_quebec_montreal_fairmont_the_queen_elizabeth,2
Suggest a hotel that feels like a hidden sanctuary.,can_montreal_delta_centre_ville,1
Suggest a hotel that feels like a hidden sanctuary.,can_quebec_montreal_delta_centre_ville,1
Suggest a hotel that feels like a hidden sanctuary.,can_quebec_montreal_holiday_inn_express_montreal_centre_ville,1
Suggest a hotel that feels like a hidden sanctuary.,can_montreal_holiday_inn_express_montreal_centre_ville,1
Suggest a hotel that feels like a hidden sanctuary.,can_quebec_montreal_delta_montreal_hotel,1
Suggest a hotel that feels like a hidden sanctuary.,can_montreal_delta_montreal_hotel,1
Suggest a hotel that feels like a hidden sanctuary.,can_quebec_montreal_auberge_bonaparte,3
Suggest a hotel that feels like a hidden sanctuary.,can_montreal_auberge_bonaparte,3
Suggest a hotel that feels like a hidden sanctuary.,can_montreal_ritz_carlton_montreal,2
Suggest a hotel that feels like a hidden sanctuary.,can_quebec_montreal_ritz_carlton_montreal,2
Suggest a hotel that feels like a hidden sanctuary.,can_montreal_novotel_montreal_center,0
Suggest a hotel that feels like a hidden sanctuary.,can_quebec_montreal_novotel_montreal_center,0
Suggest a hotel that feels like a hidden sanctuary.,can_montreal_holiday_inn_montreal_midtown,0
Suggest a hotel that feels like a hidden sanctuary.,can_quebec_montreal_holiday_inn_montreal_midtown,0
Where can I stay to feel completely pampered?,can_quebec_montreal_loews_hotel_vogue,3
Where can I stay to feel completely pampered?,can_montreal_loews_hotel_vogue,3
Where can I stay to feel completely pampered?,can_montreal_le_square_phillips_hotel_suites,2
Where can I stay to feel completely pampered?,can_quebec_montreal_le_square_phillips_hotel_suites,2
Where can I stay to feel completely pampered?,can_montreal_sofitel_montreal,3
Where can I stay to feel completely pampered?,can_quebec_montreal_sofitel_montreal,3
Where can I stay to feel completely pampered?,can_quebec_montreal_le_place_d_armes_hotel_suites,3
Where can I stay to feel completely pampered?,can_montreal_le_place_d_armes_hotel_suites,3
Where can I stay to feel completely pampered?,can_quebec_montreal_hotel_gault,3
Where can I stay to feel completely pampered?,can_montreal_hotel_gault,3
Where can I stay to feel completely pampered?,can_quebec_montreal_hotel_nelligan,3
Where can I stay to feel completely pampered?,can_montreal_hotel_nelligan,3
Where can I stay to feel completely pampered?,can_quebec_montreal_hotel_omni_mont_royal,3
Where can I stay to feel completely pampered?,can_montreal_hotel_omni_mont_royal,3
Where can I stay to feel completely pampered?,can_montreal_residence_inn_by_marriott_montreal_downtown,3
Where can I stay to feel completely pampered?,can_quebec_montreal_residence_inn_by_marriott_montreal_downtown,2
Where can I stay to feel completely pampered?,can_montreal_hilton_montreal_bonaventure,3
Where can I stay to feel completely pampered?,can_quebec_montreal_hilton_montreal_bonaventure,3
Where can I stay to feel completely pampered?,can_montreal_w_montreal,3
Where can I stay to feel completely pampered?,can_quebec_montreal_w_montreal,3
Where can I stay to feel completely pampered?,can_quebec_montreal_auberge_du_vieux_port,3
Where can I stay to feel completely pampered?,can_montreal_auberge_du_vieux_port,3
Where can I stay to feel completely pampered?,can_montreal_le_saint_sulpice,3
Where can I stay to feel completely pampered?,can_quebec_montreal_le_saint_sulpice,3
Where can I stay to feel completely pampered?,can_montreal_hyatt_regency_montreal,3
Where can I stay to feel completely pampered?,can_quebec_montreal_hyatt_regency_montreal,3
Where can I stay to feel completely pampered?,can_montreal_marriott_chateau_champlain,3
Where can I stay to feel completely pampered?,can_quebec_montreal_marriott_chateau_champlain,3
Where can I stay to feel completely pampered?,can_montreal_hotel_xixe_siecle,3
Where can I stay to feel completely pampered?,can_quebec_montreal_hotel_xixe_siecle,3
Where can I stay to feel completely pampered?,can_quebec_montreal_sheraton_le_centre_montreal_hotel,2
Where can I stay to feel completely pampered?,can_montreal_sheraton_le_centre_montreal_hotel,2
Where can I stay to feel completely pampered?,can_quebec_montreal_hotel_du_fort,2
Where can I stay to feel completely pampered?,can_montreal_hotel_du_fort,1
Where can I stay to feel completely pampered?,can_montreal_chateau_de_l_argoat,2
Where can I stay to feel completely pampered?,can_quebec_montreal_chateau_de_l_argoat,2
Where can I stay to feel completely pampered?,can_montreal_fairmont_the_queen_elizabeth,3
Where can I stay to feel completely pampered?,can_quebec_montreal_fairmont_the_queen_elizabeth,3
Where can I stay to feel completely pampered?,can_montreal_delta_centre_ville,2
Where can I stay to feel completely pampered?,can_quebec_montreal_delta_centre_ville,2
Where can I stay to feel completely pampered?,can_quebec_montreal_hotel_st_paul,3
Where can I stay to feel completely pampered?,can_montreal_hotel_st_paul,3
Where can I stay to feel completely pampered?,can_quebec_montreal_intercontinental_montreal,3
Where can I stay to feel completely pampered?,can_montreal_intercontinental_montreal,3
Where can I stay to feel completely pampered?,can_quebec_montreal_delta_montreal_hotel,3
Where can I stay to feel completely pampered?,can_montreal_delta_montreal_hotel,3
Where can I stay to feel completely pampered?,can_quebec_montreal_springhill_suites_old_montreal,1
Where can I stay to feel completely pampered?,can_montreal_springhill_suites_old_montreal,1
Where can I stay to feel completely pampered?,can_montreal_embassy_suites_montreal,3
Where can I stay to feel completely pampered?,can_quebec_montreal_embassy_suites_montreal,3
Recommend a hotel with impressive historical significance.,can_montreal_le_square_phillips_hotel_suites,0
Recommend a hotel with impressive historical significance.,can_quebec_montreal_le_square_phillips_hotel_suites,0
Recommend a hotel with impressive historical significance.,can_quebec_montreal_hotel_gault,0
Recommend a hotel with impressive historical significance.,can_montreal_hotel_gault,1
Recommend a hotel with impressive historical significance.,can_quebec_montreal_hotel_nelligan,3
Recommend a hotel with impressive historical significance.,can_montreal_hotel_nelligan,3
Recommend a hotel with impressive historical significance.,can_quebec_montreal_loews_hotel_vogue,0
Recommend a hotel with impressive historical significance.,can_montreal_loews_hotel_vogue,0
Recommend a hotel with impressive historical significance.,can_quebec_montreal_le_place_d_armes_hotel_suites,3
Recommend a hotel with impressive historical significance.,can_montreal_le_place_d_armes_hotel_suites,3
Recommend a hotel with impressive historical significance.,can_quebec_montreal_sheraton_le_centre_montreal_hotel,0
Recommend a hotel with impressive historical significance.,can_montreal_sheraton_le_centre_montreal_hotel,0
Recommend a hotel with impressive historical significance.,can_quebec_montreal_auberge_du_vieux_port,3
Recommend a hotel with impressive historical significance.,can_montreal_auberge_du_vieux_port,3
Recommend a hotel with impressive historical significance.,can_montreal_sofitel_montreal,0
Recommend a hotel with impressive historical significance.,can_quebec_montreal_sofitel_montreal,0
Recommend a hotel with impressive historical significance.,can_montreal_ritz_carlton_montreal,3
Recommend a hotel with impressive historical significance.,can_quebec_montreal_ritz_carlton_montreal,3
Recommend a hotel with impressive historical significance.,can_montreal_hilton_montreal_bonaventure,1
Recommend a hotel with impressive historical significance.,can_quebec_montreal_hilton_montreal_bonaventure,1
Recommend a hotel with impressive historical significance.,can_quebec_montreal_hotel_omni_mont_royal,0
Recommend a hotel with impressive historical significance.,can_montreal_hotel_omni_mont_royal,0
Recommend a hotel with impressive historical significance.,can_montreal_le_saint_sulpice,3
Recommend a hotel with impressive historical significance.,can_quebec_montreal_le_saint_sulpice,3
Recommend a hotel with impressive historical significance.,can_montreal_hotel_xixe_siecle,3
Recommend a hotel with impressive historical significance.,can_quebec_montreal_hotel_xixe_siecle,3
Recommend a hotel with impressive historical significance.,can_montreal_w_montreal,0
Recommend a hotel with impressive historical significance.,can_quebec_montreal_w_montreal,0
Recommend a hotel with impressive historical significance.,can_montreal_marriott_chateau_champlain,2
Recommend a hotel with impressive historical significance.,can_quebec_montreal_marriott_chateau_champlain,2
Recommend a hotel with impressive historical significance.,can_montreal_fairmont_the_queen_elizabeth,3
Recommend a hotel with impressive historical significance.,can_quebec_montreal_fairmont_the_queen_elizabeth,2
Recommend a hotel with impressive historical significance.,can_quebec_montreal_residence_inn_by_marriott_montreal_downtown,0
Recommend a hotel with impressive historical significance.,can_montreal_residence_inn_by_marriott_montreal_downtown,0
Recommend a hotel with impressive historical significance.,can_quebec_montreal_hotel_st_paul,2
Recommend a hotel with impressive historical significance.,can_montreal_hotel_st_paul,2
Recommend a hotel with impressive historical significance.,can_montreal_le_cantlie_suites_hotel,0
Recommend a hotel with impressive historical significance.,can_quebec_montreal_le_cantlie_suites_hotel,0
Recommend a hotel with impressive historical significance.,can_montreal_hyatt_regency_montreal,0
Recommend a hotel with impressive historical significance.,can_quebec_montreal_hyatt_regency_montreal,0
Recommend a hotel with impressive historical significance.,can_montreal_opus_hotel_montreal,0
Recommend a hotel with impressive historical significance.,can_quebec_montreal_opus_hotel_montreal,0
Recommend a hotel with impressive historical significance.,can_quebec_montreal_intercontinental_montreal,2
Recommend a hotel with impressive historical significance.,can_montreal_intercontinental_montreal,2
Recommend a hotel with impressive historical significance.,can_montreal_embassy_suites_montreal,2
Recommend a hotel with impressive historical significance.,can_quebec_montreal_embassy_suites_montreal,0
Recommend a hotel with impressive historical significance.,can_quebec_montreal_delta_montreal_hotel,0
Recommend a hotel with impressive historical significance.,can_montreal_delta_montreal_hotel,0
Recommend a hotel with impressive historical significance.,can_montreal_chateau_de_l_argoat,1
Recommend a hotel with impressive historical significance.,can_quebec_montreal_chateau_de_l_argoat,2
Recommend a hotel with impressive historical significance.,can_montreal_delta_centre_ville,0
Recommend a hotel with impressive historical significance.,can_quebec_montreal_delta_centre_ville,0
Recommend a hotel with impressive historical significance.,can_quebec_montreal_auberge_bonaparte,3
Recommend a hotel with impressive historical significance.,can_montreal_auberge_bonaparte,3
Recommend a hotel with impressive historical significance.,can_quebec_montreal_hotel_du_fort,0
Recommend a hotel with impressive historical significance.,can_montreal_hotel_du_fort,0
Recommend a hotel with impressive historical significance.,can_quebec_montreal_springhill_suites_old_montreal,3
Recommend a hotel with impressive historical significance.,can_montreal_springhill_suites_old_montreal,3
Recommend a hotel with impressive historical significance.,can_montreal_novotel_montreal_center,0
Recommend a hotel with impressive historical significance.,can_quebec_montreal_novotel_montreal_center,0
Recommend a hotel with impressive historical significance.,can_quebec_montreal_holiday_inn_express_montreal_centre_ville,0
Recommend a hotel with impressive historical significance.,can_montreal_holiday_inn_express_montreal_centre_ville,1
Recommend a hotel with impressive historical significance.,can_montreal_holiday_inn_montreal_midtown,0
Recommend a hotel with impressive historical significance.,can_quebec_montreal_holiday_inn_montreal_midtown,0
Where should I stay that's walkable to main attractions?,can_montreal_le_square_phillips_hotel_suites,3
Where should I stay that's walkable to main attractions?,can_quebec_montreal_le_square_phillips_hotel_suites,3
Where should I stay that's walkable to main attractions?,can_quebec_montreal_loews_hotel_vogue,3
Where should I stay that's walkable to main attractions?,can_montreal_loews_hotel_vogue,3
Where should I stay that's walkable to main attractions?,can_montreal_hilton_montreal_bonaventure,3
Where should I stay that's walkable to main attractions?,can_quebec_montreal_hilton_montreal_bonaventure,3
Where should I stay that's walkable to main attractions?,can_quebec_montreal_sheraton_le_centre_montreal_hotel,3
Where should I stay that's walkable to main attractions?,can_montreal_sheraton_le_centre_montreal_hotel,3
Where should I stay that's walkable to main attractions?,can_montreal_sofitel_montreal,3
Where should I stay that's walkable to main attractions?,can_quebec_montreal_sofitel_montreal,3
Where should I stay that's walkable to main attractions?,can_montreal_marriott_chateau_champlain,3
Where should I stay that's walkable to main attractions?,can_quebec_montreal_marriott_chateau_champlain,3
Where should I stay that's walkable to main attractions?,can_quebec_montreal_hotel_nelligan,3
Where should I stay that's walkable to main attractions?,can_montreal_hotel_nelligan,3
Where should I stay that's walkable to main attractions?,can_montreal_hyatt_regency_montreal,3
Where should I stay that's walkable to main attractions?,can_quebec_montreal_hyatt_regency_montreal,3
Where should I stay that's walkable to main attractions?,can_quebec_montreal_hotel_omni_mont_royal,3
Where should I stay that's walkable to main attractions?,can_montreal_hotel_omni_mont_royal,3
Where should I stay that's walkable to main attractions?,can_quebec_montreal_residence_inn_by_marriott_montreal_downtown,3
Where should I stay that's walkable to main attractions?,can_montreal_residence_inn_by_marriott_montreal_downtown,3
Where should I stay that's walkable to main attractions?,can_quebec_montreal_le_place_d_armes_hotel_suites,3
Where should I stay that's walkable to main attractions?,can_montreal_le_place_d_armes_hotel_suites,3
Where should I stay that's walkable to main attractions?,can_montreal_fairmont_the_queen_elizabeth,3
Where should I stay that's walkable to main attractions?,can_quebec_montreal_fairmont_the_queen_elizabeth,3
Where should I stay that's walkable to main attractions?,can_montreal_le_cantlie_suites_hotel,3
Where should I stay that's walkable to main attractions?,can_quebec_montreal_le_cantlie_suites_hotel,3
Where should I stay that's walkable to main attractions?,can_montreal_delta_centre_ville,3
Where should I stay that's walkable to main attractions?,can_quebec_montreal_delta_centre_ville,3
Where should I stay that's walkable to main attractions?,can_quebec_montreal_hotel_gault,3
Where should I stay that's walkable to main attractions?,can_montreal_hotel_gault,3
Where should I stay that's walkable to main attractions?,can_quebec_montreal_intercontinental_montreal,3
Where should I stay that's walkable to main attractions?,can_montreal_intercontinental_montreal,3
Where should I stay that's walkable to main attractions?,can_quebec_montreal_hotel_du_fort,3
Where should I stay that's walkable to main attractions?,can_montreal_hotel_du_fort,3
Where should I stay that's walkable to main attractions?,can_montreal_w_montreal,3
Where should I stay that's walkable to main attractions?,can_quebec_montreal_w_montreal,3
Where should I stay that's walkable to main attractions?,can_quebec_montreal_delta_montreal_hotel,3
Where should I stay that's walkable to main attractions?,can_montreal_delta_montreal_hotel,3
Where should I stay that's walkable to main attractions?,can_quebec_montreal_holiday_inn_express_montreal_centre_ville,3
Where should I stay that's walkable to main attractions?,can_montreal_holiday_inn_express_montreal_centre_ville,3
Where should I stay that's walkable to main attractions?,can_montreal_hotel_xixe_siecle,3
Where should I stay that's walkable to main attractions?,can_quebec_montreal_hotel_xixe_siecle,3
Where should I stay that's walkable to main attractions?,can_quebec_montreal_auberge_du_vieux_port,3
Where should I stay that's walkable to main attractions?,can_montreal_auberge_du_vieux_port,3
Where should I stay that's walkable to main attractions?,can_montreal_chateau_de_l_argoat,3
Where should I stay that's walkable to main attractions?,can_quebec_montreal_chateau_de_l_argoat,3
Where should I stay that's walkable to main attractions?,can_montreal_novotel_montreal_center,3
Where should I stay that's walkable to main attractions?,can_quebec_montreal_novotel_montreal_center,3
Where should I stay that's walkable to main attractions?,can_montreal_le_saint_sulpice,3
Where should I stay that's walkable to main attractions?,can_quebec_montreal_le_saint_sulpice,3
What hotels offer the best beach access?,can_montreal_le_square_phillips_hotel_suites,0
What hotels offer the best beach access?,can_quebec_montreal_le_square_phillips_hotel_suites,0
What hotels offer the best beach access?,can_montreal_hilton_montreal_bonaventure,0
What hotels offer the best beach access?,can_quebec_montreal_hilton_montreal_bonaventure,0
What hotels offer the best beach access?,can_quebec_montreal_le_place_d_armes_hotel_suites,0
What hotels offer the best beach access?,can_montreal_le_place_d_armes_hotel_suites,0
What hotels offer the best beach access?,can_quebec_montreal_loews_hotel_vogue,0
What hotels offer the best beach access?,can_montreal_loews_hotel_vogue,0
What hotels offer the best beach access?,can_quebec_montreal_auberge_du_vieux_port,0
What hotels offer the best beach access?,can_montreal_auberge_du_vieux_port,0
What hotels offer the best beach access?,can_montreal_sofitel_montreal,0
What hotels offer the best beach access?,can_quebec_montreal_sofitel_montreal,0
What hotels offer the best beach access?,can_quebec_montreal_sheraton_le_centre_montreal_hotel,0
What hotels offer the best beach access?,can_montreal_sheraton_le_centre_montreal_hotel,0
What hotels offer the best beach access?,can_quebec_montreal_delta_montreal_hotel,0
What hotels offer the best beach access?,can_montreal_delta_montreal_hotel,0
What hotels offer the best beach access?,can_quebec_montreal_hotel_omni_mont_royal,0
What hotels offer the best beach access?,can_montreal_hotel_omni_mont_royal,0
What hotels offer the best beach access?,can_montreal_delta_centre_ville,0
What hotels offer the best beach access?,can_quebec_montreal_delta_centre_ville,0
What hotels offer the best beach access?,can_montreal_marriott_chateau_champlain,0
What hotels offer the best beach access?,can_quebec_montreal_marriott_chateau_champlain,0
What hotels offer the best beach access?,can_montreal_w_montreal,0
What hotels offer the best beach access?,can_quebec_montreal_w_montreal,0
What hotels offer the best beach access?,can_quebec_montreal_hotel_gault,0
What hotels offer the best beach access?,can_montreal_hotel_gault,0
What hotels offer the best beach access?,can_quebec_montreal_hotel_nelligan,0
What hotels offer the best beach access?,can_montreal_hotel_nelligan,0
What hotels offer the best beach access?,can_montreal_hyatt_regency_montreal,0
What hotels offer the best beach access?,can_quebec_montreal_hyatt_regency_montreal,0
What hotels offer the best beach access?,can_quebec_montreal_residence_inn_by_marriott_montreal_downtown,0
What hotels offer the best beach access?,can_montreal_residence_inn_by_marriott_montreal_downtown,0
What hotels offer the best beach access?,can_quebec_montreal_springhill_suites_old_montreal,0
What hotels offer the best beach access?,can_montreal_springhill_suites_old_montreal,0
What hotels offer the best beach access?,can_quebec_montreal_intercontinental_montreal,0
What hotels offer the best beach access?,can_montreal_intercontinental_montreal,0
What hotels offer the best beach access?,can_montreal_le_saint_sulpice,0
What hotels offer the best beach access?,can_quebec_montreal_le_saint_sulpice,0
What hotels offer the best beach access?,can_montreal_le_cantlie_suites_hotel,0
What hotels offer the best beach access?,can_quebec_montreal_le_cantlie_suites_hotel,0
What hotels offer the best beach access?,can_montreal_hotel_xixe_siecle,0
What hotels offer the best beach access?,can_quebec_montreal_hotel_xixe_siecle,0
What hotels offer the best beach access?,can_quebec_montreal_hotel_du_fort,0
What hotels offer the best beach access?,can_montreal_hotel_du_fort,0
What hotels offer the best beach access?,can_montreal_fairmont_the_queen_elizabeth,0
What hotels offer the best beach access?,can_quebec_montreal_fairmont_the_queen_elizabeth,0
What hotels offer the best beach access?,can_quebec_montreal_holiday_inn_express_montreal_centre_ville,0
What hotels offer the best beach access?,can_montreal_holiday_inn_express_montreal_centre_ville,0
What hotels offer the best beach access?,can_montreal_chateau_de_l_argoat,0
What hotels offer the best beach access?,can_quebec_montreal_chateau_de_l_argoat,0
What hotels offer the best beach access?,can_montreal_novotel_montreal_center,0
What hotels offer the best beach access?,can_quebec_montreal_novotel_montreal_center,0
What hotels offer the best beach access?,can_montreal_embassy_suites_montreal,0
What hotels offer the best beach access?,can_quebec_montreal_embassy_suites_montreal,0
What hotels offer the best beach access?,can_quebec_montreal_hotel_st_paul,0
What hotels offer the best beach access?,can_montreal_hotel_st_paul,0
What hotels offer the best beach access?,can_quebec_montreal_auberge_bonaparte,0
What hotels offer the best beach access?,can_montreal_auberge_bonaparte,0
What hotels offer the best beach access?,can_montreal_opus_hotel_montreal,0
What hotels offer the best beach access?,can_quebec_montreal_opus_hotel_montreal,0
What hotels offer the best beach access?,can_montreal_holiday_inn_montreal_midtown,0
What hotels offer the best beach access?,can_quebec_montreal_holiday_inn_montreal_midtown,0
What hotels offer the best beach access?,can_montreal_ritz_carlton_montreal,0
What hotels offer the best beach access?,can_quebec_montreal_ritz_carlton_montreal,0
Suggest a hotel that works well for a romantic anniversary.,can_quebec_montreal_hotel_nelligan,3
Suggest a hotel that works well for a romantic anniversary.,can_montreal_hotel_nelligan,3
Suggest a hotel that works well for a romantic anniversary.,can_quebec_montreal_le_place_d_armes_hotel_suites,3
Suggest a hotel that works well for a romantic anniversary.,can_montreal_le_place_d_armes_hotel_suites,3
Suggest a hotel that works well for a romantic anniversary.,can_quebec_montreal_loews_hotel_vogue,3
Suggest a hotel that works well for a romantic anniversary.,can_montreal_loews_hotel_vogue,3
Suggest a hotel that works well for a romantic anniversary.,can_quebec_montreal_auberge_du_vieux_port,3
Suggest a hotel that works well for a romantic anniversary.,can_montreal_auberge_du_vieux_port,3
Suggest a hotel that works well for a romantic anniversary.,can_montreal_w_montreal,3
Suggest a hotel that works well for a romantic anniversary.,can_quebec_montreal_w_montreal,3
Suggest a hotel that works well for a romantic anniversary.,can_quebec_montreal_hotel_gault,3
Suggest a hotel that works well for a romantic anniversary.,can_montreal_hotel_gault,3
Suggest a hotel that works well for a romantic anniversary.,can_montreal_sofitel_montreal,3
Suggest a hotel that works well for a romantic anniversary.,can_quebec_montreal_sofitel_montreal,3
Suggest a hotel that works well for a romantic anniversary.,can_montreal_le_square_phillips_hotel_suites,2
Suggest a hotel that works well for a romantic anniversary.,can_quebec_montreal_le_square_phillips_hotel_suites,2
Suggest a hotel that works well for a romantic anniversary.,can_montreal_le_saint_sulpice,3
Suggest a hotel that works well for a romantic anniversary.,can_quebec_montreal_le_saint_sulpice,3
Suggest a hotel that works well for a romantic anniversary.,can_montreal_marriott_chateau_champlain,3
Suggest a hotel that works well for a romantic anniversary.,can_quebec_montreal_marriott_chateau_champlain,3
Suggest a hotel that works well for a romantic anniversary.,can_montreal_hotel_xixe_siecle,3
Suggest a hotel that works well for a romantic anniversary.,can_quebec_montreal_hotel_xixe_siecle,3
Suggest a hotel that works well for a romantic anniversary.,can_quebec_montreal_hotel_st_paul,3
Suggest a hotel that works well for a romantic anniversary.,can_montreal_hotel_st_paul,3
Suggest a hotel that works well for a romantic anniversary.,can_montreal_hilton_montreal_bonaventure,2
Suggest a hotel that works well for a romantic anniversary.,can_quebec_montreal_hilton_montreal_bonaventure,2
Suggest a hotel that works well for a romantic anniversary.,can_montreal_residence_inn_by_marriott_montreal_downtown,2
Suggest a hotel that works well for a romantic anniversary.,can_quebec_montreal_residence_inn_by_marriott_montreal_downtown,2
Suggest a hotel that works well for a romantic anniversary.,can_montreal_hyatt_regency_montreal,2
Suggest a hotel that works well for a romantic anniversary.,can_quebec_montreal_hyatt_regency_montreal,2
Suggest a hotel that works well for a romantic anniversary.,can_montreal_embassy_suites_montreal,3
Suggest a hotel that works well for a romantic anniversary.,can_quebec_montreal_embassy_suites_montreal,3
Suggest a hotel that works well for a romantic anniversary.,can_quebec_montreal_hotel_omni_mont_royal,2
Suggest a hotel that works well for a romantic anniversary.,can_montreal_hotel_omni_mont_royal,3
Suggest a hotel that works well for a romantic anniversary.,can_montreal_chateau_de_l_argoat,2
Suggest a hotel that works well for a romantic anniversary.,can_quebec_montreal_chateau_de_l_argoat,3
Suggest a hotel that works well for a romantic anniversary.,can_quebec_montreal_sheraton_le_centre_montreal_hotel,2
Suggest a hotel that works well for a romantic anniversary.,can_montreal_sheraton_le_centre_montreal_hotel,2
Suggest a hotel that works well for a romantic anniversary.,can_quebec_montreal_springhill_suites_old_montreal,3
Suggest a hotel that works well for a romantic anniversary.,can_montreal_springhill_suites_old_montreal,3
Suggest a hotel that works well for a romantic anniversary.,can_quebec_montreal_hotel_du_fort,2
Suggest a hotel that works well for a romantic anniversary.,can_montreal_hotel_du_fort,2
Suggest a hotel that works well for a romantic anniversary.,can_quebec_montreal_intercontinental_montreal,2
Suggest a hotel that works well for a romantic anniversary.,can_montreal_intercontinental_montreal,2
Suggest a hotel that works well for a romantic anniversary.,can_montreal_opus_hotel_montreal,3
Suggest a hotel that works well for a romantic anniversary.,can_quebec_montreal_opus_hotel_montreal,3
Suggest a hotel that works well for a romantic anniversary.,can_quebec_montreal_delta_montreal_hotel,1
Suggest a hotel that works well for a romantic anniversary.,can_montreal_delta_montreal_hotel,1
Suggest a hotel that works well for a romantic anniversary.,can_quebec_montreal_auberge_bonaparte,3
Suggest a hotel that works well for a romantic anniversary.,can_montreal_auberge_bonaparte,3
Suggest a hotel that works well for a romantic anniversary.,can_quebec_montreal_holiday_inn_express_montreal_centre_ville,1
Suggest a hotel that works well for a romantic anniversary.,can_montreal_holiday_inn_express_montreal_centre_ville,1
Suggest a hotel that works well for a romantic anniversary.,can_montreal_delta_centre_ville,1
Suggest a hotel that works well for a romantic anniversary.,can_quebec_montreal_delta_centre_ville,1
Suggest a hotel that works well for a romantic anniversary.,can_montreal_fairmont_the_queen_elizabeth,2
Suggest a hotel that works well for a romantic anniversary.,can_quebec_montreal_fairmont_the_queen_elizabeth,3
Suggest a hotel that works well for a romantic anniversary.,can_montreal_le_cantlie_suites_hotel,1
Suggest a hotel that works well for a romantic anniversary.,can_quebec_montreal_le_cantlie_suites_hotel,1
Suggest a hotel that works well for a romantic anniversary.,can_montreal_ritz_carlton_montreal,3
Suggest a hotel that works well for a romantic anniversary.,can_quebec_montreal_ritz_carlton_montreal,3
Suggest a hotel that works well for a romantic anniversary.,can_montreal_novotel_montreal_center,1
Suggest a hotel that works well for a romantic anniversary.,can_quebec_montreal_novotel_montreal_center,1
Suggest a hotel that works well for a romantic anniversary.,can_montreal_holiday_inn_montreal_midtown,0
Suggest a hotel that works well for a romantic anniversary.,can_quebec_montreal_holiday_inn_montreal_midtown,0
Where can I find a hotel with exceptional customer service?,can_quebec_montreal_loews_hotel_vogue,3
Where can I find a hotel with exceptional customer service?,can_montreal_loews_hotel_vogue,3
Where can I find a hotel with exceptional customer service?,can_montreal_sofitel_montreal,3
Where can I find a hotel with exceptional customer service?,can_quebec_montreal_sofitel_montreal,3
Where can I find a hotel with exceptional customer service?,can_montreal_le_square_phillips_hotel_suites,3
Where can I find a hotel with exceptional customer service?,can_quebec_montreal_le_square_phillips_hotel_suites,3
Where can I find a hotel with exceptional customer service?,can_quebec_montreal_hotel_gault,3
Where can I find a hotel with exceptional customer service?,can_montreal_hotel_gault,3
Where can I find a hotel with exceptional customer service?,can_montreal_w_montreal,3
Where can I find a hotel with exceptional customer service?,can_quebec_montreal_w_montreal,3
Where can I find a hotel with exceptional customer service?,can_quebec_montreal_le_place_d_armes_hotel_suites,3
Where can I find a hotel with exceptional customer service?,can_montreal_le_place_d_armes_hotel_suites,3
Where can I find a hotel with exceptional customer service?,can_quebec_montreal_hotel_omni_mont_royal,3
Where can I find a hotel with exceptional customer service?,can_montreal_hotel_omni_mont_royal,3
Where can I find a hotel with exceptional customer service?,can_quebec_montreal_hotel_nelligan,3
Where can I find a hotel with exceptional customer service?,can_montreal_hotel_nelligan,3
Where can I find a hotel with exceptional customer service?,can_montreal_hyatt_regency_montreal,3
Where can I find a hotel with exceptional customer service?,can_quebec_montreal_hyatt_regency_montreal,3
Where can I find a hotel with exceptional customer service?,can_quebec_montreal_residence_inn_by_marriott_montreal_downtown,3
Where can I find a hotel with exceptional customer service?,can_montreal_residence_inn_by_marriott_montreal_downtown,3
Where can I find a hotel with exceptional customer service?,can_montreal_marriott_chateau_champlain,3
Where can I find a hotel with exceptional customer service?,can_quebec_montreal_marriott_chateau_champlain,3
Where can I find a hotel with exceptional customer service?,can_quebec_montreal_intercontinental_montreal,3
Where can I find a hotel with exceptional customer service?,can_montreal_intercontinental_montreal,3
Where can I find a hotel with exceptional customer service?,can_quebec_montreal_auberge_du_vieux_port,3
Where can I find a hotel with exceptional customer service?,can_montreal_auberge_du_vieux_port,3
Where can I find a hotel with exceptional customer service?,can_montreal_fairmont_the_queen_elizabeth,2
Where can I find a hotel with exceptional customer service?,can_quebec_montreal_fairmont_the_queen_elizabeth,2
Where can I find a hotel with exceptional customer service?,can_quebec_montreal_sheraton_le_centre_montreal_hotel,3
Where can I find a hotel with exceptional customer service?,can_montreal_sheraton_le_centre_montreal_hotel,3
Where can I find a hotel with exceptional customer service?,can_quebec_montreal_delta_montreal_hotel,3
Where can I find a hotel with exceptional customer service?,can_montreal_delta_montreal_hotel,3
Where can I find a hotel with exceptional customer service?,can_montreal_hilton_montreal_bonaventure,3
Where can I find a hotel with exceptional customer service?,can_quebec_montreal_hilton_montreal_bonaventure,3
Where can I find a hotel with exceptional customer service?,can_montreal_delta_centre_ville,2
Where can I find a hotel with exceptional customer service?,can_quebec_montreal_delta_centre_ville,3
Where can I find a hotel with exceptional customer service?,can_montreal_le_saint_sulpice,3
Where can I find a hotel with exceptional customer service?,can_quebec_montreal_le_saint_sulpice,3
Where can I find a hotel with exceptional customer service?,can_montreal_hotel_xixe_siecle,3
Where can I find a hotel with exceptional customer service?,can_quebec_montreal_hotel_xixe_siecle,3
Where can I find a hotel with exceptional customer service?,can_montreal_le_cantlie_suites_hotel,3
Where can I find a hotel with exceptional customer service?,can_quebec_montreal_le_cantlie_suites_hotel,3
Where can I find a hotel with exceptional customer service?,can_montreal_ritz_carlton_montreal,2
Where can I find a hotel with exceptional customer service?,can_quebec_montreal_ritz_carlton_montreal,2
Where can I find a hotel with exceptional customer service?,can_quebec_montreal_hotel_st_paul,3
Where can I find a hotel with exceptional customer service?,can_montreal_hotel_st_paul,3
Where can I find a hotel with exceptional customer service?,can_montreal_chateau_de_l_argoat,3
Where can I find a hotel with exceptional customer service?,can_quebec_montreal_chateau_de_l_argoat,3
Where can I find a hotel with exceptional customer service?,can_quebec_montreal_springhill_suites_old_montreal,3
Where can I find a hotel with exceptional customer service?,can_montreal_springhill_suites_old_montreal,3
What are the top hotels for stargazing opportunities?,can_montreal_le_square_phillips_hotel_suites,0
What are the top hotels for stargazing opportunities?,can_quebec_montreal_le_square_phillips_hotel_suites,0
What are the top hotels for stargazing opportunities?,can_montreal_hilton_montreal_bonaventure,0
What are the top hotels for stargazing opportunities?,can_quebec_montreal_hilton_montreal_bonaventure,0
What are the top hotels for stargazing opportunities?,can_quebec_montreal_loews_hotel_vogue,0
What are the top hotels for stargazing opportunities?,can_montreal_loews_hotel_vogue,0
What are the top hotels for stargazing opportunities?,can_quebec_montreal_hotel_omni_mont_royal,0
What are the top hotels for stargazing opportunities?,can_montreal_hotel_omni_mont_royal,0
What are the top hotels for stargazing opportunities?,can_quebec_montreal_sheraton_le_centre_montreal_hotel,0
What are the top hotels for stargazing opportunities?,can_montreal_sheraton_le_centre_montreal_hotel,0
What are the top hotels for stargazing opportunities?,can_montreal_hyatt_regency_montreal,0
What are the top hotels for stargazing opportunities?,can_quebec_montreal_hyatt_regency_montreal,0
What are the top hotels for stargazing opportunities?,can_quebec_montreal_hotel_gault,0
What are the top hotels for stargazing opportunities?,can_montreal_hotel_gault,0
What are the top hotels for stargazing opportunities?,can_montreal_sofitel_montreal,0
What are the top hotels for stargazing opportunities?,can_quebec_montreal_sofitel_montreal,0
What are the top hotels for stargazing opportunities?,can_montreal_marriott_chateau_champlain,0
What are the top hotels for stargazing opportunities?,can_quebec_montreal_marriott_chateau_champlain,0
What are the top hotels for stargazing opportunities?,can_montreal_w_montreal,0
What are the top hotels for stargazing opportunities?,can_quebec_montreal_w_montreal,0
What are the top hotels for stargazing opportunities?,can_quebec_montreal_delta_montreal_hotel,0
What are the top hotels for stargazing opportunities?,can_montreal_delta_montreal_hotel,0
What are the top hotels for stargazing opportunities?,can_quebec_montreal_le_place_d_armes_hotel_suites,0
What are the top hotels for stargazing opportunities?,can_montreal_le_place_d_armes_hotel_suites,0
What are the top hotels for stargazing opportunities?,can_montreal_fairmont_the_queen_elizabeth,0
What are the top hotels for stargazing opportunities?,can_quebec_montreal_fairmont_the_queen_elizabeth,0
What are the top hotels for stargazing opportunities?,can_montreal_le_cantlie_suites_hotel,0
What are the top hotels for stargazing opportunities?,can_quebec_montreal_le_cantlie_suites_hotel,0
What are the top hotels for stargazing opportunities?,can_quebec_montreal_hotel_nelligan,0
What are the top hotels for stargazing opportunities?,can_montreal_hotel_nelligan,0
What are the top hotels for stargazing opportunities?,can_quebec_montreal_residence_inn_by_marriott_montreal_downtown,0
What are the top hotels for stargazing opportunities?,can_montreal_residence_inn_by_marriott_montreal_downtown,0
What are the top hotels for stargazing opportunities?,can_montreal_delta_centre_ville,0
What are the top hotels for stargazing opportunities?,can_quebec_montreal_delta_centre_ville,0
What are the top hotels for stargazing opportunities?,can_quebec_montreal_intercontinental_montreal,0
What are the top hotels for stargazing opportunities?,can_montreal_intercontinental_montreal,0
What are the top hotels for stargazing opportunities?,can_quebec_montreal_auberge_du_vieux_port,0
What are the top hotels for stargazing opportunities?,can_montreal_auberge_du_vieux_port,0
What are the top hotels for stargazing opportunities?,can_montreal_le_saint_sulpice,0
What are the top hotels for stargazing opportunities?,can_quebec_montreal_le_saint_sulpice,0
What are the top hotels for stargazing opportunities?,can_quebec_montreal_hotel_du_fort,0
What are the top hotels for stargazing opportunities?,can_montreal_hotel_du_fort,0
What are the top hotels for stargazing opportunities?,can_quebec_montreal_hotel_st_paul,0
What are the top hotels for stargazing opportunities?,can_montreal_hotel_st_paul,0
What are the top hotels for stargazing opportunities?,can_montreal_opus_hotel_montreal,0
What are the top hotels for stargazing opportunities?,can_quebec_montreal_opus_hotel_montreal,0
What are the top hotels for stargazing opportunities?,can_montreal_hotel_xixe_siecle,0
What are the top hotels for stargazing opportunities?,can_quebec_montreal_hotel_xixe_siecle,0
What are the top hotels for stargazing opportunities?,can_montreal_novotel_montreal_center,0
What are the top hotels for stargazing opportunities?,can_quebec_montreal_novotel_montreal_center,0
What are the top hotels for stargazing opportunities?,can_quebec_montreal_springhill_suites_old_montreal,0
What are the top hotels for stargazing opportunities?,can_montreal_springhill_suites_old_montreal,0
What are the top hotels for stargazing opportunities?,can_quebec_montreal_holiday_inn_express_montreal_centre_ville,0
What are the top hotels for stargazing opportunities?,can_montreal_holiday_inn_express_montreal_centre_ville,0
What are the top hotels for stargazing opportunities?,can_montreal_chateau_de_l_argoat,0
What are the top hotels for stargazing opportunities?,can_quebec_montreal_chateau_de_l_argoat,0
What are the top hotels for stargazing opportunities?,can_montreal_holiday_inn_montreal_midtown,0
What are the top hotels for stargazing opportunities?,can_quebec_montreal_holiday_inn_montreal_midtown,0
What are the top hotels for stargazing opportunities?,can_quebec_montreal_embassy_suites_montreal,0
What are the top hotels for stargazing opportunities?,can_montreal_embassy_suites_montreal,0
What are the top hotels for stargazing opportunities?,can_montreal_ritz_carlton_montreal,0
What are the top hotels for stargazing opportunities?,can_quebec_montreal_ritz_carlton_montreal,0
What are the top hotels for stargazing opportunities?,can_quebec_montreal_auberge_bonaparte,0
What are the top hotels for stargazing opportunities?,can_montreal_auberge_bonaparte,0
Recommend a hotel that feels like stepping into another era.,can_quebec_montreal_hotel_nelligan,3
Recommend a hotel that feels like stepping into another era.,can_montreal_hotel_nelligan,3
Recommend a hotel that feels like stepping into another era.,can_quebec_montreal_le_place_d_armes_hotel_suites,3
Recommend a hotel that feels like stepping into another era.,can_montreal_le_place_d_armes_hotel_suites,3
Recommend a hotel that feels like stepping into another era.,can_quebec_montreal_hotel_gault,2
Recommend a hotel that feels like stepping into another era.,can_montreal_hotel_gault,1
Recommend a hotel that feels like stepping into another era.,can_quebec_montreal_loews_hotel_vogue,2
Recommend a hotel that feels like stepping into another era.,can_montreal_loews_hotel_vogue,2
Recommend a hotel that feels like stepping into another era.,can_montreal_ritz_carlton_montreal,3
Recommend a hotel that feels like stepping into another era.,can_quebec_montreal_ritz_carlton_montreal,3
Recommend a hotel that feels like stepping into another era.,can_montreal_w_montreal,2
Recommend a hotel that feels like stepping into another era.,can_quebec_montreal_w_montreal,0
Recommend a hotel that feels like stepping into another era.,can_quebec_montreal_auberge_du_vieux_port,3
Recommend a hotel that feels like stepping into another era.,can_montreal_auberge_du_vieux_port,3
Recommend a hotel that feels like stepping into another era.,can_montreal_le_square_phillips_hotel_suites,1
Recommend a hotel that feels like stepping into another era.,can_quebec_montreal_le_square_phillips_hotel_suites,1
Recommend a hotel that feels like stepping into another era.,can_montreal_sofitel_montreal,1
Recommend a hotel that feels like stepping into another era.,can_quebec_montreal_sofitel_montreal,0
Recommend a hotel that feels like stepping into another era.,can_quebec_montreal_hotel_st_paul,3
Recommend a hotel that feels like stepping into another era.,can_montreal_hotel_st_paul,2
Recommend a hotel that feels like stepping into another era.,can_montreal_hotel_xixe_siecle,3
Recommend a hotel that feels like stepping into another era.,can_quebec_montreal_hotel_xixe_siecle,3
Recommend a hotel that feels like stepping into another era.,can_montreal_le_saint_sulpice,2
Recommend a hotel that feels like stepping into another era.,can_quebec_montreal_le_saint_sulpice,2
Recommend a hotel that feels like stepping into another era.,can_montreal_hilton_montreal_bonaventure,2
Recommend a hotel that feels like stepping into another era.,can_quebec_montreal_hilton_montreal_bonaventure,2
Recommend a hotel that feels like stepping into another era.,can_quebec_montreal_hotel_omni_mont_royal,1
Recommend a hotel that feels like stepping into another era.,can_montreal_hotel_omni_mont_royal,2
Recommend a hotel that feels like stepping into another era.,can_quebec_montreal_sheraton_le_centre_montreal_hotel,1
Recommend a hotel that feels like stepping into another era.,can_montreal_sheraton_le_centre_montreal_hotel,1
Recommend a hotel that feels like stepping into another era.,can_montreal_marriott_chateau_champlain,2
Recommend a hotel that feels like stepping into another era.,can_quebec_montreal_marriott_chateau_champlain,2
Recommend a hotel that feels like stepping into another era.,can_montreal_opus_hotel_montreal,1
Recommend a hotel that feels like stepping into another era.,can_quebec_montreal_opus_hotel_montreal,1
Recommend a hotel that feels like stepping into another era.,can_quebec_montreal_residence_inn_by_marriott_montreal_downtown,0
Recommend a hotel that feels like stepping into another era.,can_montreal_residence_inn_by_marriott_montreal_downtown,0
Recommend a hotel that feels like stepping into another era.,can_montreal_fairmont_the_queen_elizabeth,3
Recommend a hotel that feels like stepping into another era.,can_quebec_montreal_fairmont_the_queen_elizabeth,3
Recommend a hotel that feels like stepping into another era.,can_montreal_hyatt_regency_montreal,1
Recommend a hotel that feels like stepping into another era.,can_quebec_montreal_hyatt_regency_montreal,0
Recommend a hotel that feels like stepping into another era.,can_montreal_le_cantlie_suites_hotel,1
Recommend a hotel that feels like stepping into another era.,can_quebec_montreal_le_cantlie_suites_hotel,1
Recommend a hotel that feels like stepping into another era.,can_quebec_montreal_springhill_suites_old_montreal,3
Recommend a hotel that feels like stepping into another era.,can_montreal_springhill_suites_old_montreal,2
Recommend a hotel that feels like stepping into another era.,can_quebec_montreal_embassy_suites_montreal,0
Recommend a hotel that feels like stepping into another era.,can_montreal_embassy_suites_montreal,1
Recommend a hotel that feels like stepping into another era.,can_quebec_montreal_auberge_bonaparte,3
Recommend a hotel that feels like stepping into another era.,can_montreal_auberge_bonaparte,3
Recommend a hotel that feels like stepping into another era.,can_montreal_chateau_de_l_argoat,3
Recommend a hotel that feels like stepping into another era.,can_quebec_montreal_chateau_de_l_argoat,3
Recommend a hotel that feels like stepping into another era.,can_quebec_montreal_intercontinental_montreal,1
Recommend a hotel that feels like stepping into another era.,can_montreal_intercontinental_montreal,1
Recommend a hotel that feels like stepping into another era.,can_montreal_delta_centre_ville,2
Recommend a hotel that feels like stepping into another era.,can_quebec_montreal_delta_centre_ville,1
Recommend a hotel that feels like stepping into another era.,can_quebec_montreal_delta_montreal_hotel,0
Recommend a hotel that feels like stepping into another era.,can_montreal_delta_montreal_hotel,0
Recommend a hotel that feels like stepping into another era.,can_quebec_montreal_hotel_du_fort,0
Recommend a hotel that feels like stepping into another era.,can_montreal_hotel_du_fort,1
Recommend a hotel that feels like stepping into another era.,can_quebec_montreal_holiday_inn_express_montreal_centre_ville,0
Recommend a hotel that feels like stepping into another era.,can_montreal_holiday_inn_express_montreal_centre_ville,0
Recommend a hotel that feels like stepping into another era.,can_montreal_novotel_montreal_center,0
Recommend a hotel that feels like stepping into another era.,can_quebec_montreal_novotel_montreal_center,0
Recommend a hotel that feels like stepping into another era.,can_montreal_holiday_inn_montreal_midtown,0
Recommend a hotel that feels like stepping into another era.,can_quebec_montreal_holiday_inn_montreal_midtown,0
Where should I stay that's ideal for connecting with locals?,can_montreal_le_square_phillips_hotel_suites,1
Where should I stay that's ideal for connecting with locals?,can_quebec_montreal_le_square_phillips_hotel_suites,1
Where should I stay that's ideal for connecting with locals?,can_quebec_montreal_residence_inn_by_marriott_montreal_downtown,1
Where should I stay that's ideal for connecting with locals?,can_montreal_residence_inn_by_marriott_montreal_downtown,1
Where should I stay that's ideal for connecting with locals?,can_montreal_w_montreal,2
Where should I stay that's ideal for connecting with locals?,can_quebec_montreal_w_montreal,2
Where should I stay that's ideal for connecting with locals?,can_quebec_montreal_loews_hotel_vogue,1
Where should I stay that's ideal for connecting with locals?,can_montreal_loews_hotel_vogue,2
Where should I stay that's ideal for connecting with locals?,can_quebec_montreal_hotel_gault,2
Where should I stay that's ideal for connecting with locals?,can_montreal_hotel_gault,2
Where should I stay that's ideal for connecting with locals?,can_quebec_montreal_hotel_nelligan,1
Where should I stay that's ideal for connecting with locals?,can_montreal_hotel_nelligan,1
Where should I stay that's ideal for connecting with locals?,can_quebec_montreal_auberge_du_vieux_port,2
Where should I stay that's ideal for connecting with locals?,can_montreal_auberge_du_vieux_port,2
Where should I stay that's ideal for connecting with locals?,can_montreal_sofitel_montreal,2
Where should I stay that's ideal for connecting with locals?,can_quebec_montreal_sofitel_montreal,2
Where should I stay that's ideal for connecting with locals?,can_montreal_chateau_de_l_argoat,3
Where should I stay that's ideal for connecting with locals?,can_quebec_montreal_chateau_de_l_argoat,3
Where should I stay that's ideal for connecting with locals?,can_quebec_montreal_sheraton_le_centre_montreal_hotel,2
Where should I stay that's ideal for connecting with locals?,can_montreal_sheraton_le_centre_montreal_hotel,1
Where should I stay that's ideal for connecting with locals?,can_quebec_montreal_le_place_d_armes_hotel_suites,1
Where should I stay that's ideal for connecting with locals?,can_montreal_le_place_d_armes_hotel_suites,1
Where should I stay that's ideal for connecting with locals?,can_quebec_montreal_holiday_inn_express_montreal_centre_ville,1
Where should I stay that's ideal for connecting with locals?,can_montreal_holiday_inn_express_montreal_centre_ville,1
Where should I stay that's ideal for connecting with locals?,can_quebec_montreal_hotel_omni_mont_royal,1
Where should I stay that's ideal for connecting with locals?,can_montreal_hotel_omni_mont_royal,1
Where should I stay that's ideal for connecting with locals?,can_montreal_marriott_chateau_champlain,1
Where should I stay that's ideal for connecting with locals?,can_quebec_montreal_marriott_chateau_champlain,1
Where should I stay that's ideal for connecting with locals?,can_quebec_montreal_delta_montreal_hotel,1
Where should I stay that's ideal for connecting with locals?,can_montreal_delta_montreal_hotel,1
Where should I stay that's ideal for connecting with locals?,can_quebec_montreal_intercontinental_montreal,1
Where should I stay that's ideal for connecting with locals?,can_montreal_intercontinental_montreal,1
Where should I stay that's ideal for connecting with locals?,can_montreal_fairmont_the_queen_elizabeth,1
Where should I stay that's ideal for connecting with locals?,can_quebec_montreal_fairmont_the_queen_elizabeth,1
Where should I stay that's ideal for connecting with locals?,can_montreal_hyatt_regency_montreal,2
Where should I stay that's ideal for connecting with locals?,can_quebec_montreal_hyatt_regency_montreal,2
Where should I stay that's ideal for connecting with locals?,can_montreal_le_cantlie_suites_hotel,1
Where should I stay that's ideal for connecting with locals?,can_quebec_montreal_le_cantlie_suites_hotel,1
Where should I stay that's ideal for connecting with locals?,can_quebec_montreal_springhill_suites_old_montreal,1
Where should I stay that's ideal for connecting with locals?,can_montreal_springhill_suites_old_montreal,1
Where should I stay that's ideal for connecting with locals?,can_montreal_delta_centre_ville,1
Where should I stay that's ideal for connecting with locals?,can_quebec_montreal_delta_centre_ville,1
Where should I stay that's ideal for connecting with locals?,can_montreal_hilton_montreal_bonaventure,1
Where should I stay that's ideal for connecting with locals?,can_quebec_montreal_hilton_montreal_bonaventure,1
Where should I stay that's ideal for connecting with locals?,can_montreal_le_saint_sulpice,1
Where should I stay that's ideal for connecting with locals?,can_quebec_montreal_le_saint_sulpice,1
Where should I stay that's ideal for connecting with locals?,can_montreal_hotel_xixe_siecle,2
Where should I stay that's ideal for connecting with locals?,can_quebec_montreal_hotel_xixe_siecle,2
Where should I stay that's ideal for connecting with locals?,can_montreal_embassy_suites_montreal,1
Where should I stay that's ideal for connecting with locals?,can_quebec_montreal_embassy_suites_montreal,2
Where should I stay that's ideal for connecting with locals?,can_quebec_montreal_hotel_du_fort,1
Where should I stay that's ideal for connecting with locals?,can_montreal_hotel_du_fort,1
Where should I stay that's ideal for connecting with locals?,can_quebec_montreal_hotel_st_paul,2
Where should I stay that's ideal for connecting with locals?,can_montreal_hotel_st_paul,1
Where should I stay that's ideal for connecting with locals?,can_montreal_opus_hotel_montreal,2
Where should I stay that's ideal for connecting with locals?,can_quebec_montreal_opus_hotel_montreal,2
Where should I stay that's ideal for connecting with locals?,can_montreal_ritz_carlton_montreal,1
Where should I stay that's ideal for connecting with locals?,can_quebec_montreal_ritz_carlton_montreal,1
Where should I stay that's ideal for connecting with locals?,can_montreal_holiday_inn_montreal_midtown,1
Where should I stay that's ideal for connecting with locals?,can_quebec_montreal_holiday_inn_montreal_midtown,1
Where should I stay that's ideal for connecting with locals?,can_montreal_novotel_montreal_center,2
Where should I stay that's ideal for connecting with locals?,can_quebec_montreal_novotel_montreal_center,2
Where should I stay that's ideal for connecting with locals?,can_quebec_montreal_auberge_bonaparte,2
Where should I stay that's ideal for connecting with locals?,can_montreal_auberge_bonaparte,2
What hotel has the most stunning panoramic views?,can_montreal_le_square_phillips_hotel_suites,2
What hotel has the most stunning panoramic views?,can_quebec_montreal_le_square_phillips_hotel_suites,2
What hotel has the most stunning panoramic views?,can_montreal_hilton_montreal_bonaventure,3
What hotel has the most stunning panoramic views?,can_quebec_montreal_hilton_montreal_bonaventure,3
What hotel has the most stunning panoramic views?,can_quebec_montreal_hotel_omni_mont_royal,3
What hotel has the most stunning panoramic views?,can_montreal_hotel_omni_mont_royal,3
What hotel has the most stunning panoramic views?,can_montreal_marriott_chateau_champlain,3
What hotel has the most stunning panoramic views?,can_quebec_montreal_marriott_chateau_champlain,3
What hotel has the most stunning panoramic views?,can_quebec_montreal_loews_hotel_vogue,0
What hotel has the most stunning panoramic views?,can_montreal_loews_hotel_vogue,0
What hotel has the most stunning panoramic views?,can_quebec_montreal_sheraton_le_centre_montreal_hotel,2
What hotel has the most stunning panoramic views?,can_montreal_sheraton_le_centre_montreal_hotel,3
What hotel has the most stunning panoramic views?,can_montreal_sofitel_montreal,2
What hotel has the most stunning panoramic views?,can_quebec_montreal_sofitel_montreal,2
What hotel has the most stunning panoramic views?,can_montreal_hyatt_regency_montreal,2
What hotel has the most stunning panoramic views?,can_quebec_montreal_hyatt_regency_montreal,2
What hotel has the most stunning panoramic views?,can_montreal_le_cantlie_suites_hotel,2
What hotel has the most stunning panoramic views?,can_quebec_montreal_le_cantlie_suites_hotel,2
What hotel has the most stunning panoramic views?,can_montreal_w_montreal,1
What hotel has the most stunning panoramic views?,can_quebec_montreal_w_montreal,1
What hotel has the most stunning panoramic views?,can_quebec_montreal_le_place_d_armes_hotel_suites,3
What hotel has the most stunning panoramic views?,can_montreal_le_place_d_armes_hotel_suites,2
What hotel has the most stunning panoramic views?,can_quebec_montreal_hotel_gault,2
What hotel has the most stunning panoramic views?,can_montreal_hotel_gault,1
What hotel has the most stunning panoramic views?,can_quebec_montreal_intercontinental_montreal,2
What hotel has the most stunning panoramic views?,can_montreal_intercontinental_montreal,1
What hotel has the most stunning panoramic views?,can_quebec_montreal_residence_inn_by_marriott_montreal_downtown,2
What hotel has the most stunning panoramic views?,can_montreal_residence_inn_by_marriott_montreal_downtown,2
What hotel has the most stunning panoramic views?,can_montreal_delta_centre_ville,3
What hotel has the most stunning panoramic views?,can_quebec_montreal_delta_centre_ville,3
What hotel has the most stunning panoramic views?,can_quebec_montreal_auberge_du_vieux_port,2
What hotel has the most stunning panoramic views?,can_montreal_auberge_du_vieux_port,2
What hotel has the most stunning panoramic views?,can_montreal_hotel_xixe_siecle,0
What hotel has the most stunning panoramic views?,can_quebec_montreal_hotel_xixe_siecle,0
What hotel has the most stunning panoramic views?,can_quebec_montreal_delta_montreal_hotel,2
What hotel has the most stunning panoramic views?,can_montreal_delta_montreal_hotel,2
What hotel has the most stunning panoramic views?,can_montreal_fairmont_the_queen_elizabeth,2
What hotel has the most stunning panoramic views?,can_quebec_montreal_fairmont_the_queen_elizabeth,2
What hotel has the most stunning panoramic views?,can_quebec_montreal_hotel_nelligan,1
What hotel has the most stunning panoramic views?,can_montreal_hotel_nelligan,2
What hotel has the most stunning panoramic views?,can_quebec_montreal_springhill_suites_old_montreal,1
What hotel has the most stunning panoramic views?,can_montreal_springhill_suites_old_montreal,1
What hotel has the most stunning panoramic views?,can_montreal_opus_hotel_montreal,0
What hotel has the most stunning panoramic views?,can_quebec_montreal_opus_hotel_montreal,0
What hotel has the most stunning panoramic views?,can_quebec_montreal_embassy_suites_montreal,0
What hotel has the most stunning panoramic views?,can_montreal_embassy_suites_montreal,0
What hotel has the most stunning panoramic views?,can_montreal_le_saint_sulpice,0
What hotel has the most stunning panoramic views?,can_quebec_montreal_le_saint_sulpice,0
What hotel has the most stunning panoramic views?,can_quebec_montreal_hotel_du_fort,3
What hotel has the most stunning panoramic views?,can_montreal_hotel_du_fort,3
What hotel has the most stunning panoramic views?,can_quebec_montreal_hotel_st_paul,0
What hotel has the most stunning panoramic views?,can_montreal_hotel_st_paul,0
What hotel has the most stunning panoramic views?,can_quebec_montreal_holiday_inn_express_montreal_centre_ville,1
What hotel has the most stunning panoramic views?,can_montreal_holiday_inn_express_montreal_centre_ville,1
What hotel has the most stunning panoramic views?,can_montreal_chateau_de_l_argoat,0
What hotel has the most stunning panoramic views?,can_quebec_montreal_chateau_de_l_argoat,0
What hotel has the most stunning panoramic views?,can_montreal_novotel_montreal_center,1
What hotel has the most stunning panoramic views?,can_quebec_montreal_novotel_montreal_center,0
What hotel has the most stunning panoramic views?,can_montreal_ritz_carlton_montreal,0
What hotel has the most stunning panoramic views?,can_quebec_montreal_ritz_carlton_montreal,0
What hotel has the most stunning panoramic views?,can_montreal_holiday_inn_montreal_midtown,2
What hotel has the most stunning panoramic views?,can_quebec_montreal_holiday_inn_montreal_midtown,2
What hotel has the most stunning panoramic views?,can_quebec_montreal_auberge_bonaparte,1
What hotel has the most stunning panoramic views?,can_montreal_auberge_bonaparte,0
Suggest a hotel that champions local art and culture.,can_quebec_montreal_hotel_nelligan,2
Suggest a hotel that champions local art and culture.,can_montreal_hotel_nelligan,2
Suggest a hotel that champions local art and culture.,can_quebec_montreal_le_place_d_armes_hotel_suites,1
Suggest a hotel that champions local art and culture.,can_montreal_le_place_d_armes_hotel_suites,1
Suggest a hotel that champions local art and culture.,can_quebec_montreal_hotel_gault,2
Suggest a hotel that champions local art and culture.,can_montreal_hotel_gault,2
Suggest a hotel that champions local art and culture.,can_quebec_montreal_loews_hotel_vogue,0
Suggest a hotel that champions local art and culture.,can_montreal_loews_hotel_vogue,0
Suggest a hotel that champions local art and culture.,can_montreal_le_square_phillips_hotel_suites,0
Suggest a hotel that champions local art and culture.,can_quebec_montreal_le_square_phillips_hotel_suites,0
Suggest a hotel that champions local art and culture.,can_montreal_sofitel_montreal,0
Suggest a hotel that champions local art and culture.,can_quebec_montreal_sofitel_montreal,1
Suggest a hotel that champions local art and culture.,can_montreal_w_montreal,2
Suggest a hotel that champions local art and culture.,can_quebec_montreal_w_montreal,2
Suggest a hotel that champions local art and culture.,can_quebec_montreal_auberge_du_vieux_port,2
Suggest a hotel that champions local art and culture.,can_montreal_auberge_du_vieux_port,2
Suggest a hotel that champions local art and culture.,can_montreal_hotel_xixe_siecle,2
Suggest a hotel that champions local art and culture.,can_quebec_montreal_hotel_xixe_siecle,2
Suggest a hotel that champions local art and culture.,can_quebec_montreal_residence_inn_by_marriott_montreal_downtown,0
Suggest a hotel that champions local art and culture.,can_montreal_residence_inn_by_marriott_montreal_downtown,0
Suggest a hotel that champions local art and culture.,can_montreal_opus_hotel_montreal,2
Suggest a hotel that champions local art and culture.,can_quebec_montreal_opus_hotel_montreal,2
Suggest a hotel that champions local art and culture.,can_montreal_le_saint_sulpice,1
Suggest a hotel that champions local art and culture.,can_quebec_montreal_le_saint_sulpice,2
Suggest a hotel that champions local art and culture.,can_montreal_hilton_montreal_bonaventure,1
Suggest a hotel that champions local art and culture.,can_quebec_montreal_hilton_montreal_bonaventure,1
Suggest a hotel that champions local art and culture.,can_quebec_montreal_hotel_st_paul,2
Suggest a hotel that champions local art and culture.,can_montreal_hotel_st_paul,1
Suggest a hotel that champions local art and culture.,can_quebec_montreal_hotel_du_fort,0
Suggest a hotel that champions local art and culture.,can_montreal_hotel_du_fort,1
Suggest a hotel that champions local art and culture.,can_montreal_ritz_carlton_montreal,2
Suggest a hotel that champions local art and culture.,can_quebec_montreal_ritz_carlton_montreal,2
Suggest a hotel that champions local art and culture.,can_montreal_chateau_de_l_argoat,1
Suggest a hotel that champions local art and culture.,can_quebec_montreal_chateau_de_l_argoat,1
Suggest a hotel that champions local art and culture.,can_quebec_montreal_sheraton_le_centre_montreal_hotel,0
Suggest a hotel that champions local art and culture.,can_montreal_sheraton_le_centre_montreal_hotel,0
Suggest a hotel that champions local art and culture.,can_montreal_marriott_chateau_champlain,0
Suggest a hotel that champions local art and culture.,can_quebec_montreal_marriott_chateau_champlain,0
Suggest a hotel that champions local art and culture.,can_montreal_hyatt_regency_montreal,1
Suggest a hotel that champions local art and culture.,can_quebec_montreal_hyatt_regency_montreal,1
Suggest a hotel that champions local art and culture.,can_montreal_le_cantlie_suites_hotel,1
Suggest a hotel that champions local art and culture.,can_quebec_montreal_le_cantlie_suites_hotel,1
Suggest a hotel that champions local art and culture.,can_quebec_montreal_hotel_omni_mont_royal,0
Suggest a hotel that champions local art and culture.,can_montreal_hotel_omni_mont_royal,1
Suggest a hotel that champions local art and culture.,can_quebec_montreal_intercontinental_montreal,1
Suggest a hotel that champions local art and culture.,can_montreal_intercontinental_montreal,0
Suggest a hotel that champions local art and culture.,can_montreal_delta_centre_ville,0
Suggest a hotel that champions local art and culture.,can_quebec_montreal_delta_centre_ville,0
Suggest a hotel that champions local art and culture.,can_montreal_fairmont_the_queen_elizabeth,1
Suggest a hotel that champions local art and culture.,can_quebec_montreal_fairmont_the_queen_elizabeth,1
Suggest a hotel that champions local art and culture.,can_montreal_embassy_suites_montreal,0
Suggest a hotel that champions local art and culture.,can_quebec_montreal_embassy_suites_montreal,0
Suggest a hotel that champions local art and culture.,can_quebec_montreal_delta_montreal_hotel,0
Suggest a hotel that champions local art and culture.,can_montreal_delta_montreal_hotel,0
Suggest a hotel that champions local art and culture.,can_quebec_montreal_auberge_bonaparte,1
Suggest a hotel that champions local art and culture.,can_montreal_auberge_bonaparte,1
Suggest a hotel that champions local art and culture.,can_quebec_montreal_springhill_suites_old_montreal,1
Suggest a hotel that champions local art and culture.,can_montreal_springhill_suites_old_montreal,2
Suggest a hotel that champions local art and culture.,can_quebec_montreal_holiday_inn_express_montreal_centre_ville,0
Suggest a hotel that champions local art and culture.,can_montreal_holiday_inn_express_montreal_centre_ville,0
Suggest a hotel that champions local art and culture.,can_montreal_novotel_montreal_center,0
Suggest a hotel that champions local art and culture.,can_quebec_montreal_novotel_montreal_center,0
Suggest a hotel that champions local art and culture.,can_montreal_holiday_inn_montreal_midtown,0
Suggest a hotel that champions local art and culture.,can_quebec_montreal_holiday_inn_montreal_midtown,0
Where can I stay that provides authentic cooking classes?,can_montreal_le_square_phillips_hotel_suites,0
Where can I stay that provides authentic cooking classes?,can_quebec_montreal_le_square_phillips_hotel_suites,0
Where can I stay that provides authentic cooking classes?,can_quebec_montreal_residence_inn_by_marriott_montreal_downtown,0
Where can I stay that provides authentic cooking classes?,can_montreal_residence_inn_by_marriott_montreal_downtown,0
Where can I stay that provides authentic cooking classes?,can_quebec_montreal_hotel_gault,0
Where can I stay that provides authentic cooking classes?,can_montreal_hotel_gault,0
Where can I stay that provides authentic cooking classes?,can_quebec_montreal_hotel_nelligan,0
Where can I stay that provides authentic cooking classes?,can_montreal_hotel_nelligan,0
Where can I stay that provides authentic cooking classes?,can_quebec_montreal_le_place_d_armes_hotel_suites,0
Where can I stay that provides authentic cooking classes?,can_montreal_le_place_d_armes_hotel_suites,0
Where can I stay that provides authentic cooking classes?,can_montreal_sofitel_montreal,0
Where can I stay that provides authentic cooking classes?,can_quebec_montreal_sofitel_montreal,0
Where can I stay that provides authentic cooking classes?,can_montreal_le_saint_sulpice,0
Where can I stay that provides authentic cooking classes?,can_quebec_montreal_le_saint_sulpice,0
Where can I stay that provides authentic cooking classes?,can_quebec_montreal_loews_hotel_vogue,0
Where can I stay that provides authentic cooking classes?,can_montreal_loews_hotel_vogue,0
Where can I stay that provides authentic cooking classes?,can_montreal_hilton_montreal_bonaventure,0
Where can I stay that provides authentic cooking classes?,can_quebec_montreal_hilton_montreal_bonaventure,0
Where can I stay that provides authentic cooking classes?,can_quebec_montreal_springhill_suites_old_montreal,0
Where can I stay that provides authentic cooking classes?,can_montreal_springhill_suites_old_montreal,0
Where can I stay that provides authentic cooking classes?,can_quebec_montreal_auberge_du_vieux_port,0
Where can I stay that provides authentic cooking classes?,can_montreal_auberge_du_vieux_port,0
Where can I stay that provides authentic cooking classes?,can_montreal_embassy_suites_montreal,0
Where can I stay that provides authentic cooking classes?,can_quebec_montreal_embassy_suites_montreal,0
Where can I stay that provides authentic cooking classes?,can_quebec_montreal_hotel_omni_mont_royal,0
Where can I stay that provides authentic cooking classes?,can_montreal_hotel_omni_mont_royal,0
Where can I stay that provides authentic cooking classes?,can_montreal_chateau_de_l_argoat,0
Where can I stay that provides authentic cooking classes?,can_quebec_montreal_chateau_de_l_argoat,0
Where can I stay that provides authentic cooking classes?,can_montreal_le_cantlie_suites_hotel,0
Where can I stay that provides authentic cooking classes?,can_quebec_montreal_le_cantlie_suites_hotel,0
Where can I stay that provides authentic cooking classes?,can_montreal_marriott_chateau_champlain,0
Where can I stay that provides authentic cooking classes?,can_quebec_montreal_marriott_chateau_champlain,0
Where can I stay that provides authentic cooking classes?,can_montreal_w_montreal,0
Where can I stay that provides authentic cooking classes?,can_quebec_montreal_w_montreal,0
Where can I stay that provides authentic cooking classes?,can_montreal_hyatt_regency_montreal,0
Where can I stay that provides authentic cooking classes?,can_quebec_montreal_hyatt_regency_montreal,0
Where can I stay that provides authentic cooking classes?,can_quebec_montreal_holiday_inn_express_montreal_centre_ville,0
Where can I stay that provides authentic cooking classes?,can_montreal_holiday_inn_express_montreal_centre_ville,0
Where can I stay that provides authentic cooking classes?,can_quebec_montreal_hotel_du_fort,0
Where can I stay that provides authentic cooking classes?,can_montreal_hotel_du_fort,0
Where can I stay that provides authentic cooking classes?,can_quebec_montreal_sheraton_le_centre_montreal_hotel,0
Where can I stay that provides authentic cooking classes?,can_montreal_sheraton_le_centre_montreal_hotel,0
Where can I stay that provides authentic cooking classes?,can_quebec_montreal_delta_montreal_hotel,0
Where can I stay that provides authentic cooking classes?,can_montreal_delta_montreal_hotel,0
Where can I stay that provides authentic cooking classes?,can_quebec_montreal_intercontinental_montreal,0
Where can I stay that provides authentic cooking classes?,can_montreal_intercontinental_montreal,0
Where can I stay that provides authentic cooking classes?,can_quebec_montreal_hotel_st_paul,0
Where can I stay that provides authentic cooking classes?,can_montreal_hotel_st_paul,0
Where can I stay that provides authentic cooking classes?,can_montreal_hotel_xixe_siecle,0
Where can I stay that provides authentic cooking classes?,can_quebec_montreal_hotel_xixe_siecle,0
Where can I stay that provides authentic cooking classes?,can_montreal_fairmont_the_queen_elizabeth,0
Where can I stay that provides authentic cooking classes?,can_quebec_montreal_fairmont_the_queen_elizabeth,0
Where can I stay that provides authentic cooking classes?,can_montreal_delta_centre_ville,0
Where can I stay that provides authentic cooking classes?,can_quebec_montreal_delta_centre_ville,0
Where can I stay that provides authentic cooking classes?,can_quebec_montreal_auberge_bonaparte,0
Where can I stay that provides authentic cooking classes?,can_montreal_auberge_bonaparte,0
Where can I stay that provides authentic cooking classes?,can_montreal_opus_hotel_montreal,0
Where can I stay that provides authentic cooking classes?,can_quebec_montreal_opus_hotel_montreal,0
Where can I stay that provides authentic cooking classes?,can_montreal_holiday_inn_montreal_midtown,0
Where can I stay that provides authentic cooking classes?,can_quebec_montreal_holiday_inn_montreal_midtown,0
Where can I stay that provides authentic cooking classes?,can_montreal_ritz_carlton_montreal,0
Where can I stay that provides authentic cooking classes?,can_quebec_montreal_ritz_carlton_montreal,0
Where can I stay that provides authentic cooking classes?,can_montreal_novotel_montreal_center,0
Where can I stay that provides authentic cooking classes?,can_quebec_montreal_novotel_montreal_center,0
Recommend a hotel for bookworms and literary enthusiasts.,can_quebec_montreal_loews_hotel_vogue,0
Recommend a hotel for bookworms and literary enthusiasts.,can_montreal_loews_hotel_vogue,0
Recommend a hotel for bookworms and literary enthusiasts.,can_montreal_le_square_phillips_hotel_suites,0
Recommend a hotel for bookworms and literary enthusiasts.,can_quebec_montreal_le_square_phillips_hotel_suites,0
Recommend a hotel for bookworms and literary enthusiasts.,can_quebec_montreal_hotel_nelligan,3
Recommend a hotel for bookworms and literary enthusiasts.,can_montreal_hotel_nelligan,3
Recommend a hotel for bookworms and literary enthusiasts.,can_quebec_montreal_hotel_gault,0
Recommend a hotel for bookworms and literary enthusiasts.,can_montreal_hotel_gault,0
Recommend a hotel for bookworms and literary enthusiasts.,can_quebec_montreal_le_place_d_armes_hotel_suites,0
Recommend a hotel for bookworms and literary enthusiasts.,can_montreal_le_place_d_armes_hotel_suites,0
Recommend a hotel for bookworms and literary enthusiasts.,can_montreal_sofitel_montreal,1
Recommend a hotel for bookworms and literary enthusiasts.,can_quebec_montreal_sofitel_montreal,0
Recommend a hotel for bookworms and literary enthusiasts.,can_montreal_w_montreal,0
Recommend a hotel for bookworms and literary enthusiasts.,can_quebec_montreal_w_montreal,0
Recommend a hotel for bookworms and literary enthusiasts.,can_quebec_montreal_auberge_du_vieux_port,0
Recommend a hotel for bookworms and literary enthusiasts.,can_montreal_auberge_du_vieux_port,0
Recommend a hotel for bookworms and literary enthusiasts.,can_montreal_chateau_de_l_argoat,0
Recommend a hotel for bookworms and literary enthusiasts.,can_quebec_montreal_chateau_de_l_argoat,1
Recommend a hotel for bookworms and literary enthusiasts.,can_quebec_montreal_residence_inn_by_marriott_montreal_downtown,0
Recommend a hotel for bookworms and literary enthusiasts.,can_montreal_residence_inn_by_marriott_montreal_downtown,0
Recommend a hotel for bookworms and literary enthusiasts.,can_quebec_montreal_sheraton_le_centre_montreal_hotel,0
Recommend a hotel for bookworms and literary enthusiasts.,can_montreal_sheraton_le_centre_montreal_hotel,0
Recommend a hotel for bookworms and literary enthusiasts.,can_quebec_montreal_hotel_omni_mont_royal,0
Recommend a hotel for bookworms and literary enthusiasts.,can_montreal_hotel_omni_mont_royal,0
Recommend a hotel for bookworms and literary enthusiasts.,can_montreal_opus_hotel_montreal,1
Recommend a hotel for bookworms and literary enthusiasts.,can_quebec_montreal_opus_hotel_montreal,0
Recommend a hotel for bookworms and literary enthusiasts.,can_montreal_le_saint_sulpice,0
Recommend a hotel for bookworms and literary enthusiasts.,can_quebec_montreal_le_saint_sulpice,1
Recommend a hotel for bookworms and literary enthusiasts.,can_montreal_hilton_montreal_bonaventure,0
Recommend a hotel for bookworms and literary enthusiasts.,can_quebec_montreal_hilton_montreal_bonaventure,0
Recommend a hotel for bookworms and literary enthusiasts.,can_montreal_hotel_xixe_siecle,0
Recommend a hotel for bookworms and literary enthusiasts.,can_quebec_montreal_hotel_xixe_siecle,1
Recommend a hotel for bookworms and literary enthusiasts.,can_montreal_hyatt_regency_montreal,0
Recommend a hotel for bookworms and literary enthusiasts.,can_quebec_montreal_hyatt_regency_montreal,0
Recommend a hotel for bookworms and literary enthusiasts.,can_quebec_montreal_intercontinental_montreal,0
Recommend a hotel for bookworms and literary enthusiasts.,can_montreal_intercontinental_montreal,0
Recommend a hotel for bookworms and literary enthusiasts.,can_montreal_le_cantlie_suites_hotel,0
Recommend a hotel for bookworms and literary enthusiasts.,can_quebec_montreal_le_cantlie_suites_hotel,0
Recommend a hotel for bookworms and literary enthusiasts.,can_quebec_montreal_hotel_du_fort,0
Recommend a hotel for bookworms and literary enthusiasts.,can_montreal_hotel_du_fort,0
Recommend a hotel for bookworms and literary enthusiasts.,can_montreal_marriott_chateau_champlain,0
Recommend a hotel for bookworms and literary enthusiasts.,can_quebec_montreal_marriott_chateau_champlain,0
Recommend a hotel for bookworms and literary enthusiasts.,can_montreal_fairmont_the_queen_elizabeth,0
Recommend a hotel for bookworms and literary enthusiasts.,can_quebec_montreal_fairmont_the_queen_elizabeth,1
Recommend a hotel for bookworms and literary enthusiasts.,can_quebec_montreal_delta_montreal_hotel,0
Recommend a hotel for bookworms and literary enthusiasts.,can_montreal_delta_montreal_hotel,0
Recommend a hotel for bookworms and literary enthusiasts.,can_quebec_montreal_springhill_suites_old_montreal,0
Recommend a hotel for bookworms and literary enthusiasts.,can_montreal_springhill_suites_old_montreal,0
Recommend a hotel for bookworms and literary enthusiasts.,can_montreal_delta_centre_ville,0
Recommend a hotel for bookworms and literary enthusiasts.,can_quebec_montreal_delta_centre_ville,0
Recommend a hotel for bookworms and literary enthusiasts.,can_quebec_montreal_hotel_st_paul,0
Recommend a hotel for bookworms and literary enthusiasts.,can_montreal_hotel_st_paul,0
Recommend a hotel for bookworms and literary enthusiasts.,can_montreal_novotel_montreal_center,0
Recommend a hotel for bookworms and literary enthusiasts.,can_quebec_montreal_novotel_montreal_center,0
Recommend a hotel for bookworms and literary enthusiasts.,can_quebec_montreal_holiday_inn_express_montreal_centre_ville,0
Recommend a hotel for bookworms and literary enthusiasts.,can_montreal_holiday_inn_express_montreal_centre_ville,0
Recommend a hotel for bookworms and literary enthusiasts.,can_montreal_ritz_carlton_montreal,0
Recommend a hotel for bookworms and literary enthusiasts.,can_quebec_montreal_ritz_carlton_montreal,0
Recommend a hotel for bookworms and literary enthusiasts.,can_quebec_montreal_auberge_bonaparte,0
Recommend a hotel for bookworms and literary enthusiasts.,can_montreal_auberge_bonaparte,0
Recommend a hotel for bookworms and literary enthusiasts.,can_montreal_embassy_suites_montreal,0
Recommend a hotel for bookworms and literary enthusiasts.,can_montreal_holiday_inn_montreal_midtown,0
Recommend a hotel for bookworms and literary enthusiasts.,can_quebec_montreal_holiday_inn_montreal_midtown,0
Recommend a hotel for bookworms and literary enthusiasts.,can_quebec_montreal_embassy_suites_montreal,0
Where should I stay for the most Instagram-worthy spots?,can_quebec_montreal_loews_hotel_vogue,2
Where should I stay for the most Instagram-worthy spots?,can_montreal_loews_hotel_vogue,3
Where should I stay for the most Instagram-worthy spots?,can_montreal_le_square_phillips_hotel_suites,1
Where should I stay for the most Instagram-worthy spots?,can_quebec_montreal_le_square_phillips_hotel_suites,2
Where should I stay for the most Instagram-worthy spots?,can_quebec_montreal_hotel_nelligan,3
Where should I stay for the most Instagram-worthy spots?,can_montreal_hotel_nelligan,3
Where should I stay for the most Instagram-worthy spots?,can_montreal_hilton_montreal_bonaventure,2
Where should I stay for the most Instagram-worthy spots?,can_quebec_montreal_hilton_montreal_bonaventure,3
Where should I stay for the most Instagram-worthy spots?,can_quebec_montreal_le_place_d_armes_hotel_suites,2
Where should I stay for the most Instagram-worthy spots?,can_montreal_le_place_d_armes_hotel_suites,3
Where should I stay for the most Instagram-worthy spots?,can_montreal_sofitel_montreal,3
Where should I stay for the most Instagram-worthy spots?,can_quebec_montreal_sofitel_montreal,2
Where should I stay for the most Instagram-worthy spots?,can_quebec_montreal_hotel_gault,2
Where should I stay for the most Instagram-worthy spots?,can_montreal_hotel_gault,2
Where should I stay for the most Instagram-worthy spots?,can_montreal_marriott_chateau_champlain,2
Where should I stay for the most Instagram-worthy spots?,can_quebec_montreal_marriott_chateau_champlain,2
Where should I stay for the most Instagram-worthy spots?,can_montreal_w_montreal,3
Where should I stay for the most Instagram-worthy spots?,can_quebec_montreal_w_montreal,3
Where should I stay for the most Instagram-worthy spots?,can_montreal_hotel_xixe_siecle,2
Where should I stay for the most Instagram-worthy spots?,can_quebec_montreal_hotel_xixe_siecle,2
Where should I stay for the most Instagram-worthy spots?,can_quebec_montreal_auberge_du_vieux_port,3
Where should I stay for the most Instagram-worthy spots?,can_montreal_auberge_du_vieux_port,3
Where should I stay for the most Instagram-worthy spots?,can_quebec_montreal_sheraton_le_centre_montreal_hotel,2
Where should I stay for the most Instagram-worthy spots?,can_montreal_sheraton_le_centre_montreal_hotel,2
Where should I stay for the most Instagram-worthy spots?,can_montreal_residence_inn_by_marriott_montreal_downtown,1
Where should I stay for the most Instagram-worthy spots?,can_quebec_montreal_residence_inn_by_marriott_montreal_downtown,1
Where should I stay for the most Instagram-worthy spots?,can_montreal_le_saint_sulpice,2
Where should I stay for the most Instagram-worthy spots?,can_quebec_montreal_le_saint_sulpice,2
Where should I stay for the most Instagram-worthy spots?,can_quebec_montreal_hotel_omni_mont_royal,2
Where should I stay for the most Instagram-worthy spots?,can_montreal_hotel_omni_mont_royal,1
Where should I stay for the most Instagram-worthy spots?,can_montreal_hyatt_regency_montreal,2
Where should I stay for the most Instagram-worthy spots?,can_quebec_montreal_hyatt_regency_montreal,2
Where should I stay for the most Instagram-worthy spots?,can_quebec_montreal_hotel_st_paul,2
Where should I stay for the most Instagram-worthy spots?,can_montreal_hotel_st_paul,2
Where should I stay for the most Instagram-worthy spots?,can_montreal_le_cantlie_suites_hotel,2
Where should I stay for the most Instagram-worthy spots?,can_quebec_montreal_le_cantlie_suites_hotel,2
Where should I stay for the most Instagram-worthy spots?,can_montreal_opus_hotel_montreal,3
Where should I stay for the most Instagram-worthy spots?,can_quebec_montreal_opus_hotel_montreal,3
Where should I stay for the most Instagram-worthy spots?,can_montreal_ritz_carlton_montreal,2
Where should I stay for the most Instagram-worthy spots?,can_quebec_montreal_ritz_carlton_montreal,2
Where should I stay for the most Instagram-worthy spots?,can_quebec_montreal_hotel_du_fort,1
Where should I stay for the most Instagram-worthy spots?,can_montreal_hotel_du_fort,1
Where should I stay for the most Instagram-worthy spots?,can_quebec_montreal_intercontinental_montreal,2
Where should I stay for the most Instagram-worthy spots?,can_montreal_intercontinental_montreal,2
Where should I stay for the most Instagram-worthy spots?,can_montreal_chateau_de_l_argoat,1
Where should I stay for the most Instagram-worthy spots?,can_quebec_montreal_chateau_de_l_argoat,2
Where should I stay for the most Instagram-worthy spots?,can_montreal_fairmont_the_queen_elizabeth,1
Where should I stay for the most Instagram-worthy spots?,can_quebec_montreal_fairmont_the_queen_elizabeth,2
Where should I stay for the most Instagram-worthy spots?,can_quebec_montreal_springhill_suites_old_montreal,3
Where should I stay for the most Instagram-worthy spots?,can_montreal_springhill_suites_old_montreal,3
Where should I stay for the most Instagram-worthy spots?,can_montreal_embassy_suites_montreal,2
Where should I stay for the most Instagram-worthy spots?,can_quebec_montreal_embassy_suites_montreal,2
Where should I stay for the most Instagram-worthy spots?,can_quebec_montreal_delta_montreal_hotel,1
Where should I stay for the most Instagram-worthy spots?,can_montreal_delta_montreal_hotel,1
Where should I stay for the most Instagram-worthy spots?,can_montreal_delta_centre_ville,2
Where should I stay for the most Instagram-worthy spots?,can_quebec_montreal_delta_centre_ville,2
Where should I stay for the most Instagram-worthy spots?,can_quebec_montreal_holiday_inn_express_montreal_centre_ville,1
Where should I stay for the most Instagram-worthy spots?,can_montreal_holiday_inn_express_montreal_centre_ville,0
Where should I stay for the most Instagram-worthy spots?,can_montreal_novotel_montreal_center,2
Where should I stay for the most Instagram-worthy spots?,can_quebec_montreal_novotel_montreal_center,2
Where should I stay for the most Instagram-worthy spots?,can_quebec_montreal_auberge_bonaparte,2
Where should I stay for the most Instagram-worthy spots?,can_montreal_auberge_bonaparte,2
Where should I stay for the most Instagram-worthy spots?,can_montreal_holiday_inn_montreal_midtown,1
Where should I stay for the most Instagram-worthy spots?,can_quebec_montreal_holiday_inn_montreal_midtown,1
What are the best hotels with farm-to-table dining?,can_montreal_le_square_phillips_hotel_suites,0
What are the best hotels with farm-to-table dining?,can_quebec_montreal_le_square_phillips_hotel_suites,0
What are the best hotels with farm-to-table dining?,can_quebec_montreal_residence_inn_by_marriott_montreal_downtown,0
What are the best hotels with farm-to-table dining?,can_montreal_residence_inn_by_marriott_montreal_downtown,0
What are the best hotels with farm-to-table dining?,can_quebec_montreal_hotel_nelligan,0
What are the best hotels with farm-to-table dining?,can_montreal_hotel_nelligan,0
What are the best hotels with farm-to-table dining?,can_quebec_montreal_le_place_d_armes_hotel_suites,1
What are the best hotels with farm-to-table dining?,can_montreal_le_place_d_armes_hotel_suites,0
What are the best hotels with farm-to-table dining?,can_montreal_sofitel_montreal,0
What are the best hotels with farm-to-table dining?,can_quebec_montreal_sofitel_montreal,0
What are the best hotels with farm-to-table dining?,can_quebec_montreal_hotel_gault,0
What are the best hotels with farm-to-table dining?,can_montreal_hotel_gault,0
What are the best hotels with farm-to-table dining?,can_quebec_montreal_loews_hotel_vogue,0
What are the best hotels with farm-to-table dining?,can_montreal_loews_hotel_vogue,0
What are the best hotels with farm-to-table dining?,can_quebec_montreal_springhill_suites_old_montreal,0
What are the best hotels with farm-to-table dining?,can_montreal_springhill_suites_old_montreal,0
What are the best hotels with farm-to-table dining?,can_quebec_montreal_auberge_du_vieux_port,0
What are the best hotels with farm-to-table dining?,can_montreal_auberge_du_vieux_port,0
What are the best hotels with farm-to-table dining?,can_montreal_le_saint_sulpice,0
What are the best hotels with farm-to-table dining?,can_quebec_montreal_le_saint_sulpice,0
What are the best hotels with farm-to-table dining?,can_montreal_hilton_montreal_bonaventure,0
What are the best hotels with farm-to-table dining?,can_quebec_montreal_hilton_montreal_bonaventure,0
What are the best hotels with farm-to-table dining?,can_montreal_embassy_suites_montreal,0
What are the best hotels with farm-to-table dining?,can_quebec_montreal_embassy_suites_montreal,0
What are the best hotels with farm-to-table dining?,can_quebec_montreal_hotel_du_fort,0
What are the best hotels with farm-to-table dining?,can_montreal_hotel_du_fort,0
What are the best hotels with farm-to-table dining?,can_quebec_montreal_holiday_inn_express_montreal_centre_ville,0
What are the best hotels with farm-to-table dining?,can_montreal_holiday_inn_express_montreal_centre_ville,0
What are the best hotels with farm-to-table dining?,can_montreal_chateau_de_l_argoat,0
What are the best hotels with farm-to-table dining?,can_quebec_montreal_chateau_de_l_argoat,0
What are the best hotels with farm-to-table dining?,can_montreal_le_cantlie_suites_hotel,0
What are the best hotels with farm-to-table dining?,can_quebec_montreal_le_cantlie_suites_hotel,0
What are the best hotels with farm-to-table dining?,can_montreal_marriott_chateau_champlain,0
What are the best hotels with farm-to-table dining?,can_quebec_montreal_marriott_chateau_champlain,0
What are the best hotels with farm-to-table dining?,can_quebec_montreal_sheraton_le_centre_montreal_hotel,0
What are the best hotels with farm-to-table dining?,can_montreal_sheraton_le_centre_montreal_hotel,0
What are the best hotels with farm-to-table dining?,can_montreal_w_montreal,0
What are the best hotels with farm-to-table dining?,can_quebec_montreal_w_montreal,0
What are the best hotels with farm-to-table dining?,can_montreal_fairmont_the_queen_elizabeth,0
What are the best hotels with farm-to-table dining?,can_quebec_montreal_fairmont_the_queen_elizabeth,0
What are the best hotels with farm-to-table dining?,can_montreal_hotel_xixe_siecle,0
What are the best hotels with farm-to-table dining?,can_quebec_montreal_hotel_xixe_siecle,0
What are the best hotels with farm-to-table dining?,can_montreal_hyatt_regency_montreal,0
What are the best hotels with farm-to-table dining?,can_quebec_montreal_hyatt_regency_montreal,0
What are the best hotels with farm-to-table dining?,can_quebec_montreal_hotel_omni_mont_royal,0
What are the best hotels with farm-to-table dining?,can_montreal_hotel_omni_mont_royal,0
What are the best hotels with farm-to-table dining?,can_quebec_montreal_intercontinental_montreal,0
What are the best hotels with farm-to-table dining?,can_montreal_intercontinental_montreal,0
What are the best hotels with farm-to-table dining?,can_quebec_montreal_delta_montreal_hotel,0
What are the best hotels with farm-to-table dining?,can_montreal_delta_montreal_hotel,0
What are the best hotels with farm-to-table dining?,can_montreal_delta_centre_ville,0
What are the best hotels with farm-to-table dining?,can_quebec_montreal_delta_centre_ville,0
What are the best hotels with farm-to-table dining?,can_quebec_montreal_auberge_bonaparte,0
What are the best hotels with farm-to-table dining?,can_montreal_auberge_bonaparte,0
What are the best hotels with farm-to-table dining?,can_quebec_montreal_hotel_st_paul,0
What are the best hotels with farm-to-table dining?,can_montreal_hotel_st_paul,0
What are the best hotels with farm-to-table dining?,can_montreal_ritz_carlton_montreal,0
What are the best hotels with farm-to-table dining?,can_quebec_montreal_ritz_carlton_montreal,0
What are the best hotels with farm-to-table dining?,can_montreal_holiday_inn_montreal_midtown,0
What are the best hotels with farm-to-table dining?,can_quebec_montreal_holiday_inn_montreal_midtown,0
What are the best hotels with farm-to-table dining?,can_montreal_opus_hotel_montreal,0
What are the best hotels with farm-to-table dining?,can_quebec_montreal_opus_hotel_montreal,0
What are the best hotels with farm-to-table dining?,can_montreal_novotel_montreal_center,0
What are the best hotels with farm-to-table dining?,can_quebec_montreal_novotel_montreal_center,0
Where can I find a hotel with exceptional live music?,can_quebec_montreal_hotel_nelligan,0
Where can I find a hotel with exceptional live music?,can_montreal_hotel_nelligan,0
Where can I find a hotel with exceptional live music?,can_quebec_montreal_loews_hotel_vogue,0
Where can I find a hotel with exceptional live music?,can_montreal_loews_hotel_vogue,0
Where can I find a hotel with exceptional live music?,can_montreal_w_montreal,2
Where can I find a hotel with exceptional live music?,can_quebec_montreal_w_montreal,2
Where can I find a hotel with exceptional live music?,can_montreal_le_square_phillips_hotel_suites,2
Where can I find a hotel with exceptional live music?,can_quebec_montreal_le_square_phillips_hotel_suites,2
Where can I find a hotel with exceptional live music?,can_montreal_opus_hotel_montreal,2
Where can I find a hotel with exceptional live music?,can_quebec_montreal_opus_hotel_montreal,2
Where can I find a hotel with exceptional live music?,can_quebec_montreal_le_place_d_armes_hotel_suites,2
Where can I find a hotel with exceptional live music?,can_montreal_le_place_d_armes_hotel_suites,2
Where can I find a hotel with exceptional live music?,can_quebec_montreal_auberge_du_vieux_port,3
Where can I find a hotel with exceptional live music?,can_montreal_auberge_du_vieux_port,3
Where can I find a hotel with exceptional live music?,can_montreal_sofitel_montreal,0
Where can I find a hotel with exceptional live music?,can_quebec_montreal_sofitel_montreal,0
Where can I find a hotel with exceptional live music?,can_montreal_hyatt_regency_montreal,0
Where can I find a hotel with exceptional live music?,can_quebec_montreal_hyatt_regency_montreal,0
Where can I find a hotel with exceptional live music?,can_montreal_residence_inn_by_marriott_montreal_downtown,0
Where can I find a hotel with exceptional live music?,can_quebec_montreal_residence_inn_by_marriott_montreal_downtown,0
Where can I find a hotel with exceptional live music?,can_quebec_montreal_delta_montreal_hotel,0
Where can I find a hotel with exceptional live music?,can_montreal_delta_montreal_hotel,0
Where can I find a hotel with exceptional live music?,can_montreal_hilton_montreal_bonaventure,0
Where can I find a hotel with exceptional live music?,can_quebec_montreal_hilton_montreal_bonaventure,0
Where can I find a hotel with exceptional live music?,can_quebec_montreal_sheraton_le_centre_montreal_hotel,0
Where can I find a hotel with exceptional live music?,can_montreal_sheraton_le_centre_montreal_hotel,0
Where can I find a hotel with exceptional live music?,can_quebec_montreal_hotel_gault,0
Where can I find a hotel with exceptional live music?,can_montreal_hotel_gault,0
Where can I find a hotel with exceptional live music?,can_quebec_montreal_hotel_st_paul,0
Where can I find a hotel with exceptional live music?,can_montreal_hotel_st_paul,0
Where can I find a hotel with exceptional live music?,can_montreal_delta_centre_ville,0
Where can I find a hotel with exceptional live music?,can_quebec_montreal_delta_centre_ville,0
Where can I find a hotel with exceptional live music?,can_montreal_fairmont_the_queen_elizabeth,2
Where can I find a hotel with exceptional live music?,can_quebec_montreal_fairmont_the_queen_elizabeth,2
Where can I find a hotel with exceptional live music?,can_montreal_marriott_chateau_champlain,0
Where can I find a hotel with exceptional live music?,can_quebec_montreal_marriott_chateau_champlain,0
Where can I find a hotel with exceptional live music?,can_montreal_le_cantlie_suites_hotel,0
Where can I find a hotel with exceptional live music?,can_quebec_montreal_le_cantlie_suites_hotel,0
Where can I find a hotel with exceptional live music?,can_quebec_montreal_holiday_inn_express_montreal_centre_ville,0
Where can I find a hotel with exceptional live music?,can_montreal_holiday_inn_express_montreal_centre_ville,0
Where can I find a hotel with exceptional live music?,can_quebec_montreal_hotel_omni_mont_royal,0
Where can I find a hotel with exceptional live music?,can_montreal_hotel_omni_mont_royal,0
Where can I find a hotel with exceptional live music?,can_quebec_montreal_intercontinental_montreal,0
Where can I find a hotel with exceptional live music?,can_montreal_intercontinental_montreal,0
Where can I find a hotel with exceptional live music?,can_montreal_hotel_xixe_siecle,0
Where can I find a hotel with exceptional live music?,can_quebec_montreal_hotel_xixe_siecle,0
Where can I find a hotel with exceptional live music?,can_montreal_le_saint_sulpice,0
Where can I find a hotel with exceptional live music?,can_quebec_montreal_le_saint_sulpice,0
Where can I find a hotel with exceptional live music?,can_quebec_montreal_hotel_du_fort,0
Where can I find a hotel with exceptional live music?,can_montreal_hotel_du_fort,0
Where can I find a hotel with exceptional live music?,can_montreal_novotel_montreal_center,0
Where can I find a hotel with exceptional live music?,can_quebec_montreal_novotel_montreal_center,0
Where can I find a hotel with exceptional live music?,can_montreal_holiday_inn_montreal_midtown,0
Where can I find a hotel with exceptional live music?,can_quebec_montreal_holiday_inn_montreal_midtown,0
Where can I find a hotel with exceptional live music?,can_montreal_chateau_de_l_argoat,0
Where can I find a hotel with exceptional live music?,can_quebec_montreal_chateau_de_l_argoat,0
Where can I find a hotel with exceptional live music?,can_quebec_montreal_springhill_suites_old_montreal,0
Where can I find a hotel with exceptional live music?,can_montreal_springhill_suites_old_montreal,0
Where can I find a hotel with exceptional live music?,can_montreal_ritz_carlton_montreal,0
Where can I find a hotel with exceptional live music?,can_quebec_montreal_ritz_carlton_montreal,0
Where can I find a hotel with exceptional live music?,can_montreal_embassy_suites_montreal,0
Where can I find a hotel with exceptional live music?,can_quebec_montreal_embassy_suites_montreal,0
Where can I find a hotel with exceptional live music?,can_quebec_montreal_auberge_bonaparte,0
Where can I find a hotel with exceptional live music?,can_montreal_auberge_bonaparte,0
Suggest a hotel that's perfect for meditation and mindfulness.,can_montreal_le_square_phillips_hotel_suites,1
Suggest a hotel that's perfect for meditation and mindfulness.,can_quebec_montreal_le_square_phillips_hotel_suites,0
Suggest a hotel that's perfect for meditation and mindfulness.,can_montreal_sofitel_montreal,1
Suggest a hotel that's perfect for meditation and mindfulness.,can_quebec_montreal_sofitel_montreal,1
Suggest a hotel that's perfect for meditation and mindfulness.,can_quebec_montreal_loews_hotel_vogue,1
Suggest a hotel that's perfect for meditation and mindfulness.,can_montreal_loews_hotel_vogue,1
Suggest a hotel that's perfect for meditation and mindfulness.,can_montreal_w_montreal,1
Suggest a hotel that's perfect for meditation and mindfulness.,can_quebec_montreal_w_montreal,0
Suggest a hotel that's perfect for meditation and mindfulness.,can_montreal_hilton_montreal_bonaventure,2
Suggest a hotel that's perfect for meditation and mindfulness.,can_quebec_montreal_hilton_montreal_bonaventure,2
Suggest a hotel that's perfect for meditation and mindfulness.,can_quebec_montreal_le_place_d_armes_hotel_suites,1
Suggest a hotel that's perfect for meditation and mindfulness.,can_montreal_le_place_d_armes_hotel_suites,1
Suggest a hotel that's perfect for meditation and mindfulness.,can_quebec_montreal_residence_inn_by_marriott_montreal_downtown,1
Suggest a hotel that's perfect for meditation and mindfulness.,can_montreal_residence_inn_by_marriott_montreal_downtown,1
Suggest a hotel that's perfect for meditation and mindfulness.,can_quebec_montreal_hotel_nelligan,0
Suggest a hotel that's perfect for meditation and mindfulness.,can_montreal_hotel_nelligan,0
Suggest a hotel that's perfect for meditation and mindfulness.,can_quebec_montreal_hotel_omni_mont_royal,0
Suggest a hotel that's perfect for meditation and mindfulness.,can_montreal_hotel_omni_mont_royal,0
Suggest a hotel that's perfect for meditation and mindfulness.,can_quebec_montreal_hotel_gault,0
Suggest a hotel that's perfect for meditation and mindfulness.,can_montreal_hotel_gault,0
Suggest a hotel that's perfect for meditation and mindfulness.,can_montreal_hyatt_regency_montreal,0
Suggest a hotel that's perfect for meditation and mindfulness.,can_quebec_montreal_hyatt_regency_montreal,0
Suggest a hotel that's perfect for meditation and mindfulness.,can_quebec_montreal_auberge_du_vieux_port,0
Suggest a hotel that's perfect for meditation and mindfulness.,can_montreal_auberge_du_vieux_port,0
Suggest a hotel that's perfect for meditation and mindfulness.,can_montreal_le_saint_sulpice,1
Suggest a hotel that's perfect for meditation and mindfulness.,can_quebec_montreal_le_saint_sulpice,1
Suggest a hotel that's perfect for meditation and mindfulness.,can_montreal_marriott_chateau_champlain,0
Suggest a hotel that's perfect for meditation and mindfulness.,can_quebec_montreal_marriott_chateau_champlain,0
Suggest a hotel that's perfect for meditation and mindfulness.,can_montreal_hotel_xixe_siecle,0
Suggest a hotel that's perfect for meditation and mindfulness.,can_quebec_montreal_hotel_xixe_siecle,0
Suggest a hotel that's perfect for meditation and mindfulness.,can_quebec_montreal_delta_montreal_hotel,0
Suggest a hotel that's perfect for meditation and mindfulness.,can_montreal_delta_montreal_hotel,0
Suggest a hotel that's perfect for meditation and mindfulness.,can_quebec_montreal_hotel_du_fort,0
Suggest a hotel that's perfect for meditation and mindfulness.,can_montreal_hotel_du_fort,0
Suggest a hotel that's perfect for meditation and mindfulness.,can_montreal_chateau_de_l_argoat,0
Suggest a hotel that's perfect for meditation and mindfulness.,can_quebec_montreal_chateau_de_l_argoat,0
Suggest a hotel that's perfect for meditation and mindfulness.,can_quebec_montreal_sheraton_le_centre_montreal_hotel,0
Suggest a hotel that's perfect for meditation and mindfulness.,can_montreal_sheraton_le_centre_montreal_hotel,0
Suggest a hotel that's perfect for meditation and mindfulness.,can_quebec_montreal_intercontinental_montreal,0
Suggest a hotel that's perfect for meditation and mindfulness.,can_montreal_intercontinental_montreal,0
Suggest a hotel that's perfect for meditation and mindfulness.,can_montreal_opus_hotel_montreal,0
Suggest a hotel that's perfect for meditation and mindfulness.,can_quebec_montreal_opus_hotel_montreal,0
Suggest a hotel that's perfect for meditation and mindfulness.,can_montreal_fairmont_the_queen_elizabeth,1
Suggest a hotel that's perfect for meditation and mindfulness.,can_quebec_montreal_fairmont_the_queen_elizabeth,1
Suggest a hotel that's perfect for meditation and mindfulness.,can_montreal_delta_centre_ville,0
Suggest a hotel that's perfect for meditation and mindfulness.,can_quebec_montreal_delta_centre_ville,0
Suggest a hotel that's perfect for meditation and mindfulness.,can_montreal_embassy_suites_montreal,0
Suggest a hotel that's perfect for meditation and mindfulness.,can_quebec_montreal_embassy_suites_montreal,0
Suggest a hotel that's perfect for meditation and mindfulness.,can_quebec_montreal_springhill_suites_old_montreal,0
Suggest a hotel that's perfect for meditation and mindfulness.,can_montreal_springhill_suites_old_montreal,0
Suggest a hotel that's perfect for meditation and mindfulness.,can_quebec_montreal_holiday_inn_express_montreal_centre_ville,0
Suggest a hotel that's perfect for meditation and mindfulness.,can_montreal_holiday_inn_express_montreal_centre_ville,0
Suggest a hotel that's perfect for meditation and mindfulness.,can_montreal_le_cantlie_suites_hotel,0
Suggest a hotel that's perfect for meditation and mindfulness.,can_quebec_montreal_le_cantlie_suites_hotel,0
Suggest a hotel that's perfect for meditation and mindfulness.,can_montreal_novotel_montreal_center,0
Suggest a hotel that's perfect for meditation and mindfulness.,can_quebec_montreal_novotel_montreal_center,0
Suggest a hotel that's perfect for meditation and mindfulness.,can_quebec_montreal_hotel_st_paul,2
Suggest a hotel that's perfect for meditation and mindfulness.,can_montreal_hotel_st_paul,2
Suggest a hotel that's perfect for meditation and mindfulness.,can_montreal_holiday_inn_montreal_midtown,0
Suggest a hotel that's perfect for meditation and mindfulness.,can_quebec_montreal_holiday_inn_montreal_midtown,0
Suggest a hotel that's perfect for meditation and mindfulness.,can_quebec_montreal_auberge_bonaparte,0
Suggest a hotel that's perfect for meditation and mindfulness.,can_montreal_auberge_bonaparte,1
Suggest a hotel that's perfect for meditation and mindfulness.,can_montreal_ritz_carlton_montreal,1
Suggest a hotel that's perfect for meditation and mindfulness.,can_quebec_montreal_ritz_carlton_montreal,1
What hotels make solo female travelers feel especially safe?,can_montreal_le_square_phillips_hotel_suites,2
What hotels make solo female travelers feel especially safe?,can_quebec_montreal_le_square_phillips_hotel_suites,3
What hotels make solo female travelers feel especially safe?,can_quebec_montreal_loews_hotel_vogue,2
What hotels make solo female travelers feel especially safe?,can_montreal_loews_hotel_vogue,2
What hotels make solo female travelers feel especially safe?,can_montreal_sofitel_montreal,1
What hotels make solo female travelers feel especially safe?,can_quebec_montreal_sofitel_montreal,1
What hotels make solo female travelers feel especially safe?,can_quebec_montreal_hotel_gault,2
What hotels make solo female travelers feel especially safe?,can_montreal_hotel_gault,2
What hotels make solo female travelers feel especially safe?,can_quebec_montreal_hotel_nelligan,2
What hotels make solo female travelers feel especially safe?,can_montreal_hotel_nelligan,2
What hotels make solo female travelers feel especially safe?,can_quebec_montreal_hotel_omni_mont_royal,1
What hotels make solo female travelers feel especially safe?,can_montreal_hotel_omni_mont_royal,1
What hotels make solo female travelers feel especially safe?,can_montreal_le_cantlie_suites_hotel,1
What hotels make solo female travelers feel especially safe?,can_quebec_montreal_le_cantlie_suites_hotel,1
What hotels make solo female travelers feel especially safe?,can_quebec_montreal_residence_inn_by_marriott_montreal_downtown,2
What hotels make solo female travelers feel especially safe?,can_montreal_residence_inn_by_marriott_montreal_downtown,2
What hotels make solo female travelers feel especially safe?,can_montreal_hyatt_regency_montreal,1
What hotels make solo female travelers feel especially safe?,can_quebec_montreal_hyatt_regency_montreal,1
What hotels make solo female travelers feel especially safe?,can_montreal_hilton_montreal_bonaventure,1
What hotels make solo female travelers feel especially safe?,can_quebec_montreal_hilton_montreal_bonaventure,1
What hotels make solo female travelers feel especially safe?,can_quebec_montreal_sheraton_le_centre_montreal_hotel,1
What hotels make solo female travelers feel especially safe?,can_montreal_sheraton_le_centre_montreal_hotel,1
What hotels make solo female travelers feel especially safe?,can_montreal_w_montreal,1
What hotels make solo female travelers feel especially safe?,can_quebec_montreal_w_montreal,1
What hotels make solo female travelers feel especially safe?,can_montreal_marriott_chateau_champlain,1
What hotels make solo female travelers feel especially safe?,can_quebec_montreal_marriott_chateau_champlain,1
What hotels make solo female travelers feel especially safe?,can_montreal_chateau_de_l_argoat,2
What hotels make solo female travelers feel especially safe?,can_quebec_montreal_chateau_de_l_argoat,2
What hotels make solo female travelers feel especially safe?,can_montreal_fairmont_the_queen_elizabeth,1
What hotels make solo female travelers feel especially safe?,can_quebec_montreal_fairmont_the_queen_elizabeth,1
What hotels make solo female travelers feel especially safe?,can_quebec_montreal_delta_montreal_hotel,1
What hotels make solo female travelers feel especially safe?,can_montreal_delta_montreal_hotel,1
What hotels make solo female travelers feel especially safe?,can_quebec_montreal_le_place_d_armes_hotel_suites,1
What hotels make solo female travelers feel especially safe?,can_montreal_le_place_d_armes_hotel_suites,1
What hotels make solo female travelers feel especially safe?,can_montreal_delta_centre_ville,1
What hotels make solo female travelers feel especially safe?,can_quebec_montreal_delta_centre_ville,1
What hotels make solo female travelers feel especially safe?,can_quebec_montreal_intercontinental_montreal,2
What hotels make solo female travelers feel especially safe?,can_montreal_intercontinental_montreal,2
What hotels make solo female travelers feel especially safe?,can_quebec_montreal_auberge_du_vieux_port,1
What hotels make solo female travelers feel especially safe?,can_montreal_auberge_du_vieux_port,1
What hotels make solo female travelers feel especially safe?,can_montreal_hotel_xixe_siecle,3
What hotels make solo female travelers feel especially safe?,can_quebec_montreal_hotel_xixe_siecle,2
What hotels make solo female travelers feel especially safe?,can_montreal_opus_hotel_montreal,1
What hotels make solo female travelers feel especially safe?,can_quebec_montreal_opus_hotel_montreal,2
What hotels make solo female travelers feel especially safe?,can_quebec_montreal_hotel_du_fort,2
What hotels make solo female travelers feel especially safe?,can_montreal_hotel_du_fort,2
What hotels make solo female travelers feel especially safe?,can_montreal_novotel_montreal_center,2
What hotels make solo female travelers feel especially safe?,can_quebec_montreal_novotel_montreal_center,1
What hotels make solo female travelers feel especially safe?,can_quebec_montreal_hotel_st_paul,2
What hotels make solo female travelers feel especially safe?,can_montreal_hotel_st_paul,2
What hotels make solo female travelers feel especially safe?,can_montreal_le_saint_sulpice,2
What hotels make solo female travelers feel especially safe?,can_quebec_montreal_le_saint_sulpice,2
What hotels make solo female travelers feel especially safe?,can_quebec_montreal_springhill_suites_old_montreal,2
What hotels make solo female travelers feel especially safe?,can_montreal_springhill_suites_old_montreal,2
What hotels make solo female travelers feel especially safe?,can_quebec_montreal_holiday_inn_express_montreal_centre_ville,1
What hotels make solo female travelers feel especially safe?,can_montreal_holiday_inn_express_montreal_centre_ville,1
What hotels make solo female travelers feel especially safe?,can_montreal_embassy_suites_montreal,1
What hotels make solo female travelers feel especially safe?,can_montreal_holiday_inn_montreal_midtown,1
What hotels make solo female travelers feel especially safe?,can_quebec_montreal_holiday_inn_montreal_midtown,1
What hotels make solo female travelers feel especially safe?,can_quebec_montreal_embassy_suites_montreal,1
What hotels make solo female travelers feel especially safe?,can_montreal_ritz_carlton_montreal,1
What hotels make solo female travelers feel especially safe?,can_quebec_montreal_ritz_carlton_montreal,1
What hotels make solo female travelers feel especially safe?,can_quebec_montreal_auberge_bonaparte,2
What hotels make solo female travelers feel especially safe?,can_montreal_auberge_bonaparte,3
Recommend a hotel with the most luxurious bedding.,can_montreal_sofitel_montreal,3
Recommend a hotel with the most luxurious bedding.,can_quebec_montreal_sofitel_montreal,3
Recommend a hotel with the most luxurious bedding.,can_montreal_le_square_phillips_hotel_suites,1
Recommend a hotel with the most luxurious bedding.,can_quebec_montreal_le_square_phillips_hotel_suites,1
Recommend a hotel with the most luxurious bedding.,can_quebec_montreal_loews_hotel_vogue,3
Recommend a hotel with the most luxurious bedding.,can_montreal_loews_hotel_vogue,3
Recommend a hotel with the most luxurious bedding.,can_quebec_montreal_hotel_omni_mont_royal,2
Recommend a hotel with the most luxurious bedding.,can_montreal_hotel_omni_mont_royal,2
Recommend a hotel with the most luxurious bedding.,can_montreal_marriott_chateau_champlain,3
Recommend a hotel with the most luxurious bedding.,can_quebec_montreal_marriott_chateau_champlain,3
Recommend a hotel with the most luxurious bedding.,can_quebec_montreal_hotel_gault,3
Recommend a hotel with the most luxurious bedding.,can_montreal_hotel_gault,3
Recommend a hotel with the most luxurious bedding.,can_quebec_montreal_sheraton_le_centre_montreal_hotel,3
Recommend a hotel with the most luxurious bedding.,can_montreal_sheraton_le_centre_montreal_hotel,3
Recommend a hotel with the most luxurious bedding.,can_quebec_montreal_hotel_nelligan,3
Recommend a hotel with the most luxurious bedding.,can_montreal_hotel_nelligan,3
Recommend a hotel with the most luxurious bedding.,can_montreal_hyatt_regency_montreal,2
Recommend a hotel with the most luxurious bedding.,can_quebec_montreal_hyatt_regency_montreal,2
Recommend a hotel with the most luxurious bedding.,can_montreal_w_montreal,3
Recommend a hotel with the most luxurious bedding.,can_quebec_montreal_w_montreal,3
Recommend a hotel with the most luxurious bedding.,can_quebec_montreal_le_place_d_armes_hotel_suites,3
Recommend a hotel with the most luxurious bedding.,can_montreal_le_place_d_armes_hotel_suites,2
Recommend a hotel with the most luxurious bedding.,can_quebec_montreal_intercontinental_montreal,3
Recommend a hotel with the most luxurious bedding.,can_montreal_intercontinental_montreal,3
Recommend a hotel with the most luxurious bedding.,can_montreal_le_saint_sulpice,2
Recommend a hotel with the most luxurious bedding.,can_quebec_montreal_le_saint_sulpice,2
Recommend a hotel with the most luxurious bedding.,can_montreal_le_cantlie_suites_hotel,2
Recommend a hotel with the most luxurious bedding.,can_quebec_montreal_le_cantlie_suites_hotel,3
Recommend a hotel with the most luxurious bedding.,can_montreal_hotel_xixe_siecle,3
Recommend a hotel with the most luxurious bedding.,can_quebec_montreal_hotel_xixe_siecle,3
Recommend a hotel with the most luxurious bedding.,can_montreal_chateau_de_l_argoat,1
Recommend a hotel with the most luxurious bedding.,can_quebec_montreal_chateau_de_l_argoat,1
Recommend a hotel with the most luxurious bedding.,can_quebec_montreal_delta_montreal_hotel,1
Recommend a hotel with the most luxurious bedding.,can_montreal_delta_montreal_hotel,1
Recommend a hotel with the most luxurious bedding.,can_quebec_montreal_hotel_st_paul,1
Recommend a hotel with the most luxurious bedding.,can_montreal_hotel_st_paul,1
Recommend a hotel with the most luxurious bedding.,can_quebec_montreal_residence_inn_by_marriott_montreal_downtown,1
Recommend a hotel with the most luxurious bedding.,can_montreal_residence_inn_by_marriott_montreal_downtown,1
Recommend a hotel with the most luxurious bedding.,can_quebec_montreal_auberge_du_vieux_port,1
Recommend a hotel with the most luxurious bedding.,can_montreal_auberge_du_vieux_port,1
Recommend a hotel with the most luxurious bedding.,can_montreal_hilton_montreal_bonaventure,1
Recommend a hotel with the most luxurious bedding.,can_quebec_montreal_hilton_montreal_bonaventure,1
Recommend a hotel with the most luxurious bedding.,can_montreal_fairmont_the_queen_elizabeth,2
Recommend a hotel with the most luxurious bedding.,can_quebec_montreal_fairmont_the_queen_elizabeth,2
Recommend a hotel with the most luxurious bedding.,can_montreal_opus_hotel_montreal,2
Recommend a hotel with the most luxurious bedding.,can_quebec_montreal_opus_hotel_montreal,2
Recommend a hotel with the most luxurious bedding.,can_montreal_delta_centre_ville,2
Recommend a hotel with the most luxurious bedding.,can_quebec_montreal_delta_centre_ville,2
Recommend a hotel with the most luxurious bedding.,can_montreal_ritz_carlton_montreal,1
Recommend a hotel with the most luxurious bedding.,can_quebec_montreal_ritz_carlton_montreal,1
Recommend a hotel with the most luxurious bedding.,can_quebec_montreal_springhill_suites_old_montreal,2
Recommend a hotel with the most luxurious bedding.,can_montreal_springhill_suites_old_montreal,2
Recommend a hotel with the most luxurious bedding.,can_quebec_montreal_holiday_inn_express_montreal_centre_ville,1
Recommend a hotel with the most luxurious bedding.,can_montreal_holiday_inn_express_montreal_centre_ville,1
Recommend a hotel with the most luxurious bedding.,can_quebec_montreal_hotel_du_fort,1
Recommend a hotel with the most luxurious bedding.,can_montreal_hotel_du_fort,1
Recommend a hotel with the most luxurious bedding.,can_quebec_montreal_embassy_suites_montreal,2
Recommend a hotel with the most luxurious bedding.,can_montreal_embassy_suites_montreal,1
Recommend a hotel with the most luxurious bedding.,can_montreal_novotel_montreal_center,2
Recommend a hotel with the most luxurious bedding.,can_quebec_montreal_novotel_montreal_center,3
Recommend a hotel with the most luxurious bedding.,can_montreal_holiday_inn_montreal_midtown,0
Recommend a hotel with the most luxurious bedding.,can_quebec_montreal_holiday_inn_montreal_midtown,0
Recommend a hotel with the most luxurious bedding.,can_quebec_montreal_auberge_bonaparte,0
Recommend a hotel with the most luxurious bedding.,can_montreal_auberge_bonaparte,1
Where should I stay to feel completely off the grid?,can_montreal_le_square_phillips_hotel_suites,0
Where should I stay to feel completely off the grid?,can_quebec_montreal_le_square_phillips_hotel_suites,0
Where should I stay to feel completely off the grid?,can_montreal_hilton_montreal_bonaventure,1
Where should I stay to feel completely off the grid?,can_quebec_montreal_hilton_montreal_bonaventure,0
Where should I stay to feel completely off the grid?,can_quebec_montreal_sheraton_le_centre_montreal_hotel,0
Where should I stay to feel completely off the grid?,can_montreal_sheraton_le_centre_montreal_hotel,0
Where should I stay to feel completely off the grid?,can_quebec_montreal_hotel_omni_mont_royal,0
Where should I stay to feel completely off the grid?,can_montreal_hotel_omni_mont_royal,0
Where should I stay to feel completely off the grid?,can_quebec_montreal_hotel_gault,0
Where should I stay to feel completely off the grid?,can_montreal_hotel_gault,0
Where should I stay to feel completely off the grid?,can_quebec_montreal_auberge_du_vieux_port,0
Where should I stay to feel completely off the grid?,can_montreal_auberge_du_vieux_port,0
Where should I stay to feel completely off the grid?,can_quebec_montreal_residence_inn_by_marriott_montreal_downtown,0
Where should I stay to feel completely off the grid?,can_montreal_residence_inn_by_marriott_montreal_downtown,0
Where should I stay to feel completely off the grid?,can_quebec_montreal_springhill_suites_old_montreal,0
Where should I stay to feel completely off the grid?,can_montreal_springhill_suites_old_montreal,0
Where should I stay to feel completely off the grid?,can_montreal_marriott_chateau_champlain,0
Where should I stay to feel completely off the grid?,can_quebec_montreal_marriott_chateau_champlain,0
Where should I stay to feel completely off the grid?,can_montreal_hyatt_regency_montreal,0
Where should I stay to feel completely off the grid?,can_quebec_montreal_hyatt_regency_montreal,0
Where should I stay to feel completely off the grid?,can_quebec_montreal_loews_hotel_vogue,0
Where should I stay to feel completely off the grid?,can_montreal_loews_hotel_vogue,0
Where should I stay to feel completely off the grid?,can_montreal_sofitel_montreal,0
Where should I stay to feel completely off the grid?,can_quebec_montreal_sofitel_montreal,0
Where should I stay to feel completely off the grid?,can_quebec_montreal_hotel_nelligan,0
Where should I stay to feel completely off the grid?,can_montreal_hotel_nelligan,0
Where should I stay to feel completely off the grid?,can_montreal_le_cantlie_suites_hotel,0
Where should I stay to feel completely off the grid?,can_quebec_montreal_le_cantlie_suites_hotel,0
Where should I stay to feel completely off the grid?,can_quebec_montreal_delta_montreal_hotel,0
Where should I stay to feel completely off the grid?,can_montreal_delta_montreal_hotel,0
Where should I stay to feel completely off the grid?,can_quebec_montreal_holiday_inn_express_montreal_centre_ville,0
Where should I stay to feel completely off the grid?,can_montreal_holiday_inn_express_montreal_centre_ville,0
Where should I stay to feel completely off the grid?,can_montreal_fairmont_the_queen_elizabeth,0
Where should I stay to feel completely off the grid?,can_quebec_montreal_fairmont_the_queen_elizabeth,0
Where should I stay to feel completely off the grid?,can_montreal_w_montreal,0
Where should I stay to feel completely off the grid?,can_quebec_montreal_w_montreal,0
Where should I stay to feel completely off the grid?,can_quebec_montreal_le_place_d_armes_hotel_suites,0
Where should I stay to feel completely off the grid?,can_montreal_le_place_d_armes_hotel_suites,0
Where should I stay to feel completely off the grid?,can_montreal_chateau_de_l_argoat,1
Where should I stay to feel completely off the grid?,can_quebec_montreal_chateau_de_l_argoat,1
Where should I stay to feel completely off the grid?,can_quebec_montreal_intercontinental_montreal,0
Where should I stay to feel completely off the grid?,can_montreal_intercontinental_montreal,0
Where should I stay to feel completely off the grid?,can_quebec_montreal_hotel_du_fort,0
Where should I stay to feel completely off the grid?,can_montreal_hotel_du_fort,0
Where should I stay to feel completely off the grid?,can_montreal_le_saint_sulpice,0
Where should I stay to feel completely off the grid?,can_quebec_montreal_le_saint_sulpice,0
Where should I stay to feel completely off the grid?,can_montreal_delta_centre_ville,0
Where should I stay to feel completely off the grid?,can_quebec_montreal_delta_centre_ville,0
Where should I stay to feel completely off the grid?,can_quebec_montreal_hotel_st_paul,0
Where should I stay to feel completely off the grid?,can_montreal_hotel_st_paul,0
Where should I stay to feel completely off the grid?,can_montreal_hotel_xixe_siecle,0
Where should I stay to feel completely off the grid?,can_quebec_montreal_hotel_xixe_siecle,0
Where should I stay to feel completely off the grid?,can_montreal_novotel_montreal_center,0
Where should I stay to feel completely off the grid?,can_quebec_montreal_novotel_montreal_center,0
Where should I stay to feel completely off the grid?,can_montreal_ritz_carlton_montreal,0
Where should I stay to feel completely off the grid?,can_quebec_montreal_ritz_carlton_montreal,0
Where should I stay to feel completely off the grid?,can_montreal_holiday_inn_montreal_midtown,0
Where should I stay to feel completely off the grid?,can_quebec_montreal_holiday_inn_montreal_midtown,0
Where should I stay to feel completely off the grid?,can_montreal_embassy_suites_montreal,0
Where should I stay to feel completely off the grid?,can_quebec_montreal_embassy_suites_montreal,0
Where should I stay to feel completely off the grid?,can_montreal_opus_hotel_montreal,0
Where should I stay to feel completely off the grid?,can_quebec_montreal_opus_hotel_montreal,0
Where should I stay to feel completely off the grid?,can_quebec_montreal_auberge_bonaparte,0
Where should I stay to feel completely off the grid?,can_montreal_auberge_bonaparte,0
What are the best hotels for eco-conscious travelers?,can_montreal_le_square_phillips_hotel_suites,0
What are the best hotels for eco-conscious travelers?,can_quebec_montreal_le_square_phillips_hotel_suites,0
What are the best hotels for eco-conscious travelers?,can_montreal_sofitel_montreal,0
What are the best hotels for eco-conscious travelers?,can_quebec_montreal_sofitel_montreal,0
What are the best hotels for eco-conscious travelers?,can_montreal_hilton_montreal_bonaventure,0
What are the best hotels for eco-conscious travelers?,can_quebec_montreal_hilton_montreal_bonaventure,0
What are the best hotels for eco-conscious travelers?,can_quebec_montreal_residence_inn_by_marriott_montreal_downtown,0
What are the best hotels for eco-conscious travelers?,can_montreal_residence_inn_by_marriott_montreal_downtown,0
What are the best hotels for eco-conscious travelers?,can_quebec_montreal_loews_hotel_vogue,0
What are the best hotels for eco-conscious travelers?,can_montreal_loews_hotel_vogue,0
What are the best hotels for eco-conscious travelers?,can_quebec_montreal_hotel_omni_mont_royal,0
What are the best hotels for eco-conscious travelers?,can_montreal_hotel_omni_mont_royal,0
What are the best hotels for eco-conscious travelers?,can_quebec_montreal_le_place_d_armes_hotel_suites,0
What are the best hotels for eco-conscious travelers?,can_montreal_le_place_d_armes_hotel_suites,0
What are the best hotels for eco-conscious travelers?,can_quebec_montreal_hotel_gault,0
What are the best hotels for eco-conscious travelers?,can_montreal_hotel_gault,0
What are the best hotels for eco-conscious travelers?,can_montreal_le_cantlie_suites_hotel,0
What are the best hotels for eco-conscious travelers?,can_quebec_montreal_le_cantlie_suites_hotel,0
What are the best hotels for eco-conscious travelers?,can_montreal_hyatt_regency_montreal,0
What are the best hotels for eco-conscious travelers?,can_quebec_montreal_hyatt_regency_montreal,0
What are the best hotels for eco-conscious travelers?,can_montreal_chateau_de_l_argoat,0
What are the best hotels for eco-conscious travelers?,can_quebec_montreal_chateau_de_l_argoat,0
What are the best hotels for eco-conscious travelers?,can_quebec_montreal_hotel_du_fort,0
What are the best hotels for eco-conscious travelers?,can_montreal_hotel_du_fort,0
What are the best hotels for eco-conscious travelers?,can_montreal_marriott_chateau_champlain,0
What are the best hotels for eco-conscious travelers?,can_quebec_montreal_marriott_chateau_champlain,0
What are the best hotels for eco-conscious travelers?,can_quebec_montreal_hotel_nelligan,0
What are the best hotels for eco-conscious travelers?,can_montreal_hotel_nelligan,0
What are the best hotels for eco-conscious travelers?,can_quebec_montreal_sheraton_le_centre_montreal_hotel,0
What are the best hotels for eco-conscious travelers?,can_montreal_sheraton_le_centre_montreal_hotel,0
What are the best hotels for eco-conscious travelers?,can_quebec_montreal_delta_montreal_hotel,0
What are the best hotels for eco-conscious travelers?,can_montreal_delta_montreal_hotel,0
What are the best hotels for eco-conscious travelers?,can_quebec_montreal_intercontinental_montreal,0
What are the best hotels for eco-conscious travelers?,can_montreal_intercontinental_montreal,0
What are the best hotels for eco-conscious travelers?,can_quebec_montreal_holiday_inn_express_montreal_centre_ville,0
What are the best hotels for eco-conscious travelers?,can_montreal_holiday_inn_express_montreal_centre_ville,0
What are the best hotels for eco-conscious travelers?,can_montreal_le_saint_sulpice,0
What are the best hotels for eco-conscious travelers?,can_quebec_montreal_le_saint_sulpice,0
What are the best hotels for eco-conscious travelers?,can_montreal_w_montreal,0
What are the best hotels for eco-conscious travelers?,can_quebec_montreal_w_montreal,0
What are the best hotels for eco-conscious travelers?,can_quebec_montreal_springhill_suites_old_montreal,0
What are the best hotels for eco-conscious travelers?,can_montreal_springhill_suites_old_montreal,0
What are the best hotels for eco-conscious travelers?,can_montreal_hotel_xixe_siecle,0
What are the best hotels for eco-conscious travelers?,can_quebec_montreal_hotel_xixe_siecle,0
What are the best hotels for eco-conscious travelers?,can_montreal_fairmont_the_queen_elizabeth,0
What are the best hotels for eco-conscious travelers?,can_quebec_montreal_fairmont_the_queen_elizabeth,0
What are the best hotels for eco-conscious travelers?,can_montreal_delta_centre_ville,0
What are the best hotels for eco-conscious travelers?,can_quebec_montreal_delta_centre_ville,0
What are the best hotels for eco-conscious travelers?,can_montreal_embassy_suites_montreal,0
What are the best hotels for eco-conscious travelers?,can_quebec_montreal_embassy_suites_montreal,0
What are the best hotels for eco-conscious travelers?,can_quebec_montreal_auberge_du_vieux_port,0
What are the best hotels for eco-conscious travelers?,can_montreal_auberge_du_vieux_port,0
What are the best hotels for eco-conscious travelers?,can_montreal_novotel_montreal_center,0
What are the best hotels for eco-conscious travelers?,can_quebec_montreal_novotel_montreal_center,0
What are the best hotels for eco-conscious travelers?,can_quebec_montreal_hotel_st_paul,0
What are the best hotels for eco-conscious travelers?,can_montreal_hotel_st_paul,0
What are the best hotels for eco-conscious travelers?,can_montreal_holiday_inn_montreal_midtown,0
What are the best hotels for eco-conscious travelers?,can_quebec_montreal_holiday_inn_montreal_midtown,0
What are the best hotels for eco-conscious travelers?,can_montreal_opus_hotel_montreal,0
What are the best hotels for eco-conscious travelers?,can_quebec_montreal_opus_hotel_montreal,0
What are the best hotels for eco-conscious travelers?,can_montreal_ritz_carlton_montreal,0
What are the best hotels for eco-conscious travelers?,can_quebec_montreal_ritz_carlton_montreal,0
What are the best hotels for eco-conscious travelers?,can_quebec_montreal_auberge_bonaparte,0
What are the best hotels for eco-conscious travelers?,can_montreal_auberge_bonaparte,0
Suggest a hotel with therapeutic hot springs or thermal baths.,can_montreal_le_square_phillips_hotel_suites,0
Suggest a hotel with therapeutic hot springs or thermal baths.,can_quebec_montreal_le_square_phillips_hotel_suites,0
Suggest a hotel with therapeutic hot springs or thermal baths.,can_quebec_montreal_hotel_omni_mont_royal,2
Suggest a hotel with therapeutic hot springs or thermal baths.,can_montreal_hotel_omni_mont_royal,2
Suggest a hotel with therapeutic hot springs or thermal baths.,can_montreal_w_montreal,2
Suggest a hotel with therapeutic hot springs or thermal baths.,can_quebec_montreal_w_montreal,2
Suggest a hotel with therapeutic hot springs or thermal baths.,can_quebec_montreal_loews_hotel_vogue,0
Suggest a hotel with therapeutic hot springs or thermal baths.,can_montreal_loews_hotel_vogue,0
Suggest a hotel with therapeutic hot springs or thermal baths.,can_montreal_hilton_montreal_bonaventure,0
Suggest a hotel with therapeutic hot springs or thermal baths.,can_quebec_montreal_hilton_montreal_bonaventure,1
Suggest a hotel with therapeutic hot springs or thermal baths.,can_montreal_sofitel_montreal,0
Suggest a hotel with therapeutic hot springs or thermal baths.,can_quebec_montreal_sofitel_montreal,0
Suggest a hotel with therapeutic hot springs or thermal baths.,can_montreal_hyatt_regency_montreal,0
Suggest a hotel with therapeutic hot springs or thermal baths.,can_quebec_montreal_hyatt_regency_montreal,0
Suggest a hotel with therapeutic hot springs or thermal baths.,can_quebec_montreal_le_place_d_armes_hotel_suites,0
Suggest a hotel with therapeutic hot springs or thermal baths.,can_montreal_le_place_d_armes_hotel_suites,0
Suggest a hotel with therapeutic hot springs or thermal baths.,can_quebec_montreal_hotel_nelligan,0
Suggest a hotel with therapeutic hot springs or thermal baths.,can_montreal_hotel_nelligan,0
Suggest a hotel with therapeutic hot springs or thermal baths.,can_quebec_montreal_delta_montreal_hotel,0
Suggest a hotel with therapeutic hot springs or thermal baths.,can_montreal_delta_montreal_hotel,1
Suggest a hotel with therapeutic hot springs or thermal baths.,can_quebec_montreal_hotel_gault,0
Suggest a hotel with therapeutic hot springs or thermal baths.,can_montreal_hotel_gault,0
Suggest a hotel with therapeutic hot springs or thermal baths.,can_montreal_delta_centre_ville,0
Suggest a hotel with therapeutic hot springs or thermal baths.,can_quebec_montreal_delta_centre_ville,0
Suggest a hotel with therapeutic hot springs or thermal baths.,can_quebec_montreal_residence_inn_by_marriott_montreal_downtown,0
Suggest a hotel with therapeutic hot springs or thermal baths.,can_montreal_residence_inn_by_marriott_montreal_downtown,0
Suggest a hotel with therapeutic hot springs or thermal baths.,can_montreal_le_saint_sulpice,1
Suggest a hotel with therapeutic hot springs or thermal baths.,can_quebec_montreal_le_saint_sulpice,2
Suggest a hotel with therapeutic hot springs or thermal baths.,can_montreal_marriott_chateau_champlain,0
Suggest a hotel with therapeutic hot springs or thermal baths.,can_quebec_montreal_marriott_chateau_champlain,0
Suggest a hotel with therapeutic hot springs or thermal baths.,can_quebec_montreal_springhill_suites_old_montreal,0
Suggest a hotel with therapeutic hot springs or thermal baths.,can_montreal_springhill_suites_old_montreal,0
Suggest a hotel with therapeutic hot springs or thermal baths.,can_quebec_montreal_intercontinental_montreal,0
Suggest a hotel with therapeutic hot springs or thermal baths.,can_montreal_intercontinental_montreal,0
Suggest a hotel with therapeutic hot springs or thermal baths.,can_quebec_montreal_sheraton_le_centre_montreal_hotel,1
Suggest a hotel with therapeutic hot springs or thermal baths.,can_montreal_sheraton_le_centre_montreal_hotel,0
Suggest a hotel with therapeutic hot springs or thermal baths.,can_montreal_hotel_xixe_siecle,0
Suggest a hotel with therapeutic hot springs or thermal baths.,can_quebec_montreal_hotel_xixe_siecle,0
Suggest a hotel with therapeutic hot springs or thermal baths.,can_montreal_fairmont_the_queen_elizabeth,1
Suggest a hotel with therapeutic hot springs or thermal baths.,can_quebec_montreal_fairmont_the_queen_elizabeth,0
Suggest a hotel with therapeutic hot springs or thermal baths.,can_quebec_montreal_auberge_du_vieux_port,0
Suggest a hotel with therapeutic hot springs or thermal baths.,can_montreal_auberge_du_vieux_port,0
Suggest a hotel with therapeutic hot springs or thermal baths.,can_montreal_chateau_de_l_argoat,2
Suggest a hotel with therapeutic hot springs or thermal baths.,can_quebec_montreal_chateau_de_l_argoat,2
Suggest a hotel with therapeutic hot springs or thermal baths.,can_quebec_montreal_hotel_du_fort,0
Suggest a hotel with therapeutic hot springs or thermal baths.,can_montreal_hotel_du_fort,0
Suggest a hotel with therapeutic hot springs or thermal baths.,can_quebec_montreal_hotel_st_paul,0
Suggest a hotel with therapeutic hot springs or thermal baths.,can_montreal_hotel_st_paul,0
Suggest a hotel with therapeutic hot springs or thermal baths.,can_montreal_opus_hotel_montreal,0
Suggest a hotel with therapeutic hot springs or thermal baths.,can_quebec_montreal_opus_hotel_montreal,0
Suggest a hotel with therapeutic hot springs or thermal baths.,can_montreal_le_cantlie_suites_hotel,0
Suggest a hotel with therapeutic hot springs or thermal baths.,can_quebec_montreal_le_cantlie_suites_hotel,0
Suggest a hotel with therapeutic hot springs or thermal baths.,can_montreal_embassy_suites_montreal,1
Suggest a hotel with therapeutic hot springs or thermal baths.,can_quebec_montreal_embassy_suites_montreal,2
Suggest a hotel with therapeutic hot springs or thermal baths.,can_quebec_montreal_holiday_inn_express_montreal_centre_ville,0
Suggest a hotel with therapeutic hot springs or thermal baths.,can_montreal_holiday_inn_express_montreal_centre_ville,0
Suggest a hotel with therapeutic hot springs or thermal baths.,can_montreal_ritz_carlton_montreal,0
Suggest a hotel with therapeutic hot springs or thermal baths.,can_quebec_montreal_ritz_carlton_montreal,0
Suggest a hotel with therapeutic hot springs or thermal baths.,can_montreal_holiday_inn_montreal_midtown,0
Suggest a hotel with therapeutic hot springs or thermal baths.,can_quebec_montreal_holiday_inn_montreal_midtown,0
Suggest a hotel with therapeutic hot springs or thermal baths.,can_montreal_novotel_montreal_center,0
Suggest a hotel with therapeutic hot springs or thermal baths.,can_quebec_montreal_novotel_montreal_center,0
Suggest a hotel with therapeutic hot springs or thermal baths.,can_quebec_montreal_auberge_bonaparte,0
Suggest a hotel with therapeutic hot springs or thermal baths.,can_montreal_auberge_bonaparte,0
Where can I find a hotel that celebrates local festivals?,can_montreal_le_square_phillips_hotel_suites,2
Where can I find a hotel that celebrates local festivals?,can_quebec_montreal_le_square_phillips_hotel_suites,2
Where can I find a hotel that celebrates local festivals?,can_quebec_montreal_le_place_d_armes_hotel_suites,0
Where can I find a hotel that celebrates local festivals?,can_montreal_le_place_d_armes_hotel_suites,0
Where can I find a hotel that celebrates local festivals?,can_quebec_montreal_hotel_nelligan,1
Where can I find a hotel that celebrates local festivals?,can_montreal_hotel_nelligan,1
Where can I find a hotel that celebrates local festivals?,can_quebec_montreal_loews_hotel_vogue,0
Where can I find a hotel that celebrates local festivals?,can_montreal_loews_hotel_vogue,1
Where can I find a hotel that celebrates local festivals?,can_montreal_sofitel_montreal,0
Where can I find a hotel that celebrates local festivals?,can_quebec_montreal_sofitel_montreal,0
Where can I find a hotel that celebrates local festivals?,can_quebec_montreal_hotel_gault,0
Where can I find a hotel that celebrates local festivals?,can_montreal_hotel_gault,0
Where can I find a hotel that celebrates local festivals?,can_quebec_montreal_auberge_du_vieux_port,1
Where can I find a hotel that celebrates local festivals?,can_montreal_auberge_du_vieux_port,1
Where can I find a hotel that celebrates local festivals?,can_quebec_montreal_residence_inn_by_marriott_montreal_downtown,0
Where can I find a hotel that celebrates local festivals?,can_montreal_residence_inn_by_marriott_montreal_downtown,1
Where can I find a hotel that celebrates local festivals?,can_montreal_hyatt_regency_montreal,2
Where can I find a hotel that celebrates local festivals?,can_quebec_montreal_hyatt_regency_montreal,2
Where can I find a hotel that celebrates local festivals?,can_quebec_montreal_sheraton_le_centre_montreal_hotel,0
Where can I find a hotel that celebrates local festivals?,can_montreal_sheraton_le_centre_montreal_hotel,1
Where can I find a hotel that celebrates local festivals?,can_montreal_w_montreal,0
Where can I find a hotel that celebrates local festivals?,can_quebec_montreal_w_montreal,0
Where can I find a hotel that celebrates local festivals?,can_montreal_marriott_chateau_champlain,0
Where can I find a hotel that celebrates local festivals?,can_quebec_montreal_marriott_chateau_champlain,1
Where can I find a hotel that celebrates local festivals?,can_quebec_montreal_hotel_omni_mont_royal,0
Where can I find a hotel that celebrates local festivals?,can_montreal_hotel_omni_mont_royal,0
Where can I find a hotel that celebrates local festivals?,can_montreal_hotel_xixe_siecle,0
Where can I find a hotel that celebrates local festivals?,can_quebec_montreal_hotel_xixe_siecle,1
Where can I find a hotel that celebrates local festivals?,can_montreal_fairmont_the_queen_elizabeth,1
Where can I find a hotel that celebrates local festivals?,can_quebec_montreal_fairmont_the_queen_elizabeth,0
Where can I find a hotel that celebrates local festivals?,can_montreal_hilton_montreal_bonaventure,1
Where can I find a hotel that celebrates local festivals?,can_quebec_montreal_hilton_montreal_bonaventure,2
Where can I find a hotel that celebrates local festivals?,can_montreal_le_saint_sulpice,2
Where can I find a hotel that celebrates local festivals?,can_quebec_montreal_le_saint_sulpice,2
Where can I find a hotel that celebrates local festivals?,can_montreal_chateau_de_l_argoat,0
Where can I find a hotel that celebrates local festivals?,can_quebec_montreal_chateau_de_l_argoat,0
Where can I find a hotel that celebrates local festivals?,can_quebec_montreal_hotel_du_fort,1
Where can I find a hotel that celebrates local festivals?,can_montreal_hotel_du_fort,1
Where can I find a hotel that celebrates local festivals?,can_montreal_delta_centre_ville,0
Where can I find a hotel that celebrates local festivals?,can_quebec_montreal_delta_centre_ville,0
Where can I find a hotel that celebrates local festivals?,can_quebec_montreal_holiday_inn_express_montreal_centre_ville,0
Where can I find a hotel that celebrates local festivals?,can_montreal_holiday_inn_express_montreal_centre_ville,0
Where can I find a hotel that celebrates local festivals?,can_montreal_le_cantlie_suites_hotel,0
Where can I find a hotel that celebrates local festivals?,can_quebec_montreal_le_cantlie_suites_hotel,0
Where can I find a hotel that celebrates local festivals?,can_quebec_montreal_intercontinental_montreal,1
Where can I find a hotel that celebrates local festivals?,can_montreal_intercontinental_montreal,1
Where can I find a hotel that celebrates local festivals?,can_montreal_opus_hotel_montreal,1
Where can I find a hotel that celebrates local festivals?,can_quebec_montreal_opus_hotel_montreal,0
Where can I find a hotel that celebrates local festivals?,can_quebec_montreal_delta_montreal_hotel,0
Where can I find a hotel that celebrates local festivals?,can_montreal_delta_montreal_hotel,0
Where can I find a hotel that celebrates local festivals?,can_quebec_montreal_hotel_st_paul,1
Where can I find a hotel that celebrates local festivals?,can_montreal_hotel_st_paul,0
Where can I find a hotel that celebrates local festivals?,can_quebec_montreal_springhill_suites_old_montreal,1
Where can I find a hotel that celebrates local festivals?,can_montreal_springhill_suites_old_montreal,1
Where can I find a hotel that celebrates local festivals?,can_montreal_novotel_montreal_center,0
Where can I find a hotel that celebrates local festivals?,can_quebec_montreal_novotel_montreal_center,0
Where can I find a hotel that celebrates local festivals?,can_montreal_embassy_suites_montreal,0
Where can I find a hotel that celebrates local festivals?,can_quebec_montreal_embassy_suites_montreal,0
Where can I find a hotel that celebrates local festivals?,can_quebec_montreal_auberge_bonaparte,1
Where can I find a hotel that celebrates local festivals?,can_montreal_auberge_bonaparte,1
Where can I find a hotel that celebrates local festivals?,can_montreal_holiday_inn_montreal_midtown,0
Where can I find a hotel that celebrates local festivals?,can_quebec_montreal_holiday_inn_montreal_midtown,0
Where can I find a hotel that celebrates local festivals?,can_montreal_ritz_carlton_montreal,0
Where can I find a hotel that celebrates local festivals?,can_quebec_montreal_ritz_carlton_montreal,0
Recommend a hotel with exceptional gardens or landscaping.,can_montreal_le_square_phillips_hotel_suites,0
Recommend a hotel with exceptional gardens or landscaping.,can_quebec_montreal_le_square_phillips_hotel_suites,0
Recommend a hotel with exceptional gardens or landscaping.,can_montreal_hilton_montreal_bonaventure,3
Recommend a hotel with exceptional gardens or landscaping.,can_quebec_montreal_hilton_montreal_bonaventure,3
Recommend a hotel with exceptional gardens or landscaping.,can_quebec_montreal_loews_hotel_vogue,0
Recommend a hotel with exceptional gardens or landscaping.,can_montreal_loews_hotel_vogue,0
Recommend a hotel with exceptional gardens or landscaping.,can_montreal_sofitel_montreal,0
Recommend a hotel with exceptional gardens or landscaping.,can_quebec_montreal_sofitel_montreal,0
Recommend a hotel with exceptional gardens or landscaping.,can_quebec_montreal_le_place_d_armes_hotel_suites,0
Recommend a hotel with exceptional gardens or landscaping.,can_montreal_le_place_d_armes_hotel_suites,0
Recommend a hotel with exceptional gardens or landscaping.,can_quebec_montreal_residence_inn_by_marriott_montreal_downtown,0
Recommend a hotel with exceptional gardens or landscaping.,can_montreal_residence_inn_by_marriott_montreal_downtown,0
Recommend a hotel with exceptional gardens or landscaping.,can_quebec_montreal_hotel_gault,0
Recommend a hotel with exceptional gardens or landscaping.,can_montreal_hotel_gault,0
Recommend a hotel with exceptional gardens or landscaping.,can_quebec_montreal_hotel_nelligan,0
Recommend a hotel with exceptional gardens or landscaping.,can_montreal_hotel_nelligan,0
Recommend a hotel with exceptional gardens or landscaping.,can_montreal_w_montreal,0
Recommend a hotel with exceptional gardens or landscaping.,can_quebec_montreal_w_montreal,0
Recommend a hotel with exceptional gardens or landscaping.,can_montreal_marriott_chateau_champlain,0
Recommend a hotel with exceptional gardens or landscaping.,can_quebec_montreal_marriott_chateau_champlain,0
Recommend a hotel with exceptional gardens or landscaping.,can_quebec_montreal_hotel_omni_mont_royal,0
Recommend a hotel with exceptional gardens or landscaping.,can_montreal_hotel_omni_mont_royal,0
Recommend a hotel with exceptional gardens or landscaping.,can_quebec_montreal_sheraton_le_centre_montreal_hotel,0
Recommend a hotel with exceptional gardens or landscaping.,can_montreal_sheraton_le_centre_montreal_hotel,0
Recommend a hotel with exceptional gardens or landscaping.,can_montreal_hyatt_regency_montreal,0
Recommend a hotel with exceptional gardens or landscaping.,can_quebec_montreal_hyatt_regency_montreal,0
Recommend a hotel with exceptional gardens or landscaping.,can_quebec_montreal_auberge_du_vieux_port,0
Recommend a hotel with exceptional gardens or landscaping.,can_montreal_auberge_du_vieux_port,0
Recommend a hotel with exceptional gardens or landscaping.,can_montreal_le_saint_sulpice,2
Recommend a hotel with exceptional gardens or landscaping.,can_quebec_montreal_le_saint_sulpice,2
Recommend a hotel with exceptional gardens or landscaping.,can_montreal_le_cantlie_suites_hotel,0
Recommend a hotel with exceptional gardens or landscaping.,can_quebec_montreal_le_cantlie_suites_hotel,0
Recommend a hotel with exceptional gardens or landscaping.,can_montreal_hotel_xixe_siecle,0
Recommend a hotel with exceptional gardens or landscaping.,can_quebec_montreal_hotel_xixe_siecle,0
Recommend a hotel with exceptional gardens or landscaping.,can_montreal_fairmont_the_queen_elizabeth,0
Recommend a hotel with exceptional gardens or landscaping.,can_quebec_montreal_fairmont_the_queen_elizabeth,0
Recommend a hotel with exceptional gardens or landscaping.,can_quebec_montreal_springhill_suites_old_montreal,0
Recommend a hotel with exceptional gardens or landscaping.,can_montreal_springhill_suites_old_montreal,0
Recommend a hotel with exceptional gardens or landscaping.,can_quebec_montreal_delta_montreal_hotel,0
Recommend a hotel with exceptional gardens or landscaping.,can_montreal_delta_montreal_hotel,0
Recommend a hotel with exceptional gardens or landscaping.,can_montreal_embassy_suites_montreal,0
Recommend a hotel with exceptional gardens or landscaping.,can_quebec_montreal_embassy_suites_montreal,0
Recommend a hotel with exceptional gardens or landscaping.,can_quebec_montreal_hotel_du_fort,0
Recommend a hotel with exceptional gardens or landscaping.,can_montreal_hotel_du_fort,0
Recommend a hotel with exceptional gardens or landscaping.,can_quebec_montreal_intercontinental_montreal,0
Recommend a hotel with exceptional gardens or landscaping.,can_montreal_intercontinental_montreal,0
Recommend a hotel with exceptional gardens or landscaping.,can_quebec_montreal_hotel_st_paul,0
Recommend a hotel with exceptional gardens or landscaping.,can_montreal_hotel_st_paul,0
Recommend a hotel with exceptional gardens or landscaping.,can_montreal_delta_centre_ville,0
Recommend a hotel with exceptional gardens or landscaping.,can_quebec_montreal_delta_centre_ville,0
Recommend a hotel with exceptional gardens or landscaping.,can_quebec_montreal_holiday_inn_express_montreal_centre_ville,0
Recommend a hotel with exceptional gardens or landscaping.,can_montreal_holiday_inn_express_montreal_centre_ville,0
Recommend a hotel with exceptional gardens or landscaping.,can_montreal_chateau_de_l_argoat,0
Recommend a hotel with exceptional gardens or landscaping.,can_quebec_montreal_chateau_de_l_argoat,0
Recommend a hotel with exceptional gardens or landscaping.,can_montreal_opus_hotel_montreal,0
Recommend a hotel with exceptional gardens or landscaping.,can_quebec_montreal_opus_hotel_montreal,0
Recommend a hotel with exceptional gardens or landscaping.,can_montreal_ritz_carlton_montreal,2
Recommend a hotel with exceptional gardens or landscaping.,can_quebec_montreal_ritz_carlton_montreal,2
Recommend a hotel with exceptional gardens or landscaping.,can_montreal_holiday_inn_montreal_midtown,0
Recommend a hotel with exceptional gardens or landscaping.,can_quebec_montreal_holiday_inn_montreal_midtown,0
Recommend a hotel with exceptional gardens or landscaping.,can_montreal_novotel_montreal_center,0
Recommend a hotel with exceptional gardens or landscaping.,can_quebec_montreal_novotel_montreal_center,0
Recommend a hotel with exceptional gardens or landscaping.,can_quebec_montreal_auberge_bonaparte,1
Recommend a hotel with exceptional gardens or landscaping.,can_montreal_auberge_bonaparte,1
Where should I stay for the best value during shoulder season?,can_montreal_le_square_phillips_hotel_suites,3
Where should I stay for the best value during shoulder season?,can_quebec_montreal_le_square_phillips_hotel_suites,3
Where should I stay for the best value during shoulder season?,can_montreal_marriott_chateau_champlain,2
Where should I stay for the best value during shoulder season?,can_quebec_montreal_marriott_chateau_champlain,2
Where should I stay for the best value during shoulder season?,can_quebec_montreal_hotel_omni_mont_royal,2
Where should I stay for the best value during shoulder season?,can_montreal_hotel_omni_mont_royal,2
Where should I stay for the best value during shoulder season?,can_montreal_hilton_montreal_bonaventure,2
Where should I stay for the best value during shoulder season?,can_quebec_montreal_hilton_montreal_bonaventure,2
Where should I stay for the best value during shoulder season?,can_quebec_montreal_residence_inn_by_marriott_montreal_downtown,2
Where should I stay for the best value during shoulder season?,can_montreal_residence_inn_by_marriott_montreal_downtown,2
Where should I stay for the best value during shoulder season?,can_quebec_montreal_sheraton_le_centre_montreal_hotel,2
Where should I stay for the best value during shoulder season?,can_montreal_sheraton_le_centre_montreal_hotel,2
Where should I stay for the best value during shoulder season?,can_montreal_hyatt_regency_montreal,2
Where should I stay for the best value during shoulder season?,can_quebec_montreal_hyatt_regency_montreal,2
Where should I stay for the best value during shoulder season?,can_montreal_fairmont_the_queen_elizabeth,2
Where should I stay for the best value during shoulder season?,can_quebec_montreal_fairmont_the_queen_elizabeth,2
Where should I stay for the best value during shoulder season?,can_quebec_montreal_le_place_d_armes_hotel_suites,3
Where should I stay for the best value during shoulder season?,can_montreal_le_place_d_armes_hotel_suites,3
Where should I stay for the best value during shoulder season?,can_quebec_montreal_delta_montreal_hotel,2
Where should I stay for the best value during shoulder season?,can_montreal_delta_montreal_hotel,2
Where should I stay for the best value during shoulder season?,can_quebec_montreal_hotel_du_fort,2
Where should I stay for the best value during shoulder season?,can_montreal_hotel_du_fort,2
Where should I stay for the best value during shoulder season?,can_quebec_montreal_loews_hotel_vogue,2
Where should I stay for the best value during shoulder season?,can_montreal_loews_hotel_vogue,2
Where should I stay for the best value during shoulder season?,can_quebec_montreal_hotel_gault,2
Where should I stay for the best value during shoulder season?,can_montreal_hotel_gault,3
Where should I stay for the best value during shoulder season?,can_montreal_sofitel_montreal,2
Where should I stay for the best value during shoulder season?,can_quebec_montreal_sofitel_montreal,2
Where should I stay for the best value during shoulder season?,can_quebec_montreal_springhill_suites_old_montreal,3
Where should I stay for the best value during shoulder season?,can_montreal_springhill_suites_old_montreal,3
Where should I stay for the best value during shoulder season?,can_montreal_delta_centre_ville,2
Where should I stay for the best value during shoulder season?,can_quebec_montreal_delta_centre_ville,2
Where should I stay for the best value during shoulder season?,can_montreal_w_montreal,1
Where should I stay for the best value during shoulder season?,can_quebec_montreal_w_montreal,1
Where should I stay for the best value during shoulder season?,can_quebec_montreal_intercontinental_montreal,2
Where should I stay for the best value during shoulder season?,can_montreal_intercontinental_montreal,2
Where should I stay for the best value during shoulder season?,can_montreal_le_cantlie_suites_hotel,2
Where should I stay for the best value during shoulder season?,can_quebec_montreal_le_cantlie_suites_hotel,2
Where should I stay for the best value during shoulder season?,can_quebec_montreal_hotel_nelligan,3
Where should I stay for the best value during shoulder season?,can_montreal_hotel_nelligan,3
Where should I stay for the best value during shoulder season?,can_montreal_chateau_de_l_argoat,3
Where should I stay for the best value during shoulder season?,can_quebec_montreal_chateau_de_l_argoat,3
Where should I stay for the best value during shoulder season?,can_montreal_le_saint_sulpice,2
Where should I stay for the best value during shoulder season?,can_quebec_montreal_le_saint_sulpice,2
Where should I stay for the best value during shoulder season?,can_quebec_montreal_auberge_du_vieux_port,2
Where should I stay for the best value during shoulder season?,can_montreal_auberge_du_vieux_port,2
Where should I stay for the best value during shoulder season?,can_quebec_montreal_holiday_inn_express_montreal_centre_ville,3
Where should I stay for the best value during shoulder season?,can_montreal_holiday_inn_express_montreal_centre_ville,3
Where should I stay for the best value during shoulder season?,can_montreal_hotel_xixe_siecle,2
Where should I stay for the best value during shoulder season?,can_quebec_montreal_hotel_xixe_siecle,2
Where should I stay for the best value during shoulder season?,can_quebec_montreal_hotel_st_paul,2
Where should I stay for the best value during shoulder season?,can_montreal_hotel_st_paul,2
Where should I stay for the best value during shoulder season?,can_montreal_novotel_montreal_center,2
Where should I stay for the best value during shoulder season?,can_quebec_montreal_novotel_montreal_center,3
Where should I stay for the best value during shoulder season?,can_montreal_holiday_inn_montreal_midtown,2
Where should I stay for the best value during shoulder season?,can_quebec_montreal_holiday_inn_montreal_midtown,2
Where should I stay for the best value during shoulder season?,can_montreal_opus_hotel_montreal,2
Where should I stay for the best value during shoulder season?,can_quebec_montreal_opus_hotel_montreal,2
Where should I stay for the best value during shoulder season?,can_montreal_ritz_carlton_montreal,2
Where should I stay for the best value during shoulder season?,can_quebec_montreal_ritz_carlton_montreal,2
Where should I stay for the best value during shoulder season?,can_quebec_montreal_embassy_suites_montreal,3
Where should I stay for the best value during shoulder season?,can_montreal_embassy_suites_montreal,3
Where should I stay for the best value during shoulder season?,can_quebec_montreal_auberge_bonaparte,3
Where should I stay for the best value during shoulder season?,can_montreal_auberge_bonaparte,3
What hotels have the most interesting history?,can_montreal_le_square_phillips_hotel_suites,0
What hotels have the most interesting history?,can_quebec_montreal_le_square_phillips_hotel_suites,0
What hotels have the most interesting history?,can_quebec_montreal_hotel_gault,2
What hotels have the most interesting history?,can_montreal_hotel_gault,0
What hotels have the most interesting history?,can_quebec_montreal_loews_hotel_vogue,0
What hotels have the most interesting history?,can_montreal_loews_hotel_vogue,0
What hotels have the most interesting history?,can_quebec_montreal_hotel_nelligan,3
What hotels have the most interesting history?,can_montreal_hotel_nelligan,3
What hotels have the most interesting history?,can_quebec_montreal_le_place_d_armes_hotel_suites,2
What hotels have the most interesting history?,can_montreal_le_place_d_armes_hotel_suites,2
What hotels have the most interesting history?,can_montreal_sofitel_montreal,0
What hotels have the most interesting history?,can_quebec_montreal_sofitel_montreal,0
What hotels have the most interesting history?,can_montreal_w_montreal,0
What hotels have the most interesting history?,can_quebec_montreal_w_montreal,0
What hotels have the most interesting history?,can_quebec_montreal_auberge_du_vieux_port,3
What hotels have the most interesting history?,can_montreal_auberge_du_vieux_port,2
What hotels have the most interesting history?,can_montreal_hilton_montreal_bonaventure,1
What hotels have the most interesting history?,can_quebec_montreal_hilton_montreal_bonaventure,1
What hotels have the most interesting history?,can_quebec_montreal_sheraton_le_centre_montreal_hotel,0
What hotels have the most interesting history?,can_montreal_sheraton_le_centre_montreal_hotel,1
What hotels have the most interesting history?,can_montreal_hotel_xixe_siecle,3
What hotels have the most interesting history?,can_quebec_montreal_hotel_xixe_siecle,3
What hotels have the most interesting history?,can_montreal_marriott_chateau_champlain,2
What hotels have the most interesting history?,can_quebec_montreal_marriott_chateau_champlain,2
What hotels have the most interesting history?,can_montreal_le_saint_sulpice,2
What hotels have the most interesting history?,can_quebec_montreal_le_saint_sulpice,2
What hotels have the most interesting history?,can_quebec_montreal_hotel_omni_mont_royal,1
What hotels have the most interesting history?,can_montreal_hotel_omni_mont_royal,1
What hotels have the most interesting history?,can_montreal_fairmont_the_queen_elizabeth,3
What hotels have the most interesting history?,can_quebec_montreal_fairmont_the_queen_elizabeth,3
What hotels have the most interesting history?,can_montreal_ritz_carlton_montreal,3
What hotels have the most interesting history?,can_quebec_montreal_ritz_carlton_montreal,3
What hotels have the most interesting history?,can_montreal_opus_hotel_montreal,1
What hotels have the most interesting history?,can_quebec_montreal_opus_hotel_montreal,1
What hotels have the most interesting history?,can_quebec_montreal_residence_inn_by_marriott_montreal_downtown,0
What hotels have the most interesting history?,can_montreal_residence_inn_by_marriott_montreal_downtown,0
What hotels have the most interesting history?,can_montreal_hyatt_regency_montreal,0
What hotels have the most interesting history?,can_quebec_montreal_hyatt_regency_montreal,0
What hotels have the most interesting history?,can_quebec_montreal_hotel_st_paul,3
What hotels have the most interesting history?,can_montreal_hotel_st_paul,2
What hotels have the most interesting history?,can_montreal_le_cantlie_suites_hotel,1
What hotels have the most interesting history?,can_quebec_montreal_le_cantlie_suites_hotel,1
What hotels have the most interesting history?,can_montreal_chateau_de_l_argoat,2
What hotels have the most interesting history?,can_quebec_montreal_chateau_de_l_argoat,1
What hotels have the most interesting history?,can_quebec_montreal_intercontinental_montreal,2
What hotels have the most interesting history?,can_montreal_intercontinental_montreal,1
What hotels have the most interesting history?,can_montreal_embassy_suites_montreal,0
What hotels have the most interesting history?,can_quebec_montreal_embassy_suites_montreal,1
What hotels have the most interesting history?,can_quebec_montreal_hotel_du_fort,0
What hotels have the most interesting history?,can_montreal_hotel_du_fort,0
What hotels have the most interesting history?,can_montreal_delta_centre_ville,0
What hotels have the most interesting history?,can_quebec_montreal_delta_centre_ville,0
What hotels have the most interesting history?,can_quebec_montreal_auberge_bonaparte,2
What hotels have the most interesting history?,can_montreal_auberge_bonaparte,2
What hotels have the most interesting history?,can_quebec_montreal_delta_montreal_hotel,1
What hotels have the most interesting history?,can_montreal_delta_montreal_hotel,0
What hotels have the most interesting history?,can_quebec_montreal_springhill_suites_old_montreal,2
What hotels have the most interesting history?,can_montreal_springhill_suites_old_montreal,2
What hotels have the most interesting history?,can_montreal_novotel_montreal_center,0
What hotels have the most interesting history?,can_quebec_montreal_novotel_montreal_center,0
What hotels have the most interesting history?,can_quebec_montreal_holiday_inn_express_montreal_centre_ville,0
What hotels have the most interesting history?,can_montreal_holiday_inn_express_montreal_centre_ville,0
What hotels have the most interesting history?,can_montreal_holiday_inn_montreal_midtown,0
What hotels have the most interesting history?,can_quebec_montreal_holiday_inn_montreal_midtown,0
Suggest a hotel with exceptional coffee culture.,can_quebec_montreal_loews_hotel_vogue,1
Suggest a hotel with exceptional coffee culture.,can_montreal_loews_hotel_vogue,1
Suggest a hotel with exceptional coffee culture.,can_montreal_le_square_phillips_hotel_suites,2
Suggest a hotel with exceptional coffee culture.,can_quebec_montreal_le_square_phillips_hotel_suites,2
Suggest a hotel with exceptional coffee culture.,can_montreal_sofitel_montreal,1
Suggest a hotel with exceptional coffee culture.,can_quebec_montreal_sofitel_montreal,1
Suggest a hotel with exceptional coffee culture.,can_montreal_w_montreal,1
Suggest a hotel with exceptional coffee culture.,can_quebec_montreal_w_montreal,2
Suggest a hotel with exceptional coffee culture.,can_montreal_residence_inn_by_marriott_montreal_downtown,1
Suggest a hotel with exceptional coffee culture.,can_quebec_montreal_residence_inn_by_marriott_montreal_downtown,1
Suggest a hotel with exceptional coffee culture.,can_quebec_montreal_le_place_d_armes_hotel_suites,0
Suggest a hotel with exceptional coffee culture.,can_montreal_le_place_d_armes_hotel_suites,1
Suggest a hotel with exceptional coffee culture.,can_quebec_montreal_hotel_du_fort,0
Suggest a hotel with exceptional coffee culture.,can_montreal_hotel_du_fort,1
Suggest a hotel with exceptional coffee culture.,can_quebec_montreal_intercontinental_montreal,0
Suggest a hotel with exceptional coffee culture.,can_montreal_intercontinental_montreal,1
Suggest a hotel with exceptional coffee culture.,can_quebec_montreal_hotel_nelligan,2
Suggest a hotel with exceptional coffee culture.,can_montreal_hotel_nelligan,2
Suggest a hotel with exceptional coffee culture.,can_quebec_montreal_hotel_omni_mont_royal,1
Suggest a hotel with exceptional coffee culture.,can_montreal_hotel_omni_mont_royal,1
Suggest a hotel with exceptional coffee culture.,can_montreal_fairmont_the_queen_elizabeth,1
Suggest a hotel with exceptional coffee culture.,can_quebec_montreal_fairmont_the_queen_elizabeth,2
Suggest a hotel with exceptional coffee culture.,can_montreal_opus_hotel_montreal,1
Suggest a hotel with exceptional coffee culture.,can_quebec_montreal_opus_hotel_montreal,0
Suggest a hotel with exceptional coffee culture.,can_montreal_chateau_de_l_argoat,2
Suggest a hotel with exceptional coffee culture.,can_quebec_montreal_chateau_de_l_argoat,2
Suggest a hotel with exceptional coffee culture.,can_quebec_montreal_holiday_inn_express_montreal_centre_ville,0
Suggest a hotel with exceptional coffee culture.,can_montreal_holiday_inn_express_montreal_centre_ville,0
Suggest a hotel with exceptional coffee culture.,can_quebec_montreal_hotel_gault,2
Suggest a hotel with exceptional coffee culture.,can_montreal_hotel_gault,2
Suggest a hotel with exceptional coffee culture.,can_montreal_marriott_chateau_champlain,0
Suggest a hotel with exceptional coffee culture.,can_quebec_montreal_marriott_chateau_champlain,0
Suggest a hotel with exceptional coffee culture.,can_montreal_hyatt_regency_montreal,1
Suggest a hotel with exceptional coffee culture.,can_quebec_montreal_hyatt_regency_montreal,1
Suggest a hotel with exceptional coffee culture.,can_montreal_embassy_suites_montreal,0
Suggest a hotel with exceptional coffee culture.,can_montreal_hilton_montreal_bonaventure,0
Suggest a hotel with exceptional coffee culture.,can_quebec_montreal_hilton_montreal_bonaventure,0
Suggest a hotel with exceptional coffee culture.,can_montreal_le_saint_sulpice,0
Suggest a hotel with exceptional coffee culture.,can_quebec_montreal_le_saint_sulpice,0
Suggest a hotel with exceptional coffee culture.,can_montreal_hotel_xixe_siecle,0
Suggest a hotel with exceptional coffee culture.,can_quebec_montreal_hotel_xixe_siecle,0
Suggest a hotel with exceptional coffee culture.,can_quebec_montreal_embassy_suites_montreal,0
Suggest a hotel with exceptional coffee culture.,can_quebec_montreal_sheraton_le_centre_montreal_hotel,1
Suggest a hotel with exceptional coffee culture.,can_montreal_sheraton_le_centre_montreal_hotel,1
Suggest a hotel with exceptional coffee culture.,can_quebec_montreal_delta_montreal_hotel,0
Suggest a hotel with exceptional coffee culture.,can_montreal_delta_montreal_hotel,0
Suggest a hotel with exceptional coffee culture.,can_quebec_montreal_hotel_st_paul,0
Suggest a hotel with exceptional coffee culture.,can_montreal_hotel_st_paul,0
Suggest a hotel with exceptional coffee culture.,can_montreal_delta_centre_ville,0
Suggest a hotel with exceptional coffee culture.,can_quebec_montreal_delta_centre_ville,1
Suggest a hotel with exceptional coffee culture.,can_quebec_montreal_auberge_du_vieux_port,0
Suggest a hotel with exceptional coffee culture.,can_montreal_auberge_du_vieux_port,1
Suggest a hotel with exceptional coffee culture.,can_montreal_le_cantlie_suites_hotel,2
Suggest a hotel with exceptional coffee culture.,can_quebec_montreal_le_cantlie_suites_hotel,2
Suggest a hotel with exceptional coffee culture.,can_quebec_montreal_springhill_suites_old_montreal,0
Suggest a hotel with exceptional coffee culture.,can_montreal_springhill_suites_old_montreal,0
Suggest a hotel with exceptional coffee culture.,can_montreal_novotel_montreal_center,0
Suggest a hotel with exceptional coffee culture.,can_quebec_montreal_novotel_montreal_center,0
Suggest a hotel with exceptional coffee culture.,can_montreal_ritz_carlton_montreal,2
Suggest a hotel with exceptional coffee culture.,can_quebec_montreal_ritz_carlton_montreal,2
Suggest a hotel with exceptional coffee culture.,can_montreal_holiday_inn_montreal_midtown,0
Suggest a hotel with exceptional coffee culture.,can_quebec_montreal_holiday_inn_montreal_midtown,0
Suggest a hotel with exceptional coffee culture.,can_quebec_montreal_auberge_bonaparte,2
Suggest a hotel with exceptional coffee culture.,can_montreal_auberge_bonaparte,3
Where can I stay that balances modern and traditional elements?,can_quebec_montreal_hotel_gault,3
Where can I stay that balances modern and traditional elements?,can_montreal_hotel_gault,3
Where can I stay that balances modern and traditional elements?,can_quebec_montreal_le_place_d_armes_hotel_suites,3
Where can I stay that balances modern and traditional elements?,can_montreal_le_place_d_armes_hotel_suites,3
Where can I stay that balances modern and traditional elements?,can_quebec_montreal_hotel_nelligan,3
Where can I stay that balances modern and traditional elements?,can_montreal_hotel_nelligan,3
Where can I stay that balances modern and traditional elements?,can_quebec_montreal_loews_hotel_vogue,3
Where can I stay that balances modern and traditional elements?,can_montreal_loews_hotel_vogue,2
Where can I stay that balances modern and traditional elements?,can_montreal_w_montreal,3
Where can I stay that balances modern and traditional elements?,can_quebec_montreal_w_montreal,3
Where can I stay that balances modern and traditional elements?,can_montreal_le_square_phillips_hotel_suites,2
Where can I stay that balances modern and traditional elements?,can_quebec_montreal_le_square_phillips_hotel_suites,2
Where can I stay that balances modern and traditional elements?,can_montreal_sofitel_montreal,2
Where can I stay that balances modern and traditional elements?,can_quebec_montreal_sofitel_montreal,3
Where can I stay that balances modern and traditional elements?,can_quebec_montreal_hotel_st_paul,3
Where can I stay that balances modern and traditional elements?,can_montreal_hotel_st_paul,3
Where can I stay that balances modern and traditional elements?,can_quebec_montreal_auberge_du_vieux_port,3
Where can I stay that balances modern and traditional elements?,can_montreal_auberge_du_vieux_port,3
Where can I stay that balances modern and traditional elements?,can_montreal_residence_inn_by_marriott_montreal_downtown,2
Where can I stay that balances modern and traditional elements?,can_quebec_montreal_residence_inn_by_marriott_montreal_downtown,2
Where can I stay that balances modern and traditional elements?,can_montreal_le_saint_sulpice,3
Where can I stay that balances modern and traditional elements?,can_quebec_montreal_le_saint_sulpice,3
Where can I stay that balances modern and traditional elements?,can_montreal_hotel_xixe_siecle,3
Where can I stay that balances modern and traditional elements?,can_quebec_montreal_hotel_xixe_siecle,3
Where can I stay that balances modern and traditional elements?,can_montreal_opus_hotel_montreal,3
Where can I stay that balances modern and traditional elements?,can_quebec_montreal_opus_hotel_montreal,2
Where can I stay that balances modern and traditional elements?,can_montreal_hilton_montreal_bonaventure,2
Where can I stay that balances modern and traditional elements?,can_quebec_montreal_hilton_montreal_bonaventure,2
Where can I stay that balances modern and traditional elements?,can_montreal_marriott_chateau_champlain,2
Where can I stay that balances modern and traditional elements?,can_quebec_montreal_marriott_chateau_champlain,2
Where can I stay that balances modern and traditional elements?,can_quebec_montreal_sheraton_le_centre_montreal_hotel,1
Where can I stay that balances modern and traditional elements?,can_montreal_sheraton_le_centre_montreal_hotel,2
Where can I stay that balances modern and traditional elements?,can_montreal_hyatt_regency_montreal,2
Where can I stay that balances modern and traditional elements?,can_quebec_montreal_hyatt_regency_montreal,2
Where can I stay that balances modern and traditional elements?,can_quebec_montreal_hotel_omni_mont_royal,2
Where can I stay that balances modern and traditional elements?,can_montreal_hotel_omni_mont_royal,2
Where can I stay that balances modern and traditional elements?,can_montreal_fairmont_the_queen_elizabeth,2
Where can I stay that balances modern and traditional elements?,can_quebec_montreal_fairmont_the_queen_elizabeth,2
Where can I stay that balances modern and traditional elements?,can_montreal_ritz_carlton_montreal,2
Where can I stay that balances modern and traditional elements?,can_quebec_montreal_ritz_carlton_montreal,2
Where can I stay that balances modern and traditional elements?,can_montreal_embassy_suites_montreal,2
Where can I stay that balances modern and traditional elements?,can_quebec_montreal_embassy_suites_montreal,2
Where can I stay that balances modern and traditional elements?,can_quebec_montreal_intercontinental_montreal,2
Where can I stay that balances modern and traditional elements?,can_montreal_intercontinental_montreal,2
Where can I stay that balances modern and traditional elements?,can_montreal_chateau_de_l_argoat,2
Where can I stay that balances modern and traditional elements?,can_quebec_montreal_chateau_de_l_argoat,2
Where can I stay that balances modern and traditional elements?,can_quebec_montreal_hotel_du_fort,2
Where can I stay that balances modern and traditional elements?,can_montreal_hotel_du_fort,1
Where can I stay that balances modern and traditional elements?,can_montreal_le_cantlie_suites_hotel,2
Where can I stay that balances modern and traditional elements?,can_quebec_montreal_le_cantlie_suites_hotel,1
Where can I stay that balances modern and traditional elements?,can_quebec_montreal_springhill_suites_old_montreal,2
Where can I stay that balances modern and traditional elements?,can_montreal_springhill_suites_old_montreal,2
Where can I stay that balances modern and traditional elements?,can_quebec_montreal_auberge_bonaparte,3
Where can I stay that balances modern and traditional elements?,can_montreal_auberge_bonaparte,3
Where can I stay that balances modern and traditional elements?,can_quebec_montreal_holiday_inn_express_montreal_centre_ville,1
Where can I stay that balances modern and traditional elements?,can_montreal_holiday_inn_express_montreal_centre_ville,1
Where can I stay that balances modern and traditional elements?,can_montreal_delta_centre_ville,2
Where can I stay that balances modern and traditional elements?,can_quebec_montreal_delta_centre_ville,2
Where can I stay that balances modern and traditional elements?,can_quebec_montreal_delta_montreal_hotel,1
Where can I stay that balances modern and traditional elements?,can_montreal_delta_montreal_hotel,1
Where can I stay that balances modern and traditional elements?,can_montreal_novotel_montreal_center,2
Where can I stay that balances modern and traditional elements?,can_quebec_montreal_novotel_montreal_center,2
Where can I stay that balances modern and traditional elements?,can_montreal_holiday_inn_montreal_midtown,1
Where can I stay that balances modern and traditional elements?,can_quebec_montreal_holiday_inn_montreal_midtown,2
"Recommend a hotel that feels like a community, not just a place to sleep.",can_montreal_le_square_phillips_hotel_suites,1
"Recommend a hotel that feels like a community, not just a place to sleep.",can_quebec_montreal_le_square_phillips_hotel_suites,2
"Recommend a hotel that feels like a community, not just a place to sleep.",can_quebec_montreal_loews_hotel_vogue,1
"Recommend a hotel that feels like a community, not just a place to sleep.",can_montreal_loews_hotel_vogue,2
"Recommend a hotel that feels like a community, not just a place to sleep.",can_quebec_montreal_hotel_nelligan,3
"Recommend a hotel that feels like a community, not just a place to sleep.",can_montreal_hotel_nelligan,3
"Recommend a hotel that feels like a community, not just a place to sleep.",can_montreal_sofitel_montreal,1
"Recommend a hotel that feels like a community, not just a place to sleep.",can_quebec_montreal_sofitel_montreal,1
"Recommend a hotel that feels like a community, not just a place to sleep.",can_quebec_montreal_residence_inn_by_marriott_montreal_downtown,3
"Recommend a hotel that feels like a community, not just a place to sleep.",can_montreal_residence_inn_by_marriott_montreal_downtown,3
"Recommend a hotel that feels like a community, not just a place to sleep.",can_quebec_montreal_le_place_d_armes_hotel_suites,2
"Recommend a hotel that feels like a community, not just a place to sleep.",can_montreal_le_place_d_armes_hotel_suites,2
"Recommend a hotel that feels like a community, not just a place to sleep.",can_quebec_montreal_hotel_gault,3
"Recommend a hotel that feels like a community, not just a place to sleep.",can_montreal_hotel_gault,3
"Recommend a hotel that feels like a community, not just a place to sleep.",can_montreal_w_montreal,2
"Recommend a hotel that feels like a community, not just a place to sleep.",can_quebec_montreal_w_montreal,1
"Recommend a hotel that feels like a community, not just a place to sleep.",can_montreal_hilton_montreal_bonaventure,2
"Recommend a hotel that feels like a community, not just a place to sleep.",can_quebec_montreal_hilton_montreal_bonaventure,2
"Recommend a hotel that feels like a community, not just a place to sleep.",can_quebec_montreal_auberge_du_vieux_port,3
"Recommend a hotel that feels like a community, not just a place to sleep.",can_montreal_auberge_du_vieux_port,3
"Recommend a hotel that feels like a community, not just a place to sleep.",can_quebec_montreal_sheraton_le_centre_montreal_hotel,1
"Recommend a hotel that feels like a community, not just a place to sleep.",can_montreal_sheraton_le_centre_montreal_hotel,1
"Recommend a hotel that feels like a community, not just a place to sleep.",can_montreal_delta_centre_ville,1
"Recommend a hotel that feels like a community, not just a place to sleep.",can_quebec_montreal_delta_centre_ville,1
"Recommend a hotel that feels like a community, not just a place to sleep.",can_montreal_marriott_chateau_champlain,1
"Recommend a hotel that feels like a community, not just a place to sleep.",can_quebec_montreal_marriott_chateau_champlain,1
"Recommend a hotel that feels like a community, not just a place to sleep.",can_montreal_hotel_xixe_siecle,2
"Recommend a hotel that feels like a community, not just a place to sleep.",can_quebec_montreal_hotel_xixe_siecle,2
"Recommend a hotel that feels like a community, not just a place to sleep.",can_quebec_montreal_delta_montreal_hotel,1
"Recommend a hotel that feels like a community, not just a place to sleep.",can_montreal_delta_montreal_hotel,2
"Recommend a hotel that feels like a community, not just a place to sleep.",can_montreal_hyatt_regency_montreal,1
"Recommend a hotel that feels like a community, not just a place to sleep.",can_quebec_montreal_hyatt_regency_montreal,1
"Recommend a hotel that feels like a community, not just a place to sleep.",can_quebec_montreal_hotel_omni_mont_royal,1
"Recommend a hotel that feels like a community, not just a place to sleep.",can_montreal_hotel_omni_mont_royal,2
"Recommend a hotel that feels like a community, not just a place to sleep.",can_montreal_le_saint_sulpice,2
"Recommend a hotel that feels like a community, not just a place to sleep.",can_quebec_montreal_le_saint_sulpice,2
"Recommend a hotel that feels like a community, not just a place to sleep.",can_quebec_montreal_hotel_st_paul,2
"Recommend a hotel that feels like a community, not just a place to sleep.",can_montreal_hotel_st_paul,2
"Recommend a hotel that feels like a community, not just a place to sleep.",can_montreal_opus_hotel_montreal,1
"Recommend a hotel that feels like a community, not just a place to sleep.",can_quebec_montreal_opus_hotel_montreal,1
"Recommend a hotel that feels like a community, not just a place to sleep.",can_quebec_montreal_hotel_du_fort,1
"Recommend a hotel that feels like a community, not just a place to sleep.",can_montreal_hotel_du_fort,1
"Recommend a hotel that feels like a community, not just a place to sleep.",can_montreal_le_cantlie_suites_hotel,1
"Recommend a hotel that feels like a community, not just a place to sleep.",can_quebec_montreal_le_cantlie_suites_hotel,1
"Recommend a hotel that feels like a community, not just a place to sleep.",can_montreal_fairmont_the_queen_elizabeth,1
"Recommend a hotel that feels like a community, not just a place to sleep.",can_quebec_montreal_fairmont_the_queen_elizabeth,1
"Recommend a hotel that feels like a community, not just a place to sleep.",can_montreal_chateau_de_l_argoat,3
"Recommend a hotel that feels like a community, not just a place to sleep.",can_quebec_montreal_chateau_de_l_argoat,2
"Recommend a hotel that feels like a community, not just a place to sleep.",can_quebec_montreal_intercontinental_montreal,1
"Recommend a hotel that feels like a community, not just a place to sleep.",can_montreal_intercontinental_montreal,0
"Recommend a hotel that feels like a community, not just a place to sleep.",can_quebec_montreal_springhill_suites_old_montreal,1
"Recommend a hotel that feels like a community, not just a place to sleep.",can_montreal_springhill_suites_old_montreal,1
"Recommend a hotel that feels like a community, not just a place to sleep.",can_quebec_montreal_holiday_inn_express_montreal_centre_ville,0
"Recommend a hotel that feels like a community, not just a place to sleep.",can_montreal_holiday_inn_express_montreal_centre_ville,0
"Recommend a hotel that feels like a community, not just a place to sleep.",can_montreal_embassy_suites_montreal,2
"Recommend a hotel that feels like a community, not just a place to sleep.",can_quebec_montreal_embassy_suites_montreal,1
"Recommend a hotel that feels like a community, not just a place to sleep.",can_montreal_holiday_inn_montreal_midtown,1
"Recommend a hotel that feels like a community, not just a place to sleep.",can_quebec_montreal_holiday_inn_montreal_midtown,1
"Recommend a hotel that feels like a community, not just a place to sleep.",can_montreal_ritz_carlton_montreal,2
"Recommend a hotel that feels like a community, not just a place to sleep.",can_quebec_montreal_ritz_carlton_montreal,2
"Recommend a hotel that feels like a community, not just a place to sleep.",can_montreal_novotel_montreal_center,1
"Recommend a hotel that feels like a community, not just a place to sleep.",can_quebec_montreal_novotel_montreal_center,1
"Recommend a hotel that feels like a community, not just a place to sleep.",can_quebec_montreal_auberge_bonaparte,2
"Recommend a hotel that feels like a community, not just a place to sleep.",can_montreal_auberge_bonaparte,2
Where should I stay to experience seasonal specialties?,can_quebec_montreal_hotel_nelligan,2
Where should I stay to experience seasonal specialties?,can_montreal_hotel_nelligan,2
Where should I stay to experience seasonal specialties?,can_quebec_montreal_le_place_d_armes_hotel_suites,2
Where should I stay to experience seasonal specialties?,can_montreal_le_place_d_armes_hotel_suites,2
Where should I stay to experience seasonal specialties?,can_montreal_le_square_phillips_hotel_suites,2
Where should I stay to experience seasonal specialties?,can_quebec_montreal_le_square_phillips_hotel_suites,1
Where should I stay to experience seasonal specialties?,can_quebec_montreal_residence_inn_by_marriott_montreal_downtown,1
Where should I stay to experience seasonal specialties?,can_montreal_residence_inn_by_marriott_montreal_downtown,1
Where should I stay to experience seasonal specialties?,can_quebec_montreal_auberge_du_vieux_port,2
Where should I stay to experience seasonal specialties?,can_montreal_auberge_du_vieux_port,2
Where should I stay to experience seasonal specialties?,can_montreal_le_saint_sulpice,2
Where should I stay to experience seasonal specialties?,can_quebec_montreal_le_saint_sulpice,1
Where should I stay to experience seasonal specialties?,can_montreal_fairmont_the_queen_elizabeth,1
Where should I stay to experience seasonal specialties?,can_quebec_montreal_fairmont_the_queen_elizabeth,1
Where should I stay to experience seasonal specialties?,can_montreal_w_montreal,1
Where should I stay to experience seasonal specialties?,can_quebec_montreal_w_montreal,1
Where should I stay to experience seasonal specialties?,can_quebec_montreal_loews_hotel_vogue,2
Where should I stay to experience seasonal specialties?,can_montreal_loews_hotel_vogue,2
Where should I stay to experience seasonal specialties?,can_quebec_montreal_springhill_suites_old_montreal,1
Where should I stay to experience seasonal specialties?,can_montreal_springhill_suites_old_montreal,2
Where should I stay to experience seasonal specialties?,can_montreal_marriott_chateau_champlain,1
Where should I stay to experience seasonal specialties?,can_quebec_montreal_marriott_chateau_champlain,1
Where should I stay to experience seasonal specialties?,can_montreal_chateau_de_l_argoat,2
Where should I stay to experience seasonal specialties?,can_quebec_montreal_chateau_de_l_argoat,2
Where should I stay to experience seasonal specialties?,can_quebec_montreal_holiday_inn_express_montreal_centre_ville,0
Where should I stay to experience seasonal specialties?,can_montreal_holiday_inn_express_montreal_centre_ville,1
Where should I stay to experience seasonal specialties?,can_quebec_montreal_hotel_gault,1
Where should I stay to experience seasonal specialties?,can_montreal_hotel_gault,0
Where should I stay to experience seasonal specialties?,can_quebec_montreal_sheraton_le_centre_montreal_hotel,1
Where should I stay to experience seasonal specialties?,can_montreal_sheraton_le_centre_montreal_hotel,1
Where should I stay to experience seasonal specialties?,can_montreal_sofitel_montreal,2
Where should I stay to experience seasonal specialties?,can_quebec_montreal_sofitel_montreal,2
Where should I stay to experience seasonal specialties?,can_quebec_montreal_hotel_du_fort,1
Where should I stay to experience seasonal specialties?,can_montreal_hotel_du_fort,1
Where should I stay to experience seasonal specialties?,can_quebec_montreal_hotel_omni_mont_royal,1
Where should I stay to experience seasonal specialties?,can_montreal_hotel_omni_mont_royal,1
Where should I stay to experience seasonal specialties?,can_montreal_hilton_montreal_bonaventure,2
Where should I stay to experience seasonal specialties?,can_quebec_montreal_hilton_montreal_bonaventure,0
Where should I stay to experience seasonal specialties?,can_quebec_montreal_hotel_st_paul,1
Where should I stay to experience seasonal specialties?,can_montreal_hotel_st_paul,1
Where should I stay to experience seasonal specialties?,can_montreal_hotel_xixe_siecle,1
Where should I stay to experience seasonal specialties?,can_quebec_montreal_hotel_xixe_siecle,1
Where should I stay to experience seasonal specialties?,can_quebec_montreal_intercontinental_montreal,1
Where should I stay to experience seasonal specialties?,can_montreal_intercontinental_montreal,1
Where should I stay to experience seasonal specialties?,can_quebec_montreal_delta_montreal_hotel,1
Where should I stay to experience seasonal specialties?,can_montreal_delta_montreal_hotel,0
Where should I stay to experience seasonal specialties?,can_montreal_opus_hotel_montreal,1
Where should I stay to experience seasonal specialties?,can_quebec_montreal_opus_hotel_montreal,1
Where should I stay to experience seasonal specialties?,can_montreal_hyatt_regency_montreal,1
Where should I stay to experience seasonal specialties?,can_quebec_montreal_hyatt_regency_montreal,1
Where should I stay to experience seasonal specialties?,can_quebec_montreal_auberge_bonaparte,2
Where should I stay to experience seasonal specialties?,can_montreal_auberge_bonaparte,3
Where should I stay to experience seasonal specialties?,can_montreal_delta_centre_ville,1
Where should I stay to experience seasonal specialties?,can_quebec_montreal_delta_centre_ville,2
Where should I stay to experience seasonal specialties?,can_montreal_embassy_suites_montreal,1
Where should I stay to experience seasonal specialties?,can_montreal_le_cantlie_suites_hotel,1
Where should I stay to experience seasonal specialties?,can_quebec_montreal_le_cantlie_suites_hotel,1
Where should I stay to experience seasonal specialties?,can_quebec_montreal_embassy_suites_montreal,1
Where should I stay to experience seasonal specialties?,can_montreal_holiday_inn_montreal_midtown,0
Where should I stay to experience seasonal specialties?,can_quebec_montreal_holiday_inn_montreal_midtown,1
Where should I stay to experience seasonal specialties?,can_montreal_novotel_montreal_center,1
Where should I stay to experience seasonal specialties?,can_quebec_montreal_novotel_montreal_center,1
Where should I stay to experience seasonal specialties?,can_montreal_ritz_carlton_montreal,2
Where should I stay to experience seasonal specialties?,can_quebec_montreal_ritz_carlton_montreal,2
What are the best hotels for wildlife viewing?,can_montreal_le_square_phillips_hotel_suites,0
What are the best hotels for wildlife viewing?,can_quebec_montreal_le_square_phillips_hotel_suites,0
What are the best hotels for wildlife viewing?,can_montreal_hilton_montreal_bonaventure,0
What are the best hotels for wildlife viewing?,can_quebec_montreal_hilton_montreal_bonaventure,0
What are the best hotels for wildlife viewing?,can_quebec_montreal_sheraton_le_centre_montreal_hotel,0
What are the best hotels for wildlife viewing?,can_montreal_sheraton_le_centre_montreal_hotel,0
What are the best hotels for wildlife viewing?,can_quebec_montreal_hotel_omni_mont_royal,0
What are the best hotels for wildlife viewing?,can_montreal_hotel_omni_mont_royal,0
What are the best hotels for wildlife viewing?,can_quebec_montreal_loews_hotel_vogue,0
What are the best hotels for wildlife viewing?,can_montreal_loews_hotel_vogue,0
What are the best hotels for wildlife viewing?,can_montreal_delta_centre_ville,0
What are the best hotels for wildlife viewing?,can_quebec_montreal_delta_centre_ville,0
What are the best hotels for wildlife viewing?,can_quebec_montreal_hotel_nelligan,0
What are the best hotels for wildlife viewing?,can_montreal_hotel_nelligan,0
What are the best hotels for wildlife viewing?,can_quebec_montreal_hotel_du_fort,0
What are the best hotels for wildlife viewing?,can_montreal_hotel_du_fort,0
What are the best hotels for wildlife viewing?,can_montreal_sofitel_montreal,0
What are the best hotels for wildlife viewing?,can_quebec_montreal_sofitel_montreal,0
What are the best hotels for wildlife viewing?,can_montreal_marriott_chateau_champlain,0
What are the best hotels for wildlife viewing?,can_quebec_montreal_marriott_chateau_champlain,0
What are the best hotels for wildlife viewing?,can_montreal_le_cantlie_suites_hotel,0
What are the best hotels for wildlife viewing?,can_quebec_montreal_le_cantlie_suites_hotel,0
What are the best hotels for wildlife viewing?,can_quebec_montreal_delta_montreal_hotel,0
What are the best hotels for wildlife viewing?,can_montreal_delta_montreal_hotel,0
What are the best hotels for wildlife viewing?,can_quebec_montreal_le_place_d_armes_hotel_suites,0
What are the best hotels for wildlife viewing?,can_montreal_le_place_d_armes_hotel_suites,0
What are the best hotels for wildlife viewing?,can_quebec_montreal_residence_inn_by_marriott_montreal_downtown,0
What are the best hotels for wildlife viewing?,can_montreal_residence_inn_by_marriott_montreal_downtown,0
What are the best hotels for wildlife viewing?,can_quebec_montreal_auberge_du_vieux_port,0
What are the best hotels for wildlife viewing?,can_montreal_auberge_du_vieux_port,0
What are the best hotels for wildlife viewing?,can_montreal_hyatt_regency_montreal,0
What are the best hotels for wildlife viewing?,can_quebec_montreal_hyatt_regency_montreal,0
What are the best hotels for wildlife viewing?,can_montreal_fairmont_the_queen_elizabeth,0
What are the best hotels for wildlife viewing?,can_quebec_montreal_fairmont_the_queen_elizabeth,0
What are the best hotels for wildlife viewing?,can_quebec_montreal_hotel_gault,0
What are the best hotels for wildlife viewing?,can_montreal_hotel_gault,0
What are the best hotels for wildlife viewing?,can_quebec_montreal_springhill_suites_old_montreal,0
What are the best hotels for wildlife viewing?,can_montreal_springhill_suites_old_montreal,0
What are the best hotels for wildlife viewing?,can_montreal_le_saint_sulpice,0
What are the best hotels for wildlife viewing?,can_quebec_montreal_le_saint_sulpice,0
What are the best hotels for wildlife viewing?,can_montreal_w_montreal,0
What are the best hotels for wildlife viewing?,can_quebec_montreal_w_montreal,0
What are the best hotels for wildlife viewing?,can_quebec_montreal_holiday_inn_express_montreal_centre_ville,0
What are the best hotels for wildlife viewing?,can_montreal_holiday_inn_express_montreal_centre_ville,0
What are the best hotels for wildlife viewing?,can_quebec_montreal_intercontinental_montreal,0
What are the best hotels for wildlife viewing?,can_montreal_intercontinental_montreal,0
What are the best hotels for wildlife viewing?,can_montreal_chateau_de_l_argoat,0
What are the best hotels for wildlife viewing?,can_quebec_montreal_chateau_de_l_argoat,0
What are the best hotels for wildlife viewing?,can_montreal_novotel_montreal_center,0
What are the best hotels for wildlife viewing?,can_quebec_montreal_novotel_montreal_center,0
What are the best hotels for wildlife viewing?,can_montreal_hotel_xixe_siecle,0
What are the best hotels for wildlife viewing?,can_quebec_montreal_hotel_xixe_siecle,0
What are the best hotels for wildlife viewing?,can_montreal_opus_hotel_montreal,0
What are the best hotels for wildlife viewing?,can_quebec_montreal_opus_hotel_montreal,0
What are the best hotels for wildlife viewing?,can_montreal_holiday_inn_montreal_midtown,0
What are the best hotels for wildlife viewing?,can_quebec_montreal_holiday_inn_montreal_midtown,0
What are the best hotels for wildlife viewing?,can_montreal_embassy_suites_montreal,0
What are the best hotels for wildlife viewing?,can_quebec_montreal_embassy_suites_montreal,0
What are the best hotels for wildlife viewing?,can_quebec_montreal_hotel_st_paul,0
What are the best hotels for wildlife viewing?,can_montreal_hotel_st_paul,0
What are the best hotels for wildlife viewing?,can_montreal_ritz_carlton_montreal,0
What are the best hotels for wildlife viewing?,can_quebec_montreal_ritz_carlton_montreal,0
What are the best hotels for wildlife viewing?,can_quebec_montreal_auberge_bonaparte,0
What are the best hotels for wildlife viewing?,can_montreal_auberge_bonaparte,0
Suggest a hotel where I can learn something new every day.,can_montreal_le_square_phillips_hotel_suites,1
Suggest a hotel where I can learn something new every day.,can_quebec_montreal_le_square_phillips_hotel_suites,1
Suggest a hotel where I can learn something new every day.,can_quebec_montreal_hotel_nelligan,1
Suggest a hotel where I can learn something new every day.,can_montreal_hotel_nelligan,1
Suggest a hotel where I can learn something new every day.,can_quebec_montreal_hotel_gault,2
Suggest a hotel where I can learn something new every day.,can_montreal_hotel_gault,1
Suggest a hotel where I can learn something new every day.,can_quebec_montreal_le_place_d_armes_hotel_suites,2
Suggest a hotel where I can learn something new every day.,can_montreal_le_place_d_armes_hotel_suites,1
Suggest a hotel where I can learn something new every day.,can_quebec_montreal_residence_inn_by_marriott_montreal_downtown,1
Suggest a hotel where I can learn something new every day.,can_montreal_residence_inn_by_marriott_montreal_downtown,0
Suggest a hotel where I can learn something new every day.,can_quebec_montreal_loews_hotel_vogue,1
Suggest a hotel where I can learn something new every day.,can_montreal_loews_hotel_vogue,1
Suggest a hotel where I can learn something new every day.,can_quebec_montreal_auberge_du_vieux_port,1
Suggest a hotel where I can learn something new every day.,can_montreal_auberge_du_vieux_port,1
Suggest a hotel where I can learn something new every day.,can_montreal_sofitel_montreal,1
Suggest a hotel where I can learn something new every day.,can_quebec_montreal_sofitel_montreal,1
Suggest a hotel where I can learn something new every day.,can_montreal_w_montreal,1
Suggest a hotel where I can learn something new every day.,can_quebec_montreal_w_montreal,0
Suggest a hotel where I can learn something new every day.,can_montreal_hilton_montreal_bonaventure,0
Suggest a hotel where I can learn something new every day.,can_quebec_montreal_hilton_montreal_bonaventure,1
Suggest a hotel where I can learn something new every day.,can_montreal_hotel_xixe_siecle,1
Suggest a hotel where I can learn something new every day.,can_quebec_montreal_hotel_xixe_siecle,1
Suggest a hotel where I can learn something new every day.,can_montreal_le_saint_sulpice,1
Suggest a hotel where I can learn something new every day.,can_quebec_montreal_le_saint_sulpice,1
Suggest a hotel where I can learn something new every day.,can_montreal_chateau_de_l_argoat,1
Suggest a hotel where I can learn something new every day.,can_quebec_montreal_chateau_de_l_argoat,1
Suggest a hotel where I can learn something new every day.,can_montreal_hyatt_regency_montreal,1
Suggest a hotel where I can learn something new every day.,can_quebec_montreal_hyatt_regency_montreal,1
Suggest a hotel where I can learn something new every day.,can_montreal_embassy_suites_montreal,0
Suggest a hotel where I can learn something new every day.,can_quebec_montreal_hotel_du_fort,0
Suggest a hotel where I can learn something new every day.,can_montreal_hotel_du_fort,0
Suggest a hotel where I can learn something new every day.,can_quebec_montreal_hotel_omni_mont_royal,2
Suggest a hotel where I can learn something new every day.,can_montreal_hotel_omni_mont_royal,1
Suggest a hotel where I can learn something new every day.,can_quebec_montreal_embassy_suites_montreal,0
Suggest a hotel where I can learn something new every day.,can_quebec_montreal_sheraton_le_centre_montreal_hotel,1
Suggest a hotel where I can learn something new every day.,can_montreal_sheraton_le_centre_montreal_hotel,1
Suggest a hotel where I can learn something new every day.,can_quebec_montreal_intercontinental_montreal,0
Suggest a hotel where I can learn something new every day.,can_montreal_intercontinental_montreal,1
Suggest a hotel where I can learn something new every day.,can_montreal_delta_centre_ville,0
Suggest a hotel where I can learn something new every day.,can_quebec_montreal_delta_centre_ville,0
Suggest a hotel where I can learn something new every day.,can_quebec_montreal_springhill_suites_old_montreal,1
Suggest a hotel where I can learn something new every day.,can_montreal_springhill_suites_old_montreal,1
Suggest a hotel where I can learn something new every day.,can_montreal_le_cantlie_suites_hotel,1
Suggest a hotel where I can learn something new every day.,can_quebec_montreal_le_cantlie_suites_hotel,1
Suggest a hotel where I can learn something new every day.,can_montreal_opus_hotel_montreal,1
Suggest a hotel where I can learn something new every day.,can_quebec_montreal_opus_hotel_montreal,1
Suggest a hotel where I can learn something new every day.,can_montreal_fairmont_the_queen_elizabeth,1
Suggest a hotel where I can learn something new every day.,can_quebec_montreal_fairmont_the_queen_elizabeth,2
Suggest a hotel where I can learn something new every day.,can_quebec_montreal_holiday_inn_express_montreal_centre_ville,1
Suggest a hotel where I can learn something new every day.,can_montreal_holiday_inn_express_montreal_centre_ville,0
Suggest a hotel where I can learn something new every day.,can_quebec_montreal_auberge_bonaparte,1
Suggest a hotel where I can learn something new every day.,can_montreal_auberge_bonaparte,1
Suggest a hotel where I can learn something new every day.,can_montreal_marriott_chateau_champlain,0
Suggest a hotel where I can learn something new every day.,can_quebec_montreal_marriott_chateau_champlain,1
Suggest a hotel where I can learn something new every day.,can_quebec_montreal_delta_montreal_hotel,1
Suggest a hotel where I can learn something new every day.,can_montreal_delta_montreal_hotel,1
Suggest a hotel where I can learn something new every day.,can_quebec_montreal_hotel_st_paul,2
Suggest a hotel where I can learn something new every day.,can_montreal_hotel_st_paul,2
Suggest a hotel where I can learn something new every day.,can_montreal_novotel_montreal_center,0
Suggest a hotel where I can learn something new every day.,can_quebec_montreal_novotel_montreal_center,0
Suggest a hotel where I can learn something new every day.,can_montreal_ritz_carlton_montreal,0
Suggest a hotel where I can learn something new every day.,can_quebec_montreal_ritz_carlton_montreal,0
Suggest a hotel where I can learn something new every day.,can_montreal_holiday_inn_montreal_midtown,0
Suggest a hotel where I can learn something new every day.,can_quebec_montreal_holiday_inn_montreal_midtown,0
Where can I find a hotel with personalized concierge services?,can_quebec_montreal_loews_hotel_vogue,3
Where can I find a hotel with personalized concierge services?,can_montreal_loews_hotel_vogue,3
Where can I find a hotel with personalized concierge services?,can_quebec_montreal_hotel_gault,3
Where can I find a hotel with personalized concierge services?,can_montreal_hotel_gault,3
Where can I find a hotel with personalized concierge services?,can_montreal_le_square_phillips_hotel_suites,3
Where can I find a hotel with personalized concierge services?,can_quebec_montreal_le_square_phillips_hotel_suites,3
Where can I find a hotel with personalized concierge services?,can_quebec_montreal_hotel_nelligan,3
Where can I find a hotel with personalized concierge services?,can_montreal_hotel_nelligan,3
Where can I find a hotel with personalized concierge services?,can_quebec_montreal_le_place_d_armes_hotel_suites,3
Where can I find a hotel with personalized concierge services?,can_montreal_le_place_d_armes_hotel_suites,3
Where can I find a hotel with personalized concierge services?,can_quebec_montreal_auberge_du_vieux_port,3
Where can I find a hotel with personalized concierge services?,can_montreal_auberge_du_vieux_port,3
Where can I find a hotel with personalized concierge services?,can_quebec_montreal_hotel_omni_mont_royal,3
Where can I find a hotel with personalized concierge services?,can_montreal_hotel_omni_mont_royal,3
Where can I find a hotel with personalized concierge services?,can_montreal_w_montreal,3
Where can I find a hotel with personalized concierge services?,can_quebec_montreal_w_montreal,3
Where can I find a hotel with personalized concierge services?,can_montreal_sofitel_montreal,3
Where can I find a hotel with personalized concierge services?,can_quebec_montreal_sofitel_montreal,3
Where can I find a hotel with personalized concierge services?,can_montreal_le_saint_sulpice,3
Where can I find a hotel with personalized concierge services?,can_quebec_montreal_le_saint_sulpice,3
Where can I find a hotel with personalized concierge services?,can_montreal_hyatt_regency_montreal,2
Where can I find a hotel with personalized concierge services?,can_quebec_montreal_hyatt_regency_montreal,2
Where can I find a hotel with personalized concierge services?,can_montreal_chateau_de_l_argoat,2
Where can I find a hotel with personalized concierge services?,can_quebec_montreal_chateau_de_l_argoat,2
Where can I find a hotel with personalized concierge services?,can_montreal_marriott_chateau_champlain,3
Where can I find a hotel with personalized concierge services?,can_quebec_montreal_marriott_chateau_champlain,3
Where can I find a hotel with personalized concierge services?,can_montreal_hotel_xixe_siecle,3
Where can I find a hotel with personalized concierge services?,can_quebec_montreal_hotel_xixe_siecle,3
Where can I find a hotel with personalized concierge services?,can_quebec_montreal_residence_inn_by_marriott_montreal_downtown,2
Where can I find a hotel with personalized concierge services?,can_montreal_residence_inn_by_marriott_montreal_downtown,2
Where can I find a hotel with personalized concierge services?,can_quebec_montreal_intercontinental_montreal,2
Where can I find a hotel with personalized concierge services?,can_montreal_intercontinental_montreal,3
Where can I find a hotel with personalized concierge services?,can_montreal_fairmont_the_queen_elizabeth,3
Where can I find a hotel with personalized concierge services?,can_quebec_montreal_fairmont_the_queen_elizabeth,3
Where can I find a hotel with personalized concierge services?,can_montreal_delta_centre_ville,2
Where can I find a hotel with personalized concierge services?,can_quebec_montreal_delta_centre_ville,2
Where can I find a hotel with personalized concierge services?,can_quebec_montreal_sheraton_le_centre_montreal_hotel,3
Where can I find a hotel with personalized concierge services?,can_montreal_sheraton_le_centre_montreal_hotel,3
Where can I find a hotel with personalized concierge services?,can_quebec_montreal_delta_montreal_hotel,0
Where can I find a hotel with personalized concierge services?,can_montreal_delta_montreal_hotel,1
Where can I find a hotel with personalized concierge services?,can_quebec_montreal_hotel_du_fort,3
Where can I find a hotel with personalized concierge services?,can_montreal_hotel_du_fort,3
Where can I find a hotel with personalized concierge services?,can_quebec_montreal_springhill_suites_old_montreal,2
Where can I find a hotel with personalized concierge services?,can_montreal_springhill_suites_old_montreal,2
Where can I find a hotel with personalized concierge services?,can_montreal_hilton_montreal_bonaventure,3
Where can I find a hotel with personalized concierge services?,can_quebec_montreal_hilton_montreal_bonaventure,3
Where can I find a hotel with personalized concierge services?,can_quebec_montreal_holiday_inn_express_montreal_centre_ville,0
Where can I find a hotel with personalized concierge services?,can_montreal_holiday_inn_express_montreal_centre_ville,0
Where can I find a hotel with personalized concierge services?,can_montreal_embassy_suites_montreal,1
Where can I find a hotel with personalized concierge services?,can_quebec_montreal_embassy_suites_montreal,2
Where can I find a hotel with personalized concierge services?,can_montreal_le_cantlie_suites_hotel,1
Where can I find a hotel with personalized concierge services?,can_quebec_montreal_le_cantlie_suites_hotel,1
Where can I find a hotel with personalized concierge services?,can_quebec_montreal_hotel_st_paul,2
Where can I find a hotel with personalized concierge services?,can_montreal_hotel_st_paul,2
Where can I find a hotel with personalized concierge services?,can_quebec_montreal_auberge_bonaparte,3
Where can I find a hotel with personalized concierge services?,can_montreal_auberge_bonaparte,3
Where can I find a hotel with personalized concierge services?,can_montreal_opus_hotel_montreal,3
Where can I find a hotel with personalized concierge services?,can_quebec_montreal_opus_hotel_montreal,2
Where can I find a hotel with personalized concierge services?,can_montreal_ritz_carlton_montreal,3
Where can I find a hotel with personalized concierge services?,can_quebec_montreal_ritz_carlton_montreal,3
Where can I find a hotel with personalized concierge services?,can_montreal_novotel_montreal_center,1
Where can I find a hotel with personalized concierge services?,can_quebec_montreal_novotel_montreal_center,1
Where can I find a hotel with personalized concierge services?,can_montreal_holiday_inn_montreal_midtown,3
Where can I find a hotel with personalized concierge services?,can_quebec_montreal_holiday_inn_montreal_midtown,3
Recommend a hotel with spaces that inspire creativity.,can_montreal_le_square_phillips_hotel_suites,2
Recommend a hotel with spaces that inspire creativity.,can_quebec_montreal_le_square_phillips_hotel_suites,2
Recommend a hotel with spaces that inspire creativity.,can_quebec_montreal_loews_hotel_vogue,2
Recommend a hotel with spaces that inspire creativity.,can_montreal_loews_hotel_vogue,2
Recommend a hotel with spaces that inspire creativity.,can_montreal_w_montreal,3
Recommend a hotel with spaces that inspire creativity.,can_quebec_montreal_w_montreal,3
Recommend a hotel with spaces that inspire creativity.,can_quebec_montreal_hotel_gault,2
Recommend a hotel with spaces that inspire creativity.,can_montreal_hotel_gault,2
Recommend a hotel with spaces that inspire creativity.,can_montreal_sofitel_montreal,2
Recommend a hotel with spaces that inspire creativity.,can_quebec_montreal_sofitel_montreal,2
Recommend a hotel with spaces that inspire creativity.,can_montreal_hilton_montreal_bonaventure,3
Recommend a hotel with spaces that inspire creativity.,can_quebec_montreal_hilton_montreal_bonaventure,2
Recommend a hotel with spaces that inspire creativity.,can_quebec_montreal_le_place_d_armes_hotel_suites,3
Recommend a hotel with spaces that inspire creativity.,can_montreal_le_place_d_armes_hotel_suites,2
Recommend a hotel with spaces that inspire creativity.,can_quebec_montreal_hotel_nelligan,2
Recommend a hotel with spaces that inspire creativity.,can_montreal_hotel_nelligan,2
Recommend a hotel with spaces that inspire creativity.,can_quebec_montreal_sheraton_le_centre_montreal_hotel,1
Recommend a hotel with spaces that inspire creativity.,can_montreal_sheraton_le_centre_montreal_hotel,1
Recommend a hotel with spaces that inspire creativity.,can_montreal_hyatt_regency_montreal,1
Recommend a hotel with spaces that inspire creativity.,can_quebec_montreal_hyatt_regency_montreal,1
Recommend a hotel with spaces that inspire creativity.,can_quebec_montreal_residence_inn_by_marriott_montreal_downtown,1
Recommend a hotel with spaces that inspire creativity.,can_montreal_residence_inn_by_marriott_montreal_downtown,0
Recommend a hotel with spaces that inspire creativity.,can_quebec_montreal_auberge_du_vieux_port,2
Recommend a hotel with spaces that inspire creativity.,can_montreal_auberge_du_vieux_port,2
Recommend a hotel with spaces that inspire creativity.,can_quebec_montreal_hotel_omni_mont_royal,1
Recommend a hotel with spaces that inspire creativity.,can_montreal_hotel_omni_mont_royal,1
Recommend a hotel with spaces that inspire creativity.,can_montreal_le_cantlie_suites_hotel,1
Recommend a hotel with spaces that inspire creativity.,can_quebec_montreal_le_cantlie_suites_hotel,1
Recommend a hotel with spaces that inspire creativity.,can_quebec_montreal_hotel_du_fort,1
Recommend a hotel with spaces that inspire creativity.,can_montreal_hotel_du_fort,1
Recommend a hotel with spaces that inspire creativity.,can_montreal_opus_hotel_montreal,2
Recommend a hotel with spaces that inspire creativity.,can_quebec_montreal_opus_hotel_montreal,2
Recommend a hotel with spaces that inspire creativity.,can_montreal_hotel_xixe_siecle,2
Recommend a hotel with spaces that inspire creativity.,can_quebec_montreal_hotel_xixe_siecle,2
Recommend a hotel with spaces that inspire creativity.,can_quebec_montreal_hotel_st_paul,3
Recommend a hotel with spaces that inspire creativity.,can_montreal_hotel_st_paul,2
Recommend a hotel with spaces that inspire creativity.,can_montreal_le_saint_sulpice,2
Recommend a hotel with spaces that inspire creativity.,can_quebec_montreal_le_saint_sulpice,2
Recommend a hotel with spaces that inspire creativity.,can_montreal_marriott_chateau_champlain,1
Recommend a hotel with spaces that inspire creativity.,can_quebec_montreal_marriott_chateau_champlain,1
Recommend a hotel with spaces that inspire creativity.,can_montreal_chateau_de_l_argoat,2
Recommend a hotel with spaces that inspire creativity.,can_quebec_montreal_chateau_de_l_argoat,2
Recommend a hotel with spaces that inspire creativity.,can_quebec_montreal_delta_montreal_hotel,1
Recommend a hotel with spaces that inspire creativity.,can_montreal_delta_montreal_hotel,1
Recommend a hotel with spaces that inspire creativity.,can_quebec_montreal_intercontinental_montreal,2
Recommend a hotel with spaces that inspire creativity.,can_montreal_intercontinental_montreal,2
Recommend a hotel with spaces that inspire creativity.,can_montreal_delta_centre_ville,1
Recommend a hotel with spaces that inspire creativity.,can_quebec_montreal_delta_centre_ville,1
Recommend a hotel with spaces that inspire creativity.,can_montreal_fairmont_the_queen_elizabeth,1
Recommend a hotel with spaces that inspire creativity.,can_quebec_montreal_fairmont_the_queen_elizabeth,1
Recommend a hotel with spaces that inspire creativity.,can_montreal_novotel_montreal_center,1
Recommend a hotel with spaces that inspire creativity.,can_quebec_montreal_novotel_montreal_center,1
Recommend a hotel with spaces that inspire creativity.,can_montreal_embassy_suites_montreal,1
Recommend a hotel with spaces that inspire creativity.,can_quebec_montreal_embassy_suites_montreal,1
Recommend a hotel with spaces that inspire creativity.,can_quebec_montreal_springhill_suites_old_montreal,1
Recommend a hotel with spaces that inspire creativity.,can_montreal_springhill_suites_old_montreal,0
Recommend a hotel with spaces that inspire creativity.,can_quebec_montreal_holiday_inn_express_montreal_centre_ville,1
Recommend a hotel with spaces that inspire creativity.,can_montreal_holiday_inn_express_montreal_centre_ville,0
Recommend a hotel with spaces that inspire creativity.,can_montreal_ritz_carlton_montreal,2
Recommend a hotel with spaces that inspire creativity.,can_quebec_montreal_ritz_carlton_montreal,1
Recommend a hotel with spaces that inspire creativity.,can_montreal_holiday_inn_montreal_midtown,1
Recommend a hotel with spaces that inspire creativity.,can_quebec_montreal_holiday_inn_montreal_midtown,1
Recommend a hotel with spaces that inspire creativity.,can_quebec_montreal_auberge_bonaparte,2
Recommend a hotel with spaces that inspire creativity.,can_montreal_auberge_bonaparte,2
Where should I stay when traveling with a multi-generational family?,can_montreal_le_square_phillips_hotel_suites,3
Where should I stay when traveling with a multi-generational family?,can_quebec_montreal_le_square_phillips_hotel_suites,3
Where should I stay when traveling with a multi-generational family?,can_quebec_montreal_residence_inn_by_marriott_montreal_downtown,3
Where should I stay when traveling with a multi-generational family?,can_quebec_montreal_springhill_suites_old_montreal,3
Where should I stay when traveling with a multi-generational family?,can_montreal_springhill_suites_old_montreal,3
Where should I stay when traveling with a multi-generational family?,can_montreal_residence_inn_by_marriott_montreal_downtown,3
Where should I stay when traveling with a multi-generational family?,can_montreal_marriott_chateau_champlain,2
Where should I stay when traveling with a multi-generational family?,can_quebec_montreal_marriott_chateau_champlain,2
Where should I stay when traveling with a multi-generational family?,can_quebec_montreal_sheraton_le_centre_montreal_hotel,2
Where should I stay when traveling with a multi-generational family?,can_montreal_sheraton_le_centre_montreal_hotel,2
Where should I stay when traveling with a multi-generational family?,can_quebec_montreal_loews_hotel_vogue,3
Where should I stay when traveling with a multi-generational family?,can_montreal_loews_hotel_vogue,3
Where should I stay when traveling with a multi-generational family?,can_quebec_montreal_holiday_inn_express_montreal_centre_ville,3
Where should I stay when traveling with a multi-generational family?,can_montreal_holiday_inn_express_montreal_centre_ville,3
Where should I stay when traveling with a multi-generational family?,can_montreal_fairmont_the_queen_elizabeth,2
Where should I stay when traveling with a multi-generational family?,can_quebec_montreal_fairmont_the_queen_elizabeth,3
Where should I stay when traveling with a multi-generational family?,can_quebec_montreal_hotel_omni_mont_royal,2
Where should I stay when traveling with a multi-generational family?,can_montreal_hotel_omni_mont_royal,2
Where should I stay when traveling with a multi-generational family?,can_quebec_montreal_le_place_d_armes_hotel_suites,2
Where should I stay when traveling with a multi-generational family?,can_montreal_le_place_d_armes_hotel_suites,1
Where should I stay when traveling with a multi-generational family?,can_quebec_montreal_auberge_du_vieux_port,2
Where should I stay when traveling with a multi-generational family?,can_montreal_auberge_du_vieux_port,2
Where should I stay when traveling with a multi-generational family?,can_montreal_w_montreal,1
Where should I stay when traveling with a multi-generational family?,can_quebec_montreal_w_montreal,2
Where should I stay when traveling with a multi-generational family?,can_montreal_le_saint_sulpice,3
Where should I stay when traveling with a multi-generational family?,can_quebec_montreal_le_saint_sulpice,3
Where should I stay when traveling with a multi-generational family?,can_quebec_montreal_hotel_nelligan,3
Where should I stay when traveling with a multi-generational family?,can_montreal_hotel_nelligan,2
Where should I stay when traveling with a multi-generational family?,can_quebec_montreal_delta_montreal_hotel,2
Where should I stay when traveling with a multi-generational family?,can_montreal_delta_montreal_hotel,2
Where should I stay when traveling with a multi-generational family?,can_montreal_hilton_montreal_bonaventure,2
Where should I stay when traveling with a multi-generational family?,can_quebec_montreal_hilton_montreal_bonaventure,2
Where should I stay when traveling with a multi-generational family?,can_montreal_sofitel_montreal,2
Where should I stay when traveling with a multi-generational family?,can_quebec_montreal_sofitel_montreal,2
Where should I stay when traveling with a multi-generational family?,can_montreal_chateau_de_l_argoat,3
Where should I stay when traveling with a multi-generational family?,can_quebec_montreal_chateau_de_l_argoat,2
Where should I stay when traveling with a multi-generational family?,can_montreal_delta_centre_ville,3
Where should I stay when traveling with a multi-generational family?,can_quebec_montreal_delta_centre_ville,2
Where should I stay when traveling with a multi-generational family?,can_montreal_le_cantlie_suites_hotel,2
Where should I stay when traveling with a multi-generational family?,can_quebec_montreal_le_cantlie_suites_hotel,2
Where should I stay when traveling with a multi-generational family?,can_quebec_montreal_hotel_du_fort,2
Where should I stay when traveling with a multi-generational family?,can_montreal_hotel_du_fort,2
Where should I stay when traveling with a multi-generational family?,can_quebec_montreal_hotel_gault,2
Where should I stay when traveling with a multi-generational family?,can_montreal_hotel_gault,2
Where should I stay when traveling with a multi-generational family?,can_montreal_embassy_suites_montreal,3
Where should I stay when traveling with a multi-generational family?,can_quebec_montreal_embassy_suites_montreal,3
Where should I stay when traveling with a multi-generational family?,can_montreal_hyatt_regency_montreal,2
Where should I stay when traveling with a multi-generational family?,can_quebec_montreal_hyatt_regency_montreal,2
Where should I stay when traveling with a multi-generational family?,can_quebec_montreal_intercontinental_montreal,2
Where should I stay when traveling with a multi-generational family?,can_montreal_intercontinental_montreal,2
Where should I stay when traveling with a multi-generational family?,can_montreal_hotel_xixe_siecle,2
Where should I stay when traveling with a multi-generational family?,can_quebec_montreal_hotel_xixe_siecle,2
Where should I stay when traveling with a multi-generational family?,can_montreal_ritz_carlton_montreal,2
Where should I stay when traveling with a multi-generational family?,can_quebec_montreal_ritz_carlton_montreal,3
Where should I stay when traveling with a multi-generational family?,can_montreal_holiday_inn_montreal_midtown,1
Where should I stay when traveling with a multi-generational family?,can_quebec_montreal_holiday_inn_montreal_midtown,1
Where should I stay when traveling with a multi-generational family?,can_montreal_novotel_montreal_center,2
Where should I stay when traveling with a multi-generational family?,can_quebec_montreal_novotel_montreal_center,2
Where should I stay when traveling with a multi-generational family?,can_quebec_montreal_auberge_bonaparte,2
Where should I stay when traveling with a multi-generational family?,can_montreal_auberge_bonaparte,2
Where should I stay when traveling with a multi-generational family?,can_quebec_montreal_hotel_st_paul,1
Where should I stay when traveling with a multi-generational family?,can_montreal_hotel_st_paul,2
Where should I stay when traveling with a multi-generational family?,can_montreal_opus_hotel_montreal,2
Where should I stay when traveling with a multi-generational family?,can_quebec_montreal_opus_hotel_montreal,2
What hotels are best for business travelers who hate typical business hotels?,can_montreal_le_square_phillips_hotel_suites,2
What hotels are best for business travelers who hate typical business hotels?,can_quebec_montreal_le_square_phillips_hotel_suites,2
What hotels are best for business travelers who hate typical business hotels?,can_quebec_montreal_loews_hotel_vogue,3
What hotels are best for business travelers who hate typical business hotels?,can_montreal_loews_hotel_vogue,3
What hotels are best for business travelers who hate typical business hotels?,can_montreal_sofitel_montreal,3
What hotels are best for business travelers who hate typical business hotels?,can_quebec_montreal_sofitel_montreal,3
What hotels are best for business travelers who hate typical business hotels?,can_quebec_montreal_hotel_gault,3
What hotels are best for business travelers who hate typical business hotels?,can_montreal_hotel_gault,3
What hotels are best for business travelers who hate typical business hotels?,can_quebec_montreal_le_place_d_armes_hotel_suites,3
What hotels are best for business travelers who hate typical business hotels?,can_montreal_le_place_d_armes_hotel_suites,3
What hotels are best for business travelers who hate typical business hotels?,can_quebec_montreal_hotel_nelligan,3
What hotels are best for business travelers who hate typical business hotels?,can_montreal_hotel_nelligan,3
What hotels are best for business travelers who hate typical business hotels?,can_quebec_montreal_residence_inn_by_marriott_montreal_downtown,3
What hotels are best for business travelers who hate typical business hotels?,can_montreal_residence_inn_by_marriott_montreal_downtown,3
What hotels are best for business travelers who hate typical business hotels?,can_montreal_hyatt_regency_montreal,1
What hotels are best for business travelers who hate typical business hotels?,can_quebec_montreal_hyatt_regency_montreal,2
What hotels are best for business travelers who hate typical business hotels?,can_montreal_w_montreal,3
What hotels are best for business travelers who hate typical business hotels?,can_quebec_montreal_w_montreal,3
What hotels are best for business travelers who hate typical business hotels?,can_quebec_montreal_auberge_du_vieux_port,3
What hotels are best for business travelers who hate typical business hotels?,can_montreal_auberge_du_vieux_port,2
What hotels are best for business travelers who hate typical business hotels?,can_montreal_hilton_montreal_bonaventure,2
What hotels are best for business travelers who hate typical business hotels?,can_quebec_montreal_hilton_montreal_bonaventure,2
What hotels are best for business travelers who hate typical business hotels?,can_quebec_montreal_hotel_omni_mont_royal,2
What hotels are best for business travelers who hate typical business hotels?,can_montreal_hotel_omni_mont_royal,2
What hotels are best for business travelers who hate typical business hotels?,can_montreal_hotel_xixe_siecle,2
What hotels are best for business travelers who hate typical business hotels?,can_quebec_montreal_hotel_xixe_siecle,2
What hotels are best for business travelers who hate typical business hotels?,can_quebec_montreal_sheraton_le_centre_montreal_hotel,2
What hotels are best for business travelers who hate typical business hotels?,can_montreal_sheraton_le_centre_montreal_hotel,2
What hotels are best for business travelers who hate typical business hotels?,can_montreal_marriott_chateau_champlain,2
What hotels are best for business travelers who hate typical business hotels?,can_quebec_montreal_marriott_chateau_champlain,2
What hotels are best for business travelers who hate typical business hotels?,can_montreal_chateau_de_l_argoat,3
What hotels are best for business travelers who hate typical business hotels?,can_quebec_montreal_chateau_de_l_argoat,3
What hotels are best for business travelers who hate typical business hotels?,can_montreal_le_cantlie_suites_hotel,2
What hotels are best for business travelers who hate typical business hotels?,can_quebec_montreal_le_cantlie_suites_hotel,2
What hotels are best for business travelers who hate typical business hotels?,can_quebec_montreal_intercontinental_montreal,3
What hotels are best for business travelers who hate typical business hotels?,can_montreal_intercontinental_montreal,3
What hotels are best for business travelers who hate typical business hotels?,can_montreal_le_saint_sulpice,2
What hotels are best for business travelers who hate typical business hotels?,can_quebec_montreal_le_saint_sulpice,3
What hotels are best for business travelers who hate typical business hotels?,can_montreal_opus_hotel_montreal,3
What hotels are best for business travelers who hate typical business hotels?,can_quebec_montreal_opus_hotel_montreal,3
What hotels are best for business travelers who hate typical business hotels?,can_montreal_fairmont_the_queen_elizabeth,2
What hotels are best for business travelers who hate typical business hotels?,can_quebec_montreal_fairmont_the_queen_elizabeth,2
What hotels are best for business travelers who hate typical business hotels?,can_quebec_montreal_hotel_du_fort,2
What hotels are best for business travelers who hate typical business hotels?,can_montreal_hotel_du_fort,2
What hotels are best for business travelers who hate typical business hotels?,can_montreal_delta_centre_ville,2
What hotels are best for business travelers who hate typical business hotels?,can_quebec_montreal_delta_centre_ville,2
What hotels are best for business travelers who hate typical business hotels?,can_quebec_montreal_delta_montreal_hotel,2
What hotels are best for business travelers who hate typical business hotels?,can_montreal_delta_montreal_hotel,3
What hotels are best for business travelers who hate typical business hotels?,can_montreal_embassy_suites_montreal,3
What hotels are best for business travelers who hate typical business hotels?,can_quebec_montreal_hotel_st_paul,3
What hotels are best for business travelers who hate typical business hotels?,can_montreal_hotel_st_paul,3
What hotels are best for business travelers who hate typical business hotels?,can_quebec_montreal_embassy_suites_montreal,2
What hotels are best for business travelers who hate typical business hotels?,can_quebec_montreal_holiday_inn_express_montreal_centre_ville,2
What hotels are best for business travelers who hate typical business hotels?,can_montreal_holiday_inn_express_montreal_centre_ville,2
What hotels are best for business travelers who hate typical business hotels?,can_quebec_montreal_springhill_suites_old_montreal,2
What hotels are best for business travelers who hate typical business hotels?,can_montreal_springhill_suites_old_montreal,2
What hotels are best for business travelers who hate typical business hotels?,can_montreal_novotel_montreal_center,2
What hotels are best for business travelers who hate typical business hotels?,can_quebec_montreal_novotel_montreal_center,2
What hotels are best for business travelers who hate typical business hotels?,can_quebec_montreal_auberge_bonaparte,3
What hotels are best for business travelers who hate typical business hotels?,can_montreal_auberge_bonaparte,3
What hotels are best for business travelers who hate typical business hotels?,can_montreal_holiday_inn_montreal_midtown,1
What hotels are best for business travelers who hate typical business hotels?,can_quebec_montreal_holiday_inn_montreal_midtown,1
What hotels are best for business travelers who hate typical business hotels?,can_montreal_ritz_carlton_montreal,2
What hotels are best for business travelers who hate typical business hotels?,can_quebec_montreal_ritz_carlton_montreal,2
Suggest a hotel that feels authentic to the region.,can_quebec_montreal_hotel_nelligan,3
Suggest a hotel that feels authentic to the region.,can_montreal_hotel_nelligan,3
Suggest a hotel that feels authentic to the region.,can_quebec_montreal_hotel_gault,3
Suggest a hotel that feels authentic to the region.,can_montreal_hotel_gault,3
Suggest a hotel that feels authentic to the region.,can_montreal_le_square_phillips_hotel_suites,1
Suggest a hotel that feels authentic to the region.,can_quebec_montreal_le_square_phillips_hotel_suites,1
Suggest a hotel that feels authentic to the region.,can_quebec_montreal_le_place_d_armes_hotel_suites,3
Suggest a hotel that feels authentic to the region.,can_montreal_le_place_d_armes_hotel_suites,3
Suggest a hotel that feels authentic to the region.,can_quebec_montreal_loews_hotel_vogue,2
Suggest a hotel that feels authentic to the region.,can_montreal_loews_hotel_vogue,1
Suggest a hotel that feels authentic to the region.,can_montreal_sofitel_montreal,1
Suggest a hotel that feels authentic to the region.,can_quebec_montreal_sofitel_montreal,2
Suggest a hotel that feels authentic to the region.,can_quebec_montreal_residence_inn_by_marriott_montreal_downtown,1
Suggest a hotel that feels authentic to the region.,can_montreal_residence_inn_by_marriott_montreal_downtown,1
Suggest a hotel that feels authentic to the region.,can_quebec_montreal_auberge_du_vieux_port,3
Suggest a hotel that feels authentic to the region.,can_montreal_auberge_du_vieux_port,3
Suggest a hotel that feels authentic to the region.,can_montreal_w_montreal,2
Suggest a hotel that feels authentic to the region.,can_quebec_montreal_w_montreal,2
Suggest a hotel that feels authentic to the region.,can_montreal_le_saint_sulpice,3
Suggest a hotel that feels authentic to the region.,can_quebec_montreal_le_saint_sulpice,3
Suggest a hotel that feels authentic to the region.,can_montreal_hotel_xixe_siecle,3
Suggest a hotel that feels authentic to the region.,can_quebec_montreal_hotel_xixe_siecle,3
Suggest a hotel that feels authentic to the region.,can_quebec_montreal_hotel_st_paul,2
Suggest a hotel that feels authentic to the region.,can_montreal_hotel_st_paul,2
Suggest a hotel that feels authentic to the region.,can_montreal_hilton_montreal_bonaventure,1
Suggest a hotel that feels authentic to the region.,can_quebec_montreal_hilton_montreal_bonaventure,2
Suggest a hotel that feels authentic to the region.,can_montreal_marriott_chateau_champlain,2
Suggest a hotel that feels authentic to the region.,can_quebec_montreal_marriott_chateau_champlain,2
Suggest a hotel that feels authentic to the region.,can_quebec_montreal_hotel_du_fort,1
Suggest a hotel that feels authentic to the region.,can_montreal_hotel_du_fort,1
Suggest a hotel that feels authentic to the region.,can_montreal_le_cantlie_suites_hotel,1
Suggest a hotel that feels authentic to the region.,can_quebec_montreal_le_cantlie_suites_hotel,2
Suggest a hotel that feels authentic to the region.,can_montreal_chateau_de_l_argoat,3
Suggest a hotel that feels authentic to the region.,can_quebec_montreal_chateau_de_l_argoat,3
Suggest a hotel that feels authentic to the region.,can_quebec_montreal_sheraton_le_centre_montreal_hotel,1
Suggest a hotel that feels authentic to the region.,can_montreal_sheraton_le_centre_montreal_hotel,1
Suggest a hotel that feels authentic to the region.,can_quebec_montreal_intercontinental_montreal,2
Suggest a hotel that feels authentic to the region.,can_montreal_intercontinental_montreal,2
Suggest a hotel that feels authentic to the region.,can_montreal_opus_hotel_montreal,2
Suggest a hotel that feels authentic to the region.,can_quebec_montreal_opus_hotel_montreal,2
Suggest a hotel that feels authentic to the region.,can_quebec_montreal_hotel_omni_mont_royal,2
Suggest a hotel that feels authentic to the region.,can_montreal_hotel_omni_mont_royal,2
Suggest a hotel that feels authentic to the region.,can_montreal_embassy_suites_montreal,1
Suggest a hotel that feels authentic to the region.,can_quebec_montreal_embassy_suites_montreal,1
Suggest a hotel that feels authentic to the region.,can_montreal_hyatt_regency_montreal,1
Suggest a hotel that feels authentic to the region.,can_quebec_montreal_hyatt_regency_montreal,1
Suggest a hotel that feels authentic to the region.,can_quebec_montreal_holiday_inn_express_montreal_centre_ville,0
Suggest a hotel that feels authentic to the region.,can_montreal_holiday_inn_express_montreal_centre_ville,0
Suggest a hotel that feels authentic to the region.,can_montreal_fairmont_the_queen_elizabeth,2
Suggest a hotel that feels authentic to the region.,can_quebec_montreal_fairmont_the_queen_elizabeth,2
Suggest a hotel that feels authentic to the region.,can_montreal_delta_centre_ville,1
Suggest a hotel that feels authentic to the region.,can_quebec_montreal_delta_centre_ville,1
Suggest a hotel that feels authentic to the region.,can_montreal_ritz_carlton_montreal,2
Suggest a hotel that feels authentic to the region.,can_quebec_montreal_ritz_carlton_montreal,2
Suggest a hotel that feels authentic to the region.,can_quebec_montreal_delta_montreal_hotel,1
Suggest a hotel that feels authentic to the region.,can_montreal_delta_montreal_hotel,1
Suggest a hotel that feels authentic to the region.,can_quebec_montreal_springhill_suites_old_montreal,3
Suggest a hotel that feels authentic to the region.,can_montreal_springhill_suites_old_montreal,3
Suggest a hotel that feels authentic to the region.,can_quebec_montreal_auberge_bonaparte,3
Suggest a hotel that feels authentic to the region.,can_montreal_auberge_bonaparte,3
Suggest a hotel that feels authentic to the region.,can_montreal_novotel_montreal_center,1
Suggest a hotel that feels authentic to the region.,can_quebec_montreal_novotel_montreal_center,0
Suggest a hotel that feels authentic to the region.,can_montreal_holiday_inn_montreal_midtown,0
Suggest a hotel that feels authentic to the region.,can_quebec_montreal_holiday_inn_montreal_midtown,0
Where can I stay to experience a complete cultural immersion?,can_montreal_le_square_phillips_hotel_suites,2
Where can I stay to experience a complete cultural immersion?,can_quebec_montreal_le_square_phillips_hotel_suites,2
Where can I stay to experience a complete cultural immersion?,can_quebec_montreal_hotel_nelligan,3
Where can I stay to experience a complete cultural immersion?,can_montreal_hotel_nelligan,3
Where can I stay to experience a complete cultural immersion?,can_quebec_montreal_hotel_gault,2
Where can I stay to experience a complete cultural immersion?,can_montreal_hotel_gault,2
Where can I stay to experience a complete cultural immersion?,can_quebec_montreal_residence_inn_by_marriott_montreal_downtown,2
Where can I stay to experience a complete cultural immersion?,can_montreal_residence_inn_by_marriott_montreal_downtown,2
Where can I stay to experience a complete cultural immersion?,can_quebec_montreal_auberge_du_vieux_port,3
Where can I stay to experience a complete cultural immersion?,can_montreal_auberge_du_vieux_port,3
Where can I stay to experience a complete cultural immersion?,can_quebec_montreal_le_place_d_armes_hotel_suites,3
Where can I stay to experience a complete cultural immersion?,can_montreal_le_place_d_armes_hotel_suites,3
Where can I stay to experience a complete cultural immersion?,can_montreal_sofitel_montreal,1
Where can I stay to experience a complete cultural immersion?,can_quebec_montreal_sofitel_montreal,1
Where can I stay to experience a complete cultural immersion?,can_montreal_w_montreal,2
Where can I stay to experience a complete cultural immersion?,can_quebec_montreal_w_montreal,2
Where can I stay to experience a complete cultural immersion?,can_quebec_montreal_loews_hotel_vogue,2
Where can I stay to experience a complete cultural immersion?,can_montreal_loews_hotel_vogue,1
Where can I stay to experience a complete cultural immersion?,can_quebec_montreal_sheraton_le_centre_montreal_hotel,2
Where can I stay to experience a complete cultural immersion?,can_montreal_sheraton_le_centre_montreal_hotel,1
Where can I stay to experience a complete cultural immersion?,can_montreal_chateau_de_l_argoat,2
Where can I stay to experience a complete cultural immersion?,can_quebec_montreal_chateau_de_l_argoat,2
Where can I stay to experience a complete cultural immersion?,can_quebec_montreal_hotel_du_fort,1
Where can I stay to experience a complete cultural immersion?,can_montreal_hotel_du_fort,1
Where can I stay to experience a complete cultural immersion?,can_quebec_montreal_hotel_omni_mont_royal,2
Where can I stay to experience a complete cultural immersion?,can_montreal_hotel_omni_mont_royal,1
Where can I stay to experience a complete cultural immersion?,can_montreal_hilton_montreal_bonaventure,1
Where can I stay to experience a complete cultural immersion?,can_quebec_montreal_hilton_montreal_bonaventure,2
Where can I stay to experience a complete cultural immersion?,can_montreal_marriott_chateau_champlain,1
Where can I stay to experience a complete cultural immersion?,can_quebec_montreal_marriott_chateau_champlain,1
Where can I stay to experience a complete cultural immersion?,can_montreal_hyatt_regency_montreal,2
Where can I stay to experience a complete cultural immersion?,can_quebec_montreal_hyatt_regency_montreal,2
Where can I stay to experience a complete cultural immersion?,can_montreal_le_saint_sulpice,3
Where can I stay to experience a complete cultural immersion?,can_quebec_montreal_le_saint_sulpice,3
Where can I stay to experience a complete cultural immersion?,can_montreal_fairmont_the_queen_elizabeth,2
Where can I stay to experience a complete cultural immersion?,can_quebec_montreal_fairmont_the_queen_elizabeth,2
Where can I stay to experience a complete cultural immersion?,can_quebec_montreal_delta_montreal_hotel,1
Where can I stay to experience a complete cultural immersion?,can_montreal_delta_montreal_hotel,1
Where can I stay to experience a complete cultural immersion?,can_montreal_delta_centre_ville,1
Where can I stay to experience a complete cultural immersion?,can_quebec_montreal_delta_centre_ville,2
Where can I stay to experience a complete cultural immersion?,can_quebec_montreal_springhill_suites_old_montreal,3
Where can I stay to experience a complete cultural immersion?,can_montreal_springhill_suites_old_montreal,3
Where can I stay to experience a complete cultural immersion?,can_quebec_montreal_holiday_inn_express_montreal_centre_ville,2
Where can I stay to experience a complete cultural immersion?,can_montreal_holiday_inn_express_montreal_centre_ville,2
Where can I stay to experience a complete cultural immersion?,can_montreal_hotel_xixe_siecle,2
Where can I stay to experience a complete cultural immersion?,can_quebec_montreal_hotel_xixe_siecle,3
Where can I stay to experience a complete cultural immersion?,can_quebec_montreal_intercontinental_montreal,2
Where can I stay to experience a complete cultural immersion?,can_montreal_intercontinental_montreal,2
Where can I stay to experience a complete cultural immersion?,can_montreal_embassy_suites_montreal,1
Where can I stay to experience a complete cultural immersion?,can_montreal_le_cantlie_suites_hotel,1
Where can I stay to experience a complete cultural immersion?,can_quebec_montreal_le_cantlie_suites_hotel,1
Where can I stay to experience a complete cultural immersion?,can_quebec_montreal_embassy_suites_montreal,1
Where can I stay to experience a complete cultural immersion?,can_quebec_montreal_hotel_st_paul,2
Where can I stay to experience a complete cultural immersion?,can_montreal_hotel_st_paul,2
Where can I stay to experience a complete cultural immersion?,can_montreal_opus_hotel_montreal,2
Where can I stay to experience a complete cultural immersion?,can_quebec_montreal_opus_hotel_montreal,2
Where can I stay to experience a complete cultural immersion?,can_montreal_ritz_carlton_montreal,2
Where can I stay to experience a complete cultural immersion?,can_quebec_montreal_ritz_carlton_montreal,2
Where can I stay to experience a complete cultural immersion?,can_quebec_montreal_auberge_bonaparte,3
Where can I stay to experience a complete cultural immersion?,can_montreal_auberge_bonaparte,3
Where can I stay to experience a complete cultural immersion?,can_montreal_holiday_inn_montreal_midtown,0
Where can I stay to experience a complete cultural immersion?,can_quebec_montreal_holiday_inn_montreal_midtown,0
Where can I stay to experience a complete cultural immersion?,can_montreal_novotel_montreal_center,1
Where can I stay to experience a complete cultural immersion?,can_quebec_montreal_novotel_montreal_center,2
Recommend a hotel with exceptional breakfast options.,can_montreal_le_square_phillips_hotel_suites,3
Recommend a hotel with exceptional breakfast options.,can_quebec_montreal_le_square_phillips_hotel_suites,3
Recommend a hotel with exceptional breakfast options.,can_quebec_montreal_residence_inn_by_marriott_montreal_downtown,3
Recommend a hotel with exceptional breakfast options.,can_montreal_residence_inn_by_marriott_montreal_downtown,3
Recommend a hotel with exceptional breakfast options.,can_quebec_montreal_le_place_d_armes_hotel_suites,3
Recommend a hotel with exceptional breakfast options.,can_montreal_le_place_d_armes_hotel_suites,3
Recommend a hotel with exceptional breakfast options.,can_montreal_chateau_de_l_argoat,3
Recommend a hotel with exceptional breakfast options.,can_quebec_montreal_chateau_de_l_argoat,2
Recommend a hotel with exceptional breakfast options.,can_quebec_montreal_hotel_nelligan,3
Recommend a hotel with exceptional breakfast options.,can_montreal_hotel_nelligan,3
Recommend a hotel with exceptional breakfast options.,can_montreal_embassy_suites_montreal,3
Recommend a hotel with exceptional breakfast options.,can_quebec_montreal_springhill_suites_old_montreal,3
Recommend a hotel with exceptional breakfast options.,can_montreal_springhill_suites_old_montreal,3
Recommend a hotel with exceptional breakfast options.,can_quebec_montreal_embassy_suites_montreal,3
Recommend a hotel with exceptional breakfast options.,can_quebec_montreal_holiday_inn_express_montreal_centre_ville,3
Recommend a hotel with exceptional breakfast options.,can_montreal_holiday_inn_express_montreal_centre_ville,3
Recommend a hotel with exceptional breakfast options.,can_montreal_sofitel_montreal,3
Recommend a hotel with exceptional breakfast options.,can_quebec_montreal_sofitel_montreal,3
Recommend a hotel with exceptional breakfast options.,can_quebec_montreal_hotel_gault,3
Recommend a hotel with exceptional breakfast options.,can_montreal_hotel_gault,3
Recommend a hotel with exceptional breakfast options.,can_quebec_montreal_loews_hotel_vogue,2
Recommend a hotel with exceptional breakfast options.,can_montreal_loews_hotel_vogue,2
Recommend a hotel with exceptional breakfast options.,can_montreal_hotel_xixe_siecle,3
Recommend a hotel with exceptional breakfast options.,can_quebec_montreal_hotel_xixe_siecle,3
Recommend a hotel with exceptional breakfast options.,can_quebec_montreal_auberge_bonaparte,3
Recommend a hotel with exceptional breakfast options.,can_montreal_auberge_bonaparte,3
Recommend a hotel with exceptional breakfast options.,can_quebec_montreal_auberge_du_vieux_port,3
Recommend a hotel with exceptional breakfast options.,can_montreal_auberge_du_vieux_port,3
Recommend a hotel with exceptional breakfast options.,can_montreal_le_saint_sulpice,3
Recommend a hotel with exceptional breakfast options.,can_quebec_montreal_le_saint_sulpice,2
Recommend a hotel with exceptional breakfast options.,can_quebec_montreal_hotel_omni_mont_royal,2
Recommend a hotel with exceptional breakfast options.,can_montreal_hotel_omni_mont_royal,2
Recommend a hotel with exceptional breakfast options.,can_quebec_montreal_hotel_du_fort,2
Recommend a hotel with exceptional breakfast options.,can_montreal_hotel_du_fort,2
Recommend a hotel with exceptional breakfast options.,can_montreal_marriott_chateau_champlain,2
Recommend a hotel with exceptional breakfast options.,can_quebec_montreal_marriott_chateau_champlain,2
Recommend a hotel with exceptional breakfast options.,can_montreal_hyatt_regency_montreal,3
Recommend a hotel with exceptional breakfast options.,can_quebec_montreal_hyatt_regency_montreal,3
Recommend a hotel with exceptional breakfast options.,can_quebec_montreal_intercontinental_montreal,2
Recommend a hotel with exceptional breakfast options.,can_montreal_intercontinental_montreal,2
Recommend a hotel with exceptional breakfast options.,can_montreal_fairmont_the_queen_elizabeth,3
Recommend a hotel with exceptional breakfast options.,can_quebec_montreal_fairmont_the_queen_elizabeth,3
Recommend a hotel with exceptional breakfast options.,can_quebec_montreal_sheraton_le_centre_montreal_hotel,2
Recommend a hotel with exceptional breakfast options.,can_montreal_sheraton_le_centre_montreal_hotel,2
Recommend a hotel with exceptional breakfast options.,can_montreal_le_cantlie_suites_hotel,1
Recommend a hotel with exceptional breakfast options.,can_quebec_montreal_le_cantlie_suites_hotel,2
Recommend a hotel with exceptional breakfast options.,can_quebec_montreal_delta_montreal_hotel,2
Recommend a hotel with exceptional breakfast options.,can_montreal_delta_montreal_hotel,2
Recommend a hotel with exceptional breakfast options.,can_montreal_hilton_montreal_bonaventure,2
Recommend a hotel with exceptional breakfast options.,can_quebec_montreal_hilton_montreal_bonaventure,3
Recommend a hotel with exceptional breakfast options.,can_montreal_opus_hotel_montreal,1
Recommend a hotel with exceptional breakfast options.,can_quebec_montreal_opus_hotel_montreal,1
Recommend a hotel with exceptional breakfast options.,can_montreal_novotel_montreal_center,2
Recommend a hotel with exceptional breakfast options.,can_quebec_montreal_novotel_montreal_center,2
Recommend a hotel with exceptional breakfast options.,can_montreal_w_montreal,1
Recommend a hotel with exceptional breakfast options.,can_quebec_montreal_w_montreal,2
Recommend a hotel with exceptional breakfast options.,can_montreal_ritz_carlton_montreal,2
Recommend a hotel with exceptional breakfast options.,can_quebec_montreal_ritz_carlton_montreal,2
Recommend a hotel with exceptional breakfast options.,can_montreal_holiday_inn_montreal_midtown,1
Recommend a hotel with exceptional breakfast options.,can_quebec_montreal_holiday_inn_montreal_midtown,2
Recommend a hotel with exceptional breakfast options.,can_quebec_montreal_hotel_st_paul,3
Recommend a hotel with exceptional breakfast options.,can_montreal_hotel_st_paul,3
Recommend a hotel with exceptional breakfast options.,can_montreal_delta_centre_ville,2
Recommend a hotel with exceptional breakfast options.,can_quebec_montreal_delta_centre_ville,2
Where should I stay for easy access to hiking trails?,can_montreal_le_square_phillips_hotel_suites,0
Where should I stay for easy access to hiking trails?,can_quebec_montreal_le_square_phillips_hotel_suites,0
Where should I stay for easy access to hiking trails?,can_quebec_montreal_sheraton_le_centre_montreal_hotel,0
Where should I stay for easy access to hiking trails?,can_montreal_sheraton_le_centre_montreal_hotel,1
Where should I stay for easy access to hiking trails?,can_quebec_montreal_hotel_omni_mont_royal,3
Where should I stay for easy access to hiking trails?,can_montreal_hotel_omni_mont_royal,3
Where should I stay for easy access to hiking trails?,can_quebec_montreal_hotel_du_fort,0
Where should I stay for easy access to hiking trails?,can_montreal_hotel_du_fort,0
Where should I stay for easy access to hiking trails?,can_montreal_marriott_chateau_champlain,0
Where should I stay for easy access to hiking trails?,can_quebec_montreal_marriott_chateau_champlain,0
Where should I stay for easy access to hiking trails?,can_quebec_montreal_hotel_nelligan,0
Where should I stay for easy access to hiking trails?,can_montreal_hotel_nelligan,0
Where should I stay for easy access to hiking trails?,can_montreal_chateau_de_l_argoat,1
Where should I stay for easy access to hiking trails?,can_quebec_montreal_chateau_de_l_argoat,0
Where should I stay for easy access to hiking trails?,can_montreal_hilton_montreal_bonaventure,0
Where should I stay for easy access to hiking trails?,can_quebec_montreal_hilton_montreal_bonaventure,0
Where should I stay for easy access to hiking trails?,can_quebec_montreal_le_place_d_armes_hotel_suites,0
Where should I stay for easy access to hiking trails?,can_montreal_le_place_d_armes_hotel_suites,0
Where should I stay for easy access to hiking trails?,can_quebec_montreal_residence_inn_by_marriott_montreal_downtown,1
Where should I stay for easy access to hiking trails?,can_montreal_residence_inn_by_marriott_montreal_downtown,0
Where should I stay for easy access to hiking trails?,can_montreal_fairmont_the_queen_elizabeth,0
Where should I stay for easy access to hiking trails?,can_quebec_montreal_fairmont_the_queen_elizabeth,0
Where should I stay for easy access to hiking trails?,can_quebec_montreal_delta_montreal_hotel,0
Where should I stay for easy access to hiking trails?,can_montreal_delta_montreal_hotel,0
Where should I stay for easy access to hiking trails?,can_quebec_montreal_holiday_inn_express_montreal_centre_ville,0
Where should I stay for easy access to hiking trails?,can_montreal_holiday_inn_express_montreal_centre_ville,0
Where should I stay for easy access to hiking trails?,can_montreal_hyatt_regency_montreal,0
Where should I stay for easy access to hiking trails?,can_quebec_montreal_hyatt_regency_montreal,0
Where should I stay for easy access to hiking trails?,can_montreal_delta_centre_ville,0
Where should I stay for easy access to hiking trails?,can_quebec_montreal_delta_centre_ville,0
Where should I stay for easy access to hiking trails?,can_quebec_montreal_hotel_gault,0
Where should I stay for easy access to hiking trails?,can_montreal_hotel_gault,0
Where should I stay for easy access to hiking trails?,can_montreal_le_cantlie_suites_hotel,0
Where should I stay for easy access to hiking trails?,can_quebec_montreal_le_cantlie_suites_hotel,0
Where should I stay for easy access to hiking trails?,can_quebec_montreal_springhill_suites_old_montreal,0
Where should I stay for easy access to hiking trails?,can_montreal_springhill_suites_old_montreal,0
Where should I stay for easy access to hiking trails?,can_montreal_w_montreal,0
Where should I stay for easy access to hiking trails?,can_quebec_montreal_w_montreal,0
Where should I stay for easy access to hiking trails?,can_quebec_montreal_auberge_du_vieux_port,0
Where should I stay for easy access to hiking trails?,can_montreal_auberge_du_vieux_port,0
Where should I stay for easy access to hiking trails?,can_quebec_montreal_loews_hotel_vogue,0
Where should I stay for easy access to hiking trails?,can_montreal_loews_hotel_vogue,0
Where should I stay for easy access to hiking trails?,can_montreal_le_saint_sulpice,0
Where should I stay for easy access to hiking trails?,can_quebec_montreal_le_saint_sulpice,0
Where should I stay for easy access to hiking trails?,can_montreal_sofitel_montreal,2
Where should I stay for easy access to hiking trails?,can_quebec_montreal_sofitel_montreal,2
Where should I stay for easy access to hiking trails?,can_quebec_montreal_intercontinental_montreal,0
Where should I stay for easy access to hiking trails?,can_montreal_intercontinental_montreal,0
Where should I stay for easy access to hiking trails?,can_montreal_novotel_montreal_center,0
Where should I stay for easy access to hiking trails?,can_quebec_montreal_novotel_montreal_center,0
Where should I stay for easy access to hiking trails?,can_montreal_hotel_xixe_siecle,0
Where should I stay for easy access to hiking trails?,can_quebec_montreal_hotel_xixe_siecle,0
Where should I stay for easy access to hiking trails?,can_montreal_opus_hotel_montreal,0
Where should I stay for easy access to hiking trails?,can_quebec_montreal_opus_hotel_montreal,0
Where should I stay for easy access to hiking trails?,can_quebec_montreal_hotel_st_paul,0
Where should I stay for easy access to hiking trails?,can_montreal_hotel_st_paul,0
Where should I stay for easy access to hiking trails?,can_quebec_montreal_auberge_bonaparte,0
Where should I stay for easy access to hiking trails?,can_montreal_auberge_bonaparte,0
Where should I stay for easy access to hiking trails?,can_montreal_holiday_inn_montreal_midtown,0
Where should I stay for easy access to hiking trails?,can_quebec_montreal_holiday_inn_montreal_midtown,0
Where should I stay for easy access to hiking trails?,can_montreal_embassy_suites_montreal,0
Where should I stay for easy access to hiking trails?,can_quebec_montreal_embassy_suites_montreal,0
Where should I stay for easy access to hiking trails?,can_montreal_ritz_carlton_montreal,0
Where should I stay for easy access to hiking trails?,can_quebec_montreal_ritz_carlton_montreal,0
What are the best hotels for fitness enthusiasts?,can_montreal_le_square_phillips_hotel_suites,3
What are the best hotels for fitness enthusiasts?,can_quebec_montreal_le_square_phillips_hotel_suites,3
What are the best hotels for fitness enthusiasts?,can_quebec_montreal_hotel_omni_mont_royal,3
What are the best hotels for fitness enthusiasts?,can_montreal_hotel_omni_mont_royal,3
What are the best hotels for fitness enthusiasts?,can_montreal_hilton_montreal_bonaventure,2
What are the best hotels for fitness enthusiasts?,can_quebec_montreal_hilton_montreal_bonaventure,2
What are the best hotels for fitness enthusiasts?,can_quebec_montreal_loews_hotel_vogue,2
What are the best hotels for fitness enthusiasts?,can_montreal_loews_hotel_vogue,2
What are the best hotels for fitness enthusiasts?,can_quebec_montreal_residence_inn_by_marriott_montreal_downtown,2
What are the best hotels for fitness enthusiasts?,can_montreal_residence_inn_by_marriott_montreal_downtown,2
What are the best hotels for fitness enthusiasts?,can_montreal_marriott_chateau_champlain,2
What are the best hotels for fitness enthusiasts?,can_quebec_montreal_marriott_chateau_champlain,3
What are the best hotels for fitness enthusiasts?,can_montreal_sofitel_montreal,2
What are the best hotels for fitness enthusiasts?,can_quebec_montreal_sofitel_montreal,2
What are the best hotels for fitness enthusiasts?,can_quebec_montreal_sheraton_le_centre_montreal_hotel,2
What are the best hotels for fitness enthusiasts?,can_montreal_sheraton_le_centre_montreal_hotel,2
What are the best hotels for fitness enthusiasts?,can_montreal_hyatt_regency_montreal,2
What are the best hotels for fitness enthusiasts?,can_quebec_montreal_hyatt_regency_montreal,2
What are the best hotels for fitness enthusiasts?,can_quebec_montreal_le_place_d_armes_hotel_suites,1
What are the best hotels for fitness enthusiasts?,can_montreal_le_place_d_armes_hotel_suites,2
What are the best hotels for fitness enthusiasts?,can_quebec_montreal_delta_montreal_hotel,2
What are the best hotels for fitness enthusiasts?,can_montreal_delta_montreal_hotel,2
What are the best hotels for fitness enthusiasts?,can_montreal_fairmont_the_queen_elizabeth,3
What are the best hotels for fitness enthusiasts?,can_quebec_montreal_fairmont_the_queen_elizabeth,3
What are the best hotels for fitness enthusiasts?,can_montreal_delta_centre_ville,2
What are the best hotels for fitness enthusiasts?,can_quebec_montreal_delta_centre_ville,2
What are the best hotels for fitness enthusiasts?,can_montreal_w_montreal,2
What are the best hotels for fitness enthusiasts?,can_quebec_montreal_w_montreal,3
What are the best hotels for fitness enthusiasts?,can_quebec_montreal_hotel_nelligan,0
What are the best hotels for fitness enthusiasts?,can_montreal_hotel_nelligan,0
What are the best hotels for fitness enthusiasts?,can_quebec_montreal_hotel_du_fort,1
What are the best hotels for fitness enthusiasts?,can_montreal_hotel_du_fort,1
What are the best hotels for fitness enthusiasts?,can_quebec_montreal_hotel_gault,2
What are the best hotels for fitness enthusiasts?,can_montreal_hotel_gault,2
What are the best hotels for fitness enthusiasts?,can_quebec_montreal_springhill_suites_old_montreal,1
What are the best hotels for fitness enthusiasts?,can_montreal_springhill_suites_old_montreal,1
What are the best hotels for fitness enthusiasts?,can_quebec_montreal_intercontinental_montreal,2
What are the best hotels for fitness enthusiasts?,can_montreal_intercontinental_montreal,2
What are the best hotels for fitness enthusiasts?,can_montreal_le_cantlie_suites_hotel,2
What are the best hotels for fitness enthusiasts?,can_quebec_montreal_le_cantlie_suites_hotel,2
What are the best hotels for fitness enthusiasts?,can_montreal_hotel_xixe_siecle,0
What are the best hotels for fitness enthusiasts?,can_quebec_montreal_hotel_xixe_siecle,0
What are the best hotels for fitness enthusiasts?,can_montreal_le_saint_sulpice,0
What are the best hotels for fitness enthusiasts?,can_quebec_montreal_le_saint_sulpice,0
What are the best hotels for fitness enthusiasts?,can_quebec_montreal_auberge_du_vieux_port,0
What are the best hotels for fitness enthusiasts?,can_montreal_auberge_du_vieux_port,0
What are the best hotels for fitness enthusiasts?,can_quebec_montreal_holiday_inn_express_montreal_centre_ville,2
What are the best hotels for fitness enthusiasts?,can_montreal_holiday_inn_express_montreal_centre_ville,2
What are the best hotels for fitness enthusiasts?,can_montreal_novotel_montreal_center,1
What are the best hotels for fitness enthusiasts?,can_quebec_montreal_novotel_montreal_center,1
What are the best hotels for fitness enthusiasts?,can_montreal_chateau_de_l_argoat,0
What are the best hotels for fitness enthusiasts?,can_quebec_montreal_chateau_de_l_argoat,0
What are the best hotels for fitness enthusiasts?,can_montreal_embassy_suites_montreal,0
What are the best hotels for fitness enthusiasts?,can_quebec_montreal_embassy_suites_montreal,0
What are the best hotels for fitness enthusiasts?,can_montreal_holiday_inn_montreal_midtown,0
What are the best hotels for fitness enthusiasts?,can_quebec_montreal_holiday_inn_montreal_midtown,0
What are the best hotels for fitness enthusiasts?,can_montreal_opus_hotel_montreal,0
What are the best hotels for fitness enthusiasts?,can_quebec_montreal_opus_hotel_montreal,1
What are the best hotels for fitness enthusiasts?,can_quebec_montreal_hotel_st_paul,0
What are the best hotels for fitness enthusiasts?,can_montreal_hotel_st_paul,0
What are the best hotels for fitness enthusiasts?,can_montreal_ritz_carlton_montreal,0
What are the best hotels for fitness enthusiasts?,can_quebec_montreal_ritz_carlton_montreal,0
What are the best hotels for fitness enthusiasts?,can_quebec_montreal_auberge_bonaparte,0
What are the best hotels for fitness enthusiasts?,can_montreal_auberge_bonaparte,0
Suggest a hotel where technology enhances rather than intrudes on the experience.,can_quebec_montreal_loews_hotel_vogue,1
Suggest a hotel where technology enhances rather than intrudes on the experience.,can_montreal_loews_hotel_vogue,1
Suggest a hotel where technology enhances rather than intrudes on the experience.,can_montreal_le_square_phillips_hotel_suites,1
Suggest a hotel where technology enhances rather than intrudes on the experience.,can_quebec_montreal_le_square_phillips_hotel_suites,1
Suggest a hotel where technology enhances rather than intrudes on the experience.,can_quebec_montreal_hotel_omni_mont_royal,1
Suggest a hotel where technology enhances rather than intrudes on the experience.,can_montreal_hotel_omni_mont_royal,1
Suggest a hotel where technology enhances rather than intrudes on the experience.,can_montreal_hyatt_regency_montreal,1
Suggest a hotel where technology enhances rather than intrudes on the experience.,can_quebec_montreal_hyatt_regency_montreal,0
Suggest a hotel where technology enhances rather than intrudes on the experience.,can_montreal_sofitel_montreal,2
Suggest a hotel where technology enhances rather than intrudes on the experience.,can_quebec_montreal_sofitel_montreal,2
Suggest a hotel where technology enhances rather than intrudes on the experience.,can_montreal_residence_inn_by_marriott_montreal_downtown,0
Suggest a hotel where technology enhances rather than intrudes on the experience.,can_quebec_montreal_residence_inn_by_marriott_montreal_downtown,0
Suggest a hotel where technology enhances rather than intrudes on the experience.,can_quebec_montreal_delta_montreal_hotel,0
Suggest a hotel where technology enhances rather than intrudes on the experience.,can_montreal_delta_montreal_hotel,1
Suggest a hotel where technology enhances rather than intrudes on the experience.,can_quebec_montreal_hotel_gault,3
Suggest a hotel where technology enhances rather than intrudes on the experience.,can_montreal_hotel_gault,2
Suggest a hotel where technology enhances rather than intrudes on the experience.,can_quebec_montreal_sheraton_le_centre_montreal_hotel,1
Suggest a hotel where technology enhances rather than intrudes on the experience.,can_montreal_sheraton_le_centre_montreal_hotel,1
Suggest a hotel where technology enhances rather than intrudes on the experience.,can_montreal_marriott_chateau_champlain,0
Suggest a hotel where technology enhances rather than intrudes on the experience.,can_quebec_montreal_marriott_chateau_champlain,0
Suggest a hotel where technology enhances rather than intrudes on the experience.,can_montreal_hilton_montreal_bonaventure,1
Suggest a hotel where technology enhances rather than intrudes on the experience.,can_quebec_montreal_hilton_montreal_bonaventure,1
Suggest a hotel where technology enhances rather than intrudes on the experience.,can_montreal_w_montreal,3
Suggest a hotel where technology enhances rather than intrudes on the experience.,can_quebec_montreal_w_montreal,3
Suggest a hotel where technology enhances rather than intrudes on the experience.,can_montreal_le_cantlie_suites_hotel,0
Suggest a hotel where technology enhances rather than intrudes on the experience.,can_quebec_montreal_le_cantlie_suites_hotel,0
Suggest a hotel where technology enhances rather than intrudes on the experience.,can_quebec_montreal_le_place_d_armes_hotel_suites,1
Suggest a hotel where technology enhances rather than intrudes on the experience.,can_montreal_le_place_d_armes_hotel_suites,1
Suggest a hotel where technology enhances rather than intrudes on the experience.,can_quebec_montreal_intercontinental_montreal,0
Suggest a hotel where technology enhances rather than intrudes on the experience.,can_montreal_intercontinental_montreal,1
Suggest a hotel where technology enhances rather than intrudes on the experience.,can_montreal_chateau_de_l_argoat,0
Suggest a hotel where technology enhances rather than intrudes on the experience.,can_quebec_montreal_chateau_de_l_argoat,0
Suggest a hotel where technology enhances rather than intrudes on the experience.,can_quebec_montreal_auberge_du_vieux_port,0
Suggest a hotel where technology enhances rather than intrudes on the experience.,can_montreal_auberge_du_vieux_port,0
Suggest a hotel where technology enhances rather than intrudes on the experience.,can_montreal_fairmont_the_queen_elizabeth,1
Suggest a hotel where technology enhances rather than intrudes on the experience.,can_quebec_montreal_fairmont_the_queen_elizabeth,0
Suggest a hotel where technology enhances rather than intrudes on the experience.,can_montreal_hotel_xixe_siecle,0
Suggest a hotel where technology enhances rather than intrudes on the experience.,can_quebec_montreal_hotel_xixe_siecle,1
Suggest a hotel where technology enhances rather than intrudes on the experience.,can_quebec_montreal_holiday_inn_express_montreal_centre_ville,0
Suggest a hotel where technology enhances rather than intrudes on the experience.,can_montreal_holiday_inn_express_montreal_centre_ville,0
Suggest a hotel where technology enhances rather than intrudes on the experience.,can_quebec_montreal_hotel_nelligan,1
Suggest a hotel where technology enhances rather than intrudes on the experience.,can_montreal_hotel_nelligan,1
Suggest a hotel where technology enhances rather than intrudes on the experience.,can_montreal_opus_hotel_montreal,0
Suggest a hotel where technology enhances rather than intrudes on the experience.,can_quebec_montreal_opus_hotel_montreal,1
Suggest a hotel where technology enhances rather than intrudes on the experience.,can_montreal_delta_centre_ville,1
Suggest a hotel where technology enhances rather than intrudes on the experience.,can_quebec_montreal_delta_centre_ville,1
Suggest a hotel where technology enhances rather than intrudes on the experience.,can_quebec_montreal_springhill_suites_old_montreal,0
Suggest a hotel where technology enhances rather than intrudes on the experience.,can_montreal_springhill_suites_old_montreal,0
Suggest a hotel where technology enhances rather than intrudes on the experience.,can_quebec_montreal_hotel_du_fort,0
Suggest a hotel where technology enhances rather than intrudes on the experience.,can_montreal_hotel_du_fort,0
Suggest a hotel where technology enhances rather than intrudes on the experience.,can_montreal_embassy_suites_montreal,1
Suggest a hotel where technology enhances rather than intrudes on the experience.,can_quebec_montreal_embassy_suites_montreal,0
Suggest a hotel where technology enhances rather than intrudes on the experience.,can_montreal_le_saint_sulpice,0
Suggest a hotel where technology enhances rather than intrudes on the experience.,can_quebec_montreal_le_saint_sulpice,0
Suggest a hotel where technology enhances rather than intrudes on the experience.,can_montreal_holiday_inn_montreal_midtown,0
Suggest a hotel where technology enhances rather than intrudes on the experience.,can_quebec_montreal_holiday_inn_montreal_midtown,0
Suggest a hotel where technology enhances rather than intrudes on the experience.,can_montreal_novotel_montreal_center,1
Suggest a hotel where technology enhances rather than intrudes on the experience.,can_quebec_montreal_novotel_montreal_center,1
Suggest a hotel where technology enhances rather than intrudes on the experience.,can_quebec_montreal_hotel_st_paul,2
Suggest a hotel where technology enhances rather than intrudes on the experience.,can_montreal_hotel_st_paul,2
Suggest a hotel where technology enhances rather than intrudes on the experience.,can_quebec_montreal_auberge_bonaparte,0
Suggest a hotel where technology enhances rather than intrudes on the experience.,can_montreal_auberge_bonaparte,0
Suggest a hotel where technology enhances rather than intrudes on the experience.,can_montreal_ritz_carlton_montreal,0
Suggest a hotel where technology enhances rather than intrudes on the experience.,can_quebec_montreal_ritz_carlton_montreal,0
Where can I find a hotel with the most comfortable work spaces?,can_montreal_le_square_phillips_hotel_suites,1
Where can I find a hotel with the most comfortable work spaces?,can_quebec_montreal_le_square_phillips_hotel_suites,1
Where can I find a hotel with the most comfortable work spaces?,can_quebec_montreal_loews_hotel_vogue,0
Where can I find a hotel with the most comfortable work spaces?,can_montreal_loews_hotel_vogue,1
Where can I find a hotel with the most comfortable work spaces?,can_montreal_w_montreal,1
Where can I find a hotel with the most comfortable work spaces?,can_quebec_montreal_w_montreal,1
Where can I find a hotel with the most comfortable work spaces?,can_montreal_sofitel_montreal,2
Where can I find a hotel with the most comfortable work spaces?,can_quebec_montreal_sofitel_montreal,2
Where can I find a hotel with the most comfortable work spaces?,can_quebec_montreal_sheraton_le_centre_montreal_hotel,2
Where can I find a hotel with the most comfortable work spaces?,can_montreal_sheraton_le_centre_montreal_hotel,2
Where can I find a hotel with the most comfortable work spaces?,can_montreal_hyatt_regency_montreal,2
Where can I find a hotel with the most comfortable work spaces?,can_quebec_montreal_hyatt_regency_montreal,2
Where can I find a hotel with the most comfortable work spaces?,can_quebec_montreal_delta_montreal_hotel,1
Where can I find a hotel with the most comfortable work spaces?,can_montreal_delta_montreal_hotel,2
Where can I find a hotel with the most comfortable work spaces?,can_montreal_hilton_montreal_bonaventure,1
Where can I find a hotel with the most comfortable work spaces?,can_quebec_montreal_hilton_montreal_bonaventure,1
Where can I find a hotel with the most comfortable work spaces?,can_quebec_montreal_hotel_gault,1
Where can I find a hotel with the most comfortable work spaces?,can_montreal_hotel_gault,1
Where can I find a hotel with the most comfortable work spaces?,can_quebec_montreal_le_place_d_armes_hotel_suites,2
Where can I find a hotel with the most comfortable work spaces?,can_montreal_le_place_d_armes_hotel_suites,1
Where can I find a hotel with the most comfortable work spaces?,can_montreal_opus_hotel_montreal,1
Where can I find a hotel with the most comfortable work spaces?,can_quebec_montreal_opus_hotel_montreal,1
Where can I find a hotel with the most comfortable work spaces?,can_quebec_montreal_hotel_omni_mont_royal,2
Where can I find a hotel with the most comfortable work spaces?,can_montreal_hotel_omni_mont_royal,2
Where can I find a hotel with the most comfortable work spaces?,can_quebec_montreal_residence_inn_by_marriott_montreal_downtown,1
Where can I find a hotel with the most comfortable work spaces?,can_montreal_residence_inn_by_marriott_montreal_downtown,1
Where can I find a hotel with the most comfortable work spaces?,can_quebec_montreal_intercontinental_montreal,2
Where can I find a hotel with the most comfortable work spaces?,can_montreal_intercontinental_montreal,2
Where can I find a hotel with the most comfortable work spaces?,can_montreal_fairmont_the_queen_elizabeth,1
Where can I find a hotel with the most comfortable work spaces?,can_quebec_montreal_fairmont_the_queen_elizabeth,1
Where can I find a hotel with the most comfortable work spaces?,can_montreal_marriott_chateau_champlain,2
Where can I find a hotel with the most comfortable work spaces?,can_quebec_montreal_marriott_chateau_champlain,2
Where can I find a hotel with the most comfortable work spaces?,can_montreal_delta_centre_ville,2
Where can I find a hotel with the most comfortable work spaces?,can_quebec_montreal_delta_centre_ville,1
Where can I find a hotel with the most comfortable work spaces?,can_quebec_montreal_hotel_nelligan,1
Where can I find a hotel with the most comfortable work spaces?,can_montreal_hotel_nelligan,1
Where can I find a hotel with the most comfortable work spaces?,can_quebec_montreal_hotel_du_fort,2
Where can I find a hotel with the most comfortable work spaces?,can_montreal_hotel_du_fort,2
Where can I find a hotel with the most comfortable work spaces?,can_montreal_le_cantlie_suites_hotel,1
Where can I find a hotel with the most comfortable work spaces?,can_quebec_montreal_le_cantlie_suites_hotel,1
Where can I find a hotel with the most comfortable work spaces?,can_montreal_novotel_montreal_center,1
Where can I find a hotel with the most comfortable work spaces?,can_quebec_montreal_novotel_montreal_center,1
Where can I find a hotel with the most comfortable work spaces?,can_montreal_chateau_de_l_argoat,1
Where can I find a hotel with the most comfortable work spaces?,can_quebec_montreal_chateau_de_l_argoat,1
Where can I find a hotel with the most comfortable work spaces?,can_quebec_montreal_holiday_inn_express_montreal_centre_ville,1
Where can I find a hotel with the most comfortable work spaces?,can_montreal_holiday_inn_express_montreal_centre_ville,1
Where can I find a hotel with the most comfortable work spaces?,can_montreal_hotel_xixe_siecle,0
Where can I find a hotel with the most comfortable work spaces?,can_quebec_montreal_hotel_xixe_siecle,1
Where can I find a hotel with the most comfortable work spaces?,can_montreal_le_saint_sulpice,1
Where can I find a hotel with the most comfortable work spaces?,can_quebec_montreal_le_saint_sulpice,1
Where can I find a hotel with the most comfortable work spaces?,can_quebec_montreal_auberge_du_vieux_port,0
Where can I find a hotel with the most comfortable work spaces?,can_montreal_auberge_du_vieux_port,0
Where can I find a hotel with the most comfortable work spaces?,can_quebec_montreal_hotel_st_paul,1
Where can I find a hotel with the most comfortable work spaces?,can_montreal_hotel_st_paul,1
Where can I find a hotel with the most comfortable work spaces?,can_quebec_montreal_springhill_suites_old_montreal,2
Where can I find a hotel with the most comfortable work spaces?,can_montreal_springhill_suites_old_montreal,2
Where can I find a hotel with the most comfortable work spaces?,can_montreal_holiday_inn_montreal_midtown,1
Where can I find a hotel with the most comfortable work spaces?,can_quebec_montreal_holiday_inn_montreal_midtown,1
Where can I find a hotel with the most comfortable work spaces?,can_montreal_embassy_suites_montreal,1
Where can I find a hotel with the most comfortable work spaces?,can_quebec_montreal_embassy_suites_montreal,1
Where can I find a hotel with the most comfortable work spaces?,can_montreal_ritz_carlton_montreal,0
Where can I find a hotel with the most comfortable work spaces?,can_quebec_montreal_ritz_carlton_montreal,1
Where can I find a hotel with the most comfortable work spaces?,can_quebec_montreal_auberge_bonaparte,0
Where can I find a hotel with the most comfortable work spaces?,can_montreal_auberge_bonaparte,0
Recommend a hotel that feels like a design magazine come to life.,can_quebec_montreal_loews_hotel_vogue,3
Recommend a hotel that feels like a design magazine come to life.,can_montreal_loews_hotel_vogue,3
Recommend a hotel that feels like a design magazine come to life.,can_quebec_montreal_hotel_gault,3
Recommend a hotel that feels like a design magazine come to life.,can_montreal_hotel_gault,3
Recommend a hotel that feels like a design magazine come to life.,can_montreal_le_square_phillips_hotel_suites,2
Recommend a hotel that feels like a design magazine come to life.,can_quebec_montreal_le_square_phillips_hotel_suites,2
Recommend a hotel that feels like a design magazine come to life.,can_montreal_w_montreal,3
Recommend a hotel that feels like a design magazine come to life.,can_quebec_montreal_w_montreal,3
Recommend a hotel that feels like a design magazine come to life.,can_montreal_sofitel_montreal,3
Recommend a hotel that feels like a design magazine come to life.,can_quebec_montreal_sofitel_montreal,3
Recommend a hotel that feels like a design magazine come to life.,can_quebec_montreal_le_place_d_armes_hotel_suites,3
Recommend a hotel that feels like a design magazine come to life.,can_montreal_le_place_d_armes_hotel_suites,3
Recommend a hotel that feels like a design magazine come to life.,can_quebec_montreal_hotel_nelligan,3
Recommend a hotel that feels like a design magazine come to life.,can_montreal_hotel_nelligan,3
Recommend a hotel that feels like a design magazine come to life.,can_montreal_hilton_montreal_bonaventure,2
Recommend a hotel that feels like a design magazine come to life.,can_quebec_montreal_hilton_montreal_bonaventure,2
Recommend a hotel that feels like a design magazine come to life.,can_montreal_hotel_xixe_siecle,3
Recommend a hotel that feels like a design magazine come to life.,can_quebec_montreal_hotel_xixe_siecle,3
Recommend a hotel that feels like a design magazine come to life.,can_quebec_montreal_hotel_st_paul,3
Recommend a hotel that feels like a design magazine come to life.,can_montreal_hotel_st_paul,3
Recommend a hotel that feels like a design magazine come to life.,can_montreal_le_saint_sulpice,3
Recommend a hotel that feels like a design magazine come to life.,can_quebec_montreal_le_saint_sulpice,3
Recommend a hotel that feels like a design magazine come to life.,can_montreal_opus_hotel_montreal,3
Recommend a hotel that feels like a design magazine come to life.,can_quebec_montreal_opus_hotel_montreal,3
Recommend a hotel that feels like a design magazine come to life.,can_quebec_montreal_sheraton_le_centre_montreal_hotel,1
Recommend a hotel that feels like a design magazine come to life.,can_montreal_sheraton_le_centre_montreal_hotel,1
Recommend a hotel that feels like a design magazine come to life.,can_montreal_hyatt_regency_montreal,2
Recommend a hotel that feels like a design magazine come to life.,can_quebec_montreal_hyatt_regency_montreal,1
Recommend a hotel that feels like a design magazine come to life.,can_montreal_marriott_chateau_champlain,2
Recommend a hotel that feels like a design magazine come to life.,can_quebec_montreal_marriott_chateau_champlain,1
Recommend a hotel that feels like a design magazine come to life.,can_quebec_montreal_hotel_omni_mont_royal,1
Recommend a hotel that feels like a design magazine come to life.,can_montreal_hotel_omni_mont_royal,1
Recommend a hotel that feels like a design magazine come to life.,can_quebec_montreal_auberge_du_vieux_port,3
Recommend a hotel that feels like a design magazine come to life.,can_montreal_auberge_du_vieux_port,3
Recommend a hotel that feels like a design magazine come to life.,can_quebec_montreal_residence_inn_by_marriott_montreal_downtown,1
Recommend a hotel that feels like a design magazine come to life.,can_montreal_residence_inn_by_marriott_montreal_downtown,1
Recommend a hotel that feels like a design magazine come to life.,can_montreal_le_cantlie_suites_hotel,1
Recommend a hotel that feels like a design magazine come to life.,can_quebec_montreal_le_cantlie_suites_hotel,1
Recommend a hotel that feels like a design magazine come to life.,can_quebec_montreal_intercontinental_montreal,2
Recommend a hotel that feels like a design magazine come to life.,can_montreal_intercontinental_montreal,2
Recommend a hotel that feels like a design magazine come to life.,can_quebec_montreal_embassy_suites_montreal,2
Recommend a hotel that feels like a design magazine come to life.,can_montreal_embassy_suites_montreal,2
Recommend a hotel that feels like a design magazine come to life.,can_montreal_ritz_carlton_montreal,2
Recommend a hotel that feels like a design magazine come to life.,can_quebec_montreal_ritz_carlton_montreal,2
Recommend a hotel that feels like a design magazine come to life.,can_montreal_chateau_de_l_argoat,2
Recommend a hotel that feels like a design magazine come to life.,can_quebec_montreal_chateau_de_l_argoat,2
Recommend a hotel that feels like a design magazine come to life.,can_montreal_fairmont_the_queen_elizabeth,2
Recommend a hotel that feels like a design magazine come to life.,can_quebec_montreal_fairmont_the_queen_elizabeth,2
Recommend a hotel that feels like a design magazine come to life.,can_quebec_montreal_hotel_du_fort,1
Recommend a hotel that feels like a design magazine come to life.,can_montreal_hotel_du_fort,1
Recommend a hotel that feels like a design magazine come to life.,can_quebec_montreal_delta_montreal_hotel,1
Recommend a hotel that feels like a design magazine come to life.,can_montreal_delta_montreal_hotel,1
Recommend a hotel that feels like a design magazine come to life.,can_quebec_montreal_holiday_inn_express_montreal_centre_ville,0
Recommend a hotel that feels like a design magazine come to life.,can_montreal_holiday_inn_express_montreal_centre_ville,0
Recommend a hotel that feels like a design magazine come to life.,can_montreal_delta_centre_ville,1
Recommend a hotel that feels like a design magazine come to life.,can_quebec_montreal_delta_centre_ville,1
Recommend a hotel that feels like a design magazine come to life.,can_montreal_novotel_montreal_center,2
Recommend a hotel that feels like a design magazine come to life.,can_quebec_montreal_novotel_montreal_center,2
Recommend a hotel that feels like a design magazine come to life.,can_quebec_montreal_springhill_suites_old_montreal,1
Recommend a hotel that feels like a design magazine come to life.,can_montreal_springhill_suites_old_montreal,1
Recommend a hotel that feels like a design magazine come to life.,can_montreal_holiday_inn_montreal_midtown,0
Recommend a hotel that feels like a design magazine come to life.,can_quebec_montreal_holiday_inn_montreal_midtown,0
Recommend a hotel that feels like a design magazine come to life.,can_quebec_montreal_auberge_bonaparte,3
Recommend a hotel that feels like a design magazine come to life.,can_montreal_auberge_bonaparte,3
Where should I stay for the best local street food access?,can_montreal_le_square_phillips_hotel_suites,2
Where should I stay for the best local street food access?,can_quebec_montreal_le_square_phillips_hotel_suites,2
Where should I stay for the best local street food access?,can_quebec_montreal_residence_inn_by_marriott_montreal_downtown,2
Where should I stay for the best local street food access?,can_montreal_residence_inn_by_marriott_montreal_downtown,2
Where should I stay for the best local street food access?,can_quebec_montreal_hotel_du_fort,2
Where should I stay for the best local street food access?,can_montreal_hotel_du_fort,2
Where should I stay for the best local street food access?,can_quebec_montreal_holiday_inn_express_montreal_centre_ville,3
Where should I stay for the best local street food access?,can_montreal_holiday_inn_express_montreal_centre_ville,2
Where should I stay for the best local street food access?,can_montreal_le_saint_sulpice,3
Where should I stay for the best local street food access?,can_quebec_montreal_le_saint_sulpice,2
Where should I stay for the best local street food access?,can_quebec_montreal_hotel_nelligan,1
Where should I stay for the best local street food access?,can_montreal_hotel_nelligan,2
Where should I stay for the best local street food access?,can_quebec_montreal_sheraton_le_centre_montreal_hotel,3
Where should I stay for the best local street food access?,can_montreal_sheraton_le_centre_montreal_hotel,3
Where should I stay for the best local street food access?,can_montreal_chateau_de_l_argoat,2
Where should I stay for the best local street food access?,can_quebec_montreal_chateau_de_l_argoat,3
Where should I stay for the best local street food access?,can_quebec_montreal_loews_hotel_vogue,2
Where should I stay for the best local street food access?,can_montreal_loews_hotel_vogue,2
Where should I stay for the best local street food access?,can_montreal_fairmont_the_queen_elizabeth,2
Where should I stay for the best local street food access?,can_quebec_montreal_fairmont_the_queen_elizabeth,2
Where should I stay for the best local street food access?,can_montreal_marriott_chateau_champlain,2
Where should I stay for the best local street food access?,can_quebec_montreal_marriott_chateau_champlain,1
Where should I stay for the best local street food access?,can_quebec_montreal_hotel_st_paul,2
Where should I stay for the best local street food access?,can_montreal_hotel_st_paul,2
Where should I stay for the best local street food access?,can_quebec_montreal_auberge_du_vieux_port,2
Where should I stay for the best local street food access?,can_montreal_auberge_du_vieux_port,3
Where should I stay for the best local street food access?,can_quebec_montreal_springhill_suites_old_montreal,3
Where should I stay for the best local street food access?,can_montreal_springhill_suites_old_montreal,3
Where should I stay for the best local street food access?,can_quebec_montreal_le_place_d_armes_hotel_suites,1
Where should I stay for the best local street food access?,can_montreal_le_place_d_armes_hotel_suites,2
Where should I stay for the best local street food access?,can_montreal_novotel_montreal_center,2
Where should I stay for the best local street food access?,can_quebec_montreal_novotel_montreal_center,3
Where should I stay for the best local street food access?,can_montreal_sofitel_montreal,2
Where should I stay for the best local street food access?,can_quebec_montreal_sofitel_montreal,2
Where should I stay for the best local street food access?,can_quebec_montreal_hotel_omni_mont_royal,2
Where should I stay for the best local street food access?,can_montreal_hotel_omni_mont_royal,1
Where should I stay for the best local street food access?,can_quebec_montreal_hotel_gault,2
Where should I stay for the best local street food access?,can_montreal_hotel_gault,2
Where should I stay for the best local street food access?,can_montreal_hotel_xixe_siecle,2
Where should I stay for the best local street food access?,can_quebec_montreal_hotel_xixe_siecle,2
Where should I stay for the best local street food access?,can_montreal_hyatt_regency_montreal,2
Where should I stay for the best local street food access?,can_quebec_montreal_hyatt_regency_montreal,2
Where should I stay for the best local street food access?,can_quebec_montreal_intercontinental_montreal,2
Where should I stay for the best local street food access?,can_montreal_intercontinental_montreal,2
Where should I stay for the best local street food access?,can_montreal_le_cantlie_suites_hotel,2
Where should I stay for the best local street food access?,can_quebec_montreal_le_cantlie_suites_hotel,2
Where should I stay for the best local street food access?,can_montreal_w_montreal,1
Where should I stay for the best local street food access?,can_quebec_montreal_w_montreal,2
Where should I stay for the best local street food access?,can_montreal_delta_centre_ville,2
Where should I stay for the best local street food access?,can_quebec_montreal_delta_centre_ville,1
Where should I stay for the best local street food access?,can_quebec_montreal_delta_montreal_hotel,2
Where should I stay for the best local street food access?,can_montreal_delta_montreal_hotel,2
Where should I stay for the best local street food access?,can_montreal_hilton_montreal_bonaventure,2
Where should I stay for the best local street food access?,can_quebec_montreal_hilton_montreal_bonaventure,2
Where should I stay for the best local street food access?,can_montreal_embassy_suites_montreal,2
Where should I stay for the best local street food access?,can_quebec_montreal_embassy_suites_montreal,2
Where should I stay for the best local street food access?,can_quebec_montreal_auberge_bonaparte,3
Where should I stay for the best local street food access?,can_montreal_auberge_bonaparte,3
Where should I stay for the best local street food access?,can_montreal_holiday_inn_montreal_midtown,1
Where should I stay for the best local street food access?,can_quebec_montreal_holiday_inn_montreal_midtown,1
Where should I stay for the best local street food access?,can_montreal_opus_hotel_montreal,3
Where should I stay for the best local street food access?,can_quebec_montreal_opus_hotel_montreal,2
Where should I stay for the best local street food access?,can_montreal_ritz_carlton_montreal,0
Where should I stay for the best local street food access?,can_quebec_montreal_ritz_carlton_montreal,1
What hotels offer unique wellness treatments beyond standard spa services?,can_montreal_w_montreal,2
What hotels offer unique wellness treatments beyond standard spa services?,can_quebec_montreal_w_montreal,1
What hotels offer unique wellness treatments beyond standard spa services?,can_quebec_montreal_loews_hotel_vogue,0
What hotels offer unique wellness treatments beyond standard spa services?,can_montreal_loews_hotel_vogue,1
What hotels offer unique wellness treatments beyond standard spa services?,can_montreal_sofitel_montreal,1
What hotels offer unique wellness treatments beyond standard spa services?,can_quebec_montreal_sofitel_montreal,1
What hotels offer unique wellness treatments beyond standard spa services?,can_quebec_montreal_hotel_omni_mont_royal,2
What hotels offer unique wellness treatments beyond standard spa services?,can_montreal_hotel_omni_mont_royal,2
What hotels offer unique wellness treatments beyond standard spa services?,can_quebec_montreal_hotel_nelligan,0
What hotels offer unique wellness treatments beyond standard spa services?,can_montreal_hotel_nelligan,0
What hotels offer unique wellness treatments beyond standard spa services?,can_quebec_montreal_le_place_d_armes_hotel_suites,1
What hotels offer unique wellness treatments beyond standard spa services?,can_montreal_le_place_d_armes_hotel_suites,2
What hotels offer unique wellness treatments beyond standard spa services?,can_montreal_hyatt_regency_montreal,0
What hotels offer unique wellness treatments beyond standard spa services?,can_quebec_montreal_hyatt_regency_montreal,0
What hotels offer unique wellness treatments beyond standard spa services?,can_montreal_le_square_phillips_hotel_suites,0
What hotels offer unique wellness treatments beyond standard spa services?,can_quebec_montreal_le_square_phillips_hotel_suites,0
What hotels offer unique wellness treatments beyond standard spa services?,can_montreal_hilton_montreal_bonaventure,1
What hotels offer unique wellness treatments beyond standard spa services?,can_quebec_montreal_hilton_montreal_bonaventure,0
What hotels offer unique wellness treatments beyond standard spa services?,can_quebec_montreal_auberge_du_vieux_port,0
What hotels offer unique wellness treatments beyond standard spa services?,can_montreal_auberge_du_vieux_port,0
What hotels offer unique wellness treatments beyond standard spa services?,can_quebec_montreal_hotel_gault,0
What hotels offer unique wellness treatments beyond standard spa services?,can_montreal_hotel_gault,0
What hotels offer unique wellness treatments beyond standard spa services?,can_quebec_montreal_residence_inn_by_marriott_montreal_downtown,0
What hotels offer unique wellness treatments beyond standard spa services?,can_montreal_residence_inn_by_marriott_montreal_downtown,0
What hotels offer unique wellness treatments beyond standard spa services?,can_montreal_opus_hotel_montreal,0
What hotels offer unique wellness treatments beyond standard spa services?,can_quebec_montreal_opus_hotel_montreal,0
What hotels offer unique wellness treatments beyond standard spa services?,can_montreal_le_saint_sulpice,1
What hotels offer unique wellness treatments beyond standard spa services?,can_quebec_montreal_le_saint_sulpice,1
What hotels offer unique wellness treatments beyond standard spa services?,can_montreal_marriott_chateau_champlain,0
What hotels offer unique wellness treatments beyond standard spa services?,can_quebec_montreal_marriott_chateau_champlain,0
What hotels offer unique wellness treatments beyond standard spa services?,can_montreal_fairmont_the_queen_elizabeth,0
What hotels offer unique wellness treatments beyond standard spa services?,can_quebec_montreal_fairmont_the_queen_elizabeth,0
What hotels offer unique wellness treatments beyond standard spa services?,can_montreal_delta_centre_ville,0
What hotels offer unique wellness treatments beyond standard spa services?,can_quebec_montreal_delta_centre_ville,0
What hotels offer unique wellness treatments beyond standard spa services?,can_quebec_montreal_sheraton_le_centre_montreal_hotel,0
What hotels offer unique wellness treatments beyond standard spa services?,can_montreal_sheraton_le_centre_montreal_hotel,0
What hotels offer unique wellness treatments beyond standard spa services?,can_quebec_montreal_delta_montreal_hotel,0
What hotels offer unique wellness treatments beyond standard spa services?,can_montreal_delta_montreal_hotel,0
What hotels offer unique wellness treatments beyond standard spa services?,can_quebec_montreal_hotel_du_fort,0
What hotels offer unique wellness treatments beyond standard spa services?,can_montreal_hotel_du_fort,0
What hotels offer unique wellness treatments beyond standard spa services?,can_montreal_hotel_xixe_siecle,0
What hotels offer unique wellness treatments beyond standard spa services?,can_quebec_montreal_hotel_xixe_siecle,0
What hotels offer unique wellness treatments beyond standard spa services?,can_quebec_montreal_intercontinental_montreal,1
What hotels offer unique wellness treatments beyond standard spa services?,can_montreal_intercontinental_montreal,1
What hotels offer unique wellness treatments beyond standard spa services?,can_montreal_chateau_de_l_argoat,0
What hotels offer unique wellness treatments beyond standard spa services?,can_quebec_montreal_chateau_de_l_argoat,0
What hotels offer unique wellness treatments beyond standard spa services?,can_montreal_embassy_suites_montreal,0
What hotels offer unique wellness treatments beyond standard spa services?,can_quebec_montreal_embassy_suites_montreal,0
What hotels offer unique wellness treatments beyond standard spa services?,can_quebec_montreal_springhill_suites_old_montreal,0
What hotels offer unique wellness treatments beyond standard spa services?,can_montreal_springhill_suites_old_montreal,0
What hotels offer unique wellness treatments beyond standard spa services?,can_quebec_montreal_holiday_inn_express_montreal_centre_ville,0
What hotels offer unique wellness treatments beyond standard spa services?,can_montreal_holiday_inn_express_montreal_centre_ville,0
What hotels offer unique wellness treatments beyond standard spa services?,can_montreal_le_cantlie_suites_hotel,0
What hotels offer unique wellness treatments beyond standard spa services?,can_quebec_montreal_le_cantlie_suites_hotel,0
What hotels offer unique wellness treatments beyond standard spa services?,can_quebec_montreal_hotel_st_paul,0
What hotels offer unique wellness treatments beyond standard spa services?,can_montreal_hotel_st_paul,0
What hotels offer unique wellness treatments beyond standard spa services?,can_montreal_holiday_inn_montreal_midtown,0
What hotels offer unique wellness treatments beyond standard spa services?,can_quebec_montreal_holiday_inn_montreal_midtown,0
What hotels offer unique wellness treatments beyond standard spa services?,can_montreal_novotel_montreal_center,0
What hotels offer unique wellness treatments beyond standard spa services?,can_quebec_montreal_novotel_montreal_center,0
What hotels offer unique wellness treatments beyond standard spa services?,can_montreal_ritz_carlton_montreal,0
What hotels offer unique wellness treatments beyond standard spa services?,can_quebec_montreal_ritz_carlton_montreal,0
What hotels offer unique wellness treatments beyond standard spa services?,can_quebec_montreal_auberge_bonaparte,0
What hotels offer unique wellness treatments beyond standard spa services?,can_montreal_auberge_bonaparte,0
Suggest a hotel with the most innovative room features.,can_montreal_le_square_phillips_hotel_suites,1
Suggest a hotel with the most innovative room features.,can_quebec_montreal_le_square_phillips_hotel_suites,1
Suggest a hotel with the most innovative room features.,can_quebec_montreal_loews_hotel_vogue,2
Suggest a hotel with the most innovative room features.,can_montreal_loews_hotel_vogue,2
Suggest a hotel with the most innovative room features.,can_quebec_montreal_hotel_omni_mont_royal,1
Suggest a hotel with the most innovative room features.,can_montreal_hotel_omni_mont_royal,0
Suggest a hotel with the most innovative room features.,can_quebec_montreal_sheraton_le_centre_montreal_hotel,1
Suggest a hotel with the most innovative room features.,can_montreal_sheraton_le_centre_montreal_hotel,0
Suggest a hotel with the most innovative room features.,can_montreal_hyatt_regency_montreal,0
Suggest a hotel with the most innovative room features.,can_quebec_montreal_hyatt_regency_montreal,1
Suggest a hotel with the most innovative room features.,can_montreal_hilton_montreal_bonaventure,1
Suggest a hotel with the most innovative room features.,can_quebec_montreal_hilton_montreal_bonaventure,1
Suggest a hotel with the most innovative room features.,can_montreal_w_montreal,3
Suggest a hotel with the most innovative room features.,can_quebec_montreal_w_montreal,3
Suggest a hotel with the most innovative room features.,can_montreal_sofitel_montreal,1
Suggest a hotel with the most innovative room features.,can_quebec_montreal_sofitel_montreal,1
Suggest a hotel with the most innovative room features.,can_quebec_montreal_hotel_gault,2
Suggest a hotel with the most innovative room features.,can_montreal_hotel_gault,2
Suggest a hotel with the most innovative room features.,can_montreal_le_cantlie_suites_hotel,0
Suggest a hotel with the most innovative room features.,can_quebec_montreal_le_cantlie_suites_hotel,0
Suggest a hotel with the most innovative room features.,can_quebec_montreal_delta_montreal_hotel,1
Suggest a hotel with the most innovative room features.,can_montreal_delta_montreal_hotel,1
Suggest a hotel with the most innovative room features.,can_quebec_montreal_auberge_du_vieux_port,2
Suggest a hotel with the most innovative room features.,can_montreal_auberge_du_vieux_port,2
Suggest a hotel with the most innovative room features.,can_quebec_montreal_le_place_d_armes_hotel_suites,2
Suggest a hotel with the most innovative room features.,can_montreal_le_place_d_armes_hotel_suites,2
Suggest a hotel with the most innovative room features.,can_montreal_opus_hotel_montreal,2
Suggest a hotel with the most innovative room features.,can_quebec_montreal_opus_hotel_montreal,1
Suggest a hotel with the most innovative room features.,can_quebec_montreal_residence_inn_by_marriott_montreal_downtown,0
Suggest a hotel with the most innovative room features.,can_montreal_residence_inn_by_marriott_montreal_downtown,1
Suggest a hotel with the most innovative room features.,can_montreal_marriott_chateau_champlain,1
Suggest a hotel with the most innovative room features.,can_quebec_montreal_marriott_chateau_champlain,1
Suggest a hotel with the most innovative room features.,can_quebec_montreal_intercontinental_montreal,1
Suggest a hotel with the most innovative room features.,can_montreal_intercontinental_montreal,2
Suggest a hotel with the most innovative room features.,can_montreal_chateau_de_l_argoat,0
Suggest a hotel with the most innovative room features.,can_quebec_montreal_chateau_de_l_argoat,0
Suggest a hotel with the most innovative room features.,can_montreal_fairmont_the_queen_elizabeth,2
Suggest a hotel with the most innovative room features.,can_quebec_montreal_fairmont_the_queen_elizabeth,1
Suggest a hotel with the most innovative room features.,can_montreal_hotel_xixe_siecle,0
Suggest a hotel with the most innovative room features.,can_quebec_montreal_hotel_xixe_siecle,0
Suggest a hotel with the most innovative room features.,can_montreal_delta_centre_ville,0
Suggest a hotel with the most innovative room features.,can_quebec_montreal_delta_centre_ville,0
Suggest a hotel with the most innovative room features.,can_quebec_montreal_holiday_inn_express_montreal_centre_ville,1
Suggest a hotel with the most innovative room features.,can_montreal_holiday_inn_express_montreal_centre_ville,0
Suggest a hotel with the most innovative room features.,can_quebec_montreal_hotel_nelligan,2
Suggest a hotel with the most innovative room features.,can_montreal_hotel_nelligan,2
Suggest a hotel with the most innovative room features.,can_montreal_le_saint_sulpice,1
Suggest a hotel with the most innovative room features.,can_quebec_montreal_le_saint_sulpice,2
Suggest a hotel with the most innovative room features.,can_quebec_montreal_springhill_suites_old_montreal,0
Suggest a hotel with the most innovative room features.,can_montreal_springhill_suites_old_montreal,0
Suggest a hotel with the most innovative room features.,can_quebec_montreal_embassy_suites_montreal,1
Suggest a hotel with the most innovative room features.,can_montreal_embassy_suites_montreal,1
Suggest a hotel with the most innovative room features.,can_montreal_novotel_montreal_center,1
Suggest a hotel with the most innovative room features.,can_quebec_montreal_novotel_montreal_center,1
Suggest a hotel with the most innovative room features.,can_montreal_holiday_inn_montreal_midtown,0
Suggest a hotel with the most innovative room features.,can_quebec_montreal_holiday_inn_montreal_midtown,0
Suggest a hotel with the most innovative room features.,can_quebec_montreal_hotel_du_fort,0
Suggest a hotel with the most innovative room features.,can_montreal_hotel_du_fort,0
Suggest a hotel with the most innovative room features.,can_quebec_montreal_hotel_st_paul,2
Suggest a hotel with the most innovative room features.,can_montreal_hotel_st_paul,2
Suggest a hotel with the most innovative room features.,can_montreal_ritz_carlton_montreal,0
Suggest a hotel with the most innovative room features.,can_quebec_montreal_ritz_carlton_montreal,0
Suggest a hotel with the most innovative room features.,can_quebec_montreal_auberge_bonaparte,0
Suggest a hotel with the most innovative room features.,can_montreal_auberge_bonaparte,0
Where can I find a hotel that supports local communities?,can_montreal_le_square_phillips_hotel_suites,0
Where can I find a hotel that supports local communities?,can_quebec_montreal_le_square_phillips_hotel_suites,0
Where can I find a hotel that supports local communities?,can_quebec_montreal_hotel_nelligan,0
Where can I find a hotel that supports local communities?,can_montreal_hotel_nelligan,0
Where can I find a hotel that supports local communities?,can_quebec_montreal_loews_hotel_vogue,0
Where can I find a hotel that supports local communities?,can_montreal_loews_hotel_vogue,0
Where can I find a hotel that supports local communities?,can_montreal_sofitel_montreal,0
Where can I find a hotel that supports local communities?,can_quebec_montreal_sofitel_montreal,0
Where can I find a hotel that supports local communities?,can_quebec_montreal_hotel_gault,0
Where can I find a hotel that supports local communities?,can_montreal_hotel_gault,0
Where can I find a hotel that supports local communities?,can_quebec_montreal_residence_inn_by_marriott_montreal_downtown,0
Where can I find a hotel that supports local communities?,can_montreal_residence_inn_by_marriott_montreal_downtown,0
Where can I find a hotel that supports local communities?,can_quebec_montreal_le_place_d_armes_hotel_suites,0
Where can I find a hotel that supports local communities?,can_montreal_le_place_d_armes_hotel_suites,0
Where can I find a hotel that supports local communities?,can_montreal_hilton_montreal_bonaventure,0
Where can I find a hotel that supports local communities?,can_quebec_montreal_hilton_montreal_bonaventure,0
Where can I find a hotel that supports local communities?,can_montreal_hotel_xixe_siecle,0
Where can I find a hotel that supports local communities?,can_quebec_montreal_hotel_xixe_siecle,0
Where can I find a hotel that supports local communities?,can_quebec_montreal_hotel_omni_mont_royal,0
Where can I find a hotel that supports local communities?,can_montreal_hotel_omni_mont_royal,0
Where can I find a hotel that supports local communities?,can_quebec_montreal_hotel_du_fort,0
Where can I find a hotel that supports local communities?,can_montreal_hotel_du_fort,0
Where can I find a hotel that supports local communities?,can_quebec_montreal_sheraton_le_centre_montreal_hotel,0
Where can I find a hotel that supports local communities?,can_montreal_sheraton_le_centre_montreal_hotel,0
Where can I find a hotel that supports local communities?,can_montreal_w_montreal,0
Where can I find a hotel that supports local communities?,can_quebec_montreal_w_montreal,0
Where can I find a hotel that supports local communities?,can_montreal_le_cantlie_suites_hotel,0
Where can I find a hotel that supports local communities?,can_quebec_montreal_le_cantlie_suites_hotel,0
Where can I find a hotel that supports local communities?,can_montreal_delta_centre_ville,0
Where can I find a hotel that supports local communities?,can_quebec_montreal_delta_centre_ville,0
Where can I find a hotel that supports local communities?,can_montreal_hyatt_regency_montreal,0
Where can I find a hotel that supports local communities?,can_quebec_montreal_hyatt_regency_montreal,0
Where can I find a hotel that supports local communities?,can_quebec_montreal_auberge_du_vieux_port,0
Where can I find a hotel that supports local communities?,can_montreal_auberge_du_vieux_port,0
Where can I find a hotel that supports local communities?,can_montreal_le_saint_sulpice,0
Where can I find a hotel that supports local communities?,can_quebec_montreal_le_saint_sulpice,0
Where can I find a hotel that supports local communities?,can_montreal_marriott_chateau_champlain,0
Where can I find a hotel that supports local communities?,can_quebec_montreal_marriott_chateau_champlain,0
Where can I find a hotel that supports local communities?,can_montreal_fairmont_the_queen_elizabeth,0
Where can I find a hotel that supports local communities?,can_quebec_montreal_fairmont_the_queen_elizabeth,0
Where can I find a hotel that supports local communities?,can_quebec_montreal_delta_montreal_hotel,0
Where can I find a hotel that supports local communities?,can_montreal_delta_montreal_hotel,0
Where can I find a hotel that supports local communities?,can_quebec_montreal_intercontinental_montreal,0
Where can I find a hotel that supports local communities?,can_montreal_intercontinental_montreal,0
Where can I find a hotel that supports local communities?,can_quebec_montreal_holiday_inn_express_montreal_centre_ville,0
Where can I find a hotel that supports local communities?,can_montreal_holiday_inn_express_montreal_centre_ville,0
Where can I find a hotel that supports local communities?,can_montreal_chateau_de_l_argoat,0
Where can I find a hotel that supports local communities?,can_quebec_montreal_chateau_de_l_argoat,0
Where can I find a hotel that supports local communities?,can_quebec_montreal_hotel_st_paul,0
Where can I find a hotel that supports local communities?,can_montreal_hotel_st_paul,1
Where can I find a hotel that supports local communities?,can_quebec_montreal_springhill_suites_old_montreal,0
Where can I find a hotel that supports local communities?,can_montreal_springhill_suites_old_montreal,0
Where can I find a hotel that supports local communities?,can_montreal_opus_hotel_montreal,0
Where can I find a hotel that supports local communities?,can_quebec_montreal_opus_hotel_montreal,0
Where can I find a hotel that supports local communities?,can_montreal_ritz_carlton_montreal,0
Where can I find a hotel that supports local communities?,can_quebec_montreal_ritz_carlton_montreal,0
Where can I find a hotel that supports local communities?,can_montreal_novotel_montreal_center,0
Where can I find a hotel that supports local communities?,can_quebec_montreal_novotel_montreal_center,0
Where can I find a hotel that supports local communities?,can_montreal_embassy_suites_montreal,0
Where can I find a hotel that supports local communities?,can_quebec_montreal_embassy_suites_montreal,0
Where can I find a hotel that supports local communities?,can_montreal_holiday_inn_montreal_midtown,0
Where can I find a hotel that supports local communities?,can_quebec_montreal_holiday_inn_montreal_midtown,0
Where can I find a hotel that supports local communities?,can_quebec_montreal_auberge_bonaparte,0
Where can I find a hotel that supports local communities?,can_montreal_auberge_bonaparte,0
Recommend a hotel with exceptional sound insulation for light sleepers.,can_quebec_montreal_loews_hotel_vogue,1
Recommend a hotel with exceptional sound insulation for light sleepers.,can_montreal_loews_hotel_vogue,1
Recommend a hotel with exceptional sound insulation for light sleepers.,can_montreal_opus_hotel_montreal,2
Recommend a hotel with exceptional sound insulation for light sleepers.,can_quebec_montreal_opus_hotel_montreal,1
Recommend a hotel with exceptional sound insulation for light sleepers.,can_quebec_montreal_hotel_nelligan,1
Recommend a hotel with exceptional sound insulation for light sleepers.,can_montreal_hotel_nelligan,1
Recommend a hotel with exceptional sound insulation for light sleepers.,can_montreal_w_montreal,1
Recommend a hotel with exceptional sound insulation for light sleepers.,can_quebec_montreal_w_montreal,0
Recommend a hotel with exceptional sound insulation for light sleepers.,can_montreal_le_square_phillips_hotel_suites,3
Recommend a hotel with exceptional sound insulation for light sleepers.,can_quebec_montreal_le_square_phillips_hotel_suites,3
Recommend a hotel with exceptional sound insulation for light sleepers.,can_quebec_montreal_auberge_du_vieux_port,1
Recommend a hotel with exceptional sound insulation for light sleepers.,can_montreal_auberge_du_vieux_port,1
Recommend a hotel with exceptional sound insulation for light sleepers.,can_quebec_montreal_le_place_d_armes_hotel_suites,1
Recommend a hotel with exceptional sound insulation for light sleepers.,can_montreal_le_place_d_armes_hotel_suites,1
Recommend a hotel with exceptional sound insulation for light sleepers.,can_montreal_sofitel_montreal,1
Recommend a hotel with exceptional sound insulation for light sleepers.,can_quebec_montreal_sofitel_montreal,2
Recommend a hotel with exceptional sound insulation for light sleepers.,can_montreal_hilton_montreal_bonaventure,1
Recommend a hotel with exceptional sound insulation for light sleepers.,can_quebec_montreal_hilton_montreal_bonaventure,1
Recommend a hotel with exceptional sound insulation for light sleepers.,can_quebec_montreal_hotel_omni_mont_royal,1
Recommend a hotel with exceptional sound insulation for light sleepers.,can_montreal_hotel_omni_mont_royal,1
Recommend a hotel with exceptional sound insulation for light sleepers.,can_montreal_holiday_inn_montreal_midtown,0
Recommend a hotel with exceptional sound insulation for light sleepers.,can_quebec_montreal_holiday_inn_montreal_midtown,0
Recommend a hotel with exceptional sound insulation for light sleepers.,can_montreal_le_cantlie_suites_hotel,2
Recommend a hotel with exceptional sound insulation for light sleepers.,can_quebec_montreal_le_cantlie_suites_hotel,1
Recommend a hotel with exceptional sound insulation for light sleepers.,can_montreal_hyatt_regency_montreal,1
Recommend a hotel with exceptional sound insulation for light sleepers.,can_quebec_montreal_hyatt_regency_montreal,1
Recommend a hotel with exceptional sound insulation for light sleepers.,can_quebec_montreal_sheraton_le_centre_montreal_hotel,1
Recommend a hotel with exceptional sound insulation for light sleepers.,can_montreal_sheraton_le_centre_montreal_hotel,1
Recommend a hotel with exceptional sound insulation for light sleepers.,can_montreal_chateau_de_l_argoat,2
Recommend a hotel with exceptional sound insulation for light sleepers.,can_quebec_montreal_chateau_de_l_argoat,2
Recommend a hotel with exceptional sound insulation for light sleepers.,can_montreal_hotel_xixe_siecle,2
Recommend a hotel with exceptional sound insulation for light sleepers.,can_quebec_montreal_hotel_xixe_siecle,2
Recommend a hotel with exceptional sound insulation for light sleepers.,can_quebec_montreal_hotel_gault,0
Recommend a hotel with exceptional sound insulation for light sleepers.,can_montreal_hotel_gault,0
Recommend a hotel with exceptional sound insulation for light sleepers.,can_quebec_montreal_delta_montreal_hotel,1
Recommend a hotel with exceptional sound insulation for light sleepers.,can_montreal_delta_montreal_hotel,2
Recommend a hotel with exceptional sound insulation for light sleepers.,can_quebec_montreal_residence_inn_by_marriott_montreal_downtown,1
Recommend a hotel with exceptional sound insulation for light sleepers.,can_montreal_residence_inn_by_marriott_montreal_downtown,1
Recommend a hotel with exceptional sound insulation for light sleepers.,can_quebec_montreal_intercontinental_montreal,3
Recommend a hotel with exceptional sound insulation for light sleepers.,can_montreal_intercontinental_montreal,3
Recommend a hotel with exceptional sound insulation for light sleepers.,can_montreal_fairmont_the_queen_elizabeth,1
Recommend a hotel with exceptional sound insulation for light sleepers.,can_quebec_montreal_fairmont_the_queen_elizabeth,1
Recommend a hotel with exceptional sound insulation for light sleepers.,can_montreal_le_saint_sulpice,3
Recommend a hotel with exceptional sound insulation for light sleepers.,can_quebec_montreal_le_saint_sulpice,3
Recommend a hotel with exceptional sound insulation for light sleepers.,can_quebec_montreal_holiday_inn_express_montreal_centre_ville,1
Recommend a hotel with exceptional sound insulation for light sleepers.,can_montreal_holiday_inn_express_montreal_centre_ville,1
Recommend a hotel with exceptional sound insulation for light sleepers.,can_montreal_novotel_montreal_center,1
Recommend a hotel with exceptional sound insulation for light sleepers.,can_quebec_montreal_novotel_montreal_center,1
Recommend a hotel with exceptional sound insulation for light sleepers.,can_montreal_marriott_chateau_champlain,1
Recommend a hotel with exceptional sound insulation for light sleepers.,can_quebec_montreal_marriott_chateau_champlain,1
Recommend a hotel with exceptional sound insulation for light sleepers.,can_quebec_montreal_hotel_st_paul,0
Recommend a hotel with exceptional sound insulation for light sleepers.,can_montreal_hotel_st_paul,0
Recommend a hotel with exceptional sound insulation for light sleepers.,can_montreal_delta_centre_ville,2
Recommend a hotel with exceptional sound insulation for light sleepers.,can_quebec_montreal_delta_centre_ville,2
Recommend a hotel with exceptional sound insulation for light sleepers.,can_quebec_montreal_springhill_suites_old_montreal,1
Recommend a hotel with exceptional sound insulation for light sleepers.,can_montreal_springhill_suites_old_montreal,1
Recommend a hotel with exceptional sound insulation for light sleepers.,can_quebec_montreal_hotel_du_fort,0
Recommend a hotel with exceptional sound insulation for light sleepers.,can_montreal_hotel_du_fort,1
Recommend a hotel with exceptional sound insulation for light sleepers.,can_montreal_ritz_carlton_montreal,1
Recommend a hotel with exceptional sound insulation for light sleepers.,can_quebec_montreal_ritz_carlton_montreal,1
Recommend a hotel with exceptional sound insulation for light sleepers.,can_montreal_embassy_suites_montreal,1
Recommend a hotel with exceptional sound insulation for light sleepers.,can_quebec_montreal_embassy_suites_montreal,1
Recommend a hotel with exceptional sound insulation for light sleepers.,can_quebec_montreal_auberge_bonaparte,2
Recommend a hotel with exceptional sound insulation for light sleepers.,can_montreal_auberge_bonaparte,2
Where should I stay to experience seasonal changes in full glory?,can_quebec_montreal_hotel_nelligan,2
Where should I stay to experience seasonal changes in full glory?,can_montreal_hotel_nelligan,2
Where should I stay to experience seasonal changes in full glory?,can_montreal_hilton_montreal_bonaventure,2
Where should I stay to experience seasonal changes in full glory?,can_quebec_montreal_hilton_montreal_bonaventure,2
Where should I stay to experience seasonal changes in full glory?,can_montreal_le_square_phillips_hotel_suites,1
Where should I stay to experience seasonal changes in full glory?,can_quebec_montreal_le_square_phillips_hotel_suites,1
Where should I stay to experience seasonal changes in full glory?,can_quebec_montreal_le_place_d_armes_hotel_suites,1
Where should I stay to experience seasonal changes in full glory?,can_montreal_le_place_d_armes_hotel_suites,1
Where should I stay to experience seasonal changes in full glory?,can_quebec_montreal_auberge_du_vieux_port,2
Where should I stay to experience seasonal changes in full glory?,can_montreal_auberge_du_vieux_port,1
Where should I stay to experience seasonal changes in full glory?,can_quebec_montreal_loews_hotel_vogue,0
Where should I stay to experience seasonal changes in full glory?,can_montreal_loews_hotel_vogue,1
Where should I stay to experience seasonal changes in full glory?,can_montreal_marriott_chateau_champlain,2
Where should I stay to experience seasonal changes in full glory?,can_quebec_montreal_marriott_chateau_champlain,2
Where should I stay to experience seasonal changes in full glory?,can_montreal_le_saint_sulpice,2
Where should I stay to experience seasonal changes in full glory?,can_quebec_montreal_le_saint_sulpice,2
Where should I stay to experience seasonal changes in full glory?,can_quebec_montreal_residence_inn_by_marriott_montreal_downtown,1
Where should I stay to experience seasonal changes in full glory?,can_quebec_montreal_springhill_suites_old_montreal,1
Where should I stay to experience seasonal changes in full glory?,can_montreal_springhill_suites_old_montreal,1
Where should I stay to experience seasonal changes in full glory?,can_montreal_residence_inn_by_marriott_montreal_downtown,1
Where should I stay to experience seasonal changes in full glory?,can_quebec_montreal_sheraton_le_centre_montreal_hotel,1
Where should I stay to experience seasonal changes in full glory?,can_montreal_sheraton_le_centre_montreal_hotel,1
Where should I stay to experience seasonal changes in full glory?,can_quebec_montreal_hotel_gault,1
Where should I stay to experience seasonal changes in full glory?,can_montreal_hotel_gault,1
Where should I stay to experience seasonal changes in full glory?,can_montreal_w_montreal,1
Where should I stay to experience seasonal changes in full glory?,can_quebec_montreal_w_montreal,1
Where should I stay to experience seasonal changes in full glory?,can_quebec_montreal_hotel_omni_mont_royal,2
Where should I stay to experience seasonal changes in full glory?,can_montreal_hotel_omni_mont_royal,1
Where should I stay to experience seasonal changes in full glory?,can_montreal_sofitel_montreal,1
Where should I stay to experience seasonal changes in full glory?,can_quebec_montreal_sofitel_montreal,2
Where should I stay to experience seasonal changes in full glory?,can_montreal_fairmont_the_queen_elizabeth,1
Where should I stay to experience seasonal changes in full glory?,can_quebec_montreal_fairmont_the_queen_elizabeth,2
Where should I stay to experience seasonal changes in full glory?,can_quebec_montreal_holiday_inn_express_montreal_centre_ville,1
Where should I stay to experience seasonal changes in full glory?,can_montreal_holiday_inn_express_montreal_centre_ville,0
Where should I stay to experience seasonal changes in full glory?,can_quebec_montreal_hotel_du_fort,0
Where should I stay to experience seasonal changes in full glory?,can_montreal_hotel_du_fort,1
Where should I stay to experience seasonal changes in full glory?,can_montreal_hyatt_regency_montreal,0
Where should I stay to experience seasonal changes in full glory?,can_quebec_montreal_hyatt_regency_montreal,1
Where should I stay to experience seasonal changes in full glory?,can_montreal_chateau_de_l_argoat,0
Where should I stay to experience seasonal changes in full glory?,can_quebec_montreal_chateau_de_l_argoat,1
Where should I stay to experience seasonal changes in full glory?,can_montreal_hotel_xixe_siecle,1
Where should I stay to experience seasonal changes in full glory?,can_quebec_montreal_hotel_xixe_siecle,0
Where should I stay to experience seasonal changes in full glory?,can_montreal_le_cantlie_suites_hotel,1
Where should I stay to experience seasonal changes in full glory?,can_quebec_montreal_le_cantlie_suites_hotel,0
Where should I stay to experience seasonal changes in full glory?,can_quebec_montreal_hotel_st_paul,1
Where should I stay to experience seasonal changes in full glory?,can_montreal_hotel_st_paul,1
Where should I stay to experience seasonal changes in full glory?,can_quebec_montreal_intercontinental_montreal,1
Where should I stay to experience seasonal changes in full glory?,can_montreal_intercontinental_montreal,1
Where should I stay to experience seasonal changes in full glory?,can_quebec_montreal_delta_montreal_hotel,1
Where should I stay to experience seasonal changes in full glory?,can_montreal_delta_montreal_hotel,1
Where should I stay to experience seasonal changes in full glory?,can_montreal_delta_centre_ville,0
Where should I stay to experience seasonal changes in full glory?,can_quebec_montreal_delta_centre_ville,1
Where should I stay to experience seasonal changes in full glory?,can_montreal_holiday_inn_montreal_midtown,0
Where should I stay to experience seasonal changes in full glory?,can_quebec_montreal_holiday_inn_montreal_midtown,1
Where should I stay to experience seasonal changes in full glory?,can_montreal_opus_hotel_montreal,1
Where should I stay to experience seasonal changes in full glory?,can_quebec_montreal_opus_hotel_montreal,0
Where should I stay to experience seasonal changes in full glory?,can_montreal_novotel_montreal_center,0
Where should I stay to experience seasonal changes in full glory?,can_quebec_montreal_novotel_montreal_center,0
Where should I stay to experience seasonal changes in full glory?,can_quebec_montreal_auberge_bonaparte,1
Where should I stay to experience seasonal changes in full glory?,can_montreal_auberge_bonaparte,1
Where should I stay to experience seasonal changes in full glory?,can_montreal_ritz_carlton_montreal,1
Where should I stay to experience seasonal changes in full glory?,can_quebec_montreal_ritz_carlton_montreal,1
Where should I stay to experience seasonal changes in full glory?,can_montreal_embassy_suites_montreal,0
Where should I stay to experience seasonal changes in full glory?,can_quebec_montreal_embassy_suites_montreal,1
What are the best hotels for plant lovers and garden enthusiasts?,can_montreal_le_square_phillips_hotel_suites,0
What are the best hotels for plant lovers and garden enthusiasts?,can_quebec_montreal_le_square_phillips_hotel_suites,0
What are the best hotels for plant lovers and garden enthusiasts?,can_montreal_hilton_montreal_bonaventure,3
What are the best hotels for plant lovers and garden enthusiasts?,can_quebec_montreal_hilton_montreal_bonaventure,3
What are the best hotels for plant lovers and garden enthusiasts?,can_quebec_montreal_loews_hotel_vogue,0
What are the best hotels for plant lovers and garden enthusiasts?,can_montreal_loews_hotel_vogue,0
What are the best hotels for plant lovers and garden enthusiasts?,can_quebec_montreal_hotel_nelligan,0
What are the best hotels for plant lovers and garden enthusiasts?,can_montreal_hotel_nelligan,0
What are the best hotels for plant lovers and garden enthusiasts?,can_montreal_sofitel_montreal,0
What are the best hotels for plant lovers and garden enthusiasts?,can_quebec_montreal_sofitel_montreal,0
What are the best hotels for plant lovers and garden enthusiasts?,can_montreal_residence_inn_by_marriott_montreal_downtown,0
What are the best hotels for plant lovers and garden enthusiasts?,can_quebec_montreal_residence_inn_by_marriott_montreal_downtown,0
What are the best hotels for plant lovers and garden enthusiasts?,can_quebec_montreal_le_place_d_armes_hotel_suites,0
What are the best hotels for plant lovers and garden enthusiasts?,can_montreal_le_place_d_armes_hotel_suites,0
What are the best hotels for plant lovers and garden enthusiasts?,can_quebec_montreal_hotel_gault,0
What are the best hotels for plant lovers and garden enthusiasts?,can_montreal_hotel_gault,0
What are the best hotels for plant lovers and garden enthusiasts?,can_montreal_hotel_xixe_siecle,0
What are the best hotels for plant lovers and garden enthusiasts?,can_quebec_montreal_hotel_xixe_siecle,0
What are the best hotels for plant lovers and garden enthusiasts?,can_quebec_montreal_auberge_du_vieux_port,0
What are the best hotels for plant lovers and garden enthusiasts?,can_montreal_auberge_du_vieux_port,0
What are the best hotels for plant lovers and garden enthusiasts?,can_montreal_marriott_chateau_champlain,0
What are the best hotels for plant lovers and garden enthusiasts?,can_quebec_montreal_marriott_chateau_champlain,0
What are the best hotels for plant lovers and garden enthusiasts?,can_quebec_montreal_hotel_du_fort,0
What are the best hotels for plant lovers and garden enthusiasts?,can_montreal_hotel_du_fort,0
What are the best hotels for plant lovers and garden enthusiasts?,can_quebec_montreal_sheraton_le_centre_montreal_hotel,0
What are the best hotels for plant lovers and garden enthusiasts?,can_montreal_sheraton_le_centre_montreal_hotel,0
What are the best hotels for plant lovers and garden enthusiasts?,can_quebec_montreal_hotel_omni_mont_royal,0
What are the best hotels for plant lovers and garden enthusiasts?,can_montreal_hotel_omni_mont_royal,0
What are the best hotels for plant lovers and garden enthusiasts?,can_montreal_le_saint_sulpice,2
What are the best hotels for plant lovers and garden enthusiasts?,can_quebec_montreal_le_saint_sulpice,0
What are the best hotels for plant lovers and garden enthusiasts?,can_montreal_chateau_de_l_argoat,0
What are the best hotels for plant lovers and garden enthusiasts?,can_quebec_montreal_chateau_de_l_argoat,0
What are the best hotels for plant lovers and garden enthusiasts?,can_montreal_le_cantlie_suites_hotel,0
What are the best hotels for plant lovers and garden enthusiasts?,can_quebec_montreal_le_cantlie_suites_hotel,0
What are the best hotels for plant lovers and garden enthusiasts?,can_montreal_w_montreal,0
What are the best hotels for plant lovers and garden enthusiasts?,can_quebec_montreal_w_montreal,0
What are the best hotels for plant lovers and garden enthusiasts?,can_quebec_montreal_springhill_suites_old_montreal,0
What are the best hotels for plant lovers and garden enthusiasts?,can_montreal_springhill_suites_old_montreal,0
What are the best hotels for plant lovers and garden enthusiasts?,can_montreal_hyatt_regency_montreal,0
What are the best hotels for plant lovers and garden enthusiasts?,can_quebec_montreal_hyatt_regency_montreal,0
What are the best hotels for plant lovers and garden enthusiasts?,can_montreal_embassy_suites_montreal,0
What are the best hotels for plant lovers and garden enthusiasts?,can_quebec_montreal_holiday_inn_express_montreal_centre_ville,0
What are the best hotels for plant lovers and garden enthusiasts?,can_montreal_holiday_inn_express_montreal_centre_ville,0
What are the best hotels for plant lovers and garden enthusiasts?,can_montreal_fairmont_the_queen_elizabeth,0
What are the best hotels for plant lovers and garden enthusiasts?,can_quebec_montreal_fairmont_the_queen_elizabeth,0
What are the best hotels for plant lovers and garden enthusiasts?,can_quebec_montreal_embassy_suites_montreal,0
What are the best hotels for plant lovers and garden enthusiasts?,can_quebec_montreal_intercontinental_montreal,0
What are the best hotels for plant lovers and garden enthusiasts?,can_montreal_intercontinental_montreal,0
What are the best hotels for plant lovers and garden enthusiasts?,can_quebec_montreal_hotel_st_paul,0
What are the best hotels for plant lovers and garden enthusiasts?,can_montreal_hotel_st_paul,0
What are the best hotels for plant lovers and garden enthusiasts?,can_quebec_montreal_delta_montreal_hotel,0
What are the best hotels for plant lovers and garden enthusiasts?,can_montreal_delta_montreal_hotel,0
What are the best hotels for plant lovers and garden enthusiasts?,can_montreal_opus_hotel_montreal,0
What are the best hotels for plant lovers and garden enthusiasts?,can_quebec_montreal_opus_hotel_montreal,0
What are the best hotels for plant lovers and garden enthusiasts?,can_montreal_delta_centre_ville,0
What are the best hotels for plant lovers and garden enthusiasts?,can_quebec_montreal_delta_centre_ville,0
What are the best hotels for plant lovers and garden enthusiasts?,can_montreal_ritz_carlton_montreal,1
What are the best hotels for plant lovers and garden enthusiasts?,can_quebec_montreal_ritz_carlton_montreal,1
What are the best hotels for plant lovers and garden enthusiasts?,can_quebec_montreal_auberge_bonaparte,0
What are the best hotels for plant lovers and garden enthusiasts?,can_montreal_auberge_bonaparte,0
What are the best hotels for plant lovers and garden enthusiasts?,can_montreal_novotel_montreal_center,0
What are the best hotels for plant lovers and garden enthusiasts?,can_quebec_montreal_novotel_montreal_center,0
What are the best hotels for plant lovers and garden enthusiasts?,can_montreal_holiday_inn_montreal_midtown,0
What are the best hotels for plant lovers and garden enthusiasts?,can_quebec_montreal_holiday_inn_montreal_midtown,0
Suggest a hotel with impressive art collections.,can_quebec_montreal_loews_hotel_vogue,2
Suggest a hotel with impressive art collections.,can_montreal_loews_hotel_vogue,2
Suggest a hotel with impressive art collections.,can_quebec_montreal_hotel_gault,2
Suggest a hotel with impressive art collections.,can_montreal_hotel_gault,2
Suggest a hotel with impressive art collections.,can_quebec_montreal_le_place_d_armes_hotel_suites,0
Suggest a hotel with impressive art collections.,can_montreal_le_place_d_armes_hotel_suites,0
Suggest a hotel with impressive art collections.,can_montreal_w_montreal,0
Suggest a hotel with impressive art collections.,can_quebec_montreal_w_montreal,0
Suggest a hotel with impressive art collections.,can_montreal_le_square_phillips_hotel_suites,0
Suggest a hotel with impressive art collections.,can_quebec_montreal_le_square_phillips_hotel_suites,0
Suggest a hotel with impressive art collections.,can_quebec_montreal_hotel_nelligan,0
Suggest a hotel with impressive art collections.,can_montreal_hotel_nelligan,0
Suggest a hotel with impressive art collections.,can_montreal_sofitel_montreal,2
Suggest a hotel with impressive art collections.,can_quebec_montreal_sofitel_montreal,2
Suggest a hotel with impressive art collections.,can_montreal_hotel_xixe_siecle,1
Suggest a hotel with impressive art collections.,can_quebec_montreal_hotel_xixe_siecle,2
Suggest a hotel with impressive art collections.,can_montreal_opus_hotel_montreal,0
Suggest a hotel with impressive art collections.,can_quebec_montreal_opus_hotel_montreal,0
Suggest a hotel with impressive art collections.,can_montreal_hyatt_regency_montreal,2
Suggest a hotel with impressive art collections.,can_quebec_montreal_hyatt_regency_montreal,2
Suggest a hotel with impressive art collections.,can_montreal_hilton_montreal_bonaventure,1
Suggest a hotel with impressive art collections.,can_quebec_montreal_hilton_montreal_bonaventure,1
Suggest a hotel with impressive art collections.,can_quebec_montreal_hotel_omni_mont_royal,0
Suggest a hotel with impressive art collections.,can_montreal_hotel_omni_mont_royal,0
Suggest a hotel with impressive art collections.,can_quebec_montreal_auberge_du_vieux_port,0
Suggest a hotel with impressive art collections.,can_montreal_auberge_du_vieux_port,0
Suggest a hotel with impressive art collections.,can_montreal_le_saint_sulpice,2
Suggest a hotel with impressive art collections.,can_quebec_montreal_le_saint_sulpice,2
Suggest a hotel with impressive art collections.,can_quebec_montreal_hotel_st_paul,1
Suggest a hotel with impressive art collections.,can_montreal_hotel_st_paul,1
Suggest a hotel with impressive art collections.,can_quebec_montreal_sheraton_le_centre_montreal_hotel,0
Suggest a hotel with impressive art collections.,can_montreal_sheraton_le_centre_montreal_hotel,0
Suggest a hotel with impressive art collections.,can_quebec_montreal_intercontinental_montreal,0
Suggest a hotel with impressive art collections.,can_montreal_intercontinental_montreal,0
Suggest a hotel with impressive art collections.,can_montreal_marriott_chateau_champlain,0
Suggest a hotel with impressive art collections.,can_quebec_montreal_marriott_chateau_champlain,0
Suggest a hotel with impressive art collections.,can_quebec_montreal_residence_inn_by_marriott_montreal_downtown,0
Suggest a hotel with impressive art collections.,can_montreal_residence_inn_by_marriott_montreal_downtown,0
Suggest a hotel with impressive art collections.,can_montreal_chateau_de_l_argoat,1
Suggest a hotel with impressive art collections.,can_quebec_montreal_chateau_de_l_argoat,1
Suggest a hotel with impressive art collections.,can_montreal_embassy_suites_montreal,0
Suggest a hotel with impressive art collections.,can_quebec_montreal_embassy_suites_montreal,0
Suggest a hotel with impressive art collections.,can_montreal_fairmont_the_queen_elizabeth,0
Suggest a hotel with impressive art collections.,can_quebec_montreal_fairmont_the_queen_elizabeth,0
Suggest a hotel with impressive art collections.,can_montreal_delta_centre_ville,0
Suggest a hotel with impressive art collections.,can_quebec_montreal_delta_centre_ville,0
Suggest a hotel with impressive art collections.,can_montreal_le_cantlie_suites_hotel,2
Suggest a hotel with impressive art collections.,can_quebec_montreal_le_cantlie_suites_hotel,1
Suggest a hotel with impressive art collections.,can_quebec_montreal_hotel_du_fort,0
Suggest a hotel with impressive art collections.,can_montreal_hotel_du_fort,0
Suggest a hotel with impressive art collections.,can_montreal_ritz_carlton_montreal,2
Suggest a hotel with impressive art collections.,can_quebec_montreal_ritz_carlton_montreal,1
Suggest a hotel with impressive art collections.,can_quebec_montreal_delta_montreal_hotel,0
Suggest a hotel with impressive art collections.,can_montreal_delta_montreal_hotel,0
Suggest a hotel with impressive art collections.,can_quebec_montreal_holiday_inn_express_montreal_centre_ville,0
Suggest a hotel with impressive art collections.,can_montreal_holiday_inn_express_montreal_centre_ville,0
Suggest a hotel with impressive art collections.,can_montreal_novotel_montreal_center,2
Suggest a hotel with impressive art collections.,can_quebec_montreal_novotel_montreal_center,2
Suggest a hotel with impressive art collections.,can_quebec_montreal_springhill_suites_old_montreal,0
Suggest a hotel with impressive art collections.,can_montreal_springhill_suites_old_montreal,0
Suggest a hotel with impressive art collections.,can_quebec_montreal_auberge_bonaparte,0
Suggest a hotel with impressive art collections.,can_montreal_auberge_bonaparte,0
Suggest a hotel with impressive art collections.,can_montreal_holiday_inn_montreal_midtown,0
Suggest a hotel with impressive art collections.,can_quebec_montreal_holiday_inn_montreal_midtown,0
Where can I find a hotel with exceptional kids' programs that actually educate?,can_montreal_le_square_phillips_hotel_suites,1
Where can I find a hotel with exceptional kids' programs that actually educate?,can_quebec_montreal_le_square_phillips_hotel_suites,0
Where can I find a hotel with exceptional kids' programs that actually educate?,can_quebec_montreal_sheraton_le_centre_montreal_hotel,1
Where can I find a hotel with exceptional kids' programs that actually educate?,can_montreal_sheraton_le_centre_montreal_hotel,1
Where can I find a hotel with exceptional kids' programs that actually educate?,can_quebec_montreal_loews_hotel_vogue,0
Where can I find a hotel with exceptional kids' programs that actually educate?,can_montreal_loews_hotel_vogue,1
Where can I find a hotel with exceptional kids' programs that actually educate?,can_quebec_montreal_springhill_suites_old_montreal,0
Where can I find a hotel with exceptional kids' programs that actually educate?,can_montreal_springhill_suites_old_montreal,0
Where can I find a hotel with exceptional kids' programs that actually educate?,can_montreal_residence_inn_by_marriott_montreal_downtown,0
Where can I find a hotel with exceptional kids' programs that actually educate?,can_quebec_montreal_residence_inn_by_marriott_montreal_downtown,0
Where can I find a hotel with exceptional kids' programs that actually educate?,can_montreal_hilton_montreal_bonaventure,1
Where can I find a hotel with exceptional kids' programs that actually educate?,can_quebec_montreal_hilton_montreal_bonaventure,0
Where can I find a hotel with exceptional kids' programs that actually educate?,can_montreal_marriott_chateau_champlain,0
Where can I find a hotel with exceptional kids' programs that actually educate?,can_quebec_montreal_marriott_chateau_champlain,0
Where can I find a hotel with exceptional kids' programs that actually educate?,can_montreal_delta_centre_ville,0
Where can I find a hotel with exceptional kids' programs that actually educate?,can_quebec_montreal_delta_centre_ville,0
Where can I find a hotel with exceptional kids' programs that actually educate?,can_montreal_sofitel_montreal,0
Where can I find a hotel with exceptional kids' programs that actually educate?,can_quebec_montreal_sofitel_montreal,0
Where can I find a hotel with exceptional kids' programs that actually educate?,can_montreal_le_cantlie_suites_hotel,0
Where can I find a hotel with exceptional kids' programs that actually educate?,can_quebec_montreal_le_cantlie_suites_hotel,0
Where can I find a hotel with exceptional kids' programs that actually educate?,can_quebec_montreal_hotel_nelligan,0
Where can I find a hotel with exceptional kids' programs that actually educate?,can_montreal_hotel_nelligan,0
Where can I find a hotel with exceptional kids' programs that actually educate?,can_montreal_fairmont_the_queen_elizabeth,0
Where can I find a hotel with exceptional kids' programs that actually educate?,can_quebec_montreal_fairmont_the_queen_elizabeth,0
Where can I find a hotel with exceptional kids' programs that actually educate?,can_quebec_montreal_delta_montreal_hotel,1
Where can I find a hotel with exceptional kids' programs that actually educate?,can_montreal_delta_montreal_hotel,1
Where can I find a hotel with exceptional kids' programs that actually educate?,can_montreal_hyatt_regency_montreal,0
Where can I find a hotel with exceptional kids' programs that actually educate?,can_quebec_montreal_hyatt_regency_montreal,0
Where can I find a hotel with exceptional kids' programs that actually educate?,can_quebec_montreal_holiday_inn_express_montreal_centre_ville,0
Where can I find a hotel with exceptional kids' programs that actually educate?,can_montreal_holiday_inn_express_montreal_centre_ville,0
Where can I find a hotel with exceptional kids' programs that actually educate?,can_quebec_montreal_le_place_d_armes_hotel_suites,0
Where can I find a hotel with exceptional kids' programs that actually educate?,can_montreal_le_place_d_armes_hotel_suites,0
Where can I find a hotel with exceptional kids' programs that actually educate?,can_quebec_montreal_hotel_omni_mont_royal,0
Where can I find a hotel with exceptional kids' programs that actually educate?,can_montreal_hotel_omni_mont_royal,0
Where can I find a hotel with exceptional kids' programs that actually educate?,can_quebec_montreal_hotel_du_fort,0
Where can I find a hotel with exceptional kids' programs that actually educate?,can_montreal_hotel_du_fort,0
Where can I find a hotel with exceptional kids' programs that actually educate?,can_quebec_montreal_auberge_du_vieux_port,0
Where can I find a hotel with exceptional kids' programs that actually educate?,can_montreal_auberge_du_vieux_port,0
Where can I find a hotel with exceptional kids' programs that actually educate?,can_montreal_w_montreal,0
Where can I find a hotel with exceptional kids' programs that actually educate?,can_quebec_montreal_w_montreal,0
Where can I find a hotel with exceptional kids' programs that actually educate?,can_montreal_le_saint_sulpice,0
Where can I find a hotel with exceptional kids' programs that actually educate?,can_quebec_montreal_le_saint_sulpice,0
Where can I find a hotel with exceptional kids' programs that actually educate?,can_quebec_montreal_hotel_gault,0
Where can I find a hotel with exceptional kids' programs that actually educate?,can_montreal_hotel_gault,0
Where can I find a hotel with exceptional kids' programs that actually educate?,can_montreal_chateau_de_l_argoat,0
Where can I find a hotel with exceptional kids' programs that actually educate?,can_quebec_montreal_chateau_de_l_argoat,0
Where can I find a hotel with exceptional kids' programs that actually educate?,can_quebec_montreal_intercontinental_montreal,0
Where can I find a hotel with exceptional kids' programs that actually educate?,can_montreal_intercontinental_montreal,0
Where can I find a hotel with exceptional kids' programs that actually educate?,can_montreal_embassy_suites_montreal,0
Where can I find a hotel with exceptional kids' programs that actually educate?,can_quebec_montreal_embassy_suites_montreal,0
Where can I find a hotel with exceptional kids' programs that actually educate?,can_montreal_hotel_xixe_siecle,0
Where can I find a hotel with exceptional kids' programs that actually educate?,can_quebec_montreal_hotel_xixe_siecle,0
Where can I find a hotel with exceptional kids' programs that actually educate?,can_montreal_novotel_montreal_center,0
Where can I find a hotel with exceptional kids' programs that actually educate?,can_quebec_montreal_novotel_montreal_center,0
Where can I find a hotel with exceptional kids' programs that actually educate?,can_montreal_holiday_inn_montreal_midtown,0
Where can I find a hotel with exceptional kids' programs that actually educate?,can_quebec_montreal_holiday_inn_montreal_midtown,0
Where can I find a hotel with exceptional kids' programs that actually educate?,can_montreal_opus_hotel_montreal,0
Where can I find a hotel with exceptional kids' programs that actually educate?,can_quebec_montreal_opus_hotel_montreal,0
Where can I find a hotel with exceptional kids' programs that actually educate?,can_quebec_montreal_hotel_st_paul,0
Where can I find a hotel with exceptional kids' programs that actually educate?,can_montreal_hotel_st_paul,0
Where can I find a hotel with exceptional kids' programs that actually educate?,can_montreal_ritz_carlton_montreal,0
Where can I find a hotel with exceptional kids' programs that actually educate?,can_quebec_montreal_ritz_carlton_montreal,0
Where can I find a hotel with exceptional kids' programs that actually educate?,can_quebec_montreal_auberge_bonaparte,0
Where can I find a hotel with exceptional kids' programs that actually educate?,can_montreal_auberge_bonaparte,0
Recommend a hotel that offers unique local transportation options.,can_montreal_le_square_phillips_hotel_suites,1
Recommend a hotel that offers unique local transportation options.,can_quebec_montreal_le_square_phillips_hotel_suites,1
Recommend a hotel that offers unique local transportation options.,can_quebec_montreal_hotel_nelligan,1
Recommend a hotel that offers unique local transportation options.,can_montreal_hotel_nelligan,1
Recommend a hotel that offers unique local transportation options.,can_quebec_montreal_auberge_du_vieux_port,1
Recommend a hotel that offers unique local transportation options.,can_montreal_auberge_du_vieux_port,1
Recommend a hotel that offers unique local transportation options.,can_quebec_montreal_springhill_suites_old_montreal,2
Recommend a hotel that offers unique local transportation options.,can_montreal_springhill_suites_old_montreal,2
Recommend a hotel that offers unique local transportation options.,can_montreal_marriott_chateau_champlain,3
Recommend a hotel that offers unique local transportation options.,can_quebec_montreal_marriott_chateau_champlain,3
Recommend a hotel that offers unique local transportation options.,can_quebec_montreal_sheraton_le_centre_montreal_hotel,2
Recommend a hotel that offers unique local transportation options.,can_montreal_sheraton_le_centre_montreal_hotel,2
Recommend a hotel that offers unique local transportation options.,can_quebec_montreal_loews_hotel_vogue,0
Recommend a hotel that offers unique local transportation options.,can_montreal_loews_hotel_vogue,1
Recommend a hotel that offers unique local transportation options.,can_quebec_montreal_hotel_omni_mont_royal,1
Recommend a hotel that offers unique local transportation options.,can_montreal_hotel_omni_mont_royal,0
Recommend a hotel that offers unique local transportation options.,can_montreal_le_cantlie_suites_hotel,2
Recommend a hotel that offers unique local transportation options.,can_quebec_montreal_le_cantlie_suites_hotel,2
Recommend a hotel that offers unique local transportation options.,can_quebec_montreal_intercontinental_montreal,1
Recommend a hotel that offers unique local transportation options.,can_montreal_intercontinental_montreal,2
Recommend a hotel that offers unique local transportation options.,can_montreal_delta_centre_ville,3
Recommend a hotel that offers unique local transportation options.,can_quebec_montreal_delta_centre_ville,3
Recommend a hotel that offers unique local transportation options.,can_quebec_montreal_holiday_inn_express_montreal_centre_ville,2
Recommend a hotel that offers unique local transportation options.,can_montreal_holiday_inn_express_montreal_centre_ville,2
Recommend a hotel that offers unique local transportation options.,can_montreal_hyatt_regency_montreal,3
Recommend a hotel that offers unique local transportation options.,can_quebec_montreal_hyatt_regency_montreal,2
Recommend a hotel that offers unique local transportation options.,can_montreal_hilton_montreal_bonaventure,3
Recommend a hotel that offers unique local transportation options.,can_quebec_montreal_hilton_montreal_bonaventure,3
Recommend a hotel that offers unique local transportation options.,can_montreal_chateau_de_l_argoat,3
Recommend a hotel that offers unique local transportation options.,can_quebec_montreal_chateau_de_l_argoat,3
Recommend a hotel that offers unique local transportation options.,can_quebec_montreal_le_place_d_armes_hotel_suites,0
Recommend a hotel that offers unique local transportation options.,can_montreal_le_place_d_armes_hotel_suites,0
Recommend a hotel that offers unique local transportation options.,can_quebec_montreal_delta_montreal_hotel,2
Recommend a hotel that offers unique local transportation options.,can_montreal_delta_montreal_hotel,2
Recommend a hotel that offers unique local transportation options.,can_quebec_montreal_residence_inn_by_marriott_montreal_downtown,2
Recommend a hotel that offers unique local transportation options.,can_montreal_residence_inn_by_marriott_montreal_downtown,2
Recommend a hotel that offers unique local transportation options.,can_montreal_fairmont_the_queen_elizabeth,3
Recommend a hotel that offers unique local transportation options.,can_quebec_montreal_fairmont_the_queen_elizabeth,3
Recommend a hotel that offers unique local transportation options.,can_montreal_le_saint_sulpice,2
Recommend a hotel that offers unique local transportation options.,can_quebec_montreal_le_saint_sulpice,2
Recommend a hotel that offers unique local transportation options.,can_quebec_montreal_hotel_du_fort,2
Recommend a hotel that offers unique local transportation options.,can_montreal_hotel_du_fort,2
Recommend a hotel that offers unique local transportation options.,can_montreal_w_montreal,3
Recommend a hotel that offers unique local transportation options.,can_quebec_montreal_w_montreal,3
Recommend a hotel that offers unique local transportation options.,can_quebec_montreal_hotel_gault,2
Recommend a hotel that offers unique local transportation options.,can_montreal_hotel_gault,2
Recommend a hotel that offers unique local transportation options.,can_montreal_hotel_xixe_siecle,2
Recommend a hotel that offers unique local transportation options.,can_quebec_montreal_hotel_xixe_siecle,2
Recommend a hotel that offers unique local transportation options.,can_quebec_montreal_hotel_st_paul,0
Recommend a hotel that offers unique local transportation options.,can_montreal_hotel_st_paul,0
Recommend a hotel that offers unique local transportation options.,can_montreal_sofitel_montreal,1
Recommend a hotel that offers unique local transportation options.,can_quebec_montreal_sofitel_montreal,1
Recommend a hotel that offers unique local transportation options.,can_montreal_novotel_montreal_center,2
Recommend a hotel that offers unique local transportation options.,can_quebec_montreal_novotel_montreal_center,1
Recommend a hotel that offers unique local transportation options.,can_montreal_opus_hotel_montreal,1
Recommend a hotel that offers unique local transportation options.,can_quebec_montreal_opus_hotel_montreal,0
Recommend a hotel that offers unique local transportation options.,can_montreal_embassy_suites_montreal,2
Recommend a hotel that offers unique local transportation options.,can_quebec_montreal_embassy_suites_montreal,3
Recommend a hotel that offers unique local transportation options.,can_quebec_montreal_auberge_bonaparte,0
Recommend a hotel that offers unique local transportation options.,can_montreal_auberge_bonaparte,0
Recommend a hotel that offers unique local transportation options.,can_montreal_holiday_inn_montreal_midtown,1
Recommend a hotel that offers unique local transportation options.,can_quebec_montreal_holiday_inn_montreal_midtown,1
Recommend a hotel that offers unique local transportation options.,can_montreal_ritz_carlton_montreal,0
Recommend a hotel that offers unique local transportation options.,can_quebec_montreal_ritz_carlton_montreal,0
Where should I stay for the best local market access?,can_montreal_le_square_phillips_hotel_suites,2
Where should I stay for the best local market access?,can_quebec_montreal_le_square_phillips_hotel_suites,3
Where should I stay for the best local market access?,can_quebec_montreal_hotel_du_fort,2
Where should I stay for the best local market access?,can_montreal_hotel_du_fort,2
Where should I stay for the best local market access?,can_quebec_montreal_holiday_inn_express_montreal_centre_ville,2
Where should I stay for the best local market access?,can_montreal_holiday_inn_express_montreal_centre_ville,2
Where should I stay for the best local market access?,can_montreal_fairmont_the_queen_elizabeth,3
Where should I stay for the best local market access?,can_quebec_montreal_fairmont_the_queen_elizabeth,3
Where should I stay for the best local market access?,can_quebec_montreal_hotel_nelligan,3
Where should I stay for the best local market access?,can_montreal_hotel_nelligan,2
Where should I stay for the best local market access?,can_quebec_montreal_sheraton_le_centre_montreal_hotel,2
Where should I stay for the best local market access?,can_montreal_sheraton_le_centre_montreal_hotel,2
Where should I stay for the best local market access?,can_quebec_montreal_residence_inn_by_marriott_montreal_downtown,2
Where should I stay for the best local market access?,can_montreal_marriott_chateau_champlain,3
Where should I stay for the best local market access?,can_quebec_montreal_marriott_chateau_champlain,3
Where should I stay for the best local market access?,can_montreal_residence_inn_by_marriott_montreal_downtown,2
Where should I stay for the best local market access?,can_quebec_montreal_loews_hotel_vogue,1
Where should I stay for the best local market access?,can_montreal_loews_hotel_vogue,2
Where should I stay for the best local market access?,can_quebec_montreal_auberge_du_vieux_port,2
Where should I stay for the best local market access?,can_montreal_auberge_du_vieux_port,2
Where should I stay for the best local market access?,can_quebec_montreal_le_place_d_armes_hotel_suites,2
Where should I stay for the best local market access?,can_montreal_le_place_d_armes_hotel_suites,2
Where should I stay for the best local market access?,can_quebec_montreal_hotel_gault,2
Where should I stay for the best local market access?,can_montreal_hotel_gault,1
Where should I stay for the best local market access?,can_montreal_w_montreal,1
Where should I stay for the best local market access?,can_quebec_montreal_w_montreal,1
Where should I stay for the best local market access?,can_quebec_montreal_hotel_omni_mont_royal,2
Where should I stay for the best local market access?,can_montreal_hotel_omni_mont_royal,2
Where should I stay for the best local market access?,can_montreal_le_cantlie_suites_hotel,2
Where should I stay for the best local market access?,can_quebec_montreal_le_cantlie_suites_hotel,2
Where should I stay for the best local market access?,can_quebec_montreal_intercontinental_montreal,2
Where should I stay for the best local market access?,can_montreal_intercontinental_montreal,2
Where should I stay for the best local market access?,can_montreal_hyatt_regency_montreal,3
Where should I stay for the best local market access?,can_quebec_montreal_hyatt_regency_montreal,3
Where should I stay for the best local market access?,can_montreal_chateau_de_l_argoat,2
Where should I stay for the best local market access?,can_quebec_montreal_chateau_de_l_argoat,2
Where should I stay for the best local market access?,can_montreal_hotel_xixe_siecle,1
Where should I stay for the best local market access?,can_quebec_montreal_hotel_xixe_siecle,2
Where should I stay for the best local market access?,can_montreal_le_saint_sulpice,2
Where should I stay for the best local market access?,can_quebec_montreal_le_saint_sulpice,2
Where should I stay for the best local market access?,can_quebec_montreal_springhill_suites_old_montreal,3
Where should I stay for the best local market access?,can_montreal_springhill_suites_old_montreal,3
Where should I stay for the best local market access?,can_montreal_sofitel_montreal,1
Where should I stay for the best local market access?,can_quebec_montreal_sofitel_montreal,2
Where should I stay for the best local market access?,can_montreal_delta_centre_ville,2
Where should I stay for the best local market access?,can_quebec_montreal_delta_centre_ville,2
Where should I stay for the best local market access?,can_quebec_montreal_delta_montreal_hotel,2
Where should I stay for the best local market access?,can_montreal_delta_montreal_hotel,2
Where should I stay for the best local market access?,can_montreal_novotel_montreal_center,3
Where should I stay for the best local market access?,can_quebec_montreal_novotel_montreal_center,3
Where should I stay for the best local market access?,can_quebec_montreal_hotel_st_paul,2
Where should I stay for the best local market access?,can_montreal_hotel_st_paul,1
Where should I stay for the best local market access?,can_montreal_hilton_montreal_bonaventure,2
Where should I stay for the best local market access?,can_quebec_montreal_hilton_montreal_bonaventure,2
Where should I stay for the best local market access?,can_montreal_embassy_suites_montreal,2
Where should I stay for the best local market access?,can_montreal_holiday_inn_montreal_midtown,1
Where should I stay for the best local market access?,can_quebec_montreal_holiday_inn_montreal_midtown,1
Where should I stay for the best local market access?,can_quebec_montreal_embassy_suites_montreal,2
Where should I stay for the best local market access?,can_montreal_opus_hotel_montreal,2
Where should I stay for the best local market access?,can_quebec_montreal_opus_hotel_montreal,2
Where should I stay for the best local market access?,can_montreal_ritz_carlton_montreal,2
Where should I stay for the best local market access?,can_quebec_montreal_ritz_carlton_montreal,1
Where should I stay for the best local market access?,can_quebec_montreal_auberge_bonaparte,1
Where should I stay for the best local market access?,can_montreal_auberge_bonaparte,1
What hotels have the most spectacular lobby spaces?,can_montreal_w_montreal,3
What hotels have the most spectacular lobby spaces?,can_quebec_montreal_w_montreal,3
What hotels have the most spectacular lobby spaces?,can_montreal_le_square_phillips_hotel_suites,1
What hotels have the most spectacular lobby spaces?,can_quebec_montreal_le_square_phillips_hotel_suites,1
What hotels have the most spectacular lobby spaces?,can_quebec_montreal_loews_hotel_vogue,2
What hotels have the most spectacular lobby spaces?,can_montreal_loews_hotel_vogue,2
What hotels have the most spectacular lobby spaces?,can_montreal_hilton_montreal_bonaventure,2
What hotels have the most spectacular lobby spaces?,can_quebec_montreal_hilton_montreal_bonaventure,2
What hotels have the most spectacular lobby spaces?,can_montreal_sofitel_montreal,2
What hotels have the most spectacular lobby spaces?,can_quebec_montreal_sofitel_montreal,2
What hotels have the most spectacular lobby spaces?,can_quebec_montreal_le_place_d_armes_hotel_suites,2
What hotels have the most spectacular lobby spaces?,can_montreal_le_place_d_armes_hotel_suites,2
What hotels have the most spectacular lobby spaces?,can_quebec_montreal_hotel_gault,2
What hotels have the most spectacular lobby spaces?,can_montreal_hotel_gault,2
What hotels have the most spectacular lobby spaces?,can_quebec_montreal_hotel_nelligan,2
What hotels have the most spectacular lobby spaces?,can_montreal_hotel_nelligan,2
What hotels have the most spectacular lobby spaces?,can_quebec_montreal_sheraton_le_centre_montreal_hotel,2
What hotels have the most spectacular lobby spaces?,can_montreal_sheraton_le_centre_montreal_hotel,2
What hotels have the most spectacular lobby spaces?,can_montreal_hyatt_regency_montreal,1
What hotels have the most spectacular lobby spaces?,can_quebec_montreal_hyatt_regency_montreal,2
What hotels have the most spectacular lobby spaces?,can_montreal_marriott_chateau_champlain,2
What hotels have the most spectacular lobby spaces?,can_quebec_montreal_marriott_chateau_champlain,1
What hotels have the most spectacular lobby spaces?,can_montreal_opus_hotel_montreal,1
What hotels have the most spectacular lobby spaces?,can_quebec_montreal_opus_hotel_montreal,2
What hotels have the most spectacular lobby spaces?,can_quebec_montreal_auberge_du_vieux_port,1
What hotels have the most spectacular lobby spaces?,can_montreal_auberge_du_vieux_port,0
What hotels have the most spectacular lobby spaces?,can_montreal_hotel_xixe_siecle,2
What hotels have the most spectacular lobby spaces?,can_quebec_montreal_hotel_xixe_siecle,2
What hotels have the most spectacular lobby spaces?,can_quebec_montreal_hotel_omni_mont_royal,1
What hotels have the most spectacular lobby spaces?,can_montreal_hotel_omni_mont_royal,1
What hotels have the most spectacular lobby spaces?,can_quebec_montreal_residence_inn_by_marriott_montreal_downtown,1
What hotels have the most spectacular lobby spaces?,can_montreal_residence_inn_by_marriott_montreal_downtown,1
What hotels have the most spectacular lobby spaces?,can_montreal_le_cantlie_suites_hotel,1
What hotels have the most spectacular lobby spaces?,can_quebec_montreal_le_cantlie_suites_hotel,2
What hotels have the most spectacular lobby spaces?,can_quebec_montreal_intercontinental_montreal,1
What hotels have the most spectacular lobby spaces?,can_montreal_intercontinental_montreal,1
What hotels have the most spectacular lobby spaces?,can_quebec_montreal_delta_montreal_hotel,1
What hotels have the most spectacular lobby spaces?,can_montreal_delta_montreal_hotel,1
What hotels have the most spectacular lobby spaces?,can_montreal_embassy_suites_montreal,1
What hotels have the most spectacular lobby spaces?,can_quebec_montreal_embassy_suites_montreal,1
What hotels have the most spectacular lobby spaces?,can_quebec_montreal_hotel_st_paul,2
What hotels have the most spectacular lobby spaces?,can_montreal_hotel_st_paul,3
What hotels have the most spectacular lobby spaces?,can_montreal_fairmont_the_queen_elizabeth,2
What hotels have the most spectacular lobby spaces?,can_quebec_montreal_fairmont_the_queen_elizabeth,2
What hotels have the most spectacular lobby spaces?,can_montreal_le_saint_sulpice,2
What hotels have the most spectacular lobby spaces?,can_quebec_montreal_le_saint_sulpice,2
What hotels have the most spectacular lobby spaces?,can_montreal_delta_centre_ville,1
What hotels have the most spectacular lobby spaces?,can_quebec_montreal_delta_centre_ville,1
What hotels have the most spectacular lobby spaces?,can_quebec_montreal_springhill_suites_old_montreal,0
What hotels have the most spectacular lobby spaces?,can_montreal_springhill_suites_old_montreal,0
What hotels have the most spectacular lobby spaces?,can_montreal_chateau_de_l_argoat,1
What hotels have the most spectacular lobby spaces?,can_quebec_montreal_chateau_de_l_argoat,1
What hotels have the most spectacular lobby spaces?,can_montreal_novotel_montreal_center,0
What hotels have the most spectacular lobby spaces?,can_quebec_montreal_novotel_montreal_center,0
What hotels have the most spectacular lobby spaces?,can_montreal_ritz_carlton_montreal,2
What hotels have the most spectacular lobby spaces?,can_quebec_montreal_ritz_carlton_montreal,2
What hotels have the most spectacular lobby spaces?,can_quebec_montreal_hotel_du_fort,0
What hotels have the most spectacular lobby spaces?,can_montreal_hotel_du_fort,0
What hotels have the most spectacular lobby spaces?,can_quebec_montreal_holiday_inn_express_montreal_centre_ville,0
What hotels have the most spectacular lobby spaces?,can_montreal_holiday_inn_express_montreal_centre_ville,0
What hotels have the most spectacular lobby spaces?,can_montreal_holiday_inn_montreal_midtown,2
What hotels have the most spectacular lobby spaces?,can_quebec_montreal_holiday_inn_montreal_midtown,2
What hotels have the most spectacular lobby spaces?,can_quebec_montreal_auberge_bonaparte,0
What hotels have the most spectacular lobby spaces?,can_montreal_auberge_bonaparte,0
Suggest a hotel with the best library or reading rooms.,can_quebec_montreal_loews_hotel_vogue,2
Suggest a hotel with the best library or reading rooms.,can_montreal_loews_hotel_vogue,2
Suggest a hotel with the best library or reading rooms.,can_montreal_w_montreal,0
Suggest a hotel with the best library or reading rooms.,can_quebec_montreal_w_montreal,0
Suggest a hotel with the best library or reading rooms.,can_montreal_le_square_phillips_hotel_suites,0
Suggest a hotel with the best library or reading rooms.,can_quebec_montreal_le_square_phillips_hotel_suites,0
Suggest a hotel with the best library or reading rooms.,can_quebec_montreal_hotel_gault,3
Suggest a hotel with the best library or reading rooms.,can_montreal_hotel_gault,3
Suggest a hotel with the best library or reading rooms.,can_quebec_montreal_hotel_nelligan,0
Suggest a hotel with the best library or reading rooms.,can_montreal_hotel_nelligan,0
Suggest a hotel with the best library or reading rooms.,can_montreal_sofitel_montreal,2
Suggest a hotel with the best library or reading rooms.,can_quebec_montreal_sofitel_montreal,3
Suggest a hotel with the best library or reading rooms.,can_quebec_montreal_le_place_d_armes_hotel_suites,0
Suggest a hotel with the best library or reading rooms.,can_montreal_le_place_d_armes_hotel_suites,0
Suggest a hotel with the best library or reading rooms.,can_montreal_chateau_de_l_argoat,0
Suggest a hotel with the best library or reading rooms.,can_quebec_montreal_chateau_de_l_argoat,0
Suggest a hotel with the best library or reading rooms.,can_montreal_opus_hotel_montreal,0
Suggest a hotel with the best library or reading rooms.,can_quebec_montreal_opus_hotel_montreal,0
Suggest a hotel with the best library or reading rooms.,can_quebec_montreal_sheraton_le_centre_montreal_hotel,0
Suggest a hotel with the best library or reading rooms.,can_montreal_sheraton_le_centre_montreal_hotel,0
Suggest a hotel with the best library or reading rooms.,can_quebec_montreal_auberge_du_vieux_port,0
Suggest a hotel with the best library or reading rooms.,can_montreal_auberge_du_vieux_port,0
Suggest a hotel with the best library or reading rooms.,can_montreal_hotel_xixe_siecle,3
Suggest a hotel with the best library or reading rooms.,can_quebec_montreal_hotel_xixe_siecle,3
Suggest a hotel with the best library or reading rooms.,can_quebec_montreal_hotel_omni_mont_royal,0
Suggest a hotel with the best library or reading rooms.,can_montreal_hotel_omni_mont_royal,0
Suggest a hotel with the best library or reading rooms.,can_montreal_hilton_montreal_bonaventure,0
Suggest a hotel with the best library or reading rooms.,can_quebec_montreal_hilton_montreal_bonaventure,0
Suggest a hotel with the best library or reading rooms.,can_montreal_hyatt_regency_montreal,0
Suggest a hotel with the best library or reading rooms.,can_quebec_montreal_hyatt_regency_montreal,0
Suggest a hotel with the best library or reading rooms.,can_montreal_le_cantlie_suites_hotel,0
Suggest a hotel with the best library or reading rooms.,can_quebec_montreal_le_cantlie_suites_hotel,0
Suggest a hotel with the best library or reading rooms.,can_quebec_montreal_intercontinental_montreal,0
Suggest a hotel with the best library or reading rooms.,can_montreal_intercontinental_montreal,0
Suggest a hotel with the best library or reading rooms.,can_montreal_le_saint_sulpice,0
Suggest a hotel with the best library or reading rooms.,can_quebec_montreal_le_saint_sulpice,0
Suggest a hotel with the best library or reading rooms.,can_montreal_marriott_chateau_champlain,0
Suggest a hotel with the best library or reading rooms.,can_quebec_montreal_marriott_chateau_champlain,0
Suggest a hotel with the best library or reading rooms.,can_quebec_montreal_hotel_du_fort,0
Suggest a hotel with the best library or reading rooms.,can_montreal_hotel_du_fort,0
Suggest a hotel with the best library or reading rooms.,can_montreal_novotel_montreal_center,0
Suggest a hotel with the best library or reading rooms.,can_quebec_montreal_novotel_montreal_center,0
Suggest a hotel with the best library or reading rooms.,can_quebec_montreal_residence_inn_by_marriott_montreal_downtown,0
Suggest a hotel with the best library or reading rooms.,can_montreal_residence_inn_by_marriott_montreal_downtown,0
Suggest a hotel with the best library or reading rooms.,can_quebec_montreal_delta_montreal_hotel,0
Suggest a hotel with the best library or reading rooms.,can_montreal_delta_montreal_hotel,0
Suggest a hotel with the best library or reading rooms.,can_montreal_fairmont_the_queen_elizabeth,0
Suggest a hotel with the best library or reading rooms.,can_quebec_montreal_fairmont_the_queen_elizabeth,0
Suggest a hotel with the best library or reading rooms.,can_quebec_montreal_springhill_suites_old_montreal,0
Suggest a hotel with the best library or reading rooms.,can_montreal_springhill_suites_old_montreal,0
Suggest a hotel with the best library or reading rooms.,can_quebec_montreal_hotel_st_paul,0
Suggest a hotel with the best library or reading rooms.,can_montreal_hotel_st_paul,0
Suggest a hotel with the best library or reading rooms.,can_montreal_delta_centre_ville,0
Suggest a hotel with the best library or reading rooms.,can_quebec_montreal_delta_centre_ville,0
Suggest a hotel with the best library or reading rooms.,can_montreal_ritz_carlton_montreal,0
Suggest a hotel with the best library or reading rooms.,can_quebec_montreal_ritz_carlton_montreal,0
Suggest a hotel with the best library or reading rooms.,can_quebec_montreal_holiday_inn_express_montreal_centre_ville,0
Suggest a hotel with the best library or reading rooms.,can_montreal_holiday_inn_express_montreal_centre_ville,0
Suggest a hotel with the best library or reading rooms.,can_montreal_holiday_inn_montreal_midtown,0
Suggest a hotel with the best library or reading rooms.,can_quebec_montreal_holiday_inn_montreal_midtown,0
Suggest a hotel with the best library or reading rooms.,can_montreal_embassy_suites_montreal,0
Suggest a hotel with the best library or reading rooms.,can_quebec_montreal_embassy_suites_montreal,0
Suggest a hotel with the best library or reading rooms.,can_quebec_montreal_auberge_bonaparte,0
Suggest a hotel with the best library or reading rooms.,can_montreal_auberge_bonaparte,0
Where can I find a hotel that celebrates regional craftsmanship?,can_quebec_montreal_hotel_nelligan,1
Where can I find a hotel that celebrates regional craftsmanship?,can_montreal_hotel_nelligan,0
Where can I find a hotel that celebrates regional craftsmanship?,can_quebec_montreal_hotel_gault,0
Where can I find a hotel that celebrates regional craftsmanship?,can_montreal_hotel_gault,0
Where can I find a hotel that celebrates regional craftsmanship?,can_quebec_montreal_loews_hotel_vogue,0
Where can I find a hotel that celebrates regional craftsmanship?,can_montreal_loews_hotel_vogue,0
Where can I find a hotel that celebrates regional craftsmanship?,can_quebec_montreal_le_place_d_armes_hotel_suites,1
Where can I find a hotel that celebrates regional craftsmanship?,can_montreal_le_place_d_armes_hotel_suites,0
Where can I find a hotel that celebrates regional craftsmanship?,can_montreal_le_square_phillips_hotel_suites,0
Where can I find a hotel that celebrates regional craftsmanship?,can_quebec_montreal_le_square_phillips_hotel_suites,0
Where can I find a hotel that celebrates regional craftsmanship?,can_montreal_sofitel_montreal,0
Where can I find a hotel that celebrates regional craftsmanship?,can_quebec_montreal_sofitel_montreal,0
Where can I find a hotel that celebrates regional craftsmanship?,can_montreal_w_montreal,0
Where can I find a hotel that celebrates regional craftsmanship?,can_quebec_montreal_w_montreal,0
Where can I find a hotel that celebrates regional craftsmanship?,can_quebec_montreal_hotel_omni_mont_royal,0
Where can I find a hotel that celebrates regional craftsmanship?,can_montreal_hotel_omni_mont_royal,0
Where can I find a hotel that celebrates regional craftsmanship?,can_montreal_ritz_carlton_montreal,1
Where can I find a hotel that celebrates regional craftsmanship?,can_quebec_montreal_ritz_carlton_montreal,1
Where can I find a hotel that celebrates regional craftsmanship?,can_quebec_montreal_auberge_du_vieux_port,2
Where can I find a hotel that celebrates regional craftsmanship?,can_montreal_auberge_du_vieux_port,2
Where can I find a hotel that celebrates regional craftsmanship?,can_montreal_hotel_xixe_siecle,0
Where can I find a hotel that celebrates regional craftsmanship?,can_quebec_montreal_hotel_xixe_siecle,1
Where can I find a hotel that celebrates regional craftsmanship?,can_quebec_montreal_hotel_st_paul,1
Where can I find a hotel that celebrates regional craftsmanship?,can_montreal_hotel_st_paul,1
Where can I find a hotel that celebrates regional craftsmanship?,can_montreal_le_saint_sulpice,1
Where can I find a hotel that celebrates regional craftsmanship?,can_quebec_montreal_le_saint_sulpice,1
Where can I find a hotel that celebrates regional craftsmanship?,can_montreal_marriott_chateau_champlain,0
Where can I find a hotel that celebrates regional craftsmanship?,can_quebec_montreal_marriott_chateau_champlain,0
Where can I find a hotel that celebrates regional craftsmanship?,can_montreal_le_cantlie_suites_hotel,0
Where can I find a hotel that celebrates regional craftsmanship?,can_quebec_montreal_le_cantlie_suites_hotel,0
Where can I find a hotel that celebrates regional craftsmanship?,can_quebec_montreal_residence_inn_by_marriott_montreal_downtown,0
Where can I find a hotel that celebrates regional craftsmanship?,can_montreal_residence_inn_by_marriott_montreal_downtown,0
Where can I find a hotel that celebrates regional craftsmanship?,can_quebec_montreal_sheraton_le_centre_montreal_hotel,0
Where can I find a hotel that celebrates regional craftsmanship?,can_montreal_sheraton_le_centre_montreal_hotel,0
Where can I find a hotel that celebrates regional craftsmanship?,can_montreal_hyatt_regency_montreal,0
Where can I find a hotel that celebrates regional craftsmanship?,can_quebec_montreal_hyatt_regency_montreal,0
Where can I find a hotel that celebrates regional craftsmanship?,can_montreal_fairmont_the_queen_elizabeth,1
Where can I find a hotel that celebrates regional craftsmanship?,can_quebec_montreal_fairmont_the_queen_elizabeth,0
Where can I find a hotel that celebrates regional craftsmanship?,can_montreal_chateau_de_l_argoat,0
Where can I find a hotel that celebrates regional craftsmanship?,can_quebec_montreal_chateau_de_l_argoat,0
Where can I find a hotel that celebrates regional craftsmanship?,can_quebec_montreal_intercontinental_montreal,0
Where can I find a hotel that celebrates regional craftsmanship?,can_montreal_intercontinental_montreal,0
Where can I find a hotel that celebrates regional craftsmanship?,can_montreal_opus_hotel_montreal,0
Where can I find a hotel that celebrates regional craftsmanship?,can_quebec_montreal_opus_hotel_montreal,0
Where can I find a hotel that celebrates regional craftsmanship?,can_quebec_montreal_hotel_du_fort,0
Where can I find a hotel that celebrates regional craftsmanship?,can_montreal_hotel_du_fort,0
Where can I find a hotel that celebrates regional craftsmanship?,can_montreal_hilton_montreal_bonaventure,1
Where can I find a hotel that celebrates regional craftsmanship?,can_quebec_montreal_hilton_montreal_bonaventure,0
Where can I find a hotel that celebrates regional craftsmanship?,can_quebec_montreal_delta_montreal_hotel,0
Where can I find a hotel that celebrates regional craftsmanship?,can_montreal_delta_montreal_hotel,0
Where can I find a hotel that celebrates regional craftsmanship?,can_montreal_delta_centre_ville,0
Where can I find a hotel that celebrates regional craftsmanship?,can_quebec_montreal_delta_centre_ville,0
Where can I find a hotel that celebrates regional craftsmanship?,can_montreal_embassy_suites_montreal,0
Where can I find a hotel that celebrates regional craftsmanship?,can_quebec_montreal_holiday_inn_express_montreal_centre_ville,0
Where can I find a hotel that celebrates regional craftsmanship?,can_montreal_holiday_inn_express_montreal_centre_ville,0
Where can I find a hotel that celebrates regional craftsmanship?,can_quebec_montreal_embassy_suites_montreal,0
Where can I find a hotel that celebrates regional craftsmanship?,can_montreal_novotel_montreal_center,0
Where can I find a hotel that celebrates regional craftsmanship?,can_quebec_montreal_novotel_montreal_center,0
Where can I find a hotel that celebrates regional craftsmanship?,can_quebec_montreal_springhill_suites_old_montreal,1
Where can I find a hotel that celebrates regional craftsmanship?,can_montreal_springhill_suites_old_montreal,0
Where can I find a hotel that celebrates regional craftsmanship?,can_montreal_holiday_inn_montreal_midtown,0
Where can I find a hotel that celebrates regional craftsmanship?,can_quebec_montreal_holiday_inn_montreal_midtown,0
Where can I find a hotel that celebrates regional craftsmanship?,can_quebec_montreal_auberge_bonaparte,1
Where can I find a hotel that celebrates regional craftsmanship?,can_montreal_auberge_bonaparte,1
Recommend a hotel with exceptional outdoor dining options.,can_montreal_le_square_phillips_hotel_suites,1
Recommend a hotel with exceptional outdoor dining options.,can_quebec_montreal_le_square_phillips_hotel_suites,1
Recommend a hotel with exceptional outdoor dining options.,can_quebec_montreal_le_place_d_armes_hotel_suites,1
Recommend a hotel with exceptional outdoor dining options.,can_montreal_le_place_d_armes_hotel_suites,1
Recommend a hotel with exceptional outdoor dining options.,can_montreal_hilton_montreal_bonaventure,0
Recommend a hotel with exceptional outdoor dining options.,can_quebec_montreal_hilton_montreal_bonaventure,1
Recommend a hotel with exceptional outdoor dining options.,can_quebec_montreal_hotel_nelligan,2
Recommend a hotel with exceptional outdoor dining options.,can_montreal_hotel_nelligan,2
Recommend a hotel with exceptional outdoor dining options.,can_quebec_montreal_residence_inn_by_marriott_montreal_downtown,0
Recommend a hotel with exceptional outdoor dining options.,can_montreal_residence_inn_by_marriott_montreal_downtown,0
Recommend a hotel with exceptional outdoor dining options.,can_quebec_montreal_auberge_du_vieux_port,2
Recommend a hotel with exceptional outdoor dining options.,can_montreal_auberge_du_vieux_port,2
Recommend a hotel with exceptional outdoor dining options.,can_quebec_montreal_hotel_gault,0
Recommend a hotel with exceptional outdoor dining options.,can_montreal_hotel_gault,0
Recommend a hotel with exceptional outdoor dining options.,can_quebec_montreal_loews_hotel_vogue,0
Recommend a hotel with exceptional outdoor dining options.,can_montreal_loews_hotel_vogue,0
Recommend a hotel with exceptional outdoor dining options.,can_montreal_sofitel_montreal,2
Recommend a hotel with exceptional outdoor dining options.,can_quebec_montreal_sofitel_montreal,2
Recommend a hotel with exceptional outdoor dining options.,can_montreal_w_montreal,0
Recommend a hotel with exceptional outdoor dining options.,can_quebec_montreal_w_montreal,0
Recommend a hotel with exceptional outdoor dining options.,can_montreal_le_saint_sulpice,2
Recommend a hotel with exceptional outdoor dining options.,can_quebec_montreal_le_saint_sulpice,2
Recommend a hotel with exceptional outdoor dining options.,can_montreal_hyatt_regency_montreal,0
Recommend a hotel with exceptional outdoor dining options.,can_quebec_montreal_hyatt_regency_montreal,0
Recommend a hotel with exceptional outdoor dining options.,can_quebec_montreal_delta_montreal_hotel,0
Recommend a hotel with exceptional outdoor dining options.,can_montreal_delta_montreal_hotel,0
Recommend a hotel with exceptional outdoor dining options.,can_montreal_marriott_chateau_champlain,0
Recommend a hotel with exceptional outdoor dining options.,can_quebec_montreal_marriott_chateau_champlain,0
Recommend a hotel with exceptional outdoor dining options.,can_quebec_montreal_hotel_du_fort,0
Recommend a hotel with exceptional outdoor dining options.,can_montreal_hotel_du_fort,0
Recommend a hotel with exceptional outdoor dining options.,can_quebec_montreal_sheraton_le_centre_montreal_hotel,0
Recommend a hotel with exceptional outdoor dining options.,can_montreal_sheraton_le_centre_montreal_hotel,0
Recommend a hotel with exceptional outdoor dining options.,can_quebec_montreal_hotel_omni_mont_royal,0
Recommend a hotel with exceptional outdoor dining options.,can_montreal_hotel_omni_mont_royal,0
Recommend a hotel with exceptional outdoor dining options.,can_quebec_montreal_springhill_suites_old_montreal,0
Recommend a hotel with exceptional outdoor dining options.,can_montreal_springhill_suites_old_montreal,0
Recommend a hotel with exceptional outdoor dining options.,can_montreal_delta_centre_ville,2
Recommend a hotel with exceptional outdoor dining options.,can_quebec_montreal_delta_centre_ville,2
Recommend a hotel with exceptional outdoor dining options.,can_montreal_embassy_suites_montreal,0
Recommend a hotel with exceptional outdoor dining options.,can_montreal_le_cantlie_suites_hotel,1
Recommend a hotel with exceptional outdoor dining options.,can_quebec_montreal_le_cantlie_suites_hotel,0
Recommend a hotel with exceptional outdoor dining options.,can_quebec_montreal_embassy_suites_montreal,0
Recommend a hotel with exceptional outdoor dining options.,can_quebec_montreal_hotel_st_paul,1
Recommend a hotel with exceptional outdoor dining options.,can_montreal_hotel_st_paul,1
Recommend a hotel with exceptional outdoor dining options.,can_montreal_hotel_xixe_siecle,0
Recommend a hotel with exceptional outdoor dining options.,can_quebec_montreal_hotel_xixe_siecle,0
Recommend a hotel with exceptional outdoor dining options.,can_montreal_fairmont_the_queen_elizabeth,2
Recommend a hotel with exceptional outdoor dining options.,can_quebec_montreal_fairmont_the_queen_elizabeth,1
Recommend a hotel with exceptional outdoor dining options.,can_quebec_montreal_holiday_inn_express_montreal_centre_ville,0
Recommend a hotel with exceptional outdoor dining options.,can_montreal_holiday_inn_express_montreal_centre_ville,0
Recommend a hotel with exceptional outdoor dining options.,can_quebec_montreal_intercontinental_montreal,0
Recommend a hotel with exceptional outdoor dining options.,can_montreal_intercontinental_montreal,0
Recommend a hotel with exceptional outdoor dining options.,can_montreal_chateau_de_l_argoat,0
Recommend a hotel with exceptional outdoor dining options.,can_quebec_montreal_chateau_de_l_argoat,0
Recommend a hotel with exceptional outdoor dining options.,can_quebec_montreal_auberge_bonaparte,2
Recommend a hotel with exceptional outdoor dining options.,can_montreal_auberge_bonaparte,2
Recommend a hotel with exceptional outdoor dining options.,can_montreal_opus_hotel_montreal,0
Recommend a hotel with exceptional outdoor dining options.,can_quebec_montreal_opus_hotel_montreal,0
Recommend a hotel with exceptional outdoor dining options.,can_montreal_novotel_montreal_center,0
Recommend a hotel with exceptional outdoor dining options.,can_quebec_montreal_novotel_montreal_center,0
Recommend a hotel with exceptional outdoor dining options.,can_montreal_holiday_inn_montreal_midtown,0
Recommend a hotel with exceptional outdoor dining options.,can_quebec_montreal_holiday_inn_montreal_midtown,0
Recommend a hotel with exceptional outdoor dining options.,can_montreal_ritz_carlton_montreal,2
Recommend a hotel with exceptional outdoor dining options.,can_quebec_montreal_ritz_carlton_montreal,2
Where should I stay to witness local traditions firsthand?,can_quebec_montreal_hotel_nelligan,2
Where should I stay to witness local traditions firsthand?,can_montreal_hotel_nelligan,3
Where should I stay to witness local traditions firsthand?,can_montreal_le_square_phillips_hotel_suites,1
Where should I stay to witness local traditions firsthand?,can_quebec_montreal_le_square_phillips_hotel_suites,0
Where should I stay to witness local traditions firsthand?,can_quebec_montreal_residence_inn_by_marriott_montreal_downtown,0
Where should I stay to witness local traditions firsthand?,can_montreal_residence_inn_by_marriott_montreal_downtown,1
Where should I stay to witness local traditions firsthand?,can_quebec_montreal_auberge_du_vieux_port,2
Where should I stay to witness local traditions firsthand?,can_montreal_auberge_du_vieux_port,2
Where should I stay to witness local traditions firsthand?,can_quebec_montreal_le_place_d_armes_hotel_suites,2
Where should I stay to witness local traditions firsthand?,can_montreal_le_place_d_armes_hotel_suites,2
Where should I stay to witness local traditions firsthand?,can_quebec_montreal_hotel_gault,2
Where should I stay to witness local traditions firsthand?,can_montreal_hotel_gault,1
Where should I stay to witness local traditions firsthand?,can_montreal_sofitel_montreal,0
Where should I stay to witness local traditions firsthand?,can_quebec_montreal_sofitel_montreal,0
Where should I stay to witness local traditions firsthand?,can_montreal_w_montreal,2
Where should I stay to witness local traditions firsthand?,can_quebec_montreal_w_montreal,1
Where should I stay to witness local traditions firsthand?,can_quebec_montreal_loews_hotel_vogue,0
Where should I stay to witness local traditions firsthand?,can_montreal_loews_hotel_vogue,0
Where should I stay to witness local traditions firsthand?,can_quebec_montreal_sheraton_le_centre_montreal_hotel,1
Where should I stay to witness local traditions firsthand?,can_montreal_sheraton_le_centre_montreal_hotel,1
Where should I stay to witness local traditions firsthand?,can_montreal_ritz_carlton_montreal,1
Where should I stay to witness local traditions firsthand?,can_quebec_montreal_ritz_carlton_montreal,1
Where should I stay to witness local traditions firsthand?,can_montreal_hyatt_regency_montreal,0
Where should I stay to witness local traditions firsthand?,can_quebec_montreal_hyatt_regency_montreal,1
Where should I stay to witness local traditions firsthand?,can_quebec_montreal_holiday_inn_express_montreal_centre_ville,2
Where should I stay to witness local traditions firsthand?,can_montreal_holiday_inn_express_montreal_centre_ville,1
Where should I stay to witness local traditions firsthand?,can_montreal_hilton_montreal_bonaventure,1
Where should I stay to witness local traditions firsthand?,can_quebec_montreal_hilton_montreal_bonaventure,1
Where should I stay to witness local traditions firsthand?,can_quebec_montreal_hotel_omni_mont_royal,1
Where should I stay to witness local traditions firsthand?,can_montreal_hotel_omni_mont_royal,1
Where should I stay to witness local traditions firsthand?,can_montreal_chateau_de_l_argoat,1
Where should I stay to witness local traditions firsthand?,can_quebec_montreal_chateau_de_l_argoat,2
Where should I stay to witness local traditions firsthand?,can_montreal_fairmont_the_queen_elizabeth,1
Where should I stay to witness local traditions firsthand?,can_quebec_montreal_fairmont_the_queen_elizabeth,1
Where should I stay to witness local traditions firsthand?,can_quebec_montreal_hotel_du_fort,1
Where should I stay to witness local traditions firsthand?,can_montreal_hotel_du_fort,1
Where should I stay to witness local traditions firsthand?,can_montreal_le_saint_sulpice,2
Where should I stay to witness local traditions firsthand?,can_quebec_montreal_le_saint_sulpice,2
Where should I stay to witness local traditions firsthand?,can_quebec_montreal_delta_montreal_hotel,0
Where should I stay to witness local traditions firsthand?,can_montreal_delta_montreal_hotel,1
Where should I stay to witness local traditions firsthand?,can_montreal_embassy_suites_montreal,2
Where should I stay to witness local traditions firsthand?,can_montreal_opus_hotel_montreal,1
Where should I stay to witness local traditions firsthand?,can_quebec_montreal_opus_hotel_montreal,1
Where should I stay to witness local traditions firsthand?,can_montreal_marriott_chateau_champlain,1
Where should I stay to witness local traditions firsthand?,can_quebec_montreal_marriott_chateau_champlain,1
Where should I stay to witness local traditions firsthand?,can_quebec_montreal_embassy_suites_montreal,2
Where should I stay to witness local traditions firsthand?,can_quebec_montreal_springhill_suites_old_montreal,3
Where should I stay to witness local traditions firsthand?,can_montreal_springhill_suites_old_montreal,3
Where should I stay to witness local traditions firsthand?,can_montreal_hotel_xixe_siecle,2
Where should I stay to witness local traditions firsthand?,can_quebec_montreal_hotel_xixe_siecle,2
Where should I stay to witness local traditions firsthand?,can_montreal_le_cantlie_suites_hotel,0
Where should I stay to witness local traditions firsthand?,can_quebec_montreal_le_cantlie_suites_hotel,0
Where should I stay to witness local traditions firsthand?,can_montreal_delta_centre_ville,0
Where should I stay to witness local traditions firsthand?,can_quebec_montreal_delta_centre_ville,0
Where should I stay to witness local traditions firsthand?,can_quebec_montreal_hotel_st_paul,1
Where should I stay to witness local traditions firsthand?,can_montreal_hotel_st_paul,1
Where should I stay to witness local traditions firsthand?,can_quebec_montreal_intercontinental_montreal,2
Where should I stay to witness local traditions firsthand?,can_montreal_intercontinental_montreal,2
Where should I stay to witness local traditions firsthand?,can_quebec_montreal_auberge_bonaparte,2
Where should I stay to witness local traditions firsthand?,can_montreal_auberge_bonaparte,2
Where should I stay to witness local traditions firsthand?,can_montreal_novotel_montreal_center,0
Where should I stay to witness local traditions firsthand?,can_quebec_montreal_novotel_montreal_center,0
Where should I stay to witness local traditions firsthand?,can_montreal_holiday_inn_montreal_midtown,0
Where should I stay to witness local traditions firsthand?,can_quebec_montreal_holiday_inn_montreal_midtown,1
What are the best hotels for music lovers?,can_quebec_montreal_loews_hotel_vogue,1
What are the best hotels for music lovers?,can_montreal_loews_hotel_vogue,1
What are the best hotels for music lovers?,can_montreal_le_square_phillips_hotel_suites,2
What are the best hotels for music lovers?,can_quebec_montreal_le_square_phillips_hotel_suites,1
What are the best hotels for music lovers?,can_quebec_montreal_hotel_nelligan,1
What are the best hotels for music lovers?,can_montreal_hotel_nelligan,1
What are the best hotels for music lovers?,can_montreal_opus_hotel_montreal,2
What are the best hotels for music lovers?,can_quebec_montreal_opus_hotel_montreal,2
What are the best hotels for music lovers?,can_quebec_montreal_le_place_d_armes_hotel_suites,1
What are the best hotels for music lovers?,can_montreal_le_place_d_armes_hotel_suites,1
What are the best hotels for music lovers?,can_montreal_w_montreal,2
What are the best hotels for music lovers?,can_quebec_montreal_w_montreal,2
What are the best hotels for music lovers?,can_quebec_montreal_auberge_du_vieux_port,0
What are the best hotels for music lovers?,can_montreal_auberge_du_vieux_port,0
What are the best hotels for music lovers?,can_quebec_montreal_sheraton_le_centre_montreal_hotel,0
What are the best hotels for music lovers?,can_montreal_sheraton_le_centre_montreal_hotel,0
What are the best hotels for music lovers?,can_quebec_montreal_residence_inn_by_marriott_montreal_downtown,0
What are the best hotels for music lovers?,can_montreal_residence_inn_by_marriott_montreal_downtown,0
What are the best hotels for music lovers?,can_montreal_sofitel_montreal,0
What are the best hotels for music lovers?,can_quebec_montreal_sofitel_montreal,0
What are the best hotels for music lovers?,can_montreal_hilton_montreal_bonaventure,0
What are the best hotels for music lovers?,can_quebec_montreal_hilton_montreal_bonaventure,0
What are the best hotels for music lovers?,can_montreal_hyatt_regency_montreal,2
What are the best hotels for music lovers?,can_quebec_montreal_hyatt_regency_montreal,1
What are the best hotels for music lovers?,can_montreal_fairmont_the_queen_elizabeth,2
What are the best hotels for music lovers?,can_quebec_montreal_fairmont_the_queen_elizabeth,2
What are the best hotels for music lovers?,can_quebec_montreal_hotel_gault,0
What are the best hotels for music lovers?,can_montreal_hotel_gault,0
What are the best hotels for music lovers?,can_montreal_delta_centre_ville,0
What are the best hotels for music lovers?,can_quebec_montreal_delta_centre_ville,0
What are the best hotels for music lovers?,can_quebec_montreal_delta_montreal_hotel,0
What are the best hotels for music lovers?,can_montreal_delta_montreal_hotel,0
What are the best hotels for music lovers?,can_quebec_montreal_hotel_du_fort,0
What are the best hotels for music lovers?,can_montreal_hotel_du_fort,0
What are the best hotels for music lovers?,can_montreal_marriott_chateau_champlain,0
What are the best hotels for music lovers?,can_quebec_montreal_marriott_chateau_champlain,0
What are the best hotels for music lovers?,can_montreal_le_saint_sulpice,0
What are the best hotels for music lovers?,can_quebec_montreal_le_saint_sulpice,0
What are the best hotels for music lovers?,can_quebec_montreal_hotel_omni_mont_royal,0
What are the best hotels for music lovers?,can_montreal_hotel_omni_mont_royal,0
What are the best hotels for music lovers?,can_montreal_le_cantlie_suites_hotel,0
What are the best hotels for music lovers?,can_quebec_montreal_le_cantlie_suites_hotel,0
What are the best hotels for music lovers?,can_montreal_hotel_xixe_siecle,0
What are the best hotels for music lovers?,can_quebec_montreal_hotel_xixe_siecle,0
What are the best hotels for music lovers?,can_quebec_montreal_hotel_st_paul,0
What are the best hotels for music lovers?,can_montreal_hotel_st_paul,0
What are the best hotels for music lovers?,can_quebec_montreal_intercontinental_montreal,0
What are the best hotels for music lovers?,can_montreal_intercontinental_montreal,0
What are the best hotels for music lovers?,can_quebec_montreal_holiday_inn_express_montreal_centre_ville,0
What are the best hotels for music lovers?,can_montreal_holiday_inn_express_montreal_centre_ville,2
What are the best hotels for music lovers?,can_quebec_montreal_springhill_suites_old_montreal,0
What are the best hotels for music lovers?,can_montreal_springhill_suites_old_montreal,0
What are the best hotels for music lovers?,can_montreal_novotel_montreal_center,2
What are the best hotels for music lovers?,can_quebec_montreal_novotel_montreal_center,3
What are the best hotels for music lovers?,can_montreal_chateau_de_l_argoat,0
What are the best hotels for music lovers?,can_quebec_montreal_chateau_de_l_argoat,0
What are the best hotels for music lovers?,can_montreal_ritz_carlton_montreal,0
What are the best hotels for music lovers?,can_quebec_montreal_ritz_carlton_montreal,1
What are the best hotels for music lovers?,can_montreal_embassy_suites_montreal,0
What are the best hotels for music lovers?,can_quebec_montreal_embassy_suites_montreal,0
What are the best hotels for music lovers?,can_montreal_holiday_inn_montreal_midtown,0
What are the best hotels for music lovers?,can_quebec_montreal_holiday_inn_montreal_midtown,0
What are the best hotels for music lovers?,can_quebec_montreal_auberge_bonaparte,0
What are the best hotels for music lovers?,can_montreal_auberge_bonaparte,0
Suggest a hotel with unique pool experiences beyond the ordinary.,can_montreal_hilton_montreal_bonaventure,3
Suggest a hotel with unique pool experiences beyond the ordinary.,can_quebec_montreal_hilton_montreal_bonaventure,3
Suggest a hotel with unique pool experiences beyond the ordinary.,can_montreal_le_square_phillips_hotel_suites,3
Suggest a hotel with unique pool experiences beyond the ordinary.,can_quebec_montreal_le_square_phillips_hotel_suites,3
Suggest a hotel with unique pool experiences beyond the ordinary.,can_montreal_hyatt_regency_montreal,2
Suggest a hotel with unique pool experiences beyond the ordinary.,can_quebec_montreal_hyatt_regency_montreal,2
Suggest a hotel with unique pool experiences beyond the ordinary.,can_quebec_montreal_hotel_omni_mont_royal,2
Suggest a hotel with unique pool experiences beyond the ordinary.,can_montreal_hotel_omni_mont_royal,2
Suggest a hotel with unique pool experiences beyond the ordinary.,can_quebec_montreal_sheraton_le_centre_montreal_hotel,2
Suggest a hotel with unique pool experiences beyond the ordinary.,can_montreal_sheraton_le_centre_montreal_hotel,2
Suggest a hotel with unique pool experiences beyond the ordinary.,can_montreal_delta_centre_ville,1
Suggest a hotel with unique pool experiences beyond the ordinary.,can_quebec_montreal_delta_centre_ville,2
Suggest a hotel with unique pool experiences beyond the ordinary.,can_quebec_montreal_delta_montreal_hotel,2
Suggest a hotel with unique pool experiences beyond the ordinary.,can_montreal_delta_montreal_hotel,2
Suggest a hotel with unique pool experiences beyond the ordinary.,can_montreal_w_montreal,0
Suggest a hotel with unique pool experiences beyond the ordinary.,can_quebec_montreal_w_montreal,0
Suggest a hotel with unique pool experiences beyond the ordinary.,can_montreal_marriott_chateau_champlain,2
Suggest a hotel with unique pool experiences beyond the ordinary.,can_quebec_montreal_marriott_chateau_champlain,1
Suggest a hotel with unique pool experiences beyond the ordinary.,can_montreal_le_cantlie_suites_hotel,2
Suggest a hotel with unique pool experiences beyond the ordinary.,can_quebec_montreal_le_cantlie_suites_hotel,2
Suggest a hotel with unique pool experiences beyond the ordinary.,can_quebec_montreal_loews_hotel_vogue,0
Suggest a hotel with unique pool experiences beyond the ordinary.,can_montreal_loews_hotel_vogue,0
Suggest a hotel with unique pool experiences beyond the ordinary.,can_quebec_montreal_springhill_suites_old_montreal,1
Suggest a hotel with unique pool experiences beyond the ordinary.,can_montreal_springhill_suites_old_montreal,1
Suggest a hotel with unique pool experiences beyond the ordinary.,can_montreal_sofitel_montreal,0
Suggest a hotel with unique pool experiences beyond the ordinary.,can_quebec_montreal_sofitel_montreal,0
Suggest a hotel with unique pool experiences beyond the ordinary.,can_quebec_montreal_le_place_d_armes_hotel_suites,0
Suggest a hotel with unique pool experiences beyond the ordinary.,can_montreal_le_place_d_armes_hotel_suites,0
Suggest a hotel with unique pool experiences beyond the ordinary.,can_quebec_montreal_intercontinental_montreal,1
Suggest a hotel with unique pool experiences beyond the ordinary.,can_montreal_intercontinental_montreal,1
Suggest a hotel with unique pool experiences beyond the ordinary.,can_quebec_montreal_residence_inn_by_marriott_montreal_downtown,2
Suggest a hotel with unique pool experiences beyond the ordinary.,can_montreal_residence_inn_by_marriott_montreal_downtown,2
Suggest a hotel with unique pool experiences beyond the ordinary.,can_montreal_fairmont_the_queen_elizabeth,1
Suggest a hotel with unique pool experiences beyond the ordinary.,can_quebec_montreal_fairmont_the_queen_elizabeth,1
Suggest a hotel with unique pool experiences beyond the ordinary.,can_quebec_montreal_hotel_nelligan,0
Suggest a hotel with unique pool experiences beyond the ordinary.,can_montreal_hotel_nelligan,0
Suggest a hotel with unique pool experiences beyond the ordinary.,can_quebec_montreal_auberge_du_vieux_port,0
Suggest a hotel with unique pool experiences beyond the ordinary.,can_montreal_auberge_du_vieux_port,0
Suggest a hotel with unique pool experiences beyond the ordinary.,can_montreal_embassy_suites_montreal,0
Suggest a hotel with unique pool experiences beyond the ordinary.,can_quebec_montreal_embassy_suites_montreal,0
Suggest a hotel with unique pool experiences beyond the ordinary.,can_quebec_montreal_hotel_gault,0
Suggest a hotel with unique pool experiences beyond the ordinary.,can_montreal_hotel_gault,0
Suggest a hotel with unique pool experiences beyond the ordinary.,can_quebec_montreal_hotel_du_fort,0
Suggest a hotel with unique pool experiences beyond the ordinary.,can_montreal_hotel_du_fort,0
Suggest a hotel with unique pool experiences beyond the ordinary.,can_montreal_opus_hotel_montreal,0
Suggest a hotel with unique pool experiences beyond the ordinary.,can_quebec_montreal_opus_hotel_montreal,0
Suggest a hotel with unique pool experiences beyond the ordinary.,can_montreal_hotel_xixe_siecle,0
Suggest a hotel with unique pool experiences beyond the ordinary.,can_quebec_montreal_hotel_xixe_siecle,0
Suggest a hotel with unique pool experiences beyond the ordinary.,can_quebec_montreal_holiday_inn_express_montreal_centre_ville,0
Suggest a hotel with unique pool experiences beyond the ordinary.,can_montreal_holiday_inn_express_montreal_centre_ville,0
Suggest a hotel with unique pool experiences beyond the ordinary.,can_montreal_le_saint_sulpice,0
Suggest a hotel with unique pool experiences beyond the ordinary.,can_quebec_montreal_le_saint_sulpice,0
Suggest a hotel with unique pool experiences beyond the ordinary.,can_montreal_ritz_carlton_montreal,0
Suggest a hotel with unique pool experiences beyond the ordinary.,can_quebec_montreal_ritz_carlton_montreal,0
Suggest a hotel with unique pool experiences beyond the ordinary.,can_quebec_montreal_hotel_st_paul,0
Suggest a hotel with unique pool experiences beyond the ordinary.,can_montreal_hotel_st_paul,0
Suggest a hotel with unique pool experiences beyond the ordinary.,can_montreal_holiday_inn_montreal_midtown,1
Suggest a hotel with unique pool experiences beyond the ordinary.,can_quebec_montreal_holiday_inn_montreal_midtown,2
Suggest a hotel with unique pool experiences beyond the ordinary.,can_montreal_novotel_montreal_center,0
Suggest a hotel with unique pool experiences beyond the ordinary.,can_quebec_montreal_novotel_montreal_center,0
Suggest a hotel with unique pool experiences beyond the ordinary.,can_montreal_chateau_de_l_argoat,0
Suggest a hotel with unique pool experiences beyond the ordinary.,can_quebec_montreal_chateau_de_l_argoat,0
Suggest a hotel with unique pool experiences beyond the ordinary.,can_quebec_montreal_auberge_bonaparte,0
Suggest a hotel with unique pool experiences beyond the ordinary.,can_montreal_auberge_bonaparte,1
Where can I stay that offers guided cultural excursions?,can_montreal_le_square_phillips_hotel_suites,0
Where can I stay that offers guided cultural excursions?,can_quebec_montreal_le_square_phillips_hotel_suites,0
Where can I stay that offers guided cultural excursions?,can_quebec_montreal_hotel_nelligan,1
Where can I stay that offers guided cultural excursions?,can_montreal_hotel_nelligan,0
Where can I stay that offers guided cultural excursions?,can_quebec_montreal_le_place_d_armes_hotel_suites,1
Where can I stay that offers guided cultural excursions?,can_montreal_le_place_d_armes_hotel_suites,0
Where can I stay that offers guided cultural excursions?,can_quebec_montreal_hotel_gault,1
Where can I stay that offers guided cultural excursions?,can_montreal_hotel_gault,2
Where can I stay that offers guided cultural excursions?,can_quebec_montreal_auberge_du_vieux_port,0
Where can I stay that offers guided cultural excursions?,can_montreal_auberge_du_vieux_port,1
Where can I stay that offers guided cultural excursions?,can_montreal_w_montreal,0
Where can I stay that offers guided cultural excursions?,can_quebec_montreal_w_montreal,1
Where can I stay that offers guided cultural excursions?,can_quebec_montreal_residence_inn_by_marriott_montreal_downtown,0
Where can I stay that offers guided cultural excursions?,can_montreal_residence_inn_by_marriott_montreal_downtown,0
Where can I stay that offers guided cultural excursions?,can_quebec_montreal_loews_hotel_vogue,0
Where can I stay that offers guided cultural excursions?,can_montreal_loews_hotel_vogue,0
Where can I stay that offers guided cultural excursions?,can_quebec_montreal_sheraton_le_centre_montreal_hotel,0
Where can I stay that offers guided cultural excursions?,can_montreal_sheraton_le_centre_montreal_hotel,0
Where can I stay that offers guided cultural excursions?,can_montreal_le_saint_sulpice,0
Where can I stay that offers guided cultural excursions?,can_quebec_montreal_le_saint_sulpice,1
Where can I stay that offers guided cultural excursions?,can_montreal_sofitel_montreal,0
Where can I stay that offers guided cultural excursions?,can_quebec_montreal_sofitel_montreal,0
Where can I stay that offers guided cultural excursions?,can_quebec_montreal_hotel_omni_mont_royal,0
Where can I stay that offers guided cultural excursions?,can_montreal_hotel_omni_mont_royal,0
Where can I stay that offers guided cultural excursions?,can_montreal_hilton_montreal_bonaventure,0
Where can I stay that offers guided cultural excursions?,can_quebec_montreal_hilton_montreal_bonaventure,0
Where can I stay that offers guided cultural excursions?,can_montreal_delta_centre_ville,0
Where can I stay that offers guided cultural excursions?,can_quebec_montreal_delta_centre_ville,0
Where can I stay that offers guided cultural excursions?,can_quebec_montreal_springhill_suites_old_montreal,0
Where can I stay that offers guided cultural excursions?,can_montreal_springhill_suites_old_montreal,0
Where can I stay that offers guided cultural excursions?,can_montreal_marriott_chateau_champlain,0
Where can I stay that offers guided cultural excursions?,can_quebec_montreal_marriott_chateau_champlain,1
Where can I stay that offers guided cultural excursions?,can_montreal_fairmont_the_queen_elizabeth,0
Where can I stay that offers guided cultural excursions?,can_quebec_montreal_fairmont_the_queen_elizabeth,0
Where can I stay that offers guided cultural excursions?,can_montreal_chateau_de_l_argoat,1
Where can I stay that offers guided cultural excursions?,can_quebec_montreal_chateau_de_l_argoat,1
Where can I stay that offers guided cultural excursions?,can_quebec_montreal_hotel_du_fort,0
Where can I stay that offers guided cultural excursions?,can_montreal_hotel_du_fort,1
Where can I stay that offers guided cultural excursions?,can_montreal_hyatt_regency_montreal,1
Where can I stay that offers guided cultural excursions?,can_quebec_montreal_hyatt_regency_montreal,1
Where can I stay that offers guided cultural excursions?,can_montreal_hotel_xixe_siecle,2
Where can I stay that offers guided cultural excursions?,can_quebec_montreal_hotel_xixe_siecle,2
Where can I stay that offers guided cultural excursions?,can_quebec_montreal_delta_montreal_hotel,1
Where can I stay that offers guided cultural excursions?,can_montreal_delta_montreal_hotel,1
Where can I stay that offers guided cultural excursions?,can_quebec_montreal_intercontinental_montreal,1
Where can I stay that offers guided cultural excursions?,can_montreal_intercontinental_montreal,1
Where can I stay that offers guided cultural excursions?,can_montreal_le_cantlie_suites_hotel,0
Where can I stay that offers guided cultural excursions?,can_quebec_montreal_le_cantlie_suites_hotel,0
Where can I stay that offers guided cultural excursions?,can_quebec_montreal_holiday_inn_express_montreal_centre_ville,0
Where can I stay that offers guided cultural excursions?,can_montreal_holiday_inn_express_montreal_centre_ville,0
Where can I stay that offers guided cultural excursions?,can_montreal_embassy_suites_montreal,0
Where can I stay that offers guided cultural excursions?,can_montreal_opus_hotel_montreal,0
Where can I stay that offers guided cultural excursions?,can_quebec_montreal_opus_hotel_montreal,1
Where can I stay that offers guided cultural excursions?,can_quebec_montreal_embassy_suites_montreal,0
Where can I stay that offers guided cultural excursions?,can_quebec_montreal_hotel_st_paul,0
Where can I stay that offers guided cultural excursions?,can_montreal_hotel_st_paul,1
Where can I stay that offers guided cultural excursions?,can_quebec_montreal_auberge_bonaparte,1
Where can I stay that offers guided cultural excursions?,can_montreal_auberge_bonaparte,0
Where can I stay that offers guided cultural excursions?,can_montreal_novotel_montreal_center,1
Where can I stay that offers guided cultural excursions?,can_quebec_montreal_novotel_montreal_center,1
Where can I stay that offers guided cultural excursions?,can_montreal_ritz_carlton_montreal,0
Where can I stay that offers guided cultural excursions?,can_quebec_montreal_ritz_carlton_montreal,0
Where can I stay that offers guided cultural excursions?,can_montreal_holiday_inn_montreal_midtown,0
Where can I stay that offers guided cultural excursions?,can_quebec_montreal_holiday_inn_montreal_midtown,0
Recommend a hotel that makes you feel like family.,can_montreal_le_square_phillips_hotel_suites,3
Recommend a hotel that makes you feel like family.,can_quebec_montreal_le_square_phillips_hotel_suites,3
Recommend a hotel that makes you feel like family.,can_quebec_montreal_loews_hotel_vogue,3
Recommend a hotel that makes you feel like family.,can_montreal_loews_hotel_vogue,3
Recommend a hotel that makes you feel like family.,can_montreal_sofitel_montreal,2
Recommend a hotel that makes you feel like family.,can_quebec_montreal_sofitel_montreal,1
Recommend a hotel that makes you feel like family.,can_quebec_montreal_residence_inn_by_marriott_montreal_downtown,3
Recommend a hotel that makes you feel like family.,can_montreal_residence_inn_by_marriott_montreal_downtown,3
Recommend a hotel that makes you feel like family.,can_quebec_montreal_le_place_d_armes_hotel_suites,3
Recommend a hotel that makes you feel like family.,can_montreal_le_place_d_armes_hotel_suites,3
Recommend a hotel that makes you feel like family.,can_quebec_montreal_hotel_nelligan,3
Recommend a hotel that makes you feel like family.,can_montreal_hotel_nelligan,3
Recommend a hotel that makes you feel like family.,can_quebec_montreal_hotel_gault,3
Recommend a hotel that makes you feel like family.,can_montreal_hotel_gault,3
Recommend a hotel that makes you feel like family.,can_quebec_montreal_auberge_du_vieux_port,3
Recommend a hotel that makes you feel like family.,can_montreal_auberge_du_vieux_port,3
Recommend a hotel that makes you feel like family.,can_montreal_w_montreal,3
Recommend a hotel that makes you feel like family.,can_quebec_montreal_w_montreal,2
Recommend a hotel that makes you feel like family.,can_quebec_montreal_sheraton_le_centre_montreal_hotel,1
Recommend a hotel that makes you feel like family.,can_montreal_sheraton_le_centre_montreal_hotel,1
Recommend a hotel that makes you feel like family.,can_montreal_chateau_de_l_argoat,3
Recommend a hotel that makes you feel like family.,can_quebec_montreal_chateau_de_l_argoat,3
Recommend a hotel that makes you feel like family.,can_quebec_montreal_hotel_omni_mont_royal,2
Recommend a hotel that makes you feel like family.,can_montreal_hotel_omni_mont_royal,2
Recommend a hotel that makes you feel like family.,can_montreal_marriott_chateau_champlain,1
Recommend a hotel that makes you feel like family.,can_quebec_montreal_marriott_chateau_champlain,2
Recommend a hotel that makes you feel like family.,can_montreal_le_saint_sulpice,3
Recommend a hotel that makes you feel like family.,can_quebec_montreal_le_saint_sulpice,3
Recommend a hotel that makes you feel like family.,can_quebec_montreal_hotel_du_fort,3
Recommend a hotel that makes you feel like family.,can_montreal_hotel_du_fort,2
Recommend a hotel that makes you feel like family.,can_montreal_hilton_montreal_bonaventure,3
Recommend a hotel that makes you feel like family.,can_quebec_montreal_hilton_montreal_bonaventure,3
Recommend a hotel that makes you feel like family.,can_montreal_hotel_xixe_siecle,3
Recommend a hotel that makes you feel like family.,can_quebec_montreal_hotel_xixe_siecle,3
Recommend a hotel that makes you feel like family.,can_quebec_montreal_springhill_suites_old_montreal,1
Recommend a hotel that makes you feel like family.,can_montreal_springhill_suites_old_montreal,1
Recommend a hotel that makes you feel like family.,can_montreal_hyatt_regency_montreal,1
Recommend a hotel that makes you feel like family.,can_quebec_montreal_hyatt_regency_montreal,1
Recommend a hotel that makes you feel like family.,can_quebec_montreal_holiday_inn_express_montreal_centre_ville,1
Recommend a hotel that makes you feel like family.,can_montreal_holiday_inn_express_montreal_centre_ville,1
Recommend a hotel that makes you feel like family.,can_quebec_montreal_delta_montreal_hotel,1
Recommend a hotel that makes you feel like family.,can_montreal_delta_montreal_hotel,1
Recommend a hotel that makes you feel like family.,can_montreal_fairmont_the_queen_elizabeth,1
Recommend a hotel that makes you feel like family.,can_quebec_montreal_fairmont_the_queen_elizabeth,1
Recommend a hotel that makes you feel like family.,can_montreal_le_cantlie_suites_hotel,2
Recommend a hotel that makes you feel like family.,can_quebec_montreal_le_cantlie_suites_hotel,2
Recommend a hotel that makes you feel like family.,can_montreal_delta_centre_ville,3
Recommend a hotel that makes you feel like family.,can_quebec_montreal_delta_centre_ville,2
Recommend a hotel that makes you feel like family.,can_quebec_montreal_intercontinental_montreal,2
Recommend a hotel that makes you feel like family.,can_montreal_intercontinental_montreal,1
Recommend a hotel that makes you feel like family.,can_montreal_embassy_suites_montreal,2
Recommend a hotel that makes you feel like family.,can_quebec_montreal_embassy_suites_montreal,1
Recommend a hotel that makes you feel like family.,can_montreal_opus_hotel_montreal,1
Recommend a hotel that makes you feel like family.,can_quebec_montreal_opus_hotel_montreal,1
Recommend a hotel that makes you feel like family.,can_quebec_montreal_auberge_bonaparte,3
Recommend a hotel that makes you feel like family.,can_montreal_auberge_bonaparte,3
Recommend a hotel that makes you feel like family.,can_quebec_montreal_hotel_st_paul,2
Recommend a hotel that makes you feel like family.,can_montreal_hotel_st_paul,2
Recommend a hotel that makes you feel like family.,can_montreal_novotel_montreal_center,2
Recommend a hotel that makes you feel like family.,can_quebec_montreal_novotel_montreal_center,1
Recommend a hotel that makes you feel like family.,can_montreal_ritz_carlton_montreal,3
Recommend a hotel that makes you feel like family.,can_quebec_montreal_ritz_carlton_montreal,3
Recommend a hotel that makes you feel like family.,can_montreal_holiday_inn_montreal_midtown,1
Recommend a hotel that makes you feel like family.,can_quebec_montreal_holiday_inn_montreal_midtown,1
Where should I stay that's close to vibrant food markets?,can_montreal_le_square_phillips_hotel_suites,1
Where should I stay that's close to vibrant food markets?,can_quebec_montreal_le_square_phillips_hotel_suites,2
Where should I stay that's close to vibrant food markets?,can_quebec_montreal_hotel_nelligan,2
Where should I stay that's close to vibrant food markets?,can_montreal_hotel_nelligan,2
Where should I stay that's close to vibrant food markets?,can_quebec_montreal_residence_inn_by_marriott_montreal_downtown,1
Where should I stay that's close to vibrant food markets?,can_montreal_residence_inn_by_marriott_montreal_downtown,1
Where should I stay that's close to vibrant food markets?,can_quebec_montreal_hotel_du_fort,2
Where should I stay that's close to vibrant food markets?,can_montreal_hotel_du_fort,1
Where should I stay that's close to vibrant food markets?,can_quebec_montreal_le_place_d_armes_hotel_suites,2
Where should I stay that's close to vibrant food markets?,can_montreal_le_place_d_armes_hotel_suites,2
Where should I stay that's close to vibrant food markets?,can_quebec_montreal_hotel_gault,1
Where should I stay that's close to vibrant food markets?,can_montreal_hotel_gault,0
Where should I stay that's close to vibrant food markets?,can_quebec_montreal_auberge_du_vieux_port,2
Where should I stay that's close to vibrant food markets?,can_montreal_auberge_du_vieux_port,2
Where should I stay that's close to vibrant food markets?,can_quebec_montreal_loews_hotel_vogue,1
Where should I stay that's close to vibrant food markets?,can_montreal_loews_hotel_vogue,1
Where should I stay that's close to vibrant food markets?,can_montreal_le_saint_sulpice,2
Where should I stay that's close to vibrant food markets?,can_quebec_montreal_le_saint_sulpice,2
Where should I stay that's close to vibrant food markets?,can_montreal_sofitel_montreal,2
Where should I stay that's close to vibrant food markets?,can_quebec_montreal_sofitel_montreal,1
Where should I stay that's close to vibrant food markets?,can_quebec_montreal_springhill_suites_old_montreal,3
Where should I stay that's close to vibrant food markets?,can_montreal_springhill_suites_old_montreal,3
Where should I stay that's close to vibrant food markets?,can_quebec_montreal_holiday_inn_express_montreal_centre_ville,2
Where should I stay that's close to vibrant food markets?,can_montreal_holiday_inn_express_montreal_centre_ville,2
Where should I stay that's close to vibrant food markets?,can_montreal_chateau_de_l_argoat,3
Where should I stay that's close to vibrant food markets?,can_quebec_montreal_chateau_de_l_argoat,2
Where should I stay that's close to vibrant food markets?,can_montreal_hotel_xixe_siecle,2
Where should I stay that's close to vibrant food markets?,can_quebec_montreal_hotel_xixe_siecle,2
Where should I stay that's close to vibrant food markets?,can_montreal_fairmont_the_queen_elizabeth,2
Where should I stay that's close to vibrant food markets?,can_quebec_montreal_fairmont_the_queen_elizabeth,2
Where should I stay that's close to vibrant food markets?,can_quebec_montreal_sheraton_le_centre_montreal_hotel,2
Where should I stay that's close to vibrant food markets?,can_montreal_sheraton_le_centre_montreal_hotel,2
Where should I stay that's close to vibrant food markets?,can_montreal_marriott_chateau_champlain,2
Where should I stay that's close to vibrant food markets?,can_quebec_montreal_marriott_chateau_champlain,2
Where should I stay that's close to vibrant food markets?,can_quebec_montreal_hotel_omni_mont_royal,1
Where should I stay that's close to vibrant food markets?,can_montreal_hotel_omni_mont_royal,1
Where should I stay that's close to vibrant food markets?,can_montreal_le_cantlie_suites_hotel,1
Where should I stay that's close to vibrant food markets?,can_quebec_montreal_le_cantlie_suites_hotel,1
Where should I stay that's close to vibrant food markets?,can_quebec_montreal_intercontinental_montreal,2
Where should I stay that's close to vibrant food markets?,can_montreal_intercontinental_montreal,2
Where should I stay that's close to vibrant food markets?,can_montreal_embassy_suites_montreal,3
Where should I stay that's close to vibrant food markets?,can_quebec_montreal_hotel_st_paul,2
Where should I stay that's close to vibrant food markets?,can_montreal_hotel_st_paul,2
Where should I stay that's close to vibrant food markets?,can_quebec_montreal_embassy_suites_montreal,2
Where should I stay that's close to vibrant food markets?,can_quebec_montreal_auberge_bonaparte,1
Where should I stay that's close to vibrant food markets?,can_montreal_auberge_bonaparte,2
Where should I stay that's close to vibrant food markets?,can_montreal_hyatt_regency_montreal,2
Where should I stay that's close to vibrant food markets?,can_quebec_montreal_hyatt_regency_montreal,2
Where should I stay that's close to vibrant food markets?,can_montreal_hilton_montreal_bonaventure,1
Where should I stay that's close to vibrant food markets?,can_quebec_montreal_hilton_montreal_bonaventure,1
Where should I stay that's close to vibrant food markets?,can_montreal_w_montreal,0
Where should I stay that's close to vibrant food markets?,can_quebec_montreal_w_montreal,1
Where should I stay that's close to vibrant food markets?,can_montreal_opus_hotel_montreal,2
Where should I stay that's close to vibrant food markets?,can_quebec_montreal_opus_hotel_montreal,2
Where should I stay that's close to vibrant food markets?,can_montreal_novotel_montreal_center,1
Where should I stay that's close to vibrant food markets?,can_quebec_montreal_novotel_montreal_center,2
Where should I stay that's close to vibrant food markets?,can_montreal_delta_centre_ville,2
Where should I stay that's close to vibrant food markets?,can_quebec_montreal_delta_centre_ville,1
Where should I stay that's close to vibrant food markets?,can_quebec_montreal_delta_montreal_hotel,1
Where should I stay that's close to vibrant food markets?,can_montreal_delta_montreal_hotel,1
Where should I stay that's close to vibrant food markets?,can_montreal_holiday_inn_montreal_midtown,1
Where should I stay that's close to vibrant food markets?,can_quebec_montreal_holiday_inn_montreal_midtown,1
Where should I stay that's close to vibrant food markets?,can_montreal_ritz_carlton_montreal,0
Where should I stay that's close to vibrant food markets?,can_quebec_montreal_ritz_carlton_montreal,0
What hotels are best for true culinary adventures?,can_quebec_montreal_hotel_nelligan,2
What hotels are best for true culinary adventures?,can_montreal_hotel_nelligan,2
What hotels are best for true culinary adventures?,can_quebec_montreal_le_place_d_armes_hotel_suites,2
What hotels are best for true culinary adventures?,can_montreal_le_place_d_armes_hotel_suites,2
What hotels are best for true culinary adventures?,can_montreal_le_square_phillips_hotel_suites,0
What hotels are best for true culinary adventures?,can_quebec_montreal_le_square_phillips_hotel_suites,1
What hotels are best for true culinary adventures?,can_quebec_montreal_hotel_gault,2
What hotels are best for true culinary adventures?,can_montreal_hotel_gault,2
What hotels are best for true culinary adventures?,can_quebec_montreal_loews_hotel_vogue,2
What hotels are best for true culinary adventures?,can_montreal_loews_hotel_vogue,2
What hotels are best for true culinary adventures?,can_quebec_montreal_residence_inn_by_marriott_montreal_downtown,1
What hotels are best for true culinary adventures?,can_montreal_residence_inn_by_marriott_montreal_downtown,1
What hotels are best for true culinary adventures?,can_quebec_montreal_auberge_du_vieux_port,2
What hotels are best for true culinary adventures?,can_montreal_auberge_du_vieux_port,2
What hotels are best for true culinary adventures?,can_montreal_sofitel_montreal,2
What hotels are best for true culinary adventures?,can_quebec_montreal_sofitel_montreal,2
What hotels are best for true culinary adventures?,can_montreal_le_saint_sulpice,2
What hotels are best for true culinary adventures?,can_quebec_montreal_le_saint_sulpice,2
What hotels are best for true culinary adventures?,can_montreal_w_montreal,2
What hotels are best for true culinary adventures?,can_quebec_montreal_w_montreal,2
What hotels are best for true culinary adventures?,can_montreal_embassy_suites_montreal,1
What hotels are best for true culinary adventures?,can_quebec_montreal_embassy_suites_montreal,0
What hotels are best for true culinary adventures?,can_quebec_montreal_hotel_st_paul,1
What hotels are best for true culinary adventures?,can_montreal_hotel_st_paul,2
What hotels are best for true culinary adventures?,can_montreal_marriott_chateau_champlain,2
What hotels are best for true culinary adventures?,can_quebec_montreal_marriott_chateau_champlain,2
What hotels are best for true culinary adventures?,can_quebec_montreal_hotel_du_fort,1
What hotels are best for true culinary adventures?,can_montreal_hotel_du_fort,1
What hotels are best for true culinary adventures?,can_montreal_chateau_de_l_argoat,1
What hotels are best for true culinary adventures?,can_quebec_montreal_chateau_de_l_argoat,1
What hotels are best for true culinary adventures?,can_montreal_hilton_montreal_bonaventure,1
What hotels are best for true culinary adventures?,can_quebec_montreal_hilton_montreal_bonaventure,1
What hotels are best for true culinary adventures?,can_quebec_montreal_springhill_suites_old_montreal,1
What hotels are best for true culinary adventures?,can_montreal_springhill_suites_old_montreal,0
What hotels are best for true culinary adventures?,can_montreal_fairmont_the_queen_elizabeth,2
What hotels are best for true culinary adventures?,can_quebec_montreal_fairmont_the_queen_elizabeth,2
What hotels are best for true culinary adventures?,can_montreal_hyatt_regency_montreal,1
What hotels are best for true culinary adventures?,can_quebec_montreal_hyatt_regency_montreal,1
What hotels are best for true culinary adventures?,can_quebec_montreal_hotel_omni_mont_royal,1
What hotels are best for true culinary adventures?,can_montreal_hotel_omni_mont_royal,1
What hotels are best for true culinary adventures?,can_montreal_hotel_xixe_siecle,1
What hotels are best for true culinary adventures?,can_quebec_montreal_hotel_xixe_siecle,1
What hotels are best for true culinary adventures?,can_quebec_montreal_sheraton_le_centre_montreal_hotel,1
What hotels are best for true culinary adventures?,can_montreal_sheraton_le_centre_montreal_hotel,1
What hotels are best for true culinary adventures?,can_montreal_le_cantlie_suites_hotel,1
What hotels are best for true culinary adventures?,can_quebec_montreal_le_cantlie_suites_hotel,0
What hotels are best for true culinary adventures?,can_quebec_montreal_intercontinental_montreal,1
What hotels are best for true culinary adventures?,can_montreal_intercontinental_montreal,1
What hotels are best for true culinary adventures?,can_montreal_opus_hotel_montreal,2
What hotels are best for true culinary adventures?,can_quebec_montreal_opus_hotel_montreal,2
What hotels are best for true culinary adventures?,can_quebec_montreal_holiday_inn_express_montreal_centre_ville,0
What hotels are best for true culinary adventures?,can_montreal_holiday_inn_express_montreal_centre_ville,0
What hotels are best for true culinary adventures?,can_montreal_delta_centre_ville,1
What hotels are best for true culinary adventures?,can_quebec_montreal_delta_centre_ville,1
What hotels are best for true culinary adventures?,can_quebec_montreal_auberge_bonaparte,3
What hotels are best for true culinary adventures?,can_montreal_auberge_bonaparte,3
What hotels are best for true culinary adventures?,can_quebec_montreal_delta_montreal_hotel,1
What hotels are best for true culinary adventures?,can_montreal_delta_montreal_hotel,0
What hotels are best for true culinary adventures?,can_montreal_ritz_carlton_montreal,1
What hotels are best for true culinary adventures?,can_quebec_montreal_ritz_carlton_montreal,1
What hotels are best for true culinary adventures?,can_montreal_novotel_montreal_center,1
What hotels are best for true culinary adventures?,can_quebec_montreal_novotel_montreal_center,1
What hotels are best for true culinary adventures?,can_montreal_holiday_inn_montreal_midtown,1
What hotels are best for true culinary adventures?,can_quebec_montreal_holiday_inn_montreal_midtown,1
Suggest a hotel with spaces that change throughout the day.,can_montreal_le_square_phillips_hotel_suites,1
Suggest a hotel with spaces that change throughout the day.,can_quebec_montreal_le_square_phillips_hotel_suites,1
Suggest a hotel with spaces that change throughout the day.,can_montreal_w_montreal,1
Suggest a hotel with spaces that change throughout the day.,can_quebec_montreal_w_montreal,1
Suggest a hotel with spaces that change throughout the day.,can_montreal_hyatt_regency_montreal,1
Suggest a hotel with spaces that change throughout the day.,can_quebec_montreal_hyatt_regency_montreal,1
Suggest a hotel with spaces that change throughout the day.,can_quebec_montreal_loews_hotel_vogue,0
Suggest a hotel with spaces that change throughout the day.,can_montreal_loews_hotel_vogue,1
Suggest a hotel with spaces that change throughout the day.,can_montreal_hilton_montreal_bonaventure,2
Suggest a hotel with spaces that change throughout the day.,can_quebec_montreal_hilton_montreal_bonaventure,2
Suggest a hotel with spaces that change throughout the day.,can_quebec_montreal_le_place_d_armes_hotel_suites,1
Suggest a hotel with spaces that change throughout the day.,can_montreal_le_place_d_armes_hotel_suites,1
Suggest a hotel with spaces that change throughout the day.,can_quebec_montreal_hotel_omni_mont_royal,0
Suggest a hotel with spaces that change throughout the day.,can_montreal_hotel_omni_mont_royal,0
Suggest a hotel with spaces that change throughout the day.,can_quebec_montreal_sheraton_le_centre_montreal_hotel,0
Suggest a hotel with spaces that change throughout the day.,can_montreal_sheraton_le_centre_montreal_hotel,1
Suggest a hotel with spaces that change throughout the day.,can_quebec_montreal_hotel_gault,0
Suggest a hotel with spaces that change throughout the day.,can_montreal_hotel_gault,0
Suggest a hotel with spaces that change throughout the day.,can_quebec_montreal_delta_montreal_hotel,0
Suggest a hotel with spaces that change throughout the day.,can_montreal_delta_montreal_hotel,0
Suggest a hotel with spaces that change throughout the day.,can_montreal_sofitel_montreal,2
Suggest a hotel with spaces that change throughout the day.,can_quebec_montreal_sofitel_montreal,2
Suggest a hotel with spaces that change throughout the day.,can_quebec_montreal_residence_inn_by_marriott_montreal_downtown,0
Suggest a hotel with spaces that change throughout the day.,can_montreal_residence_inn_by_marriott_montreal_downtown,0
Suggest a hotel with spaces that change throughout the day.,can_montreal_marriott_chateau_champlain,0
Suggest a hotel with spaces that change throughout the day.,can_quebec_montreal_marriott_chateau_champlain,0
Suggest a hotel with spaces that change throughout the day.,can_quebec_montreal_hotel_nelligan,1
Suggest a hotel with spaces that change throughout the day.,can_montreal_hotel_nelligan,1
Suggest a hotel with spaces that change throughout the day.,can_quebec_montreal_intercontinental_montreal,0
Suggest a hotel with spaces that change throughout the day.,can_montreal_intercontinental_montreal,1
Suggest a hotel with spaces that change throughout the day.,can_montreal_fairmont_the_queen_elizabeth,0
Suggest a hotel with spaces that change throughout the day.,can_quebec_montreal_fairmont_the_queen_elizabeth,1
Suggest a hotel with spaces that change throughout the day.,can_quebec_montreal_springhill_suites_old_montreal,0
Suggest a hotel with spaces that change throughout the day.,can_montreal_springhill_suites_old_montreal,1
Suggest a hotel with spaces that change throughout the day.,can_montreal_delta_centre_ville,1
Suggest a hotel with spaces that change throughout the day.,can_quebec_montreal_delta_centre_ville,1
Suggest a hotel with spaces that change throughout the day.,can_quebec_montreal_auberge_du_vieux_port,0
Suggest a hotel with spaces that change throughout the day.,can_montreal_auberge_du_vieux_port,1
Suggest a hotel with spaces that change throughout the day.,can_quebec_montreal_embassy_suites_montreal,0
Suggest a hotel with spaces that change throughout the day.,can_montreal_embassy_suites_montreal,0
Suggest a hotel with spaces that change throughout the day.,can_montreal_le_saint_sulpice,0
Suggest a hotel with spaces that change throughout the day.,can_quebec_montreal_le_saint_sulpice,0
Suggest a hotel with spaces that change throughout the day.,can_montreal_opus_hotel_montreal,1
Suggest a hotel with spaces that change throughout the day.,can_quebec_montreal_opus_hotel_montreal,1
Suggest a hotel with spaces that change throughout the day.,can_quebec_montreal_holiday_inn_express_montreal_centre_ville,0
Suggest a hotel with spaces that change throughout the day.,can_montreal_holiday_inn_express_montreal_centre_ville,0
Suggest a hotel with spaces that change throughout the day.,can_montreal_hotel_xixe_siecle,0
Suggest a hotel with spaces that change throughout the day.,can_quebec_montreal_hotel_xixe_siecle,1
Suggest a hotel with spaces that change throughout the day.,can_quebec_montreal_hotel_st_paul,1
Suggest a hotel with spaces that change throughout the day.,can_montreal_hotel_st_paul,1
Suggest a hotel with spaces that change throughout the day.,can_montreal_chateau_de_l_argoat,0
Suggest a hotel with spaces that change throughout the day.,can_quebec_montreal_chateau_de_l_argoat,0
Suggest a hotel with spaces that change throughout the day.,can_quebec_montreal_hotel_du_fort,0
Suggest a hotel with spaces that change throughout the day.,can_montreal_hotel_du_fort,0
Suggest a hotel with spaces that change throughout the day.,can_montreal_le_cantlie_suites_hotel,0
Suggest a hotel with spaces that change throughout the day.,can_quebec_montreal_le_cantlie_suites_hotel,0
Suggest a hotel with spaces that change throughout the day.,can_montreal_novotel_montreal_center,0
Suggest a hotel with spaces that change throughout the day.,can_quebec_montreal_novotel_montreal_center,0
Suggest a hotel with spaces that change throughout the day.,can_montreal_ritz_carlton_montreal,0
Suggest a hotel with spaces that change throughout the day.,can_quebec_montreal_ritz_carlton_montreal,0
Suggest a hotel with spaces that change throughout the day.,can_montreal_holiday_inn_montreal_midtown,0
Suggest a hotel with spaces that change throughout the day.,can_quebec_montreal_holiday_inn_montreal_midtown,0
Suggest a hotel with spaces that change throughout the day.,can_quebec_montreal_auberge_bonaparte,0
Suggest a hotel with spaces that change throughout the day.,can_montreal_auberge_bonaparte,0
Where can I find a hotel with unique seasonal activities?,can_montreal_le_square_phillips_hotel_suites,0
Where can I find a hotel with unique seasonal activities?,can_quebec_montreal_le_square_phillips_hotel_suites,0
Where can I find a hotel with unique seasonal activities?,can_quebec_montreal_hotel_nelligan,0
Where can I find a hotel with unique seasonal activities?,can_montreal_hotel_nelligan,0
Where can I find a hotel with unique seasonal activities?,can_quebec_montreal_springhill_suites_old_montreal,1
Where can I find a hotel with unique seasonal activities?,can_montreal_springhill_suites_old_montreal,1
Where can I find a hotel with unique seasonal activities?,can_quebec_montreal_loews_hotel_vogue,1
Where can I find a hotel with unique seasonal activities?,can_montreal_loews_hotel_vogue,0
Where can I find a hotel with unique seasonal activities?,can_quebec_montreal_le_place_d_armes_hotel_suites,0
Where can I find a hotel with unique seasonal activities?,can_montreal_le_place_d_armes_hotel_suites,1
Where can I find a hotel with unique seasonal activities?,can_montreal_hilton_montreal_bonaventure,2
Where can I find a hotel with unique seasonal activities?,can_quebec_montreal_hilton_montreal_bonaventure,2
Where can I find a hotel with unique seasonal activities?,can_quebec_montreal_residence_inn_by_marriott_montreal_downtown,0
Where can I find a hotel with unique seasonal activities?,can_montreal_residence_inn_by_marriott_montreal_downtown,0
Where can I find a hotel with unique seasonal activities?,can_montreal_fairmont_the_queen_elizabeth,0
Where can I find a hotel with unique seasonal activities?,can_quebec_montreal_fairmont_the_queen_elizabeth,0
Where can I find a hotel with unique seasonal activities?,can_montreal_marriott_chateau_champlain,0
Where can I find a hotel with unique seasonal activities?,can_quebec_montreal_marriott_chateau_champlain,0
Where can I find a hotel with unique seasonal activities?,can_montreal_w_montreal,1
Where can I find a hotel with unique seasonal activities?,can_quebec_montreal_w_montreal,1
Where can I find a hotel with unique seasonal activities?,can_quebec_montreal_sheraton_le_centre_montreal_hotel,1
Where can I find a hotel with unique seasonal activities?,can_montreal_sheraton_le_centre_montreal_hotel,1
Where can I find a hotel with unique seasonal activities?,can_quebec_montreal_hotel_omni_mont_royal,0
Where can I find a hotel with unique seasonal activities?,can_montreal_hotel_omni_mont_royal,0
Where can I find a hotel with unique seasonal activities?,can_montreal_le_saint_sulpice,1
Where can I find a hotel with unique seasonal activities?,can_quebec_montreal_le_saint_sulpice,0
Where can I find a hotel with unique seasonal activities?,can_quebec_montreal_holiday_inn_express_montreal_centre_ville,0
Where can I find a hotel with unique seasonal activities?,can_montreal_holiday_inn_express_montreal_centre_ville,0
Where can I find a hotel with unique seasonal activities?,can_montreal_sofitel_montreal,0
Where can I find a hotel with unique seasonal activities?,can_quebec_montreal_sofitel_montreal,0
Where can I find a hotel with unique seasonal activities?,can_quebec_montreal_auberge_du_vieux_port,1
Where can I find a hotel with unique seasonal activities?,can_montreal_auberge_du_vieux_port,1
Where can I find a hotel with unique seasonal activities?,can_quebec_montreal_hotel_gault,0
Where can I find a hotel with unique seasonal activities?,can_montreal_hotel_gault,0
Where can I find a hotel with unique seasonal activities?,can_quebec_montreal_hotel_du_fort,0
Where can I find a hotel with unique seasonal activities?,can_montreal_hotel_du_fort,0
Where can I find a hotel with unique seasonal activities?,can_quebec_montreal_delta_montreal_hotel,0
Where can I find a hotel with unique seasonal activities?,can_montreal_delta_montreal_hotel,0
Where can I find a hotel with unique seasonal activities?,can_montreal_delta_centre_ville,0
Where can I find a hotel with unique seasonal activities?,can_quebec_montreal_delta_centre_ville,0
Where can I find a hotel with unique seasonal activities?,can_montreal_chateau_de_l_argoat,0
Where can I find a hotel with unique seasonal activities?,can_quebec_montreal_chateau_de_l_argoat,0
Where can I find a hotel with unique seasonal activities?,can_montreal_hotel_xixe_siecle,1
Where can I find a hotel with unique seasonal activities?,can_quebec_montreal_hotel_xixe_siecle,0
Where can I find a hotel with unique seasonal activities?,can_montreal_hyatt_regency_montreal,0
Where can I find a hotel with unique seasonal activities?,can_quebec_montreal_hyatt_regency_montreal,0
Where can I find a hotel with unique seasonal activities?,can_quebec_montreal_intercontinental_montreal,1
Where can I find a hotel with unique seasonal activities?,can_montreal_intercontinental_montreal,1
Where can I find a hotel with unique seasonal activities?,can_montreal_le_cantlie_suites_hotel,0
Where can I find a hotel with unique seasonal activities?,can_quebec_montreal_le_cantlie_suites_hotel,0
Where can I find a hotel with unique seasonal activities?,can_quebec_montreal_hotel_st_paul,0
Where can I find a hotel with unique seasonal activities?,can_montreal_hotel_st_paul,0
Where can I find a hotel with unique seasonal activities?,can_montreal_embassy_suites_montreal,0
Where can I find a hotel with unique seasonal activities?,can_quebec_montreal_embassy_suites_montreal,0
Where can I find a hotel with unique seasonal activities?,can_montreal_holiday_inn_montreal_midtown,0
Where can I find a hotel with unique seasonal activities?,can_quebec_montreal_holiday_inn_montreal_midtown,0
Where can I find a hotel with unique seasonal activities?,can_montreal_opus_hotel_montreal,1
Where can I find a hotel with unique seasonal activities?,can_quebec_montreal_opus_hotel_montreal,0
Where can I find a hotel with unique seasonal activities?,can_quebec_montreal_auberge_bonaparte,0
Where can I find a hotel with unique seasonal activities?,can_montreal_auberge_bonaparte,0
Where can I find a hotel with unique seasonal activities?,can_montreal_novotel_montreal_center,0
Where can I find a hotel with unique seasonal activities?,can_quebec_montreal_novotel_montreal_center,0
Where can I find a hotel with unique seasonal activities?,can_montreal_ritz_carlton_montreal,0
Where can I find a hotel with unique seasonal activities?,can_quebec_montreal_ritz_carlton_montreal,1
Recommend a hotel with exceptional rain or bad weather alternatives.,can_montreal_le_square_phillips_hotel_suites,2
Recommend a hotel with exceptional rain or bad weather alternatives.,can_quebec_montreal_le_square_phillips_hotel_suites,2
Recommend a hotel with exceptional rain or bad weather alternatives.,can_quebec_montreal_loews_hotel_vogue,2
Recommend a hotel with exceptional rain or bad weather alternatives.,can_montreal_loews_hotel_vogue,2
Recommend a hotel with exceptional rain or bad weather alternatives.,can_montreal_hilton_montreal_bonaventure,2
Recommend a hotel with exceptional rain or bad weather alternatives.,can_quebec_montreal_hilton_montreal_bonaventure,2
Recommend a hotel with exceptional rain or bad weather alternatives.,can_montreal_sofitel_montreal,2
Recommend a hotel with exceptional rain or bad weather alternatives.,can_quebec_montreal_sofitel_montreal,1
Recommend a hotel with exceptional rain or bad weather alternatives.,can_quebec_montreal_residence_inn_by_marriott_montreal_downtown,2
Recommend a hotel with exceptional rain or bad weather alternatives.,can_montreal_residence_inn_by_marriott_montreal_downtown,2
Recommend a hotel with exceptional rain or bad weather alternatives.,can_montreal_hyatt_regency_montreal,2
Recommend a hotel with exceptional rain or bad weather alternatives.,can_quebec_montreal_hyatt_regency_montreal,2
Recommend a hotel with exceptional rain or bad weather alternatives.,can_quebec_montreal_le_place_d_armes_hotel_suites,2
Recommend a hotel with exceptional rain or bad weather alternatives.,can_montreal_le_place_d_armes_hotel_suites,2
Recommend a hotel with exceptional rain or bad weather alternatives.,can_quebec_montreal_sheraton_le_centre_montreal_hotel,2
Recommend a hotel with exceptional rain or bad weather alternatives.,can_montreal_sheraton_le_centre_montreal_hotel,2
Recommend a hotel with exceptional rain or bad weather alternatives.,can_quebec_montreal_hotel_omni_mont_royal,2
Recommend a hotel with exceptional rain or bad weather alternatives.,can_montreal_hotel_omni_mont_royal,2
Recommend a hotel with exceptional rain or bad weather alternatives.,can_quebec_montreal_delta_montreal_hotel,1
Recommend a hotel with exceptional rain or bad weather alternatives.,can_montreal_delta_montreal_hotel,2
Recommend a hotel with exceptional rain or bad weather alternatives.,can_quebec_montreal_hotel_gault,3
Recommend a hotel with exceptional rain or bad weather alternatives.,can_montreal_hotel_gault,3
Recommend a hotel with exceptional rain or bad weather alternatives.,can_montreal_marriott_chateau_champlain,3
Recommend a hotel with exceptional rain or bad weather alternatives.,can_quebec_montreal_marriott_chateau_champlain,3
Recommend a hotel with exceptional rain or bad weather alternatives.,can_montreal_w_montreal,2
Recommend a hotel with exceptional rain or bad weather alternatives.,can_quebec_montreal_w_montreal,1
Recommend a hotel with exceptional rain or bad weather alternatives.,can_quebec_montreal_hotel_nelligan,2
Recommend a hotel with exceptional rain or bad weather alternatives.,can_montreal_hotel_nelligan,2
Recommend a hotel with exceptional rain or bad weather alternatives.,can_quebec_montreal_auberge_du_vieux_port,1
Recommend a hotel with exceptional rain or bad weather alternatives.,can_montreal_auberge_du_vieux_port,0
Recommend a hotel with exceptional rain or bad weather alternatives.,can_montreal_delta_centre_ville,2
Recommend a hotel with exceptional rain or bad weather alternatives.,can_quebec_montreal_delta_centre_ville,2
Recommend a hotel with exceptional rain or bad weather alternatives.,can_montreal_le_cantlie_suites_hotel,2
Recommend a hotel with exceptional rain or bad weather alternatives.,can_quebec_montreal_le_cantlie_suites_hotel,2
Recommend a hotel with exceptional rain or bad weather alternatives.,can_quebec_montreal_springhill_suites_old_montreal,1
Recommend a hotel with exceptional rain or bad weather alternatives.,can_montreal_springhill_suites_old_montreal,1
Recommend a hotel with exceptional rain or bad weather alternatives.,can_montreal_fairmont_the_queen_elizabeth,3
Recommend a hotel with exceptional rain or bad weather alternatives.,can_quebec_montreal_fairmont_the_queen_elizabeth,3
Recommend a hotel with exceptional rain or bad weather alternatives.,can_quebec_montreal_holiday_inn_express_montreal_centre_ville,2
Recommend a hotel with exceptional rain or bad weather alternatives.,can_montreal_holiday_inn_express_montreal_centre_ville,1
Recommend a hotel with exceptional rain or bad weather alternatives.,can_montreal_hotel_xixe_siecle,1
Recommend a hotel with exceptional rain or bad weather alternatives.,can_quebec_montreal_hotel_xixe_siecle,1
Recommend a hotel with exceptional rain or bad weather alternatives.,can_montreal_chateau_de_l_argoat,2
Recommend a hotel with exceptional rain or bad weather alternatives.,can_quebec_montreal_chateau_de_l_argoat,2
Recommend a hotel with exceptional rain or bad weather alternatives.,can_quebec_montreal_intercontinental_montreal,2
Recommend a hotel with exceptional rain or bad weather alternatives.,can_montreal_intercontinental_montreal,2
Recommend a hotel with exceptional rain or bad weather alternatives.,can_quebec_montreal_hotel_du_fort,1
Recommend a hotel with exceptional rain or bad weather alternatives.,can_montreal_hotel_du_fort,0
Recommend a hotel with exceptional rain or bad weather alternatives.,can_montreal_le_saint_sulpice,1
Recommend a hotel with exceptional rain or bad weather alternatives.,can_quebec_montreal_le_saint_sulpice,1
Recommend a hotel with exceptional rain or bad weather alternatives.,can_montreal_holiday_inn_montreal_midtown,1
Recommend a hotel with exceptional rain or bad weather alternatives.,can_quebec_montreal_holiday_inn_montreal_midtown,0
Recommend a hotel with exceptional rain or bad weather alternatives.,can_montreal_embassy_suites_montreal,2
Recommend a hotel with exceptional rain or bad weather alternatives.,can_quebec_montreal_embassy_suites_montreal,2
Recommend a hotel with exceptional rain or bad weather alternatives.,can_montreal_novotel_montreal_center,2
Recommend a hotel with exceptional rain or bad weather alternatives.,can_quebec_montreal_novotel_montreal_center,2
Recommend a hotel with exceptional rain or bad weather alternatives.,can_montreal_opus_hotel_montreal,1
Recommend a hotel with exceptional rain or bad weather alternatives.,can_quebec_montreal_opus_hotel_montreal,1
Recommend a hotel with exceptional rain or bad weather alternatives.,can_quebec_montreal_hotel_st_paul,2
Recommend a hotel with exceptional rain or bad weather alternatives.,can_montreal_hotel_st_paul,2
Recommend a hotel with exceptional rain or bad weather alternatives.,can_quebec_montreal_auberge_bonaparte,0
Recommend a hotel with exceptional rain or bad weather alternatives.,can_montreal_auberge_bonaparte,1
Recommend a hotel with exceptional rain or bad weather alternatives.,can_montreal_ritz_carlton_montreal,1
Recommend a hotel with exceptional rain or bad weather alternatives.,can_quebec_montreal_ritz_carlton_montreal,1
Where should I stay to experience the most dramatic seasonal transitions?,can_quebec_montreal_hotel_nelligan,2
Where should I stay to experience the most dramatic seasonal transitions?,can_montreal_hotel_nelligan,1
Where should I stay to experience the most dramatic seasonal transitions?,can_montreal_le_square_phillips_hotel_suites,0
Where should I stay to experience the most dramatic seasonal transitions?,can_quebec_montreal_le_square_phillips_hotel_suites,0
Where should I stay to experience the most dramatic seasonal transitions?,can_quebec_montreal_le_place_d_armes_hotel_suites,0
Where should I stay to experience the most dramatic seasonal transitions?,can_montreal_le_place_d_armes_hotel_suites,0
Where should I stay to experience the most dramatic seasonal transitions?,can_quebec_montreal_auberge_du_vieux_port,1
Where should I stay to experience the most dramatic seasonal transitions?,can_montreal_auberge_du_vieux_port,1
Where should I stay to experience the most dramatic seasonal transitions?,can_montreal_hilton_montreal_bonaventure,0
Where should I stay to experience the most dramatic seasonal transitions?,can_quebec_montreal_hilton_montreal_bonaventure,1
Where should I stay to experience the most dramatic seasonal transitions?,can_quebec_montreal_hotel_gault,0
Where should I stay to experience the most dramatic seasonal transitions?,can_montreal_hotel_gault,1
Where should I stay to experience the most dramatic seasonal transitions?,can_montreal_w_montreal,1
Where should I stay to experience the most dramatic seasonal transitions?,can_quebec_montreal_w_montreal,1
Where should I stay to experience the most dramatic seasonal transitions?,can_quebec_montreal_sheraton_le_centre_montreal_hotel,1
Where should I stay to experience the most dramatic seasonal transitions?,can_montreal_sheraton_le_centre_montreal_hotel,0
Where should I stay to experience the most dramatic seasonal transitions?,can_montreal_le_saint_sulpice,1
Where should I stay to experience the most dramatic seasonal transitions?,can_quebec_montreal_le_saint_sulpice,2
Where should I stay to experience the most dramatic seasonal transitions?,can_quebec_montreal_loews_hotel_vogue,0
Where should I stay to experience the most dramatic seasonal transitions?,can_montreal_loews_hotel_vogue,0
Where should I stay to experience the most dramatic seasonal transitions?,can_montreal_sofitel_montreal,0
Where should I stay to experience the most dramatic seasonal transitions?,can_quebec_montreal_sofitel_montreal,0
Where should I stay to experience the most dramatic seasonal transitions?,can_montreal_marriott_chateau_champlain,1
Where should I stay to experience the most dramatic seasonal transitions?,can_quebec_montreal_marriott_chateau_champlain,0
Where should I stay to experience the most dramatic seasonal transitions?,can_quebec_montreal_residence_inn_by_marriott_montreal_downtown,1
Where should I stay to experience the most dramatic seasonal transitions?,can_montreal_fairmont_the_queen_elizabeth,1
Where should I stay to experience the most dramatic seasonal transitions?,can_quebec_montreal_fairmont_the_queen_elizabeth,1
Where should I stay to experience the most dramatic seasonal transitions?,can_montreal_residence_inn_by_marriott_montreal_downtown,1
Where should I stay to experience the most dramatic seasonal transitions?,can_quebec_montreal_hotel_omni_mont_royal,1
Where should I stay to experience the most dramatic seasonal transitions?,can_montreal_hotel_omni_mont_royal,1
Where should I stay to experience the most dramatic seasonal transitions?,can_quebec_montreal_springhill_suites_old_montreal,0
Where should I stay to experience the most dramatic seasonal transitions?,can_montreal_springhill_suites_old_montreal,0
Where should I stay to experience the most dramatic seasonal transitions?,can_montreal_chateau_de_l_argoat,0
Where should I stay to experience the most dramatic seasonal transitions?,can_quebec_montreal_chateau_de_l_argoat,0
Where should I stay to experience the most dramatic seasonal transitions?,can_quebec_montreal_hotel_du_fort,0
Where should I stay to experience the most dramatic seasonal transitions?,can_montreal_hotel_du_fort,0
Where should I stay to experience the most dramatic seasonal transitions?,can_quebec_montreal_holiday_inn_express_montreal_centre_ville,0
Where should I stay to experience the most dramatic seasonal transitions?,can_montreal_holiday_inn_express_montreal_centre_ville,0
Where should I stay to experience the most dramatic seasonal transitions?,can_montreal_hotel_xixe_siecle,0
Where should I stay to experience the most dramatic seasonal transitions?,can_quebec_montreal_hotel_xixe_siecle,0
Where should I stay to experience the most dramatic seasonal transitions?,can_quebec_montreal_intercontinental_montreal,1
Where should I stay to experience the most dramatic seasonal transitions?,can_montreal_intercontinental_montreal,1
Where should I stay to experience the most dramatic seasonal transitions?,can_montreal_hyatt_regency_montreal,0
Where should I stay to experience the most dramatic seasonal transitions?,can_quebec_montreal_hyatt_regency_montreal,0
Where should I stay to experience the most dramatic seasonal transitions?,can_montreal_opus_hotel_montreal,0
Where should I stay to experience the most dramatic seasonal transitions?,can_quebec_montreal_opus_hotel_montreal,0
Where should I stay to experience the most dramatic seasonal transitions?,can_quebec_montreal_hotel_st_paul,0
Where should I stay to experience the most dramatic seasonal transitions?,can_montreal_hotel_st_paul,0
Where should I stay to experience the most dramatic seasonal transitions?,can_montreal_le_cantlie_suites_hotel,0
Where should I stay to experience the most dramatic seasonal transitions?,can_quebec_montreal_le_cantlie_suites_hotel,0
Where should I stay to experience the most dramatic seasonal transitions?,can_quebec_montreal_delta_montreal_hotel,0
Where should I stay to experience the most dramatic seasonal transitions?,can_montreal_delta_montreal_hotel,0
Where should I stay to experience the most dramatic seasonal transitions?,can_quebec_montreal_auberge_bonaparte,0
Where should I stay to experience the most dramatic seasonal transitions?,can_montreal_auberge_bonaparte,0
Where should I stay to experience the most dramatic seasonal transitions?,can_montreal_delta_centre_ville,0
Where should I stay to experience the most dramatic seasonal transitions?,can_quebec_montreal_delta_centre_ville,0
Where should I stay to experience the most dramatic seasonal transitions?,can_montreal_novotel_montreal_center,0
Where should I stay to experience the most dramatic seasonal transitions?,can_quebec_montreal_novotel_montreal_center,0
Where should I stay to experience the most dramatic seasonal transitions?,can_montreal_ritz_carlton_montreal,0
Where should I stay to experience the most dramatic seasonal transitions?,can_quebec_montreal_ritz_carlton_montreal,0
Where should I stay to experience the most dramatic seasonal transitions?,can_montreal_embassy_suites_montreal,0
Where should I stay to experience the most dramatic seasonal transitions?,can_quebec_montreal_embassy_suites_montreal,0
Where should I stay to experience the most dramatic seasonal transitions?,can_montreal_holiday_inn_montreal_midtown,0
Where should I stay to experience the most dramatic seasonal transitions?,can_quebec_montreal_holiday_inn_montreal_midtown,0
What are the best hotels for history buffs?,can_quebec_montreal_hotel_gault,2
What are the best hotels for history buffs?,can_montreal_hotel_gault,2
What are the best hotels for history buffs?,can_montreal_le_square_phillips_hotel_suites,0
What are the best hotels for history buffs?,can_quebec_montreal_le_square_phillips_hotel_suites,0
What are the best hotels for history buffs?,can_quebec_montreal_le_place_d_armes_hotel_suites,3
What are the best hotels for history buffs?,can_montreal_le_place_d_armes_hotel_suites,3
What are the best hotels for history buffs?,can_quebec_montreal_hotel_nelligan,3
What are the best hotels for history buffs?,can_montreal_hotel_nelligan,3
What are the best hotels for history buffs?,can_quebec_montreal_loews_hotel_vogue,1
What are the best hotels for history buffs?,can_montreal_loews_hotel_vogue,0
What are the best hotels for history buffs?,can_montreal_ritz_carlton_montreal,2
What are the best hotels for history buffs?,can_quebec_montreal_ritz_carlton_montreal,2
What are the best hotels for history buffs?,can_quebec_montreal_sheraton_le_centre_montreal_hotel,1
What are the best hotels for history buffs?,can_montreal_sheraton_le_centre_montreal_hotel,1
What are the best hotels for history buffs?,can_montreal_w_montreal,0
What are the best hotels for history buffs?,can_quebec_montreal_w_montreal,0
What are the best hotels for history buffs?,can_quebec_montreal_auberge_du_vieux_port,2
What are the best hotels for history buffs?,can_montreal_auberge_du_vieux_port,2
What are the best hotels for history buffs?,can_montreal_sofitel_montreal,0
What are the best hotels for history buffs?,can_quebec_montreal_sofitel_montreal,0
What are the best hotels for history buffs?,can_montreal_marriott_chateau_champlain,2
What are the best hotels for history buffs?,can_quebec_montreal_marriott_chateau_champlain,2
What are the best hotels for history buffs?,can_montreal_le_saint_sulpice,2
What are the best hotels for history buffs?,can_quebec_montreal_le_saint_sulpice,2
What are the best hotels for history buffs?,can_quebec_montreal_hotel_omni_mont_royal,0
What are the best hotels for history buffs?,can_montreal_hotel_omni_mont_royal,0
What are the best hotels for history buffs?,can_montreal_hilton_montreal_bonaventure,0
What are the best hotels for history buffs?,can_quebec_montreal_hilton_montreal_bonaventure,1
What are the best hotels for history buffs?,can_montreal_hotel_xixe_siecle,3
What are the best hotels for history buffs?,can_quebec_montreal_hotel_xixe_siecle,3
What are the best hotels for history buffs?,can_quebec_montreal_hotel_st_paul,2
What are the best hotels for history buffs?,can_montreal_hotel_st_paul,2
What are the best hotels for history buffs?,can_montreal_fairmont_the_queen_elizabeth,3
What are the best hotels for history buffs?,can_quebec_montreal_fairmont_the_queen_elizabeth,3
What are the best hotels for history buffs?,can_montreal_le_cantlie_suites_hotel,1
What are the best hotels for history buffs?,can_quebec_montreal_le_cantlie_suites_hotel,0
What are the best hotels for history buffs?,can_montreal_embassy_suites_montreal,2
What are the best hotels for history buffs?,can_quebec_montreal_embassy_suites_montreal,1
What are the best hotels for history buffs?,can_montreal_hyatt_regency_montreal,0
What are the best hotels for history buffs?,can_quebec_montreal_hyatt_regency_montreal,0
What are the best hotels for history buffs?,can_quebec_montreal_residence_inn_by_marriott_montreal_downtown,1
What are the best hotels for history buffs?,can_montreal_residence_inn_by_marriott_montreal_downtown,1
What are the best hotels for history buffs?,can_montreal_opus_hotel_montreal,0
What are the best hotels for history buffs?,can_quebec_montreal_opus_hotel_montreal,0
What are the best hotels for history buffs?,can_quebec_montreal_intercontinental_montreal,2
What are the best hotels for history buffs?,can_montreal_intercontinental_montreal,2
What are the best hotels for history buffs?,can_quebec_montreal_delta_montreal_hotel,0
What are the best hotels for history buffs?,can_montreal_delta_montreal_hotel,0
What are the best hotels for history buffs?,can_quebec_montreal_hotel_du_fort,0
What are the best hotels for history buffs?,can_montreal_hotel_du_fort,0
What are the best hotels for history buffs?,can_montreal_chateau_de_l_argoat,1
What are the best hotels for history buffs?,can_quebec_montreal_chateau_de_l_argoat,1
What are the best hotels for history buffs?,can_quebec_montreal_auberge_bonaparte,3
What are the best hotels for history buffs?,can_montreal_auberge_bonaparte,3
What are the best hotels for history buffs?,can_quebec_montreal_springhill_suites_old_montreal,3
What are the best hotels for history buffs?,can_montreal_springhill_suites_old_montreal,3
What are the best hotels for history buffs?,can_montreal_delta_centre_ville,1
What are the best hotels for history buffs?,can_quebec_montreal_delta_centre_ville,1
What are the best hotels for history buffs?,can_montreal_novotel_montreal_center,0
What are the best hotels for history buffs?,can_quebec_montreal_novotel_montreal_center,0
What are the best hotels for history buffs?,can_quebec_montreal_holiday_inn_express_montreal_centre_ville,0
What are the best hotels for history buffs?,can_montreal_holiday_inn_express_montreal_centre_ville,0
What are the best hotels for history buffs?,can_montreal_holiday_inn_montreal_midtown,0
What are the best hotels for history buffs?,can_quebec_montreal_holiday_inn_montreal_midtown,0
Suggest a hotel with exceptional sunrise yoga or morning rituals.,can_montreal_le_square_phillips_hotel_suites,0
Suggest a hotel with exceptional sunrise yoga or morning rituals.,can_quebec_montreal_le_square_phillips_hotel_suites,0
Suggest a hotel with exceptional sunrise yoga or morning rituals.,can_montreal_hyatt_regency_montreal,1
Suggest a hotel with exceptional sunrise yoga or morning rituals.,can_quebec_montreal_hyatt_regency_montreal,0
Suggest a hotel with exceptional sunrise yoga or morning rituals.,can_quebec_montreal_residence_inn_by_marriott_montreal_downtown,0
Suggest a hotel with exceptional sunrise yoga or morning rituals.,can_montreal_residence_inn_by_marriott_montreal_downtown,0
Suggest a hotel with exceptional sunrise yoga or morning rituals.,can_quebec_montreal_hotel_omni_mont_royal,0
Suggest a hotel with exceptional sunrise yoga or morning rituals.,can_montreal_hotel_omni_mont_royal,0
Suggest a hotel with exceptional sunrise yoga or morning rituals.,can_montreal_sofitel_montreal,0
Suggest a hotel with exceptional sunrise yoga or morning rituals.,can_quebec_montreal_sofitel_montreal,0
Suggest a hotel with exceptional sunrise yoga or morning rituals.,can_quebec_montreal_loews_hotel_vogue,0
Suggest a hotel with exceptional sunrise yoga or morning rituals.,can_montreal_loews_hotel_vogue,0
Suggest a hotel with exceptional sunrise yoga or morning rituals.,can_montreal_hilton_montreal_bonaventure,0
Suggest a hotel with exceptional sunrise yoga or morning rituals.,can_quebec_montreal_hilton_montreal_bonaventure,0
Suggest a hotel with exceptional sunrise yoga or morning rituals.,can_quebec_montreal_le_place_d_armes_hotel_suites,0
Suggest a hotel with exceptional sunrise yoga or morning rituals.,can_montreal_le_place_d_armes_hotel_suites,0
Suggest a hotel with exceptional sunrise yoga or morning rituals.,can_montreal_w_montreal,0
Suggest a hotel with exceptional sunrise yoga or morning rituals.,can_quebec_montreal_w_montreal,0
Suggest a hotel with exceptional sunrise yoga or morning rituals.,can_montreal_marriott_chateau_champlain,0
Suggest a hotel with exceptional sunrise yoga or morning rituals.,can_quebec_montreal_marriott_chateau_champlain,0
Suggest a hotel with exceptional sunrise yoga or morning rituals.,can_quebec_montreal_springhill_suites_old_montreal,0
Suggest a hotel with exceptional sunrise yoga or morning rituals.,can_montreal_springhill_suites_old_montreal,0
Suggest a hotel with exceptional sunrise yoga or morning rituals.,can_quebec_montreal_delta_montreal_hotel,0
Suggest a hotel with exceptional sunrise yoga or morning rituals.,can_montreal_delta_montreal_hotel,0
Suggest a hotel with exceptional sunrise yoga or morning rituals.,can_quebec_montreal_sheraton_le_centre_montreal_hotel,0
Suggest a hotel with exceptional sunrise yoga or morning rituals.,can_montreal_sheraton_le_centre_montreal_hotel,0
Suggest a hotel with exceptional sunrise yoga or morning rituals.,can_montreal_hotel_xixe_siecle,0
Suggest a hotel with exceptional sunrise yoga or morning rituals.,can_quebec_montreal_hotel_xixe_siecle,0
Suggest a hotel with exceptional sunrise yoga or morning rituals.,can_quebec_montreal_hotel_gault,0
Suggest a hotel with exceptional sunrise yoga or morning rituals.,can_montreal_hotel_gault,0
Suggest a hotel with exceptional sunrise yoga or morning rituals.,can_quebec_montreal_hotel_nelligan,0
Suggest a hotel with exceptional sunrise yoga or morning rituals.,can_montreal_hotel_nelligan,0
Suggest a hotel with exceptional sunrise yoga or morning rituals.,can_montreal_chateau_de_l_argoat,0
Suggest a hotel with exceptional sunrise yoga or morning rituals.,can_quebec_montreal_chateau_de_l_argoat,0
Suggest a hotel with exceptional sunrise yoga or morning rituals.,can_quebec_montreal_auberge_du_vieux_port,0
Suggest a hotel with exceptional sunrise yoga or morning rituals.,can_montreal_auberge_du_vieux_port,0
Suggest a hotel with exceptional sunrise yoga or morning rituals.,can_quebec_montreal_holiday_inn_express_montreal_centre_ville,0
Suggest a hotel with exceptional sunrise yoga or morning rituals.,can_montreal_holiday_inn_express_montreal_centre_ville,0
Suggest a hotel with exceptional sunrise yoga or morning rituals.,can_montreal_delta_centre_ville,0
Suggest a hotel with exceptional sunrise yoga or morning rituals.,can_quebec_montreal_delta_centre_ville,0
Suggest a hotel with exceptional sunrise yoga or morning rituals.,can_montreal_opus_hotel_montreal,0
Suggest a hotel with exceptional sunrise yoga or morning rituals.,can_quebec_montreal_opus_hotel_montreal,0
Suggest a hotel with exceptional sunrise yoga or morning rituals.,can_montreal_le_saint_sulpice,1
Suggest a hotel with exceptional sunrise yoga or morning rituals.,can_quebec_montreal_le_saint_sulpice,1
Suggest a hotel with exceptional sunrise yoga or morning rituals.,can_quebec_montreal_intercontinental_montreal,0
Suggest a hotel with exceptional sunrise yoga or morning rituals.,can_montreal_intercontinental_montreal,0
Suggest a hotel with exceptional sunrise yoga or morning rituals.,can_montreal_embassy_suites_montreal,0
Suggest a hotel with exceptional sunrise yoga or morning rituals.,can_quebec_montreal_embassy_suites_montreal,0
Suggest a hotel with exceptional sunrise yoga or morning rituals.,can_quebec_montreal_hotel_du_fort,0
Suggest a hotel with exceptional sunrise yoga or morning rituals.,can_montreal_hotel_du_fort,0
Suggest a hotel with exceptional sunrise yoga or morning rituals.,can_montreal_fairmont_the_queen_elizabeth,0
Suggest a hotel with exceptional sunrise yoga or morning rituals.,can_quebec_montreal_fairmont_the_queen_elizabeth,0
Suggest a hotel with exceptional sunrise yoga or morning rituals.,can_montreal_le_cantlie_suites_hotel,0
Suggest a hotel with exceptional sunrise yoga or morning rituals.,can_quebec_montreal_le_cantlie_suites_hotel,0
Suggest a hotel with exceptional sunrise yoga or morning rituals.,can_quebec_montreal_hotel_st_paul,0
Suggest a hotel with exceptional sunrise yoga or morning rituals.,can_montreal_hotel_st_paul,0
Suggest a hotel with exceptional sunrise yoga or morning rituals.,can_montreal_novotel_montreal_center,0
Suggest a hotel with exceptional sunrise yoga or morning rituals.,can_quebec_montreal_novotel_montreal_center,0
Suggest a hotel with exceptional sunrise yoga or morning rituals.,can_montreal_holiday_inn_montreal_midtown,0
Suggest a hotel with exceptional sunrise yoga or morning rituals.,can_quebec_montreal_holiday_inn_montreal_midtown,0
Suggest a hotel with exceptional sunrise yoga or morning rituals.,can_quebec_montreal_auberge_bonaparte,0
Suggest a hotel with exceptional sunrise yoga or morning rituals.,can_montreal_auberge_bonaparte,0
Suggest a hotel with exceptional sunrise yoga or morning rituals.,can_montreal_ritz_carlton_montreal,0
Suggest a hotel with exceptional sunrise yoga or morning rituals.,can_quebec_montreal_ritz_carlton_montreal,0
Where can I stay that celebrates local textiles and crafts?,can_quebec_montreal_hotel_gault,0
Where can I stay that celebrates local textiles and crafts?,can_montreal_hotel_gault,0
Where can I stay that celebrates local textiles and crafts?,can_quebec_montreal_hotel_nelligan,0
Where can I stay that celebrates local textiles and crafts?,can_montreal_hotel_nelligan,1
Where can I stay that celebrates local textiles and crafts?,can_quebec_montreal_loews_hotel_vogue,0
Where can I stay that celebrates local textiles and crafts?,can_montreal_loews_hotel_vogue,0
Where can I stay that celebrates local textiles and crafts?,can_montreal_w_montreal,0
Where can I stay that celebrates local textiles and crafts?,can_quebec_montreal_w_montreal,0
Where can I stay that celebrates local textiles and crafts?,can_montreal_le_square_phillips_hotel_suites,0
Where can I stay that celebrates local textiles and crafts?,can_quebec_montreal_le_square_phillips_hotel_suites,0
Where can I stay that celebrates local textiles and crafts?,can_quebec_montreal_le_place_d_armes_hotel_suites,0
Where can I stay that celebrates local textiles and crafts?,can_montreal_le_place_d_armes_hotel_suites,0
Where can I stay that celebrates local textiles and crafts?,can_montreal_sofitel_montreal,0
Where can I stay that celebrates local textiles and crafts?,can_quebec_montreal_sofitel_montreal,0
Where can I stay that celebrates local textiles and crafts?,can_montreal_hotel_xixe_siecle,0
Where can I stay that celebrates local textiles and crafts?,can_quebec_montreal_hotel_xixe_siecle,0
Where can I stay that celebrates local textiles and crafts?,can_quebec_montreal_hotel_st_paul,0
Where can I stay that celebrates local textiles and crafts?,can_montreal_hotel_st_paul,0
Where can I stay that celebrates local textiles and crafts?,can_quebec_montreal_auberge_du_vieux_port,0
Where can I stay that celebrates local textiles and crafts?,can_montreal_auberge_du_vieux_port,0
Where can I stay that celebrates local textiles and crafts?,can_montreal_residence_inn_by_marriott_montreal_downtown,0
Where can I stay that celebrates local textiles and crafts?,can_quebec_montreal_hotel_omni_mont_royal,0
Where can I stay that celebrates local textiles and crafts?,can_montreal_hotel_omni_mont_royal,0
Where can I stay that celebrates local textiles and crafts?,can_quebec_montreal_residence_inn_by_marriott_montreal_downtown,0
Where can I stay that celebrates local textiles and crafts?,can_montreal_hyatt_regency_montreal,0
Where can I stay that celebrates local textiles and crafts?,can_quebec_montreal_hyatt_regency_montreal,0
Where can I stay that celebrates local textiles and crafts?,can_montreal_le_saint_sulpice,0
Where can I stay that celebrates local textiles and crafts?,can_quebec_montreal_le_saint_sulpice,0
Where can I stay that celebrates local textiles and crafts?,can_montreal_ritz_carlton_montreal,0
Where can I stay that celebrates local textiles and crafts?,can_quebec_montreal_ritz_carlton_montreal,0
Where can I stay that celebrates local textiles and crafts?,can_montreal_marriott_chateau_champlain,0
Where can I stay that celebrates local textiles and crafts?,can_quebec_montreal_marriott_chateau_champlain,0
Where can I stay that celebrates local textiles and crafts?,can_quebec_montreal_hotel_du_fort,0
Where can I stay that celebrates local textiles and crafts?,can_montreal_hotel_du_fort,0
Where can I stay that celebrates local textiles and crafts?,can_quebec_montreal_sheraton_le_centre_montreal_hotel,0
Where can I stay that celebrates local textiles and crafts?,can_montreal_sheraton_le_centre_montreal_hotel,0
Where can I stay that celebrates local textiles and crafts?,can_quebec_montreal_intercontinental_montreal,0
Where can I stay that celebrates local textiles and crafts?,can_montreal_intercontinental_montreal,0
Where can I stay that celebrates local textiles and crafts?,can_montreal_le_cantlie_suites_hotel,0
Where can I stay that celebrates local textiles and crafts?,can_quebec_montreal_le_cantlie_suites_hotel,0
Where can I stay that celebrates local textiles and crafts?,can_montreal_opus_hotel_montreal,0
Where can I stay that celebrates local textiles and crafts?,can_quebec_montreal_opus_hotel_montreal,0
Where can I stay that celebrates local textiles and crafts?,can_montreal_embassy_suites_montreal,0
Where can I stay that celebrates local textiles and crafts?,can_montreal_chateau_de_l_argoat,0
Where can I stay that celebrates local textiles and crafts?,can_quebec_montreal_chateau_de_l_argoat,0
Where can I stay that celebrates local textiles and crafts?,can_quebec_montreal_embassy_suites_montreal,0
Where can I stay that celebrates local textiles and crafts?,can_montreal_fairmont_the_queen_elizabeth,0
Where can I stay that celebrates local textiles and crafts?,can_quebec_montreal_fairmont_the_queen_elizabeth,0
Where can I stay that celebrates local textiles and crafts?,can_montreal_hilton_montreal_bonaventure,0
Where can I stay that celebrates local textiles and crafts?,can_quebec_montreal_hilton_montreal_bonaventure,0
Where can I stay that celebrates local textiles and crafts?,can_montreal_delta_centre_ville,0
Where can I stay that celebrates local textiles and crafts?,can_quebec_montreal_delta_centre_ville,0
Where can I stay that celebrates local textiles and crafts?,can_quebec_montreal_holiday_inn_express_montreal_centre_ville,0
Where can I stay that celebrates local textiles and crafts?,can_montreal_holiday_inn_express_montreal_centre_ville,0
Where can I stay that celebrates local textiles and crafts?,can_quebec_montreal_delta_montreal_hotel,0
Where can I stay that celebrates local textiles and crafts?,can_montreal_delta_montreal_hotel,0
Where can I stay that celebrates local textiles and crafts?,can_quebec_montreal_springhill_suites_old_montreal,0
Where can I stay that celebrates local textiles and crafts?,can_montreal_springhill_suites_old_montreal,0
Where can I stay that celebrates local textiles and crafts?,can_montreal_novotel_montreal_center,0
Where can I stay that celebrates local textiles and crafts?,can_quebec_montreal_novotel_montreal_center,0
Where can I stay that celebrates local textiles and crafts?,can_montreal_holiday_inn_montreal_midtown,0
Where can I stay that celebrates local textiles and crafts?,can_quebec_montreal_holiday_inn_montreal_midtown,0
Where can I stay that celebrates local textiles and crafts?,can_quebec_montreal_auberge_bonaparte,0
Where can I stay that celebrates local textiles and crafts?,can_montreal_auberge_bonaparte,0
Recommend a hotel with unique architectural features I won't find elsewhere.,can_montreal_le_square_phillips_hotel_suites,2
Recommend a hotel with unique architectural features I won't find elsewhere.,can_quebec_montreal_le_square_phillips_hotel_suites,2
Recommend a hotel with unique architectural features I won't find elsewhere.,can_montreal_sofitel_montreal,2
Recommend a hotel with unique architectural features I won't find elsewhere.,can_quebec_montreal_sofitel_montreal,2
Recommend a hotel with unique architectural features I won't find elsewhere.,can_quebec_montreal_loews_hotel_vogue,2
Recommend a hotel with unique architectural features I won't find elsewhere.,can_montreal_loews_hotel_vogue,2
Recommend a hotel with unique architectural features I won't find elsewhere.,can_montreal_hilton_montreal_bonaventure,3
Recommend a hotel with unique architectural features I won't find elsewhere.,can_quebec_montreal_hilton_montreal_bonaventure,3
Recommend a hotel with unique architectural features I won't find elsewhere.,can_quebec_montreal_le_place_d_armes_hotel_suites,3
Recommend a hotel with unique architectural features I won't find elsewhere.,can_montreal_le_place_d_armes_hotel_suites,3
Recommend a hotel with unique architectural features I won't find elsewhere.,can_montreal_w_montreal,3
Recommend a hotel with unique architectural features I won't find elsewhere.,can_quebec_montreal_w_montreal,3
Recommend a hotel with unique architectural features I won't find elsewhere.,can_quebec_montreal_hotel_gault,3
Recommend a hotel with unique architectural features I won't find elsewhere.,can_montreal_hotel_gault,3
Recommend a hotel with unique architectural features I won't find elsewhere.,can_quebec_montreal_hotel_nelligan,3
Recommend a hotel with unique architectural features I won't find elsewhere.,can_montreal_hotel_nelligan,3
Recommend a hotel with unique architectural features I won't find elsewhere.,can_quebec_montreal_auberge_du_vieux_port,3
Recommend a hotel with unique architectural features I won't find elsewhere.,can_montreal_auberge_du_vieux_port,3
Recommend a hotel with unique architectural features I won't find elsewhere.,can_montreal_marriott_chateau_champlain,3
Recommend a hotel with unique architectural features I won't find elsewhere.,can_quebec_montreal_marriott_chateau_champlain,3
Recommend a hotel with unique architectural features I won't find elsewhere.,can_quebec_montreal_sheraton_le_centre_montreal_hotel,1
Recommend a hotel with unique architectural features I won't find elsewhere.,can_montreal_sheraton_le_centre_montreal_hotel,0
Recommend a hotel with unique architectural features I won't find elsewhere.,can_montreal_hotel_xixe_siecle,3
Recommend a hotel with unique architectural features I won't find elsewhere.,can_quebec_montreal_hotel_xixe_siecle,3
Recommend a hotel with unique architectural features I won't find elsewhere.,can_montreal_opus_hotel_montreal,3
Recommend a hotel with unique architectural features I won't find elsewhere.,can_quebec_montreal_opus_hotel_montreal,3
Recommend a hotel with unique architectural features I won't find elsewhere.,can_quebec_montreal_hotel_omni_mont_royal,2
Recommend a hotel with unique architectural features I won't find elsewhere.,can_montreal_hotel_omni_mont_royal,1
Recommend a hotel with unique architectural features I won't find elsewhere.,can_quebec_montreal_residence_inn_by_marriott_montreal_downtown,0
Recommend a hotel with unique architectural features I won't find elsewhere.,can_montreal_hyatt_regency_montreal,1
Recommend a hotel with unique architectural features I won't find elsewhere.,can_quebec_montreal_hyatt_regency_montreal,1
Recommend a hotel with unique architectural features I won't find elsewhere.,can_montreal_residence_inn_by_marriott_montreal_downtown,0
Recommend a hotel with unique architectural features I won't find elsewhere.,can_quebec_montreal_hotel_st_paul,3
Recommend a hotel with unique architectural features I won't find elsewhere.,can_montreal_hotel_st_paul,3
Recommend a hotel with unique architectural features I won't find elsewhere.,can_montreal_le_saint_sulpice,3
Recommend a hotel with unique architectural features I won't find elsewhere.,can_quebec_montreal_le_saint_sulpice,3
Recommend a hotel with unique architectural features I won't find elsewhere.,can_montreal_le_cantlie_suites_hotel,1
Recommend a hotel with unique architectural features I won't find elsewhere.,can_quebec_montreal_le_cantlie_suites_hotel,1
Recommend a hotel with unique architectural features I won't find elsewhere.,can_montreal_ritz_carlton_montreal,2
Recommend a hotel with unique architectural features I won't find elsewhere.,can_quebec_montreal_ritz_carlton_montreal,2
Recommend a hotel with unique architectural features I won't find elsewhere.,can_quebec_montreal_intercontinental_montreal,2
Recommend a hotel with unique architectural features I won't find elsewhere.,can_montreal_intercontinental_montreal,2
Recommend a hotel with unique architectural features I won't find elsewhere.,can_montreal_embassy_suites_montreal,1
Recommend a hotel with unique architectural features I won't find elsewhere.,can_quebec_montreal_embassy_suites_montreal,1
Recommend a hotel with unique architectural features I won't find elsewhere.,can_montreal_fairmont_the_queen_elizabeth,1
Recommend a hotel with unique architectural features I won't find elsewhere.,can_quebec_montreal_fairmont_the_queen_elizabeth,1
Recommend a hotel with unique architectural features I won't find elsewhere.,can_montreal_chateau_de_l_argoat,2
Recommend a hotel with unique architectural features I won't find elsewhere.,can_quebec_montreal_chateau_de_l_argoat,2
Recommend a hotel with unique architectural features I won't find elsewhere.,can_quebec_montreal_delta_montreal_hotel,0
Recommend a hotel with unique architectural features I won't find elsewhere.,can_montreal_delta_montreal_hotel,1
Recommend a hotel with unique architectural features I won't find elsewhere.,can_montreal_delta_centre_ville,1
Recommend a hotel with unique architectural features I won't find elsewhere.,can_quebec_montreal_delta_centre_ville,2
Recommend a hotel with unique architectural features I won't find elsewhere.,can_quebec_montreal_hotel_du_fort,0
Recommend a hotel with unique architectural features I won't find elsewhere.,can_montreal_hotel_du_fort,0
Recommend a hotel with unique architectural features I won't find elsewhere.,can_quebec_montreal_springhill_suites_old_montreal,1
Recommend a hotel with unique architectural features I won't find elsewhere.,can_montreal_springhill_suites_old_montreal,1
Recommend a hotel with unique architectural features I won't find elsewhere.,can_quebec_montreal_holiday_inn_express_montreal_centre_ville,0
Recommend a hotel with unique architectural features I won't find elsewhere.,can_montreal_holiday_inn_express_montreal_centre_ville,0
Recommend a hotel with unique architectural features I won't find elsewhere.,can_montreal_novotel_montreal_center,0
Recommend a hotel with unique architectural features I won't find elsewhere.,can_quebec_montreal_novotel_montreal_center,0
Recommend a hotel with unique architectural features I won't find elsewhere.,can_quebec_montreal_auberge_bonaparte,2
Recommend a hotel with unique architectural features I won't find elsewhere.,can_montreal_auberge_bonaparte,2
Recommend a hotel with unique architectural features I won't find elsewhere.,can_montreal_holiday_inn_montreal_midtown,0
Recommend a hotel with unique architectural features I won't find elsewhere.,can_quebec_montreal_holiday_inn_montreal_midtown,0
Where should I stay to experience traditional festivals like a local?,can_quebec_montreal_auberge_du_vieux_port,2
Where should I stay to experience traditional festivals like a local?,can_montreal_auberge_du_vieux_port,2
Where should I stay to experience traditional festivals like a local?,can_quebec_montreal_hotel_gault,1
Where should I stay to experience traditional festivals like a local?,can_montreal_hotel_gault,1
Where should I stay to experience traditional festivals like a local?,can_quebec_montreal_sheraton_le_centre_montreal_hotel,2
Where should I stay to experience traditional festivals like a local?,can_montreal_sheraton_le_centre_montreal_hotel,2
Where should I stay to experience traditional festivals like a local?,can_quebec_montreal_hotel_omni_mont_royal,1
Where should I stay to experience traditional festivals like a local?,can_montreal_hotel_omni_mont_royal,1
Where should I stay to experience traditional festivals like a local?,can_montreal_le_square_phillips_hotel_suites,1
Where should I stay to experience traditional festivals like a local?,can_quebec_montreal_le_square_phillips_hotel_suites,1
Where should I stay to experience traditional festivals like a local?,can_quebec_montreal_hotel_nelligan,2
Where should I stay to experience traditional festivals like a local?,can_montreal_hotel_nelligan,2
Where should I stay to experience traditional festivals like a local?,can_montreal_residence_inn_by_marriott_montreal_downtown,1
Where should I stay to experience traditional festivals like a local?,can_quebec_montreal_residence_inn_by_marriott_montreal_downtown,2
Where should I stay to experience traditional festivals like a local?,can_montreal_hyatt_regency_montreal,2
Where should I stay to experience traditional festivals like a local?,can_quebec_montreal_hyatt_regency_montreal,2
Where should I stay to experience traditional festivals like a local?,can_quebec_montreal_le_place_d_armes_hotel_suites,3
Where should I stay to experience traditional festivals like a local?,can_montreal_le_place_d_armes_hotel_suites,2
Where should I stay to experience traditional festivals like a local?,can_montreal_sofitel_montreal,1
Where should I stay to experience traditional festivals like a local?,can_quebec_montreal_sofitel_montreal,1
Where should I stay to experience traditional festivals like a local?,can_quebec_montreal_loews_hotel_vogue,1
Where should I stay to experience traditional festivals like a local?,can_montreal_loews_hotel_vogue,1
Where should I stay to experience traditional festivals like a local?,can_montreal_w_montreal,1
Where should I stay to experience traditional festivals like a local?,can_quebec_montreal_w_montreal,1
Where should I stay to experience traditional festivals like a local?,can_montreal_le_saint_sulpice,2
Where should I stay to experience traditional festivals like a local?,can_quebec_montreal_le_saint_sulpice,2
Where should I stay to experience traditional festivals like a local?,can_montreal_fairmont_the_queen_elizabeth,1
Where should I stay to experience traditional festivals like a local?,can_quebec_montreal_fairmont_the_queen_elizabeth,1
Where should I stay to experience traditional festivals like a local?,can_montreal_marriott_chateau_champlain,2
Where should I stay to experience traditional festivals like a local?,can_quebec_montreal_marriott_chateau_champlain,1
Where should I stay to experience traditional festivals like a local?,can_montreal_chateau_de_l_argoat,1
Where should I stay to experience traditional festivals like a local?,can_quebec_montreal_chateau_de_l_argoat,1
Where should I stay to experience traditional festivals like a local?,can_quebec_montreal_holiday_inn_express_montreal_centre_ville,2
Where should I stay to experience traditional festivals like a local?,can_montreal_holiday_inn_express_montreal_centre_ville,2
Where should I stay to experience traditional festivals like a local?,can_quebec_montreal_hotel_st_paul,2
Where should I stay to experience traditional festivals like a local?,can_montreal_hotel_st_paul,2
Where should I stay to experience traditional festivals like a local?,can_quebec_montreal_hotel_du_fort,1
Where should I stay to experience traditional festivals like a local?,can_montreal_hotel_du_fort,2
Where should I stay to experience traditional festivals like a local?,can_quebec_montreal_intercontinental_montreal,2
Where should I stay to experience traditional festivals like a local?,can_montreal_intercontinental_montreal,2
Where should I stay to experience traditional festivals like a local?,can_quebec_montreal_delta_montreal_hotel,1
Where should I stay to experience traditional festivals like a local?,can_montreal_delta_montreal_hotel,1
Where should I stay to experience traditional festivals like a local?,can_montreal_hilton_montreal_bonaventure,1
Where should I stay to experience traditional festivals like a local?,can_quebec_montreal_hilton_montreal_bonaventure,1
Where should I stay to experience traditional festivals like a local?,can_montreal_delta_centre_ville,2
Where should I stay to experience traditional festivals like a local?,can_quebec_montreal_delta_centre_ville,1
Where should I stay to experience traditional festivals like a local?,can_montreal_opus_hotel_montreal,1
Where should I stay to experience traditional festivals like a local?,can_quebec_montreal_opus_hotel_montreal,2
Where should I stay to experience traditional festivals like a local?,can_montreal_le_cantlie_suites_hotel,1
Where should I stay to experience traditional festivals like a local?,can_quebec_montreal_le_cantlie_suites_hotel,1
Where should I stay to experience traditional festivals like a local?,can_montreal_ritz_carlton_montreal,1
Where should I stay to experience traditional festivals like a local?,can_quebec_montreal_ritz_carlton_montreal,1
Where should I stay to experience traditional festivals like a local?,can_montreal_hotel_xixe_siecle,1
Where should I stay to experience traditional festivals like a local?,can_quebec_montreal_hotel_xixe_siecle,1
Where should I stay to experience traditional festivals like a local?,can_montreal_novotel_montreal_center,2
Where should I stay to experience traditional festivals like a local?,can_quebec_montreal_novotel_montreal_center,1
Where should I stay to experience traditional festivals like a local?,can_quebec_montreal_springhill_suites_old_montreal,3
Where should I stay to experience traditional festivals like a local?,can_montreal_springhill_suites_old_montreal,2
Where should I stay to experience traditional festivals like a local?,can_montreal_embassy_suites_montreal,2
Where should I stay to experience traditional festivals like a local?,can_quebec_montreal_embassy_suites_montreal,1
Where should I stay to experience traditional festivals like a local?,can_quebec_montreal_auberge_bonaparte,2
Where should I stay to experience traditional festivals like a local?,can_montreal_auberge_bonaparte,2
Where should I stay to experience traditional festivals like a local?,can_montreal_holiday_inn_montreal_midtown,1
Where should I stay to experience traditional festivals like a local?,can_quebec_montreal_holiday_inn_montreal_midtown,1
What hotels offer the most interesting in-room amenities?,can_quebec_montreal_loews_hotel_vogue,3
What hotels offer the most interesting in-room amenities?,can_montreal_loews_hotel_vogue,3
What hotels offer the most interesting in-room amenities?,can_montreal_le_square_phillips_hotel_suites,2
What hotels offer the most interesting in-room amenities?,can_quebec_montreal_le_square_phillips_hotel_suites,2
What hotels offer the most interesting in-room amenities?,can_montreal_sofitel_montreal,2
What hotels offer the most interesting in-room amenities?,can_quebec_montreal_sofitel_montreal,2
What hotels offer the most interesting in-room amenities?,can_montreal_w_montreal,2
What hotels offer the most interesting in-room amenities?,can_quebec_montreal_w_montreal,2
What hotels offer the most interesting in-room amenities?,can_quebec_montreal_hotel_gault,2
What hotels offer the most interesting in-room amenities?,can_montreal_hotel_gault,2
What hotels offer the most interesting in-room amenities?,can_quebec_montreal_hotel_omni_mont_royal,1
What hotels offer the most interesting in-room amenities?,can_montreal_hotel_omni_mont_royal,2
What hotels offer the most interesting in-room amenities?,can_montreal_hilton_montreal_bonaventure,1
What hotels offer the most interesting in-room amenities?,can_quebec_montreal_hilton_montreal_bonaventure,2
What hotels offer the most interesting in-room amenities?,can_quebec_montreal_le_place_d_armes_hotel_suites,2
What hotels offer the most interesting in-room amenities?,can_montreal_le_place_d_armes_hotel_suites,2
What hotels offer the most interesting in-room amenities?,can_quebec_montreal_sheraton_le_centre_montreal_hotel,1
What hotels offer the most interesting in-room amenities?,can_montreal_sheraton_le_centre_montreal_hotel,1
What hotels offer the most interesting in-room amenities?,can_quebec_montreal_hotel_nelligan,2
What hotels offer the most interesting in-room amenities?,can_montreal_hotel_nelligan,2
What hotels offer the most interesting in-room amenities?,can_montreal_hyatt_regency_montreal,1
What hotels offer the most interesting in-room amenities?,can_quebec_montreal_hyatt_regency_montreal,1
What hotels offer the most interesting in-room amenities?,can_montreal_marriott_chateau_champlain,1
What hotels offer the most interesting in-room amenities?,can_quebec_montreal_marriott_chateau_champlain,1
What hotels offer the most interesting in-room amenities?,can_quebec_montreal_residence_inn_by_marriott_montreal_downtown,1
What hotels offer the most interesting in-room amenities?,can_montreal_residence_inn_by_marriott_montreal_downtown,2
What hotels offer the most interesting in-room amenities?,can_quebec_montreal_delta_montreal_hotel,1
What hotels offer the most interesting in-room amenities?,can_montreal_delta_montreal_hotel,1
What hotels offer the most interesting in-room amenities?,can_montreal_le_cantlie_suites_hotel,2
What hotels offer the most interesting in-room amenities?,can_quebec_montreal_le_cantlie_suites_hotel,2
What hotels offer the most interesting in-room amenities?,can_quebec_montreal_auberge_du_vieux_port,2
What hotels offer the most interesting in-room amenities?,can_montreal_auberge_du_vieux_port,2
What hotels offer the most interesting in-room amenities?,can_quebec_montreal_intercontinental_montreal,1
What hotels offer the most interesting in-room amenities?,can_montreal_intercontinental_montreal,1
What hotels offer the most interesting in-room amenities?,can_montreal_chateau_de_l_argoat,1
What hotels offer the most interesting in-room amenities?,can_quebec_montreal_chateau_de_l_argoat,2
What hotels offer the most interesting in-room amenities?,can_montreal_hotel_xixe_siecle,2
What hotels offer the most interesting in-room amenities?,can_quebec_montreal_hotel_xixe_siecle,1
What hotels offer the most interesting in-room amenities?,can_montreal_fairmont_the_queen_elizabeth,2
What hotels offer the most interesting in-room amenities?,can_quebec_montreal_fairmont_the_queen_elizabeth,2
What hotels offer the most interesting in-room amenities?,can_montreal_opus_hotel_montreal,1
What hotels offer the most interesting in-room amenities?,can_quebec_montreal_opus_hotel_montreal,1
What hotels offer the most interesting in-room amenities?,can_quebec_montreal_springhill_suites_old_montreal,2
What hotels offer the most interesting in-room amenities?,can_montreal_springhill_suites_old_montreal,2
What hotels offer the most interesting in-room amenities?,can_montreal_delta_centre_ville,1
What hotels offer the most interesting in-room amenities?,can_quebec_montreal_delta_centre_ville,1
What hotels offer the most interesting in-room amenities?,can_montreal_le_saint_sulpice,2
What hotels offer the most interesting in-room amenities?,can_quebec_montreal_le_saint_sulpice,1
What hotels offer the most interesting in-room amenities?,can_quebec_montreal_holiday_inn_express_montreal_centre_ville,2
What hotels offer the most interesting in-room amenities?,can_montreal_holiday_inn_express_montreal_centre_ville,2
What hotels offer the most interesting in-room amenities?,can_quebec_montreal_hotel_st_paul,2
What hotels offer the most interesting in-room amenities?,can_montreal_hotel_st_paul,2
What hotels offer the most interesting in-room amenities?,can_montreal_embassy_suites_montreal,2
What hotels offer the most interesting in-room amenities?,can_quebec_montreal_embassy_suites_montreal,2
What hotels offer the most interesting in-room amenities?,can_quebec_montreal_hotel_du_fort,1
What hotels offer the most interesting in-room amenities?,can_montreal_hotel_du_fort,1
What hotels offer the most interesting in-room amenities?,can_montreal_ritz_carlton_montreal,2
What hotels offer the most interesting in-room amenities?,can_quebec_montreal_ritz_carlton_montreal,2
What hotels offer the most interesting in-room amenities?,can_montreal_novotel_montreal_center,1
What hotels offer the most interesting in-room amenities?,can_quebec_montreal_novotel_montreal_center,1
What hotels offer the most interesting in-room amenities?,can_montreal_holiday_inn_montreal_midtown,1
What hotels offer the most interesting in-room amenities?,can_quebec_montreal_holiday_inn_montreal_midtown,1
What hotels offer the most interesting in-room amenities?,can_quebec_montreal_auberge_bonaparte,1
What hotels offer the most interesting in-room amenities?,can_montreal_auberge_bonaparte,1
Suggest a hotel that feels timeless rather than trendy.,can_quebec_montreal_hotel_gault,2
Suggest a hotel that feels timeless rather than trendy.,can_montreal_hotel_gault,2
Suggest a hotel that feels timeless rather than trendy.,can_quebec_montreal_le_place_d_armes_hotel_suites,2
Suggest a hotel that feels timeless rather than trendy.,can_montreal_le_place_d_armes_hotel_suites,2
Suggest a hotel that feels timeless rather than trendy.,can_quebec_montreal_hotel_nelligan,3
Suggest a hotel that feels timeless rather than trendy.,can_montreal_hotel_nelligan,3
Suggest a hotel that feels timeless rather than trendy.,can_montreal_le_square_phillips_hotel_suites,2
Suggest a hotel that feels timeless rather than trendy.,can_quebec_montreal_le_square_phillips_hotel_suites,2
Suggest a hotel that feels timeless rather than trendy.,can_quebec_montreal_loews_hotel_vogue,3
Suggest a hotel that feels timeless rather than trendy.,can_montreal_loews_hotel_vogue,3
Suggest a hotel that feels timeless rather than trendy.,can_montreal_sofitel_montreal,1
Suggest a hotel that feels timeless rather than trendy.,can_quebec_montreal_sofitel_montreal,2
Suggest a hotel that feels timeless rather than trendy.,can_montreal_w_montreal,0
Suggest a hotel that feels timeless rather than trendy.,can_quebec_montreal_w_montreal,0
Suggest a hotel that feels timeless rather than trendy.,can_quebec_montreal_auberge_du_vieux_port,3
Suggest a hotel that feels timeless rather than trendy.,can_montreal_auberge_du_vieux_port,3
Suggest a hotel that feels timeless rather than trendy.,can_montreal_hotel_xixe_siecle,3
Suggest a hotel that feels timeless rather than trendy.,can_quebec_montreal_hotel_xixe_siecle,3
Suggest a hotel that feels timeless rather than trendy.,can_montreal_residence_inn_by_marriott_montreal_downtown,1
Suggest a hotel that feels timeless rather than trendy.,can_quebec_montreal_residence_inn_by_marriott_montreal_downtown,1
Suggest a hotel that feels timeless rather than trendy.,can_montreal_le_saint_sulpice,3
Suggest a hotel that feels timeless rather than trendy.,can_quebec_montreal_le_saint_sulpice,3
Suggest a hotel that feels timeless rather than trendy.,can_quebec_montreal_hotel_omni_mont_royal,2
Suggest a hotel that feels timeless rather than trendy.,can_montreal_hotel_omni_mont_royal,2
Suggest a hotel that feels timeless rather than trendy.,can_montreal_ritz_carlton_montreal,3
Suggest a hotel that feels timeless rather than trendy.,can_quebec_montreal_ritz_carlton_montreal,3
Suggest a hotel that feels timeless rather than trendy.,can_quebec_montreal_sheraton_le_centre_montreal_hotel,2
Suggest a hotel that feels timeless rather than trendy.,can_montreal_sheraton_le_centre_montreal_hotel,1
Suggest a hotel that feels timeless rather than trendy.,can_quebec_montreal_hotel_st_paul,2
Suggest a hotel that feels timeless rather than trendy.,can_montreal_hotel_st_paul,1
Suggest a hotel that feels timeless rather than trendy.,can_montreal_hilton_montreal_bonaventure,2
Suggest a hotel that feels timeless rather than trendy.,can_quebec_montreal_hilton_montreal_bonaventure,2
Suggest a hotel that feels timeless rather than trendy.,can_montreal_marriott_chateau_champlain,2
Suggest a hotel that feels timeless rather than trendy.,can_quebec_montreal_marriott_chateau_champlain,2
Suggest a hotel that feels timeless rather than trendy.,can_montreal_opus_hotel_montreal,0
Suggest a hotel that feels timeless rather than trendy.,can_quebec_montreal_opus_hotel_montreal,0
Suggest a hotel that feels timeless rather than trendy.,can_montreal_hyatt_regency_montreal,1
Suggest a hotel that feels timeless rather than trendy.,can_quebec_montreal_hyatt_regency_montreal,1
Suggest a hotel that feels timeless rather than trendy.,can_montreal_embassy_suites_montreal,2
Suggest a hotel that feels timeless rather than trendy.,can_montreal_fairmont_the_queen_elizabeth,2
Suggest a hotel that feels timeless rather than trendy.,can_quebec_montreal_fairmont_the_queen_elizabeth,3
Suggest a hotel that feels timeless rather than trendy.,can_montreal_chateau_de_l_argoat,3
Suggest a hotel that feels timeless rather than trendy.,can_quebec_montreal_chateau_de_l_argoat,3
Suggest a hotel that feels timeless rather than trendy.,can_quebec_montreal_embassy_suites_montreal,1
Suggest a hotel that feels timeless rather than trendy.,can_quebec_montreal_intercontinental_montreal,2
Suggest a hotel that feels timeless rather than trendy.,can_montreal_intercontinental_montreal,2
Suggest a hotel that feels timeless rather than trendy.,can_quebec_montreal_auberge_bonaparte,3
Suggest a hotel that feels timeless rather than trendy.,can_montreal_auberge_bonaparte,3
Suggest a hotel that feels timeless rather than trendy.,can_quebec_montreal_hotel_du_fort,2
Suggest a hotel that feels timeless rather than trendy.,can_montreal_hotel_du_fort,1
Suggest a hotel that feels timeless rather than trendy.,can_montreal_le_cantlie_suites_hotel,2
Suggest a hotel that feels timeless rather than trendy.,can_quebec_montreal_le_cantlie_suites_hotel,2
Suggest a hotel that feels timeless rather than trendy.,can_quebec_montreal_springhill_suites_old_montreal,2
Suggest a hotel that feels timeless rather than trendy.,can_montreal_springhill_suites_old_montreal,2
Suggest a hotel that feels timeless rather than trendy.,can_montreal_delta_centre_ville,1
Suggest a hotel that feels timeless rather than trendy.,can_quebec_montreal_delta_centre_ville,1
Suggest a hotel that feels timeless rather than trendy.,can_quebec_montreal_holiday_inn_express_montreal_centre_ville,1
Suggest a hotel that feels timeless rather than trendy.,can_montreal_holiday_inn_express_montreal_centre_ville,0
Suggest a hotel that feels timeless rather than trendy.,can_quebec_montreal_delta_montreal_hotel,1
Suggest a hotel that feels timeless rather than trendy.,can_montreal_delta_montreal_hotel,1
Suggest a hotel that feels timeless rather than trendy.,can_montreal_novotel_montreal_center,1
Suggest a hotel that feels timeless rather than trendy.,can_quebec_montreal_novotel_montreal_center,1
Suggest a hotel that feels timeless rather than trendy.,can_montreal_holiday_inn_montreal_midtown,1
Suggest a hotel that feels timeless rather than trendy.,can_quebec_montreal_holiday_inn_montreal_midtown,1
Where can I find a hotel with exceptional natural light?,can_montreal_w_montreal,1
Where can I find a hotel with exceptional natural light?,can_quebec_montreal_w_montreal,1
Where can I find a hotel with exceptional natural light?,can_montreal_le_square_phillips_hotel_suites,2
Where can I find a hotel with exceptional natural light?,can_quebec_montreal_le_square_phillips_hotel_suites,2
Where can I find a hotel with exceptional natural light?,can_montreal_hilton_montreal_bonaventure,2
Where can I find a hotel with exceptional natural light?,can_quebec_montreal_hilton_montreal_bonaventure,1
Where can I find a hotel with exceptional natural light?,can_quebec_montreal_loews_hotel_vogue,1
Where can I find a hotel with exceptional natural light?,can_montreal_loews_hotel_vogue,2
Where can I find a hotel with exceptional natural light?,can_montreal_sofitel_montreal,2
Where can I find a hotel with exceptional natural light?,can_quebec_montreal_sofitel_montreal,2
Where can I find a hotel with exceptional natural light?,can_quebec_montreal_le_place_d_armes_hotel_suites,1
Where can I find a hotel with exceptional natural light?,can_montreal_le_place_d_armes_hotel_suites,1
Where can I find a hotel with exceptional natural light?,can_montreal_hyatt_regency_montreal,1
Where can I find a hotel with exceptional natural light?,can_quebec_montreal_hyatt_regency_montreal,1
Where can I find a hotel with exceptional natural light?,can_montreal_opus_hotel_montreal,2
Where can I find a hotel with exceptional natural light?,can_quebec_montreal_opus_hotel_montreal,2
Where can I find a hotel with exceptional natural light?,can_montreal_marriott_chateau_champlain,2
Where can I find a hotel with exceptional natural light?,can_quebec_montreal_marriott_chateau_champlain,2
Where can I find a hotel with exceptional natural light?,can_quebec_montreal_hotel_gault,2
Where can I find a hotel with exceptional natural light?,can_montreal_hotel_gault,2
Where can I find a hotel with exceptional natural light?,can_quebec_montreal_hotel_nelligan,2
Where can I find a hotel with exceptional natural light?,can_montreal_hotel_nelligan,2
Where can I find a hotel with exceptional natural light?,can_quebec_montreal_sheraton_le_centre_montreal_hotel,2
Where can I find a hotel with exceptional natural light?,can_montreal_sheraton_le_centre_montreal_hotel,1
Where can I find a hotel with exceptional natural light?,can_montreal_residence_inn_by_marriott_montreal_downtown,1
Where can I find a hotel with exceptional natural light?,can_quebec_montreal_residence_inn_by_marriott_montreal_downtown,0
Where can I find a hotel with exceptional natural light?,can_montreal_le_cantlie_suites_hotel,1
Where can I find a hotel with exceptional natural light?,can_quebec_montreal_le_cantlie_suites_hotel,1
Where can I find a hotel with exceptional natural light?,can_quebec_montreal_auberge_du_vieux_port,1
Where can I find a hotel with exceptional natural light?,can_montreal_auberge_du_vieux_port,2
Where can I find a hotel with exceptional natural light?,can_quebec_montreal_hotel_omni_mont_royal,1
Where can I find a hotel with exceptional natural light?,can_montreal_hotel_omni_mont_royal,1
Where can I find a hotel with exceptional natural light?,can_montreal_le_saint_sulpice,2
Where can I find a hotel with exceptional natural light?,can_quebec_montreal_le_saint_sulpice,2
Where can I find a hotel with exceptional natural light?,can_quebec_montreal_delta_montreal_hotel,0
Where can I find a hotel with exceptional natural light?,can_montreal_delta_montreal_hotel,1
Where can I find a hotel with exceptional natural light?,can_montreal_hotel_xixe_siecle,2
Where can I find a hotel with exceptional natural light?,can_quebec_montreal_hotel_xixe_siecle,2
Where can I find a hotel with exceptional natural light?,can_quebec_montreal_hotel_st_paul,2
Where can I find a hotel with exceptional natural light?,can_montreal_hotel_st_paul,2
Where can I find a hotel with exceptional natural light?,can_quebec_montreal_intercontinental_montreal,1
Where can I find a hotel with exceptional natural light?,can_montreal_intercontinental_montreal,1
Where can I find a hotel with exceptional natural light?,can_montreal_novotel_montreal_center,0
Where can I find a hotel with exceptional natural light?,can_quebec_montreal_novotel_montreal_center,0
Where can I find a hotel with exceptional natural light?,can_montreal_fairmont_the_queen_elizabeth,0
Where can I find a hotel with exceptional natural light?,can_quebec_montreal_fairmont_the_queen_elizabeth,1
Where can I find a hotel with exceptional natural light?,can_montreal_chateau_de_l_argoat,1
Where can I find a hotel with exceptional natural light?,can_quebec_montreal_chateau_de_l_argoat,1
Where can I find a hotel with exceptional natural light?,can_montreal_delta_centre_ville,1
Where can I find a hotel with exceptional natural light?,can_quebec_montreal_delta_centre_ville,1
Where can I find a hotel with exceptional natural light?,can_quebec_montreal_hotel_du_fort,1
Where can I find a hotel with exceptional natural light?,can_montreal_hotel_du_fort,1
Where can I find a hotel with exceptional natural light?,can_montreal_ritz_carlton_montreal,1
Where can I find a hotel with exceptional natural light?,can_quebec_montreal_ritz_carlton_montreal,1
Where can I find a hotel with exceptional natural light?,can_montreal_embassy_suites_montreal,1
Where can I find a hotel with exceptional natural light?,can_quebec_montreal_embassy_suites_montreal,0
Where can I find a hotel with exceptional natural light?,can_quebec_montreal_springhill_suites_old_montreal,0
Where can I find a hotel with exceptional natural light?,can_montreal_springhill_suites_old_montreal,1
Where can I find a hotel with exceptional natural light?,can_quebec_montreal_holiday_inn_express_montreal_centre_ville,0
Where can I find a hotel with exceptional natural light?,can_montreal_holiday_inn_express_montreal_centre_ville,1
Where can I find a hotel with exceptional natural light?,can_montreal_holiday_inn_montreal_midtown,0
Where can I find a hotel with exceptional natural light?,can_quebec_montreal_holiday_inn_montreal_midtown,0
Where can I find a hotel with exceptional natural light?,can_quebec_montreal_auberge_bonaparte,2
Where can I find a hotel with exceptional natural light?,can_montreal_auberge_bonaparte,2
Recommend a hotel that works well for reconnecting with old friends.,can_montreal_le_square_phillips_hotel_suites,1
Recommend a hotel that works well for reconnecting with old friends.,can_quebec_montreal_le_square_phillips_hotel_suites,2
Recommend a hotel that works well for reconnecting with old friends.,can_quebec_montreal_loews_hotel_vogue,3
Recommend a hotel that works well for reconnecting with old friends.,can_montreal_loews_hotel_vogue,3
Recommend a hotel that works well for reconnecting with old friends.,can_montreal_hilton_montreal_bonaventure,2
Recommend a hotel that works well for reconnecting with old friends.,can_quebec_montreal_hilton_montreal_bonaventure,2
Recommend a hotel that works well for reconnecting with old friends.,can_quebec_montreal_residence_inn_by_marriott_montreal_downtown,2
Recommend a hotel that works well for reconnecting with old friends.,can_montreal_residence_inn_by_marriott_montreal_downtown,2
Recommend a hotel that works well for reconnecting with old friends.,can_quebec_montreal_le_place_d_armes_hotel_suites,3
Recommend a hotel that works well for reconnecting with old friends.,can_montreal_le_place_d_armes_hotel_suites,3
Recommend a hotel that works well for reconnecting with old friends.,can_montreal_marriott_chateau_champlain,2
Recommend a hotel that works well for reconnecting with old friends.,can_quebec_montreal_marriott_chateau_champlain,2
Recommend a hotel that works well for reconnecting with old friends.,can_montreal_sofitel_montreal,2
Recommend a hotel that works well for reconnecting with old friends.,can_quebec_montreal_sofitel_montreal,2
Recommend a hotel that works well for reconnecting with old friends.,can_quebec_montreal_hotel_nelligan,3
Recommend a hotel that works well for reconnecting with old friends.,can_montreal_hotel_nelligan,3
Recommend a hotel that works well for reconnecting with old friends.,can_quebec_montreal_hotel_omni_mont_royal,2
Recommend a hotel that works well for reconnecting with old friends.,can_montreal_hotel_omni_mont_royal,3
Recommend a hotel that works well for reconnecting with old friends.,can_quebec_montreal_sheraton_le_centre_montreal_hotel,2
Recommend a hotel that works well for reconnecting with old friends.,can_montreal_sheraton_le_centre_montreal_hotel,2
Recommend a hotel that works well for reconnecting with old friends.,can_montreal_w_montreal,3
Recommend a hotel that works well for reconnecting with old friends.,can_quebec_montreal_w_montreal,2
Recommend a hotel that works well for reconnecting with old friends.,can_montreal_hyatt_regency_montreal,2
Recommend a hotel that works well for reconnecting with old friends.,can_quebec_montreal_hyatt_regency_montreal,2
Recommend a hotel that works well for reconnecting with old friends.,can_quebec_montreal_delta_montreal_hotel,2
Recommend a hotel that works well for reconnecting with old friends.,can_montreal_delta_montreal_hotel,2
Recommend a hotel that works well for reconnecting with old friends.,can_quebec_montreal_hotel_gault,2
Recommend a hotel that works well for reconnecting with old friends.,can_montreal_hotel_gault,2
Recommend a hotel that works well for reconnecting with old friends.,can_quebec_montreal_auberge_du_vieux_port,3
Recommend a hotel that works well for reconnecting with old friends.,can_montreal_auberge_du_vieux_port,2
Recommend a hotel that works well for reconnecting with old friends.,can_quebec_montreal_hotel_du_fort,1
Recommend a hotel that works well for reconnecting with old friends.,can_montreal_hotel_du_fort,2
Recommend a hotel that works well for reconnecting with old friends.,can_montreal_fairmont_the_queen_elizabeth,2
Recommend a hotel that works well for reconnecting with old friends.,can_quebec_montreal_fairmont_the_queen_elizabeth,2
Recommend a hotel that works well for reconnecting with old friends.,can_montreal_hotel_xixe_siecle,2
Recommend a hotel that works well for reconnecting with old friends.,can_quebec_montreal_hotel_xixe_siecle,2
Recommend a hotel that works well for reconnecting with old friends.,can_montreal_delta_centre_ville,2
Recommend a hotel that works well for reconnecting with old friends.,can_quebec_montreal_delta_centre_ville,1
Recommend a hotel that works well for reconnecting with old friends.,can_quebec_montreal_springhill_suites_old_montreal,2
Recommend a hotel that works well for reconnecting with old friends.,can_montreal_springhill_suites_old_montreal,2
Recommend a hotel that works well for reconnecting with old friends.,can_montreal_le_cantlie_suites_hotel,2
Recommend a hotel that works well for reconnecting with old friends.,can_quebec_montreal_le_cantlie_suites_hotel,2
Recommend a hotel that works well for reconnecting with old friends.,can_quebec_montreal_intercontinental_montreal,2
Recommend a hotel that works well for reconnecting with old friends.,can_montreal_intercontinental_montreal,2
Recommend a hotel that works well for reconnecting with old friends.,can_montreal_chateau_de_l_argoat,2
Recommend a hotel that works well for reconnecting with old friends.,can_quebec_montreal_chateau_de_l_argoat,2
Recommend a hotel that works well for reconnecting with old friends.,can_montreal_le_saint_sulpice,2
Recommend a hotel that works well for reconnecting with old friends.,can_quebec_montreal_le_saint_sulpice,2
Recommend a hotel that works well for reconnecting with old friends.,can_quebec_montreal_holiday_inn_express_montreal_centre_ville,2
Recommend a hotel that works well for reconnecting with old friends.,can_montreal_holiday_inn_express_montreal_centre_ville,2
Recommend a hotel that works well for reconnecting with old friends.,can_montreal_opus_hotel_montreal,2
Recommend a hotel that works well for reconnecting with old friends.,can_quebec_montreal_opus_hotel_montreal,2
Recommend a hotel that works well for reconnecting with old friends.,can_montreal_novotel_montreal_center,2
Recommend a hotel that works well for reconnecting with old friends.,can_quebec_montreal_novotel_montreal_center,2
Recommend a hotel that works well for reconnecting with old friends.,can_quebec_montreal_hotel_st_paul,2
Recommend a hotel that works well for reconnecting with old friends.,can_montreal_hotel_st_paul,2
Recommend a hotel that works well for reconnecting with old friends.,can_montreal_embassy_suites_montreal,2
Recommend a hotel that works well for reconnecting with old friends.,can_quebec_montreal_embassy_suites_montreal,2
Recommend a hotel that works well for reconnecting with old friends.,can_montreal_holiday_inn_montreal_midtown,1
Recommend a hotel that works well for reconnecting with old friends.,can_quebec_montreal_holiday_inn_montreal_midtown,1
Recommend a hotel that works well for reconnecting with old friends.,can_quebec_montreal_auberge_bonaparte,2
Recommend a hotel that works well for reconnecting with old friends.,can_montreal_auberge_bonaparte,2
Recommend a hotel that works well for reconnecting with old friends.,can_montreal_ritz_carlton_montreal,2
Recommend a hotel that works well for reconnecting with old friends.,can_quebec_montreal_ritz_carlton_montreal,2
Where should I stay that balances privacy and community?,can_montreal_le_square_phillips_hotel_suites,2
Where should I stay that balances privacy and community?,can_quebec_montreal_le_square_phillips_hotel_suites,2
Where should I stay that balances privacy and community?,can_quebec_montreal_loews_hotel_vogue,2
Where should I stay that balances privacy and community?,can_montreal_loews_hotel_vogue,2
Where should I stay that balances privacy and community?,can_montreal_w_montreal,2
Where should I stay that balances privacy and community?,can_quebec_montreal_w_montreal,2
Where should I stay that balances privacy and community?,can_quebec_montreal_hotel_gault,3
Where should I stay that balances privacy and community?,can_montreal_hotel_gault,2
Where should I stay that balances privacy and community?,can_montreal_sofitel_montreal,2
Where should I stay that balances privacy and community?,can_quebec_montreal_sofitel_montreal,2
Where should I stay that balances privacy and community?,can_montreal_residence_inn_by_marriott_montreal_downtown,2
Where should I stay that balances privacy and community?,can_quebec_montreal_residence_inn_by_marriott_montreal_downtown,2
Where should I stay that balances privacy and community?,can_quebec_montreal_hotel_omni_mont_royal,2
Where should I stay that balances privacy and community?,can_montreal_hotel_omni_mont_royal,2
Where should I stay that balances privacy and community?,can_quebec_montreal_sheraton_le_centre_montreal_hotel,1
Where should I stay that balances privacy and community?,can_montreal_sheraton_le_centre_montreal_hotel,1
Where should I stay that balances privacy and community?,can_montreal_marriott_chateau_champlain,1
Where should I stay that balances privacy and community?,can_quebec_montreal_marriott_chateau_champlain,1
Where should I stay that balances privacy and community?,can_montreal_hilton_montreal_bonaventure,2
Where should I stay that balances privacy and community?,can_quebec_montreal_hilton_montreal_bonaventure,2
Where should I stay that balances privacy and community?,can_montreal_le_cantlie_suites_hotel,2
Where should I stay that balances privacy and community?,can_quebec_montreal_le_cantlie_suites_hotel,2
Where should I stay that balances privacy and community?,can_quebec_montreal_hotel_nelligan,2
Where should I stay that balances privacy and community?,can_montreal_hotel_nelligan,2
Where should I stay that balances privacy and community?,can_montreal_hyatt_regency_montreal,2
Where should I stay that balances privacy and community?,can_quebec_montreal_hyatt_regency_montreal,2
Where should I stay that balances privacy and community?,can_quebec_montreal_hotel_st_paul,1
Where should I stay that balances privacy and community?,can_montreal_hotel_st_paul,1
Where should I stay that balances privacy and community?,can_quebec_montreal_springhill_suites_old_montreal,2
Where should I stay that balances privacy and community?,can_montreal_springhill_suites_old_montreal,2
Where should I stay that balances privacy and community?,can_montreal_le_saint_sulpice,2
Where should I stay that balances privacy and community?,can_quebec_montreal_le_saint_sulpice,2
Where should I stay that balances privacy and community?,can_quebec_montreal_intercontinental_montreal,2
Where should I stay that balances privacy and community?,can_montreal_intercontinental_montreal,2
Where should I stay that balances privacy and community?,can_quebec_montreal_holiday_inn_express_montreal_centre_ville,1
Where should I stay that balances privacy and community?,can_montreal_holiday_inn_express_montreal_centre_ville,1
Where should I stay that balances privacy and community?,can_montreal_chateau_de_l_argoat,2
Where should I stay that balances privacy and community?,can_quebec_montreal_chateau_de_l_argoat,2
Where should I stay that balances privacy and community?,can_quebec_montreal_le_place_d_armes_hotel_suites,2
Where should I stay that balances privacy and community?,can_montreal_le_place_d_armes_hotel_suites,2
Where should I stay that balances privacy and community?,can_quebec_montreal_delta_montreal_hotel,1
Where should I stay that balances privacy and community?,can_montreal_delta_montreal_hotel,1
Where should I stay that balances privacy and community?,can_quebec_montreal_auberge_du_vieux_port,2
Where should I stay that balances privacy and community?,can_montreal_auberge_du_vieux_port,2
Where should I stay that balances privacy and community?,can_montreal_fairmont_the_queen_elizabeth,2
Where should I stay that balances privacy and community?,can_quebec_montreal_fairmont_the_queen_elizabeth,1
Where should I stay that balances privacy and community?,can_montreal_delta_centre_ville,2
Where should I stay that balances privacy and community?,can_quebec_montreal_delta_centre_ville,1
Where should I stay that balances privacy and community?,can_quebec_montreal_hotel_du_fort,2
Where should I stay that balances privacy and community?,can_montreal_hotel_du_fort,1
Where should I stay that balances privacy and community?,can_montreal_hotel_xixe_siecle,2
Where should I stay that balances privacy and community?,can_quebec_montreal_hotel_xixe_siecle,2
Where should I stay that balances privacy and community?,can_montreal_opus_hotel_montreal,1
Where should I stay that balances privacy and community?,can_quebec_montreal_opus_hotel_montreal,1
Where should I stay that balances privacy and community?,can_montreal_ritz_carlton_montreal,1
Where should I stay that balances privacy and community?,can_quebec_montreal_ritz_carlton_montreal,2
Where should I stay that balances privacy and community?,can_montreal_embassy_suites_montreal,2
Where should I stay that balances privacy and community?,can_montreal_novotel_montreal_center,1
Where should I stay that balances privacy and community?,can_quebec_montreal_novotel_montreal_center,1
Where should I stay that balances privacy and community?,can_quebec_montreal_embassy_suites_montreal,2
Where should I stay that balances privacy and community?,can_montreal_holiday_inn_montreal_midtown,1
Where should I stay that balances privacy and community?,can_quebec_montreal_holiday_inn_montreal_midtown,1
Where should I stay that balances privacy and community?,can_quebec_montreal_auberge_bonaparte,2
Where should I stay that balances privacy and community?,can_montreal_auberge_bonaparte,2
What are the best hotels for writers seeking inspiration?,can_montreal_le_square_phillips_hotel_suites,1
What are the best hotels for writers seeking inspiration?,can_quebec_montreal_le_square_phillips_hotel_suites,2
What are the best hotels for writers seeking inspiration?,can_quebec_montreal_loews_hotel_vogue,1
What are the best hotels for writers seeking inspiration?,can_montreal_loews_hotel_vogue,1
What are the best hotels for writers seeking inspiration?,can_quebec_montreal_le_place_d_armes_hotel_suites,1
What are the best hotels for writers seeking inspiration?,can_montreal_le_place_d_armes_hotel_suites,1
What are the best hotels for writers seeking inspiration?,can_montreal_sofitel_montreal,1
What are the best hotels for writers seeking inspiration?,can_quebec_montreal_sofitel_montreal,1
What are the best hotels for writers seeking inspiration?,can_quebec_montreal_hotel_gault,2
What are the best hotels for writers seeking inspiration?,can_montreal_hotel_gault,2
What are the best hotels for writers seeking inspiration?,can_quebec_montreal_hotel_nelligan,2
What are the best hotels for writers seeking inspiration?,can_montreal_hotel_nelligan,2
What are the best hotels for writers seeking inspiration?,can_montreal_w_montreal,1
What are the best hotels for writers seeking inspiration?,can_quebec_montreal_w_montreal,1
What are the best hotels for writers seeking inspiration?,can_montreal_hilton_montreal_bonaventure,1
What are the best hotels for writers seeking inspiration?,can_quebec_montreal_hilton_montreal_bonaventure,1
What are the best hotels for writers seeking inspiration?,can_quebec_montreal_auberge_du_vieux_port,2
What are the best hotels for writers seeking inspiration?,can_montreal_auberge_du_vieux_port,1
What are the best hotels for writers seeking inspiration?,can_quebec_montreal_sheraton_le_centre_montreal_hotel,1
What are the best hotels for writers seeking inspiration?,can_montreal_sheraton_le_centre_montreal_hotel,0
What are the best hotels for writers seeking inspiration?,can_quebec_montreal_hotel_du_fort,1
What are the best hotels for writers seeking inspiration?,can_montreal_hotel_du_fort,1
What are the best hotels for writers seeking inspiration?,can_montreal_marriott_chateau_champlain,1
What are the best hotels for writers seeking inspiration?,can_quebec_montreal_marriott_chateau_champlain,1
What are the best hotels for writers seeking inspiration?,can_quebec_montreal_residence_inn_by_marriott_montreal_downtown,1
What are the best hotels for writers seeking inspiration?,can_montreal_residence_inn_by_marriott_montreal_downtown,1
What are the best hotels for writers seeking inspiration?,can_montreal_hotel_xixe_siecle,1
What are the best hotels for writers seeking inspiration?,can_quebec_montreal_hotel_xixe_siecle,1
What are the best hotels for writers seeking inspiration?,can_montreal_le_saint_sulpice,1
What are the best hotels for writers seeking inspiration?,can_quebec_montreal_le_saint_sulpice,2
What are the best hotels for writers seeking inspiration?,can_montreal_chateau_de_l_argoat,1
What are the best hotels for writers seeking inspiration?,can_quebec_montreal_chateau_de_l_argoat,1
What are the best hotels for writers seeking inspiration?,can_quebec_montreal_delta_montreal_hotel,1
What are the best hotels for writers seeking inspiration?,can_montreal_delta_montreal_hotel,1
What are the best hotels for writers seeking inspiration?,can_quebec_montreal_hotel_omni_mont_royal,1
What are the best hotels for writers seeking inspiration?,can_montreal_hotel_omni_mont_royal,1
What are the best hotels for writers seeking inspiration?,can_montreal_le_cantlie_suites_hotel,1
What are the best hotels for writers seeking inspiration?,can_quebec_montreal_le_cantlie_suites_hotel,1
What are the best hotels for writers seeking inspiration?,can_montreal_fairmont_the_queen_elizabeth,1
What are the best hotels for writers seeking inspiration?,can_quebec_montreal_fairmont_the_queen_elizabeth,1
What are the best hotels for writers seeking inspiration?,can_quebec_montreal_intercontinental_montreal,1
What are the best hotels for writers seeking inspiration?,can_montreal_intercontinental_montreal,1
What are the best hotels for writers seeking inspiration?,can_montreal_hyatt_regency_montreal,1
What are the best hotels for writers seeking inspiration?,can_quebec_montreal_hyatt_regency_montreal,1
What are the best hotels for writers seeking inspiration?,can_montreal_opus_hotel_montreal,1
What are the best hotels for writers seeking inspiration?,can_quebec_montreal_opus_hotel_montreal,1
What are the best hotels for writers seeking inspiration?,can_quebec_montreal_springhill_suites_old_montreal,1
What are the best hotels for writers seeking inspiration?,can_montreal_springhill_suites_old_montreal,1
What are the best hotels for writers seeking inspiration?,can_montreal_delta_centre_ville,1
What are the best hotels for writers seeking inspiration?,can_quebec_montreal_delta_centre_ville,1
What are the best hotels for writers seeking inspiration?,can_quebec_montreal_hotel_st_paul,1
What are the best hotels for writers seeking inspiration?,can_montreal_hotel_st_paul,1
What are the best hotels for writers seeking inspiration?,can_montreal_novotel_montreal_center,1
What are the best hotels for writers seeking inspiration?,can_quebec_montreal_novotel_montreal_center,0
What are the best hotels for writers seeking inspiration?,can_quebec_montreal_holiday_inn_express_montreal_centre_ville,0
What are the best hotels for writers seeking inspiration?,can_montreal_holiday_inn_express_montreal_centre_ville,1
What are the best hotels for writers seeking inspiration?,can_montreal_embassy_suites_montreal,1
What are the best hotels for writers seeking inspiration?,can_montreal_ritz_carlton_montreal,1
What are the best hotels for writers seeking inspiration?,can_quebec_montreal_ritz_carlton_montreal,1
What are the best hotels for writers seeking inspiration?,can_quebec_montreal_embassy_suites_montreal,0
What are the best hotels for writers seeking inspiration?,can_quebec_montreal_auberge_bonaparte,1
What are the best hotels for writers seeking inspiration?,can_montreal_auberge_bonaparte,1
What are the best hotels for writers seeking inspiration?,can_montreal_holiday_inn_montreal_midtown,1
What are the best hotels for writers seeking inspiration?,can_quebec_montreal_holiday_inn_montreal_midtown,1
Suggest a hotel where I can learn about indigenous culture respectfully.,can_quebec_montreal_hotel_nelligan,0
Suggest a hotel where I can learn about indigenous culture respectfully.,can_montreal_hotel_nelligan,0
Suggest a hotel where I can learn about indigenous culture respectfully.,can_quebec_montreal_le_place_d_armes_hotel_suites,0
Suggest a hotel where I can learn about indigenous culture respectfully.,can_montreal_le_place_d_armes_hotel_suites,0
Suggest a hotel where I can learn about indigenous culture respectfully.,can_quebec_montreal_auberge_du_vieux_port,0
Suggest a hotel where I can learn about indigenous culture respectfully.,can_montreal_auberge_du_vieux_port,0
Suggest a hotel where I can learn about indigenous culture respectfully.,can_montreal_le_square_phillips_hotel_suites,0
Suggest a hotel where I can learn about indigenous culture respectfully.,can_quebec_montreal_le_square_phillips_hotel_suites,0
Suggest a hotel where I can learn about indigenous culture respectfully.,can_montreal_w_montreal,0
Suggest a hotel where I can learn about indigenous culture respectfully.,can_quebec_montreal_w_montreal,0
Suggest a hotel where I can learn about indigenous culture respectfully.,can_montreal_fairmont_the_queen_elizabeth,0
Suggest a hotel where I can learn about indigenous culture respectfully.,can_quebec_montreal_fairmont_the_queen_elizabeth,0
Suggest a hotel where I can learn about indigenous culture respectfully.,can_quebec_montreal_hotel_gault,0
Suggest a hotel where I can learn about indigenous culture respectfully.,can_montreal_hotel_gault,0
Suggest a hotel where I can learn about indigenous culture respectfully.,can_quebec_montreal_residence_inn_by_marriott_montreal_downtown,0
Suggest a hotel where I can learn about indigenous culture respectfully.,can_montreal_residence_inn_by_marriott_montreal_downtown,0
Suggest a hotel where I can learn about indigenous culture respectfully.,can_quebec_montreal_hotel_du_fort,0
Suggest a hotel where I can learn about indigenous culture respectfully.,can_montreal_hotel_du_fort,0
Suggest a hotel where I can learn about indigenous culture respectfully.,can_montreal_sofitel_montreal,0
Suggest a hotel where I can learn about indigenous culture respectfully.,can_quebec_montreal_sofitel_montreal,0
Suggest a hotel where I can learn about indigenous culture respectfully.,can_montreal_opus_hotel_montreal,0
Suggest a hotel where I can learn about indigenous culture respectfully.,can_quebec_montreal_opus_hotel_montreal,0
Suggest a hotel where I can learn about indigenous culture respectfully.,can_montreal_le_saint_sulpice,0
Suggest a hotel where I can learn about indigenous culture respectfully.,can_quebec_montreal_le_saint_sulpice,0
Suggest a hotel where I can learn about indigenous culture respectfully.,can_quebec_montreal_auberge_bonaparte,0
Suggest a hotel where I can learn about indigenous culture respectfully.,can_montreal_auberge_bonaparte,0
Suggest a hotel where I can learn about indigenous culture respectfully.,can_quebec_montreal_intercontinental_montreal,0
Suggest a hotel where I can learn about indigenous culture respectfully.,can_montreal_intercontinental_montreal,0
Suggest a hotel where I can learn about indigenous culture respectfully.,can_quebec_montreal_loews_hotel_vogue,0
Suggest a hotel where I can learn about indigenous culture respectfully.,can_montreal_loews_hotel_vogue,0
Suggest a hotel where I can learn about indigenous culture respectfully.,can_montreal_chateau_de_l_argoat,0
Suggest a hotel where I can learn about indigenous culture respectfully.,can_quebec_montreal_chateau_de_l_argoat,0
Suggest a hotel where I can learn about indigenous culture respectfully.,can_montreal_hotel_xixe_siecle,0
Suggest a hotel where I can learn about indigenous culture respectfully.,can_quebec_montreal_hotel_xixe_siecle,0
Suggest a hotel where I can learn about indigenous culture respectfully.,can_montreal_hyatt_regency_montreal,0
Suggest a hotel where I can learn about indigenous culture respectfully.,can_quebec_montreal_hyatt_regency_montreal,0
Suggest a hotel where I can learn about indigenous culture respectfully.,can_montreal_delta_centre_ville,0
Suggest a hotel where I can learn about indigenous culture respectfully.,can_quebec_montreal_delta_centre_ville,0
Suggest a hotel where I can learn about indigenous culture respectfully.,can_quebec_montreal_holiday_inn_express_montreal_centre_ville,0
Suggest a hotel where I can learn about indigenous culture respectfully.,can_montreal_holiday_inn_express_montreal_centre_ville,0
Suggest a hotel where I can learn about indigenous culture respectfully.,can_montreal_embassy_suites_montreal,0
Suggest a hotel where I can learn about indigenous culture respectfully.,can_montreal_hilton_montreal_bonaventure,0
Suggest a hotel where I can learn about indigenous culture respectfully.,can_quebec_montreal_hilton_montreal_bonaventure,0
Suggest a hotel where I can learn about indigenous culture respectfully.,can_montreal_marriott_chateau_champlain,0
Suggest a hotel where I can learn about indigenous culture respectfully.,can_quebec_montreal_marriott_chateau_champlain,0
Suggest a hotel where I can learn about indigenous culture respectfully.,can_quebec_montreal_springhill_suites_old_montreal,0
Suggest a hotel where I can learn about indigenous culture respectfully.,can_montreal_springhill_suites_old_montreal,0
Suggest a hotel where I can learn about indigenous culture respectfully.,can_quebec_montreal_hotel_st_paul,0
Suggest a hotel where I can learn about indigenous culture respectfully.,can_montreal_hotel_st_paul,0
Suggest a hotel where I can learn about indigenous culture respectfully.,can_quebec_montreal_embassy_suites_montreal,0
Suggest a hotel where I can learn about indigenous culture respectfully.,can_montreal_ritz_carlton_montreal,0
Suggest a hotel where I can learn about indigenous culture respectfully.,can_quebec_montreal_ritz_carlton_montreal,0
Suggest a hotel where I can learn about indigenous culture respectfully.,can_quebec_montreal_sheraton_le_centre_montreal_hotel,0
Suggest a hotel where I can learn about indigenous culture respectfully.,can_montreal_sheraton_le_centre_montreal_hotel,0
Suggest a hotel where I can learn about indigenous culture respectfully.,can_quebec_montreal_hotel_omni_mont_royal,0
Suggest a hotel where I can learn about indigenous culture respectfully.,can_montreal_hotel_omni_mont_royal,0
Suggest a hotel where I can learn about indigenous culture respectfully.,can_montreal_le_cantlie_suites_hotel,0
Suggest a hotel where I can learn about indigenous culture respectfully.,can_quebec_montreal_le_cantlie_suites_hotel,0
Suggest a hotel where I can learn about indigenous culture respectfully.,can_quebec_montreal_delta_montreal_hotel,0
Suggest a hotel where I can learn about indigenous culture respectfully.,can_montreal_delta_montreal_hotel,0
Suggest a hotel where I can learn about indigenous culture respectfully.,can_montreal_novotel_montreal_center,0
Suggest a hotel where I can learn about indigenous culture respectfully.,can_quebec_montreal_novotel_montreal_center,0
Suggest a hotel where I can learn about indigenous culture respectfully.,can_montreal_holiday_inn_montreal_midtown,0
Suggest a hotel where I can learn about indigenous culture respectfully.,can_quebec_montreal_holiday_inn_montreal_midtown,0
Where can I stay that feels like living in an art installation?,can_quebec_montreal_loews_hotel_vogue,2
Where can I stay that feels like living in an art installation?,can_montreal_loews_hotel_vogue,3
Where can I stay that feels like living in an art installation?,can_montreal_le_square_phillips_hotel_suites,1
Where can I stay that feels like living in an art installation?,can_quebec_montreal_le_square_phillips_hotel_suites,1
Where can I stay that feels like living in an art installation?,can_quebec_montreal_hotel_gault,3
Where can I stay that feels like living in an art installation?,can_montreal_hotel_gault,3
Where can I stay that feels like living in an art installation?,can_montreal_sofitel_montreal,2
Where can I stay that feels like living in an art installation?,can_quebec_montreal_sofitel_montreal,3
Where can I stay that feels like living in an art installation?,can_montreal_w_montreal,3
Where can I stay that feels like living in an art installation?,can_quebec_montreal_w_montreal,3
Where can I stay that feels like living in an art installation?,can_quebec_montreal_le_place_d_armes_hotel_suites,2
Where can I stay that feels like living in an art installation?,can_montreal_le_place_d_armes_hotel_suites,2
Where can I stay that feels like living in an art installation?,can_quebec_montreal_hotel_nelligan,3
Where can I stay that feels like living in an art installation?,can_montreal_hotel_nelligan,3
Where can I stay that feels like living in an art installation?,can_montreal_hotel_xixe_siecle,2
Where can I stay that feels like living in an art installation?,can_quebec_montreal_hotel_xixe_siecle,3
Where can I stay that feels like living in an art installation?,can_quebec_montreal_auberge_du_vieux_port,2
Where can I stay that feels like living in an art installation?,can_montreal_auberge_du_vieux_port,2
Where can I stay that feels like living in an art installation?,can_montreal_residence_inn_by_marriott_montreal_downtown,0
Where can I stay that feels like living in an art installation?,can_quebec_montreal_residence_inn_by_marriott_montreal_downtown,0
Where can I stay that feels like living in an art installation?,can_montreal_opus_hotel_montreal,2
Where can I stay that feels like living in an art installation?,can_quebec_montreal_opus_hotel_montreal,2
Where can I stay that feels like living in an art installation?,can_montreal_hilton_montreal_bonaventure,2
Where can I stay that feels like living in an art installation?,can_quebec_montreal_hilton_montreal_bonaventure,2
Where can I stay that feels like living in an art installation?,can_montreal_hyatt_regency_montreal,1
Where can I stay that feels like living in an art installation?,can_quebec_montreal_hyatt_regency_montreal,1
Where can I stay that feels like living in an art installation?,can_quebec_montreal_sheraton_le_centre_montreal_hotel,1
Where can I stay that feels like living in an art installation?,can_montreal_sheraton_le_centre_montreal_hotel,0
Where can I stay that feels like living in an art installation?,can_quebec_montreal_hotel_omni_mont_royal,0
Where can I stay that feels like living in an art installation?,can_montreal_hotel_omni_mont_royal,1
Where can I stay that feels like living in an art installation?,can_quebec_montreal_intercontinental_montreal,1
Where can I stay that feels like living in an art installation?,can_montreal_intercontinental_montreal,0
Where can I stay that feels like living in an art installation?,can_montreal_chateau_de_l_argoat,2
Where can I stay that feels like living in an art installation?,can_quebec_montreal_chateau_de_l_argoat,2
Where can I stay that feels like living in an art installation?,can_montreal_le_cantlie_suites_hotel,1
Where can I stay that feels like living in an art installation?,can_quebec_montreal_le_cantlie_suites_hotel,0
Where can I stay that feels like living in an art installation?,can_montreal_le_saint_sulpice,2
Where can I stay that feels like living in an art installation?,can_quebec_montreal_le_saint_sulpice,2
Where can I stay that feels like living in an art installation?,can_montreal_marriott_chateau_champlain,2
Where can I stay that feels like living in an art installation?,can_quebec_montreal_marriott_chateau_champlain,1
Where can I stay that feels like living in an art installation?,can_quebec_montreal_hotel_st_paul,3
Where can I stay that feels like living in an art installation?,can_montreal_hotel_st_paul,3
Where can I stay that feels like living in an art installation?,can_quebec_montreal_hotel_du_fort,0
Where can I stay that feels like living in an art installation?,can_montreal_hotel_du_fort,0
Where can I stay that feels like living in an art installation?,can_montreal_fairmont_the_queen_elizabeth,1
Where can I stay that feels like living in an art installation?,can_quebec_montreal_fairmont_the_queen_elizabeth,1
Where can I stay that feels like living in an art installation?,can_montreal_ritz_carlton_montreal,1
Where can I stay that feels like living in an art installation?,can_quebec_montreal_ritz_carlton_montreal,1
Where can I stay that feels like living in an art installation?,can_quebec_montreal_delta_montreal_hotel,0
Where can I stay that feels like living in an art installation?,can_montreal_delta_montreal_hotel,0
Where can I stay that feels like living in an art installation?,can_montreal_embassy_suites_montreal,0
Where can I stay that feels like living in an art installation?,can_quebec_montreal_embassy_suites_montreal,1
Where can I stay that feels like living in an art installation?,can_quebec_montreal_holiday_inn_express_montreal_centre_ville,0
Where can I stay that feels like living in an art installation?,can_montreal_holiday_inn_express_montreal_centre_ville,0
Where can I stay that feels like living in an art installation?,can_montreal_delta_centre_ville,0
Where can I stay that feels like living in an art installation?,can_quebec_montreal_delta_centre_ville,0
Where can I stay that feels like living in an art installation?,can_montreal_novotel_montreal_center,0
Where can I stay that feels like living in an art installation?,can_quebec_montreal_novotel_montreal_center,0
Where can I stay that feels like living in an art installation?,can_montreal_holiday_inn_montreal_midtown,0
Where can I stay that feels like living in an art installation?,can_quebec_montreal_holiday_inn_montreal_midtown,0
Where can I stay that feels like living in an art installation?,can_quebec_montreal_springhill_suites_old_montreal,0
Where can I stay that feels like living in an art installation?,can_montreal_springhill_suites_old_montreal,0
Where can I stay that feels like living in an art installation?,can_quebec_montreal_auberge_bonaparte,1
Where can I stay that feels like living in an art installation?,can_montreal_auberge_bonaparte,1
Recommend a hotel with exceptional nighttime ambiance.,can_montreal_le_square_phillips_hotel_suites,1
Recommend a hotel with exceptional nighttime ambiance.,can_quebec_montreal_le_square_phillips_hotel_suites,1
Recommend a hotel with exceptional nighttime ambiance.,can_quebec_montreal_loews_hotel_vogue,2
Recommend a hotel with exceptional nighttime ambiance.,can_montreal_loews_hotel_vogue,2
Recommend a hotel with exceptional nighttime ambiance.,can_montreal_w_montreal,3
Recommend a hotel with exceptional nighttime ambiance.,can_quebec_montreal_w_montreal,3
Recommend a hotel with exceptional nighttime ambiance.,can_montreal_hilton_montreal_bonaventure,3
Recommend a hotel with exceptional nighttime ambiance.,can_quebec_montreal_hilton_montreal_bonaventure,2
Recommend a hotel with exceptional nighttime ambiance.,can_quebec_montreal_le_place_d_armes_hotel_suites,2
Recommend a hotel with exceptional nighttime ambiance.,can_montreal_le_place_d_armes_hotel_suites,2
Recommend a hotel with exceptional nighttime ambiance.,can_quebec_montreal_hotel_nelligan,3
Recommend a hotel with exceptional nighttime ambiance.,can_montreal_hotel_nelligan,3
Recommend a hotel with exceptional nighttime ambiance.,can_montreal_sofitel_montreal,2
Recommend a hotel with exceptional nighttime ambiance.,can_quebec_montreal_sofitel_montreal,3
Recommend a hotel with exceptional nighttime ambiance.,can_montreal_hyatt_regency_montreal,1
Recommend a hotel with exceptional nighttime ambiance.,can_quebec_montreal_hyatt_regency_montreal,1
Recommend a hotel with exceptional nighttime ambiance.,can_quebec_montreal_auberge_du_vieux_port,2
Recommend a hotel with exceptional nighttime ambiance.,can_montreal_auberge_du_vieux_port,2
Recommend a hotel with exceptional nighttime ambiance.,can_montreal_marriott_chateau_champlain,1
Recommend a hotel with exceptional nighttime ambiance.,can_quebec_montreal_marriott_chateau_champlain,1
Recommend a hotel with exceptional nighttime ambiance.,can_quebec_montreal_hotel_gault,2
Recommend a hotel with exceptional nighttime ambiance.,can_montreal_hotel_gault,2
Recommend a hotel with exceptional nighttime ambiance.,can_quebec_montreal_hotel_omni_mont_royal,1
Recommend a hotel with exceptional nighttime ambiance.,can_montreal_hotel_omni_mont_royal,1
Recommend a hotel with exceptional nighttime ambiance.,can_quebec_montreal_residence_inn_by_marriott_montreal_downtown,1
Recommend a hotel with exceptional nighttime ambiance.,can_montreal_residence_inn_by_marriott_montreal_downtown,1
Recommend a hotel with exceptional nighttime ambiance.,can_quebec_montreal_sheraton_le_centre_montreal_hotel,0
Recommend a hotel with exceptional nighttime ambiance.,can_montreal_sheraton_le_centre_montreal_hotel,1
Recommend a hotel with exceptional nighttime ambiance.,can_montreal_opus_hotel_montreal,2
Recommend a hotel with exceptional nighttime ambiance.,can_quebec_montreal_opus_hotel_montreal,2
Recommend a hotel with exceptional nighttime ambiance.,can_quebec_montreal_hotel_st_paul,2
Recommend a hotel with exceptional nighttime ambiance.,can_montreal_hotel_st_paul,2
Recommend a hotel with exceptional nighttime ambiance.,can_montreal_le_cantlie_suites_hotel,1
Recommend a hotel with exceptional nighttime ambiance.,can_quebec_montreal_le_cantlie_suites_hotel,2
Recommend a hotel with exceptional nighttime ambiance.,can_quebec_montreal_delta_montreal_hotel,0
Recommend a hotel with exceptional nighttime ambiance.,can_montreal_delta_montreal_hotel,0
Recommend a hotel with exceptional nighttime ambiance.,can_montreal_hotel_xixe_siecle,1
Recommend a hotel with exceptional nighttime ambiance.,can_quebec_montreal_hotel_xixe_siecle,2
Recommend a hotel with exceptional nighttime ambiance.,can_montreal_delta_centre_ville,2
Recommend a hotel with exceptional nighttime ambiance.,can_quebec_montreal_delta_centre_ville,1
Recommend a hotel with exceptional nighttime ambiance.,can_montreal_le_saint_sulpice,2
Recommend a hotel with exceptional nighttime ambiance.,can_quebec_montreal_le_saint_sulpice,2
Recommend a hotel with exceptional nighttime ambiance.,can_quebec_montreal_intercontinental_montreal,1
Recommend a hotel with exceptional nighttime ambiance.,can_montreal_intercontinental_montreal,1
Recommend a hotel with exceptional nighttime ambiance.,can_quebec_montreal_springhill_suites_old_montreal,1
Recommend a hotel with exceptional nighttime ambiance.,can_montreal_springhill_suites_old_montreal,1
Recommend a hotel with exceptional nighttime ambiance.,can_quebec_montreal_hotel_du_fort,2
Recommend a hotel with exceptional nighttime ambiance.,can_montreal_hotel_du_fort,2
Recommend a hotel with exceptional nighttime ambiance.,can_montreal_fairmont_the_queen_elizabeth,1
Recommend a hotel with exceptional nighttime ambiance.,can_quebec_montreal_fairmont_the_queen_elizabeth,1
Recommend a hotel with exceptional nighttime ambiance.,can_montreal_novotel_montreal_center,1
Recommend a hotel with exceptional nighttime ambiance.,can_quebec_montreal_novotel_montreal_center,1
Recommend a hotel with exceptional nighttime ambiance.,can_quebec_montreal_holiday_inn_express_montreal_centre_ville,0
Recommend a hotel with exceptional nighttime ambiance.,can_montreal_holiday_inn_express_montreal_centre_ville,0
Recommend a hotel with exceptional nighttime ambiance.,can_montreal_chateau_de_l_argoat,3
Recommend a hotel with exceptional nighttime ambiance.,can_quebec_montreal_chateau_de_l_argoat,3
Recommend a hotel with exceptional nighttime ambiance.,can_montreal_embassy_suites_montreal,0
Recommend a hotel with exceptional nighttime ambiance.,can_quebec_montreal_embassy_suites_montreal,1
Recommend a hotel with exceptional nighttime ambiance.,can_montreal_holiday_inn_montreal_midtown,0
Recommend a hotel with exceptional nighttime ambiance.,can_quebec_montreal_holiday_inn_montreal_midtown,0
Recommend a hotel with exceptional nighttime ambiance.,can_montreal_ritz_carlton_montreal,2
Recommend a hotel with exceptional nighttime ambiance.,can_quebec_montreal_ritz_carlton_montreal,2
Recommend a hotel with exceptional nighttime ambiance.,can_quebec_montreal_auberge_bonaparte,2
Recommend a hotel with exceptional nighttime ambiance.,can_montreal_auberge_bonaparte,2
Where should I stay to experience the best seasonal foods?,can_montreal_le_square_phillips_hotel_suites,1
Where should I stay to experience the best seasonal foods?,can_quebec_montreal_le_square_phillips_hotel_suites,1
Where should I stay to experience the best seasonal foods?,can_quebec_montreal_residence_inn_by_marriott_montreal_downtown,1
Where should I stay to experience the best seasonal foods?,can_montreal_residence_inn_by_marriott_montreal_downtown,1
Where should I stay to experience the best seasonal foods?,can_quebec_montreal_hotel_nelligan,2
Where should I stay to experience the best seasonal foods?,can_montreal_hotel_nelligan,1
Where should I stay to experience the best seasonal foods?,can_montreal_le_saint_sulpice,2
Where should I stay to experience the best seasonal foods?,can_quebec_montreal_le_saint_sulpice,2
Where should I stay to experience the best seasonal foods?,can_quebec_montreal_le_place_d_armes_hotel_suites,2
Where should I stay to experience the best seasonal foods?,can_montreal_le_place_d_armes_hotel_suites,1
Where should I stay to experience the best seasonal foods?,can_quebec_montreal_auberge_du_vieux_port,2
Where should I stay to experience the best seasonal foods?,can_montreal_auberge_du_vieux_port,2
Where should I stay to experience the best seasonal foods?,can_quebec_montreal_springhill_suites_old_montreal,1
Where should I stay to experience the best seasonal foods?,can_montreal_springhill_suites_old_montreal,1
Where should I stay to experience the best seasonal foods?,can_quebec_montreal_hotel_du_fort,1
Where should I stay to experience the best seasonal foods?,can_montreal_hotel_du_fort,1
Where should I stay to experience the best seasonal foods?,can_quebec_montreal_holiday_inn_express_montreal_centre_ville,0
Where should I stay to experience the best seasonal foods?,can_montreal_holiday_inn_express_montreal_centre_ville,0
Where should I stay to experience the best seasonal foods?,can_montreal_chateau_de_l_argoat,2
Where should I stay to experience the best seasonal foods?,can_quebec_montreal_chateau_de_l_argoat,2
Where should I stay to experience the best seasonal foods?,can_quebec_montreal_hotel_gault,1
Where should I stay to experience the best seasonal foods?,can_montreal_hotel_gault,2
Where should I stay to experience the best seasonal foods?,can_montreal_sofitel_montreal,2
Where should I stay to experience the best seasonal foods?,can_quebec_montreal_sofitel_montreal,1
Where should I stay to experience the best seasonal foods?,can_montreal_marriott_chateau_champlain,0
Where should I stay to experience the best seasonal foods?,can_quebec_montreal_marriott_chateau_champlain,0
Where should I stay to experience the best seasonal foods?,can_montreal_fairmont_the_queen_elizabeth,1
Where should I stay to experience the best seasonal foods?,can_quebec_montreal_fairmont_the_queen_elizabeth,2
Where should I stay to experience the best seasonal foods?,can_quebec_montreal_loews_hotel_vogue,2
Where should I stay to experience the best seasonal foods?,can_montreal_loews_hotel_vogue,1
Where should I stay to experience the best seasonal foods?,can_montreal_embassy_suites_montreal,1
Where should I stay to experience the best seasonal foods?,can_quebec_montreal_auberge_bonaparte,3
Where should I stay to experience the best seasonal foods?,can_montreal_auberge_bonaparte,3
Where should I stay to experience the best seasonal foods?,can_quebec_montreal_embassy_suites_montreal,1
Where should I stay to experience the best seasonal foods?,can_quebec_montreal_sheraton_le_centre_montreal_hotel,1
Where should I stay to experience the best seasonal foods?,can_montreal_sheraton_le_centre_montreal_hotel,2
Where should I stay to experience the best seasonal foods?,can_montreal_hotel_xixe_siecle,2
Where should I stay to experience the best seasonal foods?,can_quebec_montreal_hotel_xixe_siecle,1
Where should I stay to experience the best seasonal foods?,can_quebec_montreal_hotel_st_paul,2
Where should I stay to experience the best seasonal foods?,can_montreal_hotel_st_paul,2
Where should I stay to experience the best seasonal foods?,can_montreal_hilton_montreal_bonaventure,2
Where should I stay to experience the best seasonal foods?,can_quebec_montreal_hilton_montreal_bonaventure,2
Where should I stay to experience the best seasonal foods?,can_montreal_w_montreal,1
Where should I stay to experience the best seasonal foods?,can_quebec_montreal_w_montreal,1
Where should I stay to experience the best seasonal foods?,can_montreal_le_cantlie_suites_hotel,0
Where should I stay to experience the best seasonal foods?,can_quebec_montreal_le_cantlie_suites_hotel,1
Where should I stay to experience the best seasonal foods?,can_quebec_montreal_intercontinental_montreal,1
Where should I stay to experience the best seasonal foods?,can_montreal_intercontinental_montreal,1
Where should I stay to experience the best seasonal foods?,can_quebec_montreal_hotel_omni_mont_royal,1
Where should I stay to experience the best seasonal foods?,can_montreal_hotel_omni_mont_royal,1
Where should I stay to experience the best seasonal foods?,can_quebec_montreal_delta_montreal_hotel,1
Where should I stay to experience the best seasonal foods?,can_montreal_delta_montreal_hotel,0
Where should I stay to experience the best seasonal foods?,can_montreal_novotel_montreal_center,1
Where should I stay to experience the best seasonal foods?,can_quebec_montreal_novotel_montreal_center,1
Where should I stay to experience the best seasonal foods?,can_montreal_opus_hotel_montreal,1
Where should I stay to experience the best seasonal foods?,can_quebec_montreal_opus_hotel_montreal,1
Where should I stay to experience the best seasonal foods?,can_montreal_delta_centre_ville,1
Where should I stay to experience the best seasonal foods?,can_quebec_montreal_delta_centre_ville,1
Where should I stay to experience the best seasonal foods?,can_montreal_hyatt_regency_montreal,1
Where should I stay to experience the best seasonal foods?,can_quebec_montreal_hyatt_regency_montreal,2
Where should I stay to experience the best seasonal foods?,can_montreal_holiday_inn_montreal_midtown,1
Where should I stay to experience the best seasonal foods?,can_quebec_montreal_holiday_inn_montreal_midtown,1
Where should I stay to experience the best seasonal foods?,can_montreal_ritz_carlton_montreal,2
Where should I stay to experience the best seasonal foods?,can_quebec_montreal_ritz_carlton_montreal,1
What hotels have the most impressive adaptive reuse of historic buildings?,can_montreal_le_square_phillips_hotel_suites,1
What hotels have the most impressive adaptive reuse of historic buildings?,can_quebec_montreal_le_square_phillips_hotel_suites,1
What hotels have the most impressive adaptive reuse of historic buildings?,can_quebec_montreal_hotel_gault,2
What hotels have the most impressive adaptive reuse of historic buildings?,can_montreal_hotel_gault,1
What hotels have the most impressive adaptive reuse of historic buildings?,can_quebec_montreal_loews_hotel_vogue,0
What hotels have the most impressive adaptive reuse of historic buildings?,can_montreal_loews_hotel_vogue,0
What hotels have the most impressive adaptive reuse of historic buildings?,can_montreal_w_montreal,2
What hotels have the most impressive adaptive reuse of historic buildings?,can_quebec_montreal_w_montreal,2
What hotels have the most impressive adaptive reuse of historic buildings?,can_montreal_hilton_montreal_bonaventure,2
What hotels have the most impressive adaptive reuse of historic buildings?,can_quebec_montreal_hilton_montreal_bonaventure,1
What hotels have the most impressive adaptive reuse of historic buildings?,can_quebec_montreal_le_place_d_armes_hotel_suites,2
What hotels have the most impressive adaptive reuse of historic buildings?,can_montreal_le_place_d_armes_hotel_suites,2
What hotels have the most impressive adaptive reuse of historic buildings?,can_quebec_montreal_hotel_nelligan,3
What hotels have the most impressive adaptive reuse of historic buildings?,can_montreal_hotel_nelligan,3
What hotels have the most impressive adaptive reuse of historic buildings?,can_montreal_sofitel_montreal,0
What hotels have the most impressive adaptive reuse of historic buildings?,can_quebec_montreal_sofitel_montreal,0
What hotels have the most impressive adaptive reuse of historic buildings?,can_quebec_montreal_sheraton_le_centre_montreal_hotel,0
What hotels have the most impressive adaptive reuse of historic buildings?,can_montreal_sheraton_le_centre_montreal_hotel,0
What hotels have the most impressive adaptive reuse of historic buildings?,can_montreal_marriott_chateau_champlain,2
What hotels have the most impressive adaptive reuse of historic buildings?,can_quebec_montreal_marriott_chateau_champlain,2
What hotels have the most impressive adaptive reuse of historic buildings?,can_quebec_montreal_hotel_st_paul,2
What hotels have the most impressive adaptive reuse of historic buildings?,can_montreal_hotel_st_paul,1
What hotels have the most impressive adaptive reuse of historic buildings?,can_quebec_montreal_hotel_omni_mont_royal,0
What hotels have the most impressive adaptive reuse of historic buildings?,can_montreal_hotel_omni_mont_royal,0
What hotels have the most impressive adaptive reuse of historic buildings?,can_montreal_hyatt_regency_montreal,0
What hotels have the most impressive adaptive reuse of historic buildings?,can_quebec_montreal_hyatt_regency_montreal,0
What hotels have the most impressive adaptive reuse of historic buildings?,can_montreal_residence_inn_by_marriott_montreal_downtown,0
What hotels have the most impressive adaptive reuse of historic buildings?,can_quebec_montreal_residence_inn_by_marriott_montreal_downtown,0
What hotels have the most impressive adaptive reuse of historic buildings?,can_montreal_hotel_xixe_siecle,2
What hotels have the most impressive adaptive reuse of historic buildings?,can_quebec_montreal_hotel_xixe_siecle,2
What hotels have the most impressive adaptive reuse of historic buildings?,can_quebec_montreal_auberge_du_vieux_port,3
What hotels have the most impressive adaptive reuse of historic buildings?,can_montreal_auberge_du_vieux_port,3
What hotels have the most impressive adaptive reuse of historic buildings?,can_montreal_ritz_carlton_montreal,2
What hotels have the most impressive adaptive reuse of historic buildings?,can_quebec_montreal_ritz_carlton_montreal,2
What hotels have the most impressive adaptive reuse of historic buildings?,can_montreal_le_saint_sulpice,2
What hotels have the most impressive adaptive reuse of historic buildings?,can_quebec_montreal_le_saint_sulpice,2
What hotels have the most impressive adaptive reuse of historic buildings?,can_montreal_le_cantlie_suites_hotel,0
What hotels have the most impressive adaptive reuse of historic buildings?,can_quebec_montreal_le_cantlie_suites_hotel,0
What hotels have the most impressive adaptive reuse of historic buildings?,can_quebec_montreal_delta_montreal_hotel,0
What hotels have the most impressive adaptive reuse of historic buildings?,can_montreal_delta_montreal_hotel,0
What hotels have the most impressive adaptive reuse of historic buildings?,can_quebec_montreal_intercontinental_montreal,1
What hotels have the most impressive adaptive reuse of historic buildings?,can_montreal_intercontinental_montreal,0
What hotels have the most impressive adaptive reuse of historic buildings?,can_montreal_embassy_suites_montreal,0
What hotels have the most impressive adaptive reuse of historic buildings?,can_quebec_montreal_embassy_suites_montreal,0
What hotels have the most impressive adaptive reuse of historic buildings?,can_montreal_fairmont_the_queen_elizabeth,2
What hotels have the most impressive adaptive reuse of historic buildings?,can_quebec_montreal_fairmont_the_queen_elizabeth,2
What hotels have the most impressive adaptive reuse of historic buildings?,can_montreal_opus_hotel_montreal,0
What hotels have the most impressive adaptive reuse of historic buildings?,can_quebec_montreal_opus_hotel_montreal,0
What hotels have the most impressive adaptive reuse of historic buildings?,can_montreal_delta_centre_ville,0
What hotels have the most impressive adaptive reuse of historic buildings?,can_quebec_montreal_delta_centre_ville,0
What hotels have the most impressive adaptive reuse of historic buildings?,can_montreal_novotel_montreal_center,0
What hotels have the most impressive adaptive reuse of historic buildings?,can_quebec_montreal_novotel_montreal_center,0
What hotels have the most impressive adaptive reuse of historic buildings?,can_quebec_montreal_holiday_inn_express_montreal_centre_ville,0
What hotels have the most impressive adaptive reuse of historic buildings?,can_montreal_holiday_inn_express_montreal_centre_ville,0
What hotels have the most impressive adaptive reuse of historic buildings?,can_montreal_chateau_de_l_argoat,1
What hotels have the most impressive adaptive reuse of historic buildings?,can_quebec_montreal_chateau_de_l_argoat,0
What hotels have the most impressive adaptive reuse of historic buildings?,can_quebec_montreal_hotel_du_fort,0
What hotels have the most impressive adaptive reuse of historic buildings?,can_montreal_hotel_du_fort,0
What hotels have the most impressive adaptive reuse of historic buildings?,can_quebec_montreal_springhill_suites_old_montreal,2
What hotels have the most impressive adaptive reuse of historic buildings?,can_montreal_springhill_suites_old_montreal,2
What hotels have the most impressive adaptive reuse of historic buildings?,can_montreal_holiday_inn_montreal_midtown,0
What hotels have the most impressive adaptive reuse of historic buildings?,can_quebec_montreal_holiday_inn_montreal_midtown,0
What hotels have the most impressive adaptive reuse of historic buildings?,can_quebec_montreal_auberge_bonaparte,2
What hotels have the most impressive adaptive reuse of historic buildings?,can_montreal_auberge_bonaparte,2
Where can I find a hotel with year-round outdoor activities?,can_montreal_le_square_phillips_hotel_suites,1
Where can I find a hotel with year-round outdoor activities?,can_quebec_montreal_le_square_phillips_hotel_suites,0
Where can I find a hotel with year-round outdoor activities?,can_quebec_montreal_hotel_omni_mont_royal,2
Where can I find a hotel with year-round outdoor activities?,can_montreal_hotel_omni_mont_royal,2
Where can I find a hotel with year-round outdoor activities?,can_montreal_hilton_montreal_bonaventure,3
Where can I find a hotel with year-round outdoor activities?,can_quebec_montreal_hilton_montreal_bonaventure,3
Where can I find a hotel with year-round outdoor activities?,can_quebec_montreal_sheraton_le_centre_montreal_hotel,0
Where can I find a hotel with year-round outdoor activities?,can_montreal_sheraton_le_centre_montreal_hotel,0
Where can I find a hotel with year-round outdoor activities?,can_montreal_marriott_chateau_champlain,0
Where can I find a hotel with year-round outdoor activities?,can_quebec_montreal_marriott_chateau_champlain,0
Where can I find a hotel with year-round outdoor activities?,can_montreal_fairmont_the_queen_elizabeth,0
Where can I find a hotel with year-round outdoor activities?,can_quebec_montreal_fairmont_the_queen_elizabeth,0
Where can I find a hotel with year-round outdoor activities?,can_quebec_montreal_loews_hotel_vogue,0
Where can I find a hotel with year-round outdoor activities?,can_montreal_loews_hotel_vogue,0
Where can I find a hotel with year-round outdoor activities?,can_montreal_w_montreal,0
Where can I find a hotel with year-round outdoor activities?,can_quebec_montreal_w_montreal,0
Where can I find a hotel with year-round outdoor activities?,can_quebec_montreal_le_place_d_armes_hotel_suites,0
Where can I find a hotel with year-round outdoor activities?,can_montreal_le_place_d_armes_hotel_suites,0
Where can I find a hotel with year-round outdoor activities?,can_quebec_montreal_springhill_suites_old_montreal,0
Where can I find a hotel with year-round outdoor activities?,can_montreal_springhill_suites_old_montreal,0
Where can I find a hotel with year-round outdoor activities?,can_quebec_montreal_residence_inn_by_marriott_montreal_downtown,0
Where can I find a hotel with year-round outdoor activities?,can_montreal_residence_inn_by_marriott_montreal_downtown,1
Where can I find a hotel with year-round outdoor activities?,can_montreal_hyatt_regency_montreal,1
Where can I find a hotel with year-round outdoor activities?,can_quebec_montreal_hyatt_regency_montreal,1
Where can I find a hotel with year-round outdoor activities?,can_quebec_montreal_hotel_nelligan,0
Where can I find a hotel with year-round outdoor activities?,can_montreal_hotel_nelligan,0
Where can I find a hotel with year-round outdoor activities?,can_quebec_montreal_intercontinental_montreal,0
Where can I find a hotel with year-round outdoor activities?,can_montreal_intercontinental_montreal,0
Where can I find a hotel with year-round outdoor activities?,can_quebec_montreal_delta_montreal_hotel,0
Where can I find a hotel with year-round outdoor activities?,can_montreal_delta_montreal_hotel,0
Where can I find a hotel with year-round outdoor activities?,can_montreal_sofitel_montreal,0
Where can I find a hotel with year-round outdoor activities?,can_quebec_montreal_sofitel_montreal,0
Where can I find a hotel with year-round outdoor activities?,can_montreal_delta_centre_ville,0
Where can I find a hotel with year-round outdoor activities?,can_quebec_montreal_delta_centre_ville,0
Where can I find a hotel with year-round outdoor activities?,can_quebec_montreal_hotel_du_fort,0
Where can I find a hotel with year-round outdoor activities?,can_montreal_hotel_du_fort,0
Where can I find a hotel with year-round outdoor activities?,can_quebec_montreal_holiday_inn_express_montreal_centre_ville,0
Where can I find a hotel with year-round outdoor activities?,can_montreal_holiday_inn_express_montreal_centre_ville,0
Where can I find a hotel with year-round outdoor activities?,can_quebec_montreal_hotel_gault,0
Where can I find a hotel with year-round outdoor activities?,can_montreal_hotel_gault,0
Where can I find a hotel with year-round outdoor activities?,can_quebec_montreal_auberge_du_vieux_port,0
Where can I find a hotel with year-round outdoor activities?,can_montreal_auberge_du_vieux_port,0
Where can I find a hotel with year-round outdoor activities?,can_montreal_chateau_de_l_argoat,0
Where can I find a hotel with year-round outdoor activities?,can_quebec_montreal_chateau_de_l_argoat,0
Where can I find a hotel with year-round outdoor activities?,can_montreal_le_saint_sulpice,0
Where can I find a hotel with year-round outdoor activities?,can_quebec_montreal_le_saint_sulpice,0
Where can I find a hotel with year-round outdoor activities?,can_montreal_le_cantlie_suites_hotel,0
Where can I find a hotel with year-round outdoor activities?,can_quebec_montreal_le_cantlie_suites_hotel,0
Where can I find a hotel with year-round outdoor activities?,can_montreal_hotel_xixe_siecle,0
Where can I find a hotel with year-round outdoor activities?,can_quebec_montreal_hotel_xixe_siecle,0
Where can I find a hotel with year-round outdoor activities?,can_montreal_novotel_montreal_center,0
Where can I find a hotel with year-round outdoor activities?,can_quebec_montreal_novotel_montreal_center,0
Where can I find a hotel with year-round outdoor activities?,can_montreal_opus_hotel_montreal,0
Where can I find a hotel with year-round outdoor activities?,can_quebec_montreal_opus_hotel_montreal,0
Where can I find a hotel with year-round outdoor activities?,can_montreal_embassy_suites_montreal,0
Where can I find a hotel with year-round outdoor activities?,can_quebec_montreal_hotel_st_paul,0
Where can I find a hotel with year-round outdoor activities?,can_montreal_hotel_st_paul,0
Where can I find a hotel with year-round outdoor activities?,can_quebec_montreal_embassy_suites_montreal,0
Where can I find a hotel with year-round outdoor activities?,can_montreal_holiday_inn_montreal_midtown,0
Where can I find a hotel with year-round outdoor activities?,can_quebec_montreal_holiday_inn_montreal_midtown,0
Where can I find a hotel with year-round outdoor activities?,can_quebec_montreal_auberge_bonaparte,0
Where can I find a hotel with year-round outdoor activities?,can_montreal_auberge_bonaparte,0
Where can I find a hotel with year-round outdoor activities?,can_montreal_ritz_carlton_montreal,0
Where can I find a hotel with year-round outdoor activities?,can_quebec_montreal_ritz_carlton_montreal,0
Suggest a hotel that celebrates local music traditions.,can_quebec_montreal_hotel_nelligan,0
Suggest a hotel that celebrates local music traditions.,can_montreal_hotel_nelligan,0
Suggest a hotel that celebrates local music traditions.,can_quebec_montreal_loews_hotel_vogue,0
Suggest a hotel that celebrates local music traditions.,can_montreal_loews_hotel_vogue,0
Suggest a hotel that celebrates local music traditions.,can_montreal_opus_hotel_montreal,0
Suggest a hotel that celebrates local music traditions.,can_quebec_montreal_opus_hotel_montreal,0
Suggest a hotel that celebrates local music traditions.,can_quebec_montreal_le_place_d_armes_hotel_suites,0
Suggest a hotel that celebrates local music traditions.,can_montreal_le_place_d_armes_hotel_suites,0
Suggest a hotel that celebrates local music traditions.,can_montreal_le_square_phillips_hotel_suites,0
Suggest a hotel that celebrates local music traditions.,can_quebec_montreal_le_square_phillips_hotel_suites,0
Suggest a hotel that celebrates local music traditions.,can_montreal_w_montreal,0
Suggest a hotel that celebrates local music traditions.,can_quebec_montreal_w_montreal,0
Suggest a hotel that celebrates local music traditions.,can_quebec_montreal_auberge_du_vieux_port,2
Suggest a hotel that celebrates local music traditions.,can_montreal_auberge_du_vieux_port,2
Suggest a hotel that celebrates local music traditions.,can_quebec_montreal_residence_inn_by_marriott_montreal_downtown,0
Suggest a hotel that celebrates local music traditions.,can_montreal_residence_inn_by_marriott_montreal_downtown,0
Suggest a hotel that celebrates local music traditions.,can_montreal_sofitel_montreal,0
Suggest a hotel that celebrates local music traditions.,can_quebec_montreal_sofitel_montreal,0
Suggest a hotel that celebrates local music traditions.,can_quebec_montreal_hotel_gault,0
Suggest a hotel that celebrates local music traditions.,can_montreal_hotel_gault,0
Suggest a hotel that celebrates local music traditions.,can_quebec_montreal_hotel_st_paul,0
Suggest a hotel that celebrates local music traditions.,can_montreal_hotel_st_paul,0
Suggest a hotel that celebrates local music traditions.,can_montreal_hilton_montreal_bonaventure,0
Suggest a hotel that celebrates local music traditions.,can_quebec_montreal_hilton_montreal_bonaventure,0
Suggest a hotel that celebrates local music traditions.,can_montreal_delta_centre_ville,0
Suggest a hotel that celebrates local music traditions.,can_quebec_montreal_delta_centre_ville,0
Suggest a hotel that celebrates local music traditions.,can_montreal_hyatt_regency_montreal,2
Suggest a hotel that celebrates local music traditions.,can_quebec_montreal_hyatt_regency_montreal,0
Suggest a hotel that celebrates local music traditions.,can_quebec_montreal_sheraton_le_centre_montreal_hotel,0
Suggest a hotel that celebrates local music traditions.,can_montreal_sheraton_le_centre_montreal_hotel,0
Suggest a hotel that celebrates local music traditions.,can_quebec_montreal_delta_montreal_hotel,0
Suggest a hotel that celebrates local music traditions.,can_montreal_delta_montreal_hotel,0
Suggest a hotel that celebrates local music traditions.,can_montreal_fairmont_the_queen_elizabeth,1
Suggest a hotel that celebrates local music traditions.,can_quebec_montreal_fairmont_the_queen_elizabeth,0
Suggest a hotel that celebrates local music traditions.,can_montreal_le_saint_sulpice,0
Suggest a hotel that celebrates local music traditions.,can_quebec_montreal_le_saint_sulpice,0
Suggest a hotel that celebrates local music traditions.,can_quebec_montreal_hotel_du_fort,2
Suggest a hotel that celebrates local music traditions.,can_montreal_hotel_du_fort,2
Suggest a hotel that celebrates local music traditions.,can_montreal_le_cantlie_suites_hotel,0
Suggest a hotel that celebrates local music traditions.,can_quebec_montreal_le_cantlie_suites_hotel,0
Suggest a hotel that celebrates local music traditions.,can_montreal_marriott_chateau_champlain,0
Suggest a hotel that celebrates local music traditions.,can_quebec_montreal_marriott_chateau_champlain,0
Suggest a hotel that celebrates local music traditions.,can_montreal_hotel_xixe_siecle,0
Suggest a hotel that celebrates local music traditions.,can_quebec_montreal_hotel_xixe_siecle,0
Suggest a hotel that celebrates local music traditions.,can_quebec_montreal_holiday_inn_express_montreal_centre_ville,0
Suggest a hotel that celebrates local music traditions.,can_montreal_holiday_inn_express_montreal_centre_ville,0
Suggest a hotel that celebrates local music traditions.,can_quebec_montreal_intercontinental_montreal,0
Suggest a hotel that celebrates local music traditions.,can_montreal_intercontinental_montreal,0
Suggest a hotel that celebrates local music traditions.,can_montreal_ritz_carlton_montreal,0
Suggest a hotel that celebrates local music traditions.,can_quebec_montreal_ritz_carlton_montreal,0
Suggest a hotel that celebrates local music traditions.,can_quebec_montreal_hotel_omni_mont_royal,0
Suggest a hotel that celebrates local music traditions.,can_montreal_hotel_omni_mont_royal,0
Suggest a hotel that celebrates local music traditions.,can_quebec_montreal_springhill_suites_old_montreal,0
Suggest a hotel that celebrates local music traditions.,can_montreal_springhill_suites_old_montreal,0
Suggest a hotel that celebrates local music traditions.,can_montreal_chateau_de_l_argoat,0
Suggest a hotel that celebrates local music traditions.,can_quebec_montreal_chateau_de_l_argoat,0
Suggest a hotel that celebrates local music traditions.,can_montreal_novotel_montreal_center,0
Suggest a hotel that celebrates local music traditions.,can_quebec_montreal_novotel_montreal_center,0
Suggest a hotel that celebrates local music traditions.,can_montreal_holiday_inn_montreal_midtown,0
Suggest a hotel that celebrates local music traditions.,can_quebec_montreal_holiday_inn_montreal_midtown,0
Suggest a hotel that celebrates local music traditions.,can_montreal_embassy_suites_montreal,0
Suggest a hotel that celebrates local music traditions.,can_quebec_montreal_embassy_suites_montreal,0
Suggest a hotel that celebrates local music traditions.,can_quebec_montreal_auberge_bonaparte,0
Suggest a hotel that celebrates local music traditions.,can_montreal_auberge_bonaparte,0
What are the best hotels with unique bathing experiences?,can_montreal_w_montreal,2
What are the best hotels with unique bathing experiences?,can_quebec_montreal_w_montreal,3
What are the best hotels with unique bathing experiences?,can_quebec_montreal_loews_hotel_vogue,3
What are the best hotels with unique bathing experiences?,can_montreal_loews_hotel_vogue,3
What are the best hotels with unique bathing experiences?,can_montreal_le_square_phillips_hotel_suites,1
What are the best hotels with unique bathing experiences?,can_quebec_montreal_le_square_phillips_hotel_suites,2
What are the best hotels with unique bathing experiences?,can_montreal_hilton_montreal_bonaventure,2
What are the best hotels with unique bathing experiences?,can_quebec_montreal_hilton_montreal_bonaventure,3
What are the best hotels with unique bathing experiences?,can_quebec_montreal_hotel_omni_mont_royal,1
What are the best hotels with unique bathing experiences?,can_montreal_hotel_omni_mont_royal,1
What are the best hotels with unique bathing experiences?,can_montreal_hyatt_regency_montreal,0
What are the best hotels with unique bathing experiences?,can_quebec_montreal_hyatt_regency_montreal,1
What are the best hotels with unique bathing experiences?,can_montreal_sofitel_montreal,2
What are the best hotels with unique bathing experiences?,can_quebec_montreal_sofitel_montreal,2
What are the best hotels with unique bathing experiences?,can_quebec_montreal_le_place_d_armes_hotel_suites,3
What are the best hotels with unique bathing experiences?,can_montreal_le_place_d_armes_hotel_suites,3
What are the best hotels with unique bathing experiences?,can_quebec_montreal_delta_montreal_hotel,0
What are the best hotels with unique bathing experiences?,can_montreal_delta_montreal_hotel,0
What are the best hotels with unique bathing experiences?,can_montreal_marriott_chateau_champlain,0
What are the best hotels with unique bathing experiences?,can_quebec_montreal_marriott_chateau_champlain,1
What are the best hotels with unique bathing experiences?,can_quebec_montreal_hotel_nelligan,3
What are the best hotels with unique bathing experiences?,can_montreal_hotel_nelligan,3
What are the best hotels with unique bathing experiences?,can_montreal_delta_centre_ville,0
What are the best hotels with unique bathing experiences?,can_quebec_montreal_delta_centre_ville,1
What are the best hotels with unique bathing experiences?,can_quebec_montreal_sheraton_le_centre_montreal_hotel,0
What are the best hotels with unique bathing experiences?,can_montreal_sheraton_le_centre_montreal_hotel,1
What are the best hotels with unique bathing experiences?,can_quebec_montreal_springhill_suites_old_montreal,0
What are the best hotels with unique bathing experiences?,can_montreal_springhill_suites_old_montreal,0
What are the best hotels with unique bathing experiences?,can_quebec_montreal_intercontinental_montreal,1
What are the best hotels with unique bathing experiences?,can_montreal_intercontinental_montreal,1
What are the best hotels with unique bathing experiences?,can_quebec_montreal_auberge_du_vieux_port,3
What are the best hotels with unique bathing experiences?,can_montreal_auberge_du_vieux_port,3
What are the best hotels with unique bathing experiences?,can_montreal_le_cantlie_suites_hotel,0
What are the best hotels with unique bathing experiences?,can_quebec_montreal_le_cantlie_suites_hotel,0
What are the best hotels with unique bathing experiences?,can_quebec_montreal_residence_inn_by_marriott_montreal_downtown,0
What are the best hotels with unique bathing experiences?,can_montreal_residence_inn_by_marriott_montreal_downtown,0
What are the best hotels with unique bathing experiences?,can_quebec_montreal_hotel_gault,2
What are the best hotels with unique bathing experiences?,can_montreal_hotel_gault,2
What are the best hotels with unique bathing experiences?,can_montreal_fairmont_the_queen_elizabeth,1
What are the best hotels with unique bathing experiences?,can_quebec_montreal_fairmont_the_queen_elizabeth,1
What are the best hotels with unique bathing experiences?,can_montreal_embassy_suites_montreal,3
What are the best hotels with unique bathing experiences?,can_montreal_ritz_carlton_montreal,1
What are the best hotels with unique bathing experiences?,can_quebec_montreal_ritz_carlton_montreal,1
What are the best hotels with unique bathing experiences?,can_quebec_montreal_embassy_suites_montreal,2
What are the best hotels with unique bathing experiences?,can_montreal_hotel_xixe_siecle,2
What are the best hotels with unique bathing experiences?,can_quebec_montreal_hotel_xixe_siecle,2
What are the best hotels with unique bathing experiences?,can_montreal_le_saint_sulpice,2
What are the best hotels with unique bathing experiences?,can_quebec_montreal_le_saint_sulpice,2
What are the best hotels with unique bathing experiences?,can_montreal_opus_hotel_montreal,2
What are the best hotels with unique bathing experiences?,can_quebec_montreal_opus_hotel_montreal,2
What are the best hotels with unique bathing experiences?,can_quebec_montreal_hotel_st_paul,2
What are the best hotels with unique bathing experiences?,can_montreal_hotel_st_paul,2
What are the best hotels with unique bathing experiences?,can_montreal_holiday_inn_montreal_midtown,0
What are the best hotels with unique bathing experiences?,can_quebec_montreal_holiday_inn_montreal_midtown,0
What are the best hotels with unique bathing experiences?,can_montreal_chateau_de_l_argoat,2
What are the best hotels with unique bathing experiences?,can_quebec_montreal_chateau_de_l_argoat,2
What are the best hotels with unique bathing experiences?,can_quebec_montreal_holiday_inn_express_montreal_centre_ville,0
What are the best hotels with unique bathing experiences?,can_montreal_holiday_inn_express_montreal_centre_ville,0
What are the best hotels with unique bathing experiences?,can_quebec_montreal_hotel_du_fort,0
What are the best hotels with unique bathing experiences?,can_montreal_hotel_du_fort,0
What are the best hotels with unique bathing experiences?,can_montreal_novotel_montreal_center,0
What are the best hotels with unique bathing experiences?,can_quebec_montreal_novotel_montreal_center,0
What are the best hotels with unique bathing experiences?,can_quebec_montreal_auberge_bonaparte,1
What are the best hotels with unique bathing experiences?,can_montreal_auberge_bonaparte,1
Recommend a hotel with exceptional regional cuisine.,can_quebec_montreal_hotel_nelligan,2
Recommend a hotel with exceptional regional cuisine.,can_montreal_hotel_nelligan,2
Recommend a hotel with exceptional regional cuisine.,can_quebec_montreal_le_place_d_armes_hotel_suites,3
Recommend a hotel with exceptional regional cuisine.,can_montreal_le_place_d_armes_hotel_suites,3
Recommend a hotel with exceptional regional cuisine.,can_quebec_montreal_auberge_du_vieux_port,2
Recommend a hotel with exceptional regional cuisine.,can_montreal_auberge_du_vieux_port,2
Recommend a hotel with exceptional regional cuisine.,can_montreal_le_square_phillips_hotel_suites,1
Recommend a hotel with exceptional regional cuisine.,can_quebec_montreal_le_square_phillips_hotel_suites,1
Recommend a hotel with exceptional regional cuisine.,can_quebec_montreal_hotel_gault,2
Recommend a hotel with exceptional regional cuisine.,can_montreal_hotel_gault,2
Recommend a hotel with exceptional regional cuisine.,can_quebec_montreal_loews_hotel_vogue,2
Recommend a hotel with exceptional regional cuisine.,can_montreal_loews_hotel_vogue,2
Recommend a hotel with exceptional regional cuisine.,can_montreal_sofitel_montreal,3
Recommend a hotel with exceptional regional cuisine.,can_quebec_montreal_sofitel_montreal,3
Recommend a hotel with exceptional regional cuisine.,can_quebec_montreal_residence_inn_by_marriott_montreal_downtown,1
Recommend a hotel with exceptional regional cuisine.,can_montreal_residence_inn_by_marriott_montreal_downtown,1
Recommend a hotel with exceptional regional cuisine.,can_montreal_le_saint_sulpice,2
Recommend a hotel with exceptional regional cuisine.,can_quebec_montreal_le_saint_sulpice,2
Recommend a hotel with exceptional regional cuisine.,can_montreal_w_montreal,2
Recommend a hotel with exceptional regional cuisine.,can_quebec_montreal_w_montreal,2
Recommend a hotel with exceptional regional cuisine.,can_montreal_chateau_de_l_argoat,2
Recommend a hotel with exceptional regional cuisine.,can_quebec_montreal_chateau_de_l_argoat,2
Recommend a hotel with exceptional regional cuisine.,can_montreal_opus_hotel_montreal,3
Recommend a hotel with exceptional regional cuisine.,can_quebec_montreal_opus_hotel_montreal,2
Recommend a hotel with exceptional regional cuisine.,can_quebec_montreal_auberge_bonaparte,3
Recommend a hotel with exceptional regional cuisine.,can_montreal_auberge_bonaparte,3
Recommend a hotel with exceptional regional cuisine.,can_montreal_hotel_xixe_siecle,2
Recommend a hotel with exceptional regional cuisine.,can_quebec_montreal_hotel_xixe_siecle,2
Recommend a hotel with exceptional regional cuisine.,can_montreal_embassy_suites_montreal,1
Recommend a hotel with exceptional regional cuisine.,can_quebec_montreal_embassy_suites_montreal,1
Recommend a hotel with exceptional regional cuisine.,can_quebec_montreal_hotel_st_paul,2
Recommend a hotel with exceptional regional cuisine.,can_montreal_hotel_st_paul,2
Recommend a hotel with exceptional regional cuisine.,can_montreal_hilton_montreal_bonaventure,1
Recommend a hotel with exceptional regional cuisine.,can_quebec_montreal_hilton_montreal_bonaventure,0
Recommend a hotel with exceptional regional cuisine.,can_montreal_marriott_chateau_champlain,1
Recommend a hotel with exceptional regional cuisine.,can_quebec_montreal_marriott_chateau_champlain,1
Recommend a hotel with exceptional regional cuisine.,can_quebec_montreal_hotel_omni_mont_royal,1
Recommend a hotel with exceptional regional cuisine.,can_montreal_hotel_omni_mont_royal,1
Recommend a hotel with exceptional regional cuisine.,can_montreal_fairmont_the_queen_elizabeth,2
Recommend a hotel with exceptional regional cuisine.,can_quebec_montreal_fairmont_the_queen_elizabeth,2
Recommend a hotel with exceptional regional cuisine.,can_quebec_montreal_hotel_du_fort,1
Recommend a hotel with exceptional regional cuisine.,can_montreal_hotel_du_fort,1
Recommend a hotel with exceptional regional cuisine.,can_montreal_hyatt_regency_montreal,2
Recommend a hotel with exceptional regional cuisine.,can_quebec_montreal_hyatt_regency_montreal,2
Recommend a hotel with exceptional regional cuisine.,can_quebec_montreal_intercontinental_montreal,1
Recommend a hotel with exceptional regional cuisine.,can_montreal_intercontinental_montreal,1
Recommend a hotel with exceptional regional cuisine.,can_montreal_le_cantlie_suites_hotel,1
Recommend a hotel with exceptional regional cuisine.,can_quebec_montreal_le_cantlie_suites_hotel,1
Recommend a hotel with exceptional regional cuisine.,can_quebec_montreal_springhill_suites_old_montreal,2
Recommend a hotel with exceptional regional cuisine.,can_montreal_springhill_suites_old_montreal,2
Recommend a hotel with exceptional regional cuisine.,can_quebec_montreal_sheraton_le_centre_montreal_hotel,2
Recommend a hotel with exceptional regional cuisine.,can_montreal_sheraton_le_centre_montreal_hotel,2
Recommend a hotel with exceptional regional cuisine.,can_quebec_montreal_holiday_inn_express_montreal_centre_ville,0
Recommend a hotel with exceptional regional cuisine.,can_montreal_holiday_inn_express_montreal_centre_ville,0
Recommend a hotel with exceptional regional cuisine.,can_quebec_montreal_delta_montreal_hotel,0
Recommend a hotel with exceptional regional cuisine.,can_montreal_delta_montreal_hotel,1
Recommend a hotel with exceptional regional cuisine.,can_montreal_delta_centre_ville,2
Recommend a hotel with exceptional regional cuisine.,can_quebec_montreal_delta_centre_ville,2
Recommend a hotel with exceptional regional cuisine.,can_montreal_novotel_montreal_center,2
Recommend a hotel with exceptional regional cuisine.,can_quebec_montreal_novotel_montreal_center,1
Recommend a hotel with exceptional regional cuisine.,can_montreal_ritz_carlton_montreal,2
Recommend a hotel with exceptional regional cuisine.,can_quebec_montreal_ritz_carlton_montreal,2
Recommend a hotel with exceptional regional cuisine.,can_montreal_holiday_inn_montreal_midtown,1
Recommend a hotel with exceptional regional cuisine.,can_quebec_montreal_holiday_inn_montreal_midtown,1
Where should I stay to experience authentic tea or coffee culture?,can_montreal_fairmont_the_queen_elizabeth,2
Where should I stay to experience authentic tea or coffee culture?,can_quebec_montreal_fairmont_the_queen_elizabeth,1
Where should I stay to experience authentic tea or coffee culture?,can_montreal_le_square_phillips_hotel_suites,1
Where should I stay to experience authentic tea or coffee culture?,can_quebec_montreal_le_square_phillips_hotel_suites,1
Where should I stay to experience authentic tea or coffee culture?,can_montreal_chateau_de_l_argoat,1
Where should I stay to experience authentic tea or coffee culture?,can_quebec_montreal_chateau_de_l_argoat,1
Where should I stay to experience authentic tea or coffee culture?,can_quebec_montreal_residence_inn_by_marriott_montreal_downtown,1
Where should I stay to experience authentic tea or coffee culture?,can_montreal_residence_inn_by_marriott_montreal_downtown,2
Where should I stay to experience authentic tea or coffee culture?,can_quebec_montreal_hotel_nelligan,1
Where should I stay to experience authentic tea or coffee culture?,can_montreal_hotel_nelligan,2
Where should I stay to experience authentic tea or coffee culture?,can_montreal_w_montreal,0
Where should I stay to experience authentic tea or coffee culture?,can_quebec_montreal_w_montreal,1
Where should I stay to experience authentic tea or coffee culture?,can_quebec_montreal_hotel_du_fort,0
Where should I stay to experience authentic tea or coffee culture?,can_montreal_hotel_du_fort,0
Where should I stay to experience authentic tea or coffee culture?,can_quebec_montreal_le_place_d_armes_hotel_suites,2
Where should I stay to experience authentic tea or coffee culture?,can_montreal_le_place_d_armes_hotel_suites,1
Where should I stay to experience authentic tea or coffee culture?,can_quebec_montreal_sheraton_le_centre_montreal_hotel,0
Where should I stay to experience authentic tea or coffee culture?,can_montreal_sheraton_le_centre_montreal_hotel,0
Where should I stay to experience authentic tea or coffee culture?,can_montreal_marriott_chateau_champlain,1
Where should I stay to experience authentic tea or coffee culture?,can_quebec_montreal_marriott_chateau_champlain,1
Where should I stay to experience authentic tea or coffee culture?,can_quebec_montreal_hotel_gault,2
Where should I stay to experience authentic tea or coffee culture?,can_montreal_hotel_gault,2
Where should I stay to experience authentic tea or coffee culture?,can_quebec_montreal_auberge_du_vieux_port,1
Where should I stay to experience authentic tea or coffee culture?,can_montreal_auberge_du_vieux_port,1
Where should I stay to experience authentic tea or coffee culture?,can_montreal_le_saint_sulpice,1
Where should I stay to experience authentic tea or coffee culture?,can_quebec_montreal_le_saint_sulpice,1
Where should I stay to experience authentic tea or coffee culture?,can_montreal_sofitel_montreal,1
Where should I stay to experience authentic tea or coffee culture?,can_quebec_montreal_sofitel_montreal,1
Where should I stay to experience authentic tea or coffee culture?,can_quebec_montreal_holiday_inn_express_montreal_centre_ville,0
Where should I stay to experience authentic tea or coffee culture?,can_montreal_holiday_inn_express_montreal_centre_ville,0
Where should I stay to experience authentic tea or coffee culture?,can_quebec_montreal_intercontinental_montreal,1
Where should I stay to experience authentic tea or coffee culture?,can_montreal_intercontinental_montreal,1
Where should I stay to experience authentic tea or coffee culture?,can_quebec_montreal_loews_hotel_vogue,1
Where should I stay to experience authentic tea or coffee culture?,can_montreal_loews_hotel_vogue,1
Where should I stay to experience authentic tea or coffee culture?,can_montreal_opus_hotel_montreal,1
Where should I stay to experience authentic tea or coffee culture?,can_quebec_montreal_opus_hotel_montreal,1
Where should I stay to experience authentic tea or coffee culture?,can_quebec_montreal_hotel_omni_mont_royal,0
Where should I stay to experience authentic tea or coffee culture?,can_montreal_hotel_omni_mont_royal,0
Where should I stay to experience authentic tea or coffee culture?,can_montreal_hotel_xixe_siecle,1
Where should I stay to experience authentic tea or coffee culture?,can_quebec_montreal_hotel_xixe_siecle,0
Where should I stay to experience authentic tea or coffee culture?,can_montreal_hyatt_regency_montreal,0
Where should I stay to experience authentic tea or coffee culture?,can_quebec_montreal_hyatt_regency_montreal,0
Where should I stay to experience authentic tea or coffee culture?,can_montreal_embassy_suites_montreal,1
Where should I stay to experience authentic tea or coffee culture?,can_quebec_montreal_embassy_suites_montreal,0
Where should I stay to experience authentic tea or coffee culture?,can_montreal_hilton_montreal_bonaventure,0
Where should I stay to experience authentic tea or coffee culture?,can_quebec_montreal_hilton_montreal_bonaventure,0
Where should I stay to experience authentic tea or coffee culture?,can_montreal_delta_centre_ville,0
Where should I stay to experience authentic tea or coffee culture?,can_quebec_montreal_delta_centre_ville,1
Where should I stay to experience authentic tea or coffee culture?,can_quebec_montreal_hotel_st_paul,0
Where should I stay to experience authentic tea or coffee culture?,can_montreal_hotel_st_paul,1
Where should I stay to experience authentic tea or coffee culture?,can_quebec_montreal_springhill_suites_old_montreal,1
Where should I stay to experience authentic tea or coffee culture?,can_montreal_springhill_suites_old_montreal,1
Where should I stay to experience authentic tea or coffee culture?,can_montreal_novotel_montreal_center,2
Where should I stay to experience authentic tea or coffee culture?,can_quebec_montreal_novotel_montreal_center,2
Where should I stay to experience authentic tea or coffee culture?,can_quebec_montreal_delta_montreal_hotel,0
Where should I stay to experience authentic tea or coffee culture?,can_montreal_delta_montreal_hotel,0
Where should I stay to experience authentic tea or coffee culture?,can_quebec_montreal_auberge_bonaparte,1
Where should I stay to experience authentic tea or coffee culture?,can_montreal_auberge_bonaparte,2
Where should I stay to experience authentic tea or coffee culture?,can_montreal_holiday_inn_montreal_midtown,0
Where should I stay to experience authentic tea or coffee culture?,can_quebec_montreal_holiday_inn_montreal_midtown,0
Where should I stay to experience authentic tea or coffee culture?,can_montreal_le_cantlie_suites_hotel,0
Where should I stay to experience authentic tea or coffee culture?,can_quebec_montreal_le_cantlie_suites_hotel,1
Where should I stay to experience authentic tea or coffee culture?,can_montreal_ritz_carlton_montreal,2
Where should I stay to experience authentic tea or coffee culture?,can_quebec_montreal_ritz_carlton_montreal,1
Suggest a hotel with distinctive seasonal decorations.,can_quebec_montreal_hotel_nelligan,3
Suggest a hotel with distinctive seasonal decorations.,can_montreal_hotel_nelligan,3
Suggest a hotel with distinctive seasonal decorations.,can_quebec_montreal_loews_hotel_vogue,0
Suggest a hotel with distinctive seasonal decorations.,can_montreal_loews_hotel_vogue,0
Suggest a hotel with distinctive seasonal decorations.,can_quebec_montreal_le_place_d_armes_hotel_suites,0
Suggest a hotel with distinctive seasonal decorations.,can_montreal_le_place_d_armes_hotel_suites,0
Suggest a hotel with distinctive seasonal decorations.,can_montreal_le_square_phillips_hotel_suites,0
Suggest a hotel with distinctive seasonal decorations.,can_quebec_montreal_le_square_phillips_hotel_suites,0
Suggest a hotel with distinctive seasonal decorations.,can_quebec_montreal_hotel_gault,0
Suggest a hotel with distinctive seasonal decorations.,can_montreal_hotel_gault,0
Suggest a hotel with distinctive seasonal decorations.,can_montreal_w_montreal,0
Suggest a hotel with distinctive seasonal decorations.,can_quebec_montreal_w_montreal,1
Suggest a hotel with distinctive seasonal decorations.,can_montreal_sofitel_montreal,1
Suggest a hotel with distinctive seasonal decorations.,can_quebec_montreal_sofitel_montreal,1
Suggest a hotel with distinctive seasonal decorations.,can_montreal_le_saint_sulpice,1
Suggest a hotel with distinctive seasonal decorations.,can_quebec_montreal_le_saint_sulpice,0
Suggest a hotel with distinctive seasonal decorations.,can_quebec_montreal_springhill_suites_old_montreal,0
Suggest a hotel with distinctive seasonal decorations.,can_montreal_springhill_suites_old_montreal,0
Suggest a hotel with distinctive seasonal decorations.,can_quebec_montreal_hotel_st_paul,0
Suggest a hotel with distinctive seasonal decorations.,can_montreal_hotel_st_paul,1
Suggest a hotel with distinctive seasonal decorations.,can_montreal_hilton_montreal_bonaventure,0
Suggest a hotel with distinctive seasonal decorations.,can_quebec_montreal_hilton_montreal_bonaventure,1
Suggest a hotel with distinctive seasonal decorations.,can_quebec_montreal_auberge_du_vieux_port,0
Suggest a hotel with distinctive seasonal decorations.,can_montreal_auberge_du_vieux_port,0
Suggest a hotel with distinctive seasonal decorations.,can_montreal_marriott_chateau_champlain,0
Suggest a hotel with distinctive seasonal decorations.,can_quebec_montreal_marriott_chateau_champlain,0
Suggest a hotel with distinctive seasonal decorations.,can_montreal_opus_hotel_montreal,0
Suggest a hotel with distinctive seasonal decorations.,can_quebec_montreal_opus_hotel_montreal,0
Suggest a hotel with distinctive seasonal decorations.,can_quebec_montreal_residence_inn_by_marriott_montreal_downtown,0
Suggest a hotel with distinctive seasonal decorations.,can_montreal_residence_inn_by_marriott_montreal_downtown,0
Suggest a hotel with distinctive seasonal decorations.,can_quebec_montreal_hotel_omni_mont_royal,1
Suggest a hotel with distinctive seasonal decorations.,can_montreal_hotel_omni_mont_royal,0
Suggest a hotel with distinctive seasonal decorations.,can_quebec_montreal_sheraton_le_centre_montreal_hotel,0
Suggest a hotel with distinctive seasonal decorations.,can_montreal_sheraton_le_centre_montreal_hotel,0
Suggest a hotel with distinctive seasonal decorations.,can_montreal_hotel_xixe_siecle,0
Suggest a hotel with distinctive seasonal decorations.,can_quebec_montreal_hotel_xixe_siecle,0
Suggest a hotel with distinctive seasonal decorations.,can_quebec_montreal_holiday_inn_express_montreal_centre_ville,0
Suggest a hotel with distinctive seasonal decorations.,can_montreal_holiday_inn_express_montreal_centre_ville,0
Suggest a hotel with distinctive seasonal decorations.,can_montreal_hyatt_regency_montreal,0
Suggest a hotel with distinctive seasonal decorations.,can_quebec_montreal_hyatt_regency_montreal,0
Suggest a hotel with distinctive seasonal decorations.,can_montreal_fairmont_the_queen_elizabeth,0
Suggest a hotel with distinctive seasonal decorations.,can_quebec_montreal_fairmont_the_queen_elizabeth,0
Suggest a hotel with distinctive seasonal decorations.,can_montreal_embassy_suites_montreal,0
Suggest a hotel with distinctive seasonal decorations.,can_quebec_montreal_embassy_suites_montreal,0
Suggest a hotel with distinctive seasonal decorations.,can_montreal_chateau_de_l_argoat,1
Suggest a hotel with distinctive seasonal decorations.,can_quebec_montreal_chateau_de_l_argoat,0
Suggest a hotel with distinctive seasonal decorations.,can_montreal_le_cantlie_suites_hotel,0
Suggest a hotel with distinctive seasonal decorations.,can_quebec_montreal_le_cantlie_suites_hotel,0
Suggest a hotel with distinctive seasonal decorations.,can_quebec_montreal_intercontinental_montreal,0
Suggest a hotel with distinctive seasonal decorations.,can_montreal_intercontinental_montreal,0
Suggest a hotel with distinctive seasonal decorations.,can_montreal_ritz_carlton_montreal,0
Suggest a hotel with distinctive seasonal decorations.,can_quebec_montreal_ritz_carlton_montreal,0
Suggest a hotel with distinctive seasonal decorations.,can_montreal_holiday_inn_montreal_midtown,0
Suggest a hotel with distinctive seasonal decorations.,can_quebec_montreal_holiday_inn_montreal_midtown,0
Suggest a hotel with distinctive seasonal decorations.,can_quebec_montreal_hotel_du_fort,0
Suggest a hotel with distinctive seasonal decorations.,can_montreal_hotel_du_fort,0
Suggest a hotel with distinctive seasonal decorations.,can_quebec_montreal_delta_montreal_hotel,0
Suggest a hotel with distinctive seasonal decorations.,can_montreal_delta_montreal_hotel,0
Suggest a hotel with distinctive seasonal decorations.,can_montreal_delta_centre_ville,0
Suggest a hotel with distinctive seasonal decorations.,can_quebec_montreal_delta_centre_ville,0
Suggest a hotel with distinctive seasonal decorations.,can_quebec_montreal_auberge_bonaparte,0
Suggest a hotel with distinctive seasonal decorations.,can_montreal_auberge_bonaparte,0
Suggest a hotel with distinctive seasonal decorations.,can_montreal_novotel_montreal_center,0
Suggest a hotel with distinctive seasonal decorations.,can_quebec_montreal_novotel_montreal_center,0
Where can I stay that offers memorable cultural performances?,can_quebec_montreal_le_place_d_armes_hotel_suites,0
Where can I stay that offers memorable cultural performances?,can_montreal_le_place_d_armes_hotel_suites,0
Where can I stay that offers memorable cultural performances?,can_quebec_montreal_hotel_nelligan,0
Where can I stay that offers memorable cultural performances?,can_montreal_hotel_nelligan,0
Where can I stay that offers memorable cultural performances?,can_montreal_w_montreal,0
Where can I stay that offers memorable cultural performances?,can_quebec_montreal_w_montreal,0
Where can I stay that offers memorable cultural performances?,can_quebec_montreal_loews_hotel_vogue,0
Where can I stay that offers memorable cultural performances?,can_montreal_loews_hotel_vogue,0
Where can I stay that offers memorable cultural performances?,can_montreal_le_square_phillips_hotel_suites,0
Where can I stay that offers memorable cultural performances?,can_quebec_montreal_le_square_phillips_hotel_suites,0
Where can I stay that offers memorable cultural performances?,can_quebec_montreal_hotel_gault,0
Where can I stay that offers memorable cultural performances?,can_montreal_hotel_gault,0
Where can I stay that offers memorable cultural performances?,can_montreal_sofitel_montreal,0
Where can I stay that offers memorable cultural performances?,can_quebec_montreal_sofitel_montreal,0
Where can I stay that offers memorable cultural performances?,can_quebec_montreal_residence_inn_by_marriott_montreal_downtown,0
Where can I stay that offers memorable cultural performances?,can_quebec_montreal_auberge_du_vieux_port,1
Where can I stay that offers memorable cultural performances?,can_montreal_auberge_du_vieux_port,1
Where can I stay that offers memorable cultural performances?,can_montreal_residence_inn_by_marriott_montreal_downtown,0
Where can I stay that offers memorable cultural performances?,can_montreal_hyatt_regency_montreal,2
Where can I stay that offers memorable cultural performances?,can_quebec_montreal_hyatt_regency_montreal,2
Where can I stay that offers memorable cultural performances?,can_montreal_marriott_chateau_champlain,0
Where can I stay that offers memorable cultural performances?,can_quebec_montreal_marriott_chateau_champlain,0
Where can I stay that offers memorable cultural performances?,can_montreal_delta_centre_ville,0
Where can I stay that offers memorable cultural performances?,can_quebec_montreal_delta_centre_ville,0
Where can I stay that offers memorable cultural performances?,can_montreal_opus_hotel_montreal,0
Where can I stay that offers memorable cultural performances?,can_quebec_montreal_opus_hotel_montreal,0
Where can I stay that offers memorable cultural performances?,can_montreal_ritz_carlton_montreal,0
Where can I stay that offers memorable cultural performances?,can_quebec_montreal_ritz_carlton_montreal,0
Where can I stay that offers memorable cultural performances?,can_quebec_montreal_hotel_du_fort,0
Where can I stay that offers memorable cultural performances?,can_montreal_hotel_du_fort,0
Where can I stay that offers memorable cultural performances?,can_montreal_fairmont_the_queen_elizabeth,1
Where can I stay that offers memorable cultural performances?,can_quebec_montreal_fairmont_the_queen_elizabeth,1
Where can I stay that offers memorable cultural performances?,can_montreal_le_saint_sulpice,0
Where can I stay that offers memorable cultural performances?,can_quebec_montreal_le_saint_sulpice,0
Where can I stay that offers memorable cultural performances?,can_quebec_montreal_sheraton_le_centre_montreal_hotel,0
Where can I stay that offers memorable cultural performances?,can_montreal_sheraton_le_centre_montreal_hotel,0
Where can I stay that offers memorable cultural performances?,can_quebec_montreal_delta_montreal_hotel,0
Where can I stay that offers memorable cultural performances?,can_montreal_delta_montreal_hotel,0
Where can I stay that offers memorable cultural performances?,can_montreal_hotel_xixe_siecle,1
Where can I stay that offers memorable cultural performances?,can_quebec_montreal_hotel_xixe_siecle,2
Where can I stay that offers memorable cultural performances?,can_quebec_montreal_intercontinental_montreal,0
Where can I stay that offers memorable cultural performances?,can_montreal_intercontinental_montreal,0
Where can I stay that offers memorable cultural performances?,can_montreal_chateau_de_l_argoat,0
Where can I stay that offers memorable cultural performances?,can_quebec_montreal_chateau_de_l_argoat,0
Where can I stay that offers memorable cultural performances?,can_montreal_embassy_suites_montreal,0
Where can I stay that offers memorable cultural performances?,can_montreal_hilton_montreal_bonaventure,0
Where can I stay that offers memorable cultural performances?,can_quebec_montreal_hilton_montreal_bonaventure,0
Where can I stay that offers memorable cultural performances?,can_quebec_montreal_embassy_suites_montreal,0
Where can I stay that offers memorable cultural performances?,can_quebec_montreal_hotel_st_paul,0
Where can I stay that offers memorable cultural performances?,can_montreal_hotel_st_paul,0
Where can I stay that offers memorable cultural performances?,can_quebec_montreal_hotel_omni_mont_royal,0
Where can I stay that offers memorable cultural performances?,can_montreal_hotel_omni_mont_royal,0
Where can I stay that offers memorable cultural performances?,can_montreal_le_cantlie_suites_hotel,0
Where can I stay that offers memorable cultural performances?,can_quebec_montreal_le_cantlie_suites_hotel,0
Where can I stay that offers memorable cultural performances?,can_quebec_montreal_springhill_suites_old_montreal,0
Where can I stay that offers memorable cultural performances?,can_montreal_springhill_suites_old_montreal,0
Where can I stay that offers memorable cultural performances?,can_quebec_montreal_holiday_inn_express_montreal_centre_ville,0
Where can I stay that offers memorable cultural performances?,can_montreal_holiday_inn_express_montreal_centre_ville,0
Where can I stay that offers memorable cultural performances?,can_quebec_montreal_auberge_bonaparte,0
Where can I stay that offers memorable cultural performances?,can_montreal_auberge_bonaparte,0
Where can I stay that offers memorable cultural performances?,can_montreal_novotel_montreal_center,0
Where can I stay that offers memorable cultural performances?,can_quebec_montreal_novotel_montreal_center,0
Where can I stay that offers memorable cultural performances?,can_montreal_holiday_inn_montreal_midtown,0
Where can I stay that offers memorable cultural performances?,can_quebec_montreal_holiday_inn_montreal_midtown,0
What hotels have the most peaceful meditation spaces?,can_montreal_le_square_phillips_hotel_suites,0
What hotels have the most peaceful meditation spaces?,can_quebec_montreal_le_square_phillips_hotel_suites,0
What hotels have the most peaceful meditation spaces?,can_montreal_hilton_montreal_bonaventure,3
What hotels have the most peaceful meditation spaces?,can_quebec_montreal_hilton_montreal_bonaventure,3
What hotels have the most peaceful meditation spaces?,can_montreal_w_montreal,0
What hotels have the most peaceful meditation spaces?,can_quebec_montreal_w_montreal,0
What hotels have the most peaceful meditation spaces?,can_quebec_montreal_loews_hotel_vogue,0
What hotels have the most peaceful meditation spaces?,can_montreal_loews_hotel_vogue,0
What hotels have the most peaceful meditation spaces?,can_montreal_sofitel_montreal,0
What hotels have the most peaceful meditation spaces?,can_quebec_montreal_sofitel_montreal,0
What hotels have the most peaceful meditation spaces?,can_quebec_montreal_le_place_d_armes_hotel_suites,0
What hotels have the most peaceful meditation spaces?,can_montreal_le_place_d_armes_hotel_suites,0
What hotels have the most peaceful meditation spaces?,can_quebec_montreal_hotel_omni_mont_royal,0
What hotels have the most peaceful meditation spaces?,can_montreal_hotel_omni_mont_royal,0
What hotels have the most peaceful meditation spaces?,can_quebec_montreal_hotel_nelligan,0
What hotels have the most peaceful meditation spaces?,can_montreal_hotel_nelligan,0
What hotels have the most peaceful meditation spaces?,can_montreal_residence_inn_by_marriott_montreal_downtown,0
What hotels have the most peaceful meditation spaces?,can_quebec_montreal_residence_inn_by_marriott_montreal_downtown,0
What hotels have the most peaceful meditation spaces?,can_quebec_montreal_auberge_du_vieux_port,0
What hotels have the most peaceful meditation spaces?,can_montreal_auberge_du_vieux_port,0
What hotels have the most peaceful meditation spaces?,can_montreal_hyatt_regency_montreal,0
What hotels have the most peaceful meditation spaces?,can_quebec_montreal_hyatt_regency_montreal,0
What hotels have the most peaceful meditation spaces?,can_quebec_montreal_hotel_gault,0
What hotels have the most peaceful meditation spaces?,can_montreal_hotel_gault,0
What hotels have the most peaceful meditation spaces?,can_quebec_montreal_hotel_du_fort,0
What hotels have the most peaceful meditation spaces?,can_montreal_hotel_du_fort,0
What hotels have the most peaceful meditation spaces?,can_quebec_montreal_delta_montreal_hotel,0
What hotels have the most peaceful meditation spaces?,can_montreal_delta_montreal_hotel,0
What hotels have the most peaceful meditation spaces?,can_montreal_le_saint_sulpice,0
What hotels have the most peaceful meditation spaces?,can_quebec_montreal_le_saint_sulpice,0
What hotels have the most peaceful meditation spaces?,can_quebec_montreal_sheraton_le_centre_montreal_hotel,0
What hotels have the most peaceful meditation spaces?,can_montreal_sheraton_le_centre_montreal_hotel,0
What hotels have the most peaceful meditation spaces?,can_montreal_marriott_chateau_champlain,0
What hotels have the most peaceful meditation spaces?,can_quebec_montreal_marriott_chateau_champlain,0
What hotels have the most peaceful meditation spaces?,can_montreal_hotel_xixe_siecle,0
What hotels have the most peaceful meditation spaces?,can_quebec_montreal_hotel_xixe_siecle,0
What hotels have the most peaceful meditation spaces?,can_montreal_delta_centre_ville,0
What hotels have the most peaceful meditation spaces?,can_quebec_montreal_delta_centre_ville,0
What hotels have the most peaceful meditation spaces?,can_montreal_opus_hotel_montreal,0
What hotels have the most peaceful meditation spaces?,can_quebec_montreal_opus_hotel_montreal,0
What hotels have the most peaceful meditation spaces?,can_montreal_fairmont_the_queen_elizabeth,0
What hotels have the most peaceful meditation spaces?,can_quebec_montreal_fairmont_the_queen_elizabeth,0
What hotels have the most peaceful meditation spaces?,can_quebec_montreal_intercontinental_montreal,0
What hotels have the most peaceful meditation spaces?,can_montreal_intercontinental_montreal,0
What hotels have the most peaceful meditation spaces?,can_montreal_embassy_suites_montreal,0
What hotels have the most peaceful meditation spaces?,can_quebec_montreal_embassy_suites_montreal,0
What hotels have the most peaceful meditation spaces?,can_quebec_montreal_springhill_suites_old_montreal,0
What hotels have the most peaceful meditation spaces?,can_montreal_springhill_suites_old_montreal,0
What hotels have the most peaceful meditation spaces?,can_montreal_chateau_de_l_argoat,0
What hotels have the most peaceful meditation spaces?,can_quebec_montreal_chateau_de_l_argoat,0
What hotels have the most peaceful meditation spaces?,can_quebec_montreal_hotel_st_paul,0
What hotels have the most peaceful meditation spaces?,can_montreal_hotel_st_paul,0
What hotels have the most peaceful meditation spaces?,can_quebec_montreal_holiday_inn_express_montreal_centre_ville,0
What hotels have the most peaceful meditation spaces?,can_montreal_holiday_inn_express_montreal_centre_ville,0
What hotels have the most peaceful meditation spaces?,can_montreal_le_cantlie_suites_hotel,0
What hotels have the most peaceful meditation spaces?,can_quebec_montreal_le_cantlie_suites_hotel,0
What hotels have the most peaceful meditation spaces?,can_montreal_novotel_montreal_center,0
What hotels have the most peaceful meditation spaces?,can_quebec_montreal_novotel_montreal_center,1
What hotels have the most peaceful meditation spaces?,can_montreal_holiday_inn_montreal_midtown,0
What hotels have the most peaceful meditation spaces?,can_quebec_montreal_holiday_inn_montreal_midtown,0
What hotels have the most peaceful meditation spaces?,can_montreal_ritz_carlton_montreal,0
What hotels have the most peaceful meditation spaces?,can_quebec_montreal_ritz_carlton_montreal,0
What hotels have the most peaceful meditation spaces?,can_quebec_montreal_auberge_bonaparte,1
What hotels have the most peaceful meditation spaces?,can_montreal_auberge_bonaparte,1
Recommend a hotel that blends harmoniously with its surroundings.,can_montreal_le_square_phillips_hotel_suites,1
Recommend a hotel that blends harmoniously with its surroundings.,can_quebec_montreal_le_square_phillips_hotel_suites,2
Recommend a hotel that blends harmoniously with its surroundings.,can_quebec_montreal_loews_hotel_vogue,1
Recommend a hotel that blends harmoniously with its surroundings.,can_montreal_loews_hotel_vogue,2
Recommend a hotel that blends harmoniously with its surroundings.,can_montreal_hilton_montreal_bonaventure,3
Recommend a hotel that blends harmoniously with its surroundings.,can_quebec_montreal_hilton_montreal_bonaventure,3
Recommend a hotel that blends harmoniously with its surroundings.,can_montreal_w_montreal,2
Recommend a hotel that blends harmoniously with its surroundings.,can_quebec_montreal_w_montreal,2
Recommend a hotel that blends harmoniously with its surroundings.,can_montreal_sofitel_montreal,2
Recommend a hotel that blends harmoniously with its surroundings.,can_quebec_montreal_sofitel_montreal,1
Recommend a hotel that blends harmoniously with its surroundings.,can_quebec_montreal_hotel_nelligan,3
Recommend a hotel that blends harmoniously with its surroundings.,can_montreal_hotel_nelligan,3
Recommend a hotel that blends harmoniously with its surroundings.,can_quebec_montreal_le_place_d_armes_hotel_suites,3
Recommend a hotel that blends harmoniously with its surroundings.,can_montreal_le_place_d_armes_hotel_suites,3
Recommend a hotel that blends harmoniously with its surroundings.,can_quebec_montreal_hotel_gault,3
Recommend a hotel that blends harmoniously with its surroundings.,can_montreal_hotel_gault,2
Recommend a hotel that blends harmoniously with its surroundings.,can_montreal_hotel_xixe_siecle,3
Recommend a hotel that blends harmoniously with its surroundings.,can_quebec_montreal_hotel_xixe_siecle,3
Recommend a hotel that blends harmoniously with its surroundings.,can_quebec_montreal_auberge_du_vieux_port,3
Recommend a hotel that blends harmoniously with its surroundings.,can_montreal_auberge_du_vieux_port,3
Recommend a hotel that blends harmoniously with its surroundings.,can_quebec_montreal_residence_inn_by_marriott_montreal_downtown,0
Recommend a hotel that blends harmoniously with its surroundings.,can_quebec_montreal_sheraton_le_centre_montreal_hotel,1
Recommend a hotel that blends harmoniously with its surroundings.,can_montreal_sheraton_le_centre_montreal_hotel,0
Recommend a hotel that blends harmoniously with its surroundings.,can_montreal_residence_inn_by_marriott_montreal_downtown,0
Recommend a hotel that blends harmoniously with its surroundings.,can_montreal_marriott_chateau_champlain,2
Recommend a hotel that blends harmoniously with its surroundings.,can_quebec_montreal_marriott_chateau_champlain,2
Recommend a hotel that blends harmoniously with its surroundings.,can_montreal_opus_hotel_montreal,2
Recommend a hotel that blends harmoniously with its surroundings.,can_quebec_montreal_opus_hotel_montreal,2
Recommend a hotel that blends harmoniously with its surroundings.,can_montreal_le_saint_sulpice,3
Recommend a hotel that blends harmoniously with its surroundings.,can_quebec_montreal_le_saint_sulpice,3
Recommend a hotel that blends harmoniously with its surroundings.,can_quebec_montreal_hotel_omni_mont_royal,2
Recommend a hotel that blends harmoniously with its surroundings.,can_montreal_hotel_omni_mont_royal,1
Recommend a hotel that blends harmoniously with its surroundings.,can_quebec_montreal_hotel_du_fort,1
Recommend a hotel that blends harmoniously with its surroundings.,can_montreal_hotel_du_fort,1
Recommend a hotel that blends harmoniously with its surroundings.,can_montreal_le_cantlie_suites_hotel,0
Recommend a hotel that blends harmoniously with its surroundings.,can_quebec_montreal_le_cantlie_suites_hotel,0
Recommend a hotel that blends harmoniously with its surroundings.,can_montreal_hyatt_regency_montreal,0
Recommend a hotel that blends harmoniously with its surroundings.,can_quebec_montreal_hyatt_regency_montreal,0
Recommend a hotel that blends harmoniously with its surroundings.,can_quebec_montreal_intercontinental_montreal,1
Recommend a hotel that blends harmoniously with its surroundings.,can_montreal_intercontinental_montreal,2
Recommend a hotel that blends harmoniously with its surroundings.,can_quebec_montreal_delta_montreal_hotel,0
Recommend a hotel that blends harmoniously with its surroundings.,can_montreal_delta_montreal_hotel,0
Recommend a hotel that blends harmoniously with its surroundings.,can_montreal_chateau_de_l_argoat,1
Recommend a hotel that blends harmoniously with its surroundings.,can_quebec_montreal_chateau_de_l_argoat,1
Recommend a hotel that blends harmoniously with its surroundings.,can_montreal_delta_centre_ville,1
Recommend a hotel that blends harmoniously with its surroundings.,can_quebec_montreal_delta_centre_ville,1
Recommend a hotel that blends harmoniously with its surroundings.,can_quebec_montreal_hotel_st_paul,2
Recommend a hotel that blends harmoniously with its surroundings.,can_montreal_hotel_st_paul,2
Recommend a hotel that blends harmoniously with its surroundings.,can_montreal_fairmont_the_queen_elizabeth,1
Recommend a hotel that blends harmoniously with its surroundings.,can_quebec_montreal_fairmont_the_queen_elizabeth,1
Recommend a hotel that blends harmoniously with its surroundings.,can_quebec_montreal_holiday_inn_express_montreal_centre_ville,0
Recommend a hotel that blends harmoniously with its surroundings.,can_montreal_holiday_inn_express_montreal_centre_ville,0
Recommend a hotel that blends harmoniously with its surroundings.,can_montreal_embassy_suites_montreal,1
Recommend a hotel that blends harmoniously with its surroundings.,can_quebec_montreal_springhill_suites_old_montreal,2
Recommend a hotel that blends harmoniously with its surroundings.,can_montreal_springhill_suites_old_montreal,2
Recommend a hotel that blends harmoniously with its surroundings.,can_quebec_montreal_embassy_suites_montreal,0
Recommend a hotel that blends harmoniously with its surroundings.,can_montreal_ritz_carlton_montreal,2
Recommend a hotel that blends harmoniously with its surroundings.,can_quebec_montreal_ritz_carlton_montreal,2
Recommend a hotel that blends harmoniously with its surroundings.,can_montreal_novotel_montreal_center,0
Recommend a hotel that blends harmoniously with its surroundings.,can_quebec_montreal_novotel_montreal_center,0
Recommend a hotel that blends harmoniously with its surroundings.,can_quebec_montreal_auberge_bonaparte,2
Recommend a hotel that blends harmoniously with its surroundings.,can_montreal_auberge_bonaparte,3
Recommend a hotel that blends harmoniously with its surroundings.,can_montreal_holiday_inn_montreal_midtown,0
Recommend a hotel that blends harmoniously with its surroundings.,can_quebec_montreal_holiday_inn_montreal_midtown,0
Where should I stay for spectacular mountain views?,can_montreal_le_square_phillips_hotel_suites,0
Where should I stay for spectacular mountain views?,can_quebec_montreal_le_square_phillips_hotel_suites,0
Where should I stay for spectacular mountain views?,can_quebec_montreal_hotel_omni_mont_royal,3
Where should I stay for spectacular mountain views?,can_montreal_hotel_omni_mont_royal,3
Where should I stay for spectacular mountain views?,can_montreal_hilton_montreal_bonaventure,2
Where should I stay for spectacular mountain views?,can_quebec_montreal_hilton_montreal_bonaventure,1
Where should I stay for spectacular mountain views?,can_quebec_montreal_hotel_nelligan,0
Where should I stay for spectacular mountain views?,can_montreal_hotel_nelligan,0
Where should I stay for spectacular mountain views?,can_quebec_montreal_hotel_gault,0
Where should I stay for spectacular mountain views?,can_montreal_hotel_gault,0
Where should I stay for spectacular mountain views?,can_quebec_montreal_loews_hotel_vogue,0
Where should I stay for spectacular mountain views?,can_montreal_loews_hotel_vogue,0
Where should I stay for spectacular mountain views?,can_quebec_montreal_sheraton_le_centre_montreal_hotel,0
Where should I stay for spectacular mountain views?,can_montreal_sheraton_le_centre_montreal_hotel,0
Where should I stay for spectacular mountain views?,can_montreal_marriott_chateau_champlain,2
Where should I stay for spectacular mountain views?,can_quebec_montreal_marriott_chateau_champlain,2
Where should I stay for spectacular mountain views?,can_montreal_sofitel_montreal,0
Where should I stay for spectacular mountain views?,can_quebec_montreal_sofitel_montreal,0
Where should I stay for spectacular mountain views?,can_quebec_montreal_le_place_d_armes_hotel_suites,0
Where should I stay for spectacular mountain views?,can_montreal_le_place_d_armes_hotel_suites,0
Where should I stay for spectacular mountain views?,can_montreal_w_montreal,0
Where should I stay for spectacular mountain views?,can_quebec_montreal_w_montreal,0
Where should I stay for spectacular mountain views?,can_montreal_le_cantlie_suites_hotel,0
Where should I stay for spectacular mountain views?,can_quebec_montreal_le_cantlie_suites_hotel,0
Where should I stay for spectacular mountain views?,can_quebec_montreal_residence_inn_by_marriott_montreal_downtown,1
Where should I stay for spectacular mountain views?,can_montreal_residence_inn_by_marriott_montreal_downtown,0
Where should I stay for spectacular mountain views?,can_montreal_hyatt_regency_montreal,0
Where should I stay for spectacular mountain views?,can_quebec_montreal_hyatt_regency_montreal,0
Where should I stay for spectacular mountain views?,can_quebec_montreal_springhill_suites_old_montreal,0
Where should I stay for spectacular mountain views?,can_montreal_springhill_suites_old_montreal,0
Where should I stay for spectacular mountain views?,can_montreal_le_saint_sulpice,0
Where should I stay for spectacular mountain views?,can_quebec_montreal_le_saint_sulpice,0
Where should I stay for spectacular mountain views?,can_montreal_fairmont_the_queen_elizabeth,2
Where should I stay for spectacular mountain views?,can_quebec_montreal_fairmont_the_queen_elizabeth,2
Where should I stay for spectacular mountain views?,can_quebec_montreal_hotel_st_paul,0
Where should I stay for spectacular mountain views?,can_montreal_hotel_st_paul,0
Where should I stay for spectacular mountain views?,can_quebec_montreal_auberge_du_vieux_port,0
Where should I stay for spectacular mountain views?,can_montreal_auberge_du_vieux_port,0
Where should I stay for spectacular mountain views?,can_quebec_montreal_intercontinental_montreal,2
Where should I stay for spectacular mountain views?,can_montreal_intercontinental_montreal,2
Where should I stay for spectacular mountain views?,can_montreal_chateau_de_l_argoat,0
Where should I stay for spectacular mountain views?,can_quebec_montreal_chateau_de_l_argoat,0
Where should I stay for spectacular mountain views?,can_quebec_montreal_hotel_du_fort,0
Where should I stay for spectacular mountain views?,can_montreal_hotel_du_fort,0
Where should I stay for spectacular mountain views?,can_quebec_montreal_delta_montreal_hotel,1
Where should I stay for spectacular mountain views?,can_montreal_delta_montreal_hotel,1
Where should I stay for spectacular mountain views?,can_quebec_montreal_holiday_inn_express_montreal_centre_ville,0
Where should I stay for spectacular mountain views?,can_montreal_holiday_inn_express_montreal_centre_ville,0
Where should I stay for spectacular mountain views?,can_montreal_delta_centre_ville,2
Where should I stay for spectacular mountain views?,can_quebec_montreal_delta_centre_ville,2
Where should I stay for spectacular mountain views?,can_montreal_hotel_xixe_siecle,0
Where should I stay for spectacular mountain views?,can_quebec_montreal_hotel_xixe_siecle,0
Where should I stay for spectacular mountain views?,can_montreal_opus_hotel_montreal,0
Where should I stay for spectacular mountain views?,can_quebec_montreal_opus_hotel_montreal,0
Where should I stay for spectacular mountain views?,can_montreal_novotel_montreal_center,0
Where should I stay for spectacular mountain views?,can_quebec_montreal_novotel_montreal_center,0
Where should I stay for spectacular mountain views?,can_montreal_ritz_carlton_montreal,0
Where should I stay for spectacular mountain views?,can_quebec_montreal_ritz_carlton_montreal,0
Where should I stay for spectacular mountain views?,can_montreal_holiday_inn_montreal_midtown,1
Where should I stay for spectacular mountain views?,can_quebec_montreal_holiday_inn_montreal_midtown,0
Where should I stay for spectacular mountain views?,can_montreal_embassy_suites_montreal,0
Where should I stay for spectacular mountain views?,can_quebec_montreal_embassy_suites_montreal,0
Where should I stay for spectacular mountain views?,can_quebec_montreal_auberge_bonaparte,0
Where should I stay for spectacular mountain views?,can_montreal_auberge_bonaparte,0
What are the best hotels for travelers interested in local craftsmanship?,can_montreal_le_square_phillips_hotel_suites,0
What are the best hotels for travelers interested in local craftsmanship?,can_quebec_montreal_le_square_phillips_hotel_suites,0
What are the best hotels for travelers interested in local craftsmanship?,can_quebec_montreal_le_place_d_armes_hotel_suites,1
What are the best hotels for travelers interested in local craftsmanship?,can_montreal_le_place_d_armes_hotel_suites,0
What are the best hotels for travelers interested in local craftsmanship?,can_quebec_montreal_hotel_nelligan,2
What are the best hotels for travelers interested in local craftsmanship?,can_montreal_hotel_nelligan,2
What are the best hotels for travelers interested in local craftsmanship?,can_quebec_montreal_hotel_gault,1
What are the best hotels for travelers interested in local craftsmanship?,can_montreal_hotel_gault,0
What are the best hotels for travelers interested in local craftsmanship?,can_quebec_montreal_loews_hotel_vogue,1
What are the best hotels for travelers interested in local craftsmanship?,can_montreal_loews_hotel_vogue,1
What are the best hotels for travelers interested in local craftsmanship?,can_montreal_w_montreal,0
What are the best hotels for travelers interested in local craftsmanship?,can_quebec_montreal_w_montreal,0
What are the best hotels for travelers interested in local craftsmanship?,can_montreal_sofitel_montreal,1
What are the best hotels for travelers interested in local craftsmanship?,can_quebec_montreal_sofitel_montreal,1
What are the best hotels for travelers interested in local craftsmanship?,can_quebec_montreal_auberge_du_vieux_port,2
What are the best hotels for travelers interested in local craftsmanship?,can_montreal_auberge_du_vieux_port,1
What are the best hotels for travelers interested in local craftsmanship?,can_quebec_montreal_residence_inn_by_marriott_montreal_downtown,0
What are the best hotels for travelers interested in local craftsmanship?,can_montreal_residence_inn_by_marriott_montreal_downtown,0
What are the best hotels for travelers interested in local craftsmanship?,can_montreal_marriott_chateau_champlain,0
What are the best hotels for travelers interested in local craftsmanship?,can_quebec_montreal_marriott_chateau_champlain,1
What are the best hotels for travelers interested in local craftsmanship?,can_montreal_hotel_xixe_siecle,0
What are the best hotels for travelers interested in local craftsmanship?,can_quebec_montreal_hotel_xixe_siecle,1
What are the best hotels for travelers interested in local craftsmanship?,can_quebec_montreal_hotel_omni_mont_royal,0
What are the best hotels for travelers interested in local craftsmanship?,can_montreal_hotel_omni_mont_royal,0
What are the best hotels for travelers interested in local craftsmanship?,can_montreal_le_saint_sulpice,0
What are the best hotels for travelers interested in local craftsmanship?,can_quebec_montreal_le_saint_sulpice,1
What are the best hotels for travelers interested in local craftsmanship?,can_montreal_le_cantlie_suites_hotel,0
What are the best hotels for travelers interested in local craftsmanship?,can_quebec_montreal_le_cantlie_suites_hotel,0
What are the best hotels for travelers interested in local craftsmanship?,can_montreal_chateau_de_l_argoat,1
What are the best hotels for travelers interested in local craftsmanship?,can_quebec_montreal_chateau_de_l_argoat,0
What are the best hotels for travelers interested in local craftsmanship?,can_quebec_montreal_hotel_du_fort,0
What are the best hotels for travelers interested in local craftsmanship?,can_montreal_hotel_du_fort,0
What are the best hotels for travelers interested in local craftsmanship?,can_montreal_hilton_montreal_bonaventure,1
What are the best hotels for travelers interested in local craftsmanship?,can_quebec_montreal_hilton_montreal_bonaventure,1
What are the best hotels for travelers interested in local craftsmanship?,can_quebec_montreal_intercontinental_montreal,1
What are the best hotels for travelers interested in local craftsmanship?,can_montreal_intercontinental_montreal,1
What are the best hotels for travelers interested in local craftsmanship?,can_montreal_ritz_carlton_montreal,1
What are the best hotels for travelers interested in local craftsmanship?,can_quebec_montreal_ritz_carlton_montreal,1
What are the best hotels for travelers interested in local craftsmanship?,can_montreal_hyatt_regency_montreal,0
What are the best hotels for travelers interested in local craftsmanship?,can_quebec_montreal_hyatt_regency_montreal,1
What are the best hotels for travelers interested in local craftsmanship?,can_montreal_fairmont_the_queen_elizabeth,0
What are the best hotels for travelers interested in local craftsmanship?,can_quebec_montreal_fairmont_the_queen_elizabeth,0
What are the best hotels for travelers interested in local craftsmanship?,can_quebec_montreal_sheraton_le_centre_montreal_hotel,0
What are the best hotels for travelers interested in local craftsmanship?,can_montreal_sheraton_le_centre_montreal_hotel,0
What are the best hotels for travelers interested in local craftsmanship?,can_quebec_montreal_hotel_st_paul,2
What are the best hotels for travelers interested in local craftsmanship?,can_montreal_hotel_st_paul,1
What are the best hotels for travelers interested in local craftsmanship?,can_montreal_delta_centre_ville,0
What are the best hotels for travelers interested in local craftsmanship?,can_quebec_montreal_delta_centre_ville,0
What are the best hotels for travelers interested in local craftsmanship?,can_quebec_montreal_holiday_inn_express_montreal_centre_ville,0
What are the best hotels for travelers interested in local craftsmanship?,can_montreal_holiday_inn_express_montreal_centre_ville,0
What are the best hotels for travelers interested in local craftsmanship?,can_quebec_montreal_delta_montreal_hotel,0
What are the best hotels for travelers interested in local craftsmanship?,can_montreal_delta_montreal_hotel,0
What are the best hotels for travelers interested in local craftsmanship?,can_quebec_montreal_springhill_suites_old_montreal,2
What are the best hotels for travelers interested in local craftsmanship?,can_montreal_springhill_suites_old_montreal,2
What are the best hotels for travelers interested in local craftsmanship?,can_montreal_opus_hotel_montreal,1
What are the best hotels for travelers interested in local craftsmanship?,can_quebec_montreal_opus_hotel_montreal,2
What are the best hotels for travelers interested in local craftsmanship?,can_montreal_embassy_suites_montreal,1
What are the best hotels for travelers interested in local craftsmanship?,can_quebec_montreal_embassy_suites_montreal,0
What are the best hotels for travelers interested in local craftsmanship?,can_montreal_holiday_inn_montreal_midtown,0
What are the best hotels for travelers interested in local craftsmanship?,can_quebec_montreal_holiday_inn_montreal_midtown,0
What are the best hotels for travelers interested in local craftsmanship?,can_montreal_novotel_montreal_center,0
What are the best hotels for travelers interested in local craftsmanship?,can_quebec_montreal_novotel_montreal_center,1
What are the best hotels for travelers interested in local craftsmanship?,can_quebec_montreal_auberge_bonaparte,1
What are the best hotels for travelers interested in local craftsmanship?,can_montreal_auberge_bonaparte,1
Suggest a hotel where I can experience traditional healing practices.,can_quebec_montreal_hotel_nelligan,0
Suggest a hotel where I can experience traditional healing practices.,can_montreal_hotel_nelligan,0
Suggest a hotel where I can experience traditional healing practices.,can_quebec_montreal_le_place_d_armes_hotel_suites,0
Suggest a hotel where I can experience traditional healing practices.,can_montreal_le_place_d_armes_hotel_suites,0
Suggest a hotel where I can experience traditional healing practices.,can_quebec_montreal_residence_inn_by_marriott_montreal_downtown,0
Suggest a hotel where I can experience traditional healing practices.,can_montreal_residence_inn_by_marriott_montreal_downtown,0
Suggest a hotel where I can experience traditional healing practices.,can_quebec_montreal_loews_hotel_vogue,0
Suggest a hotel where I can experience traditional healing practices.,can_montreal_loews_hotel_vogue,0
Suggest a hotel where I can experience traditional healing practices.,can_montreal_sofitel_montreal,0
Suggest a hotel where I can experience traditional healing practices.,can_quebec_montreal_sofitel_montreal,0
Suggest a hotel where I can experience traditional healing practices.,can_montreal_w_montreal,0
Suggest a hotel where I can experience traditional healing practices.,can_quebec_montreal_w_montreal,0
Suggest a hotel where I can experience traditional healing practices.,can_montreal_le_square_phillips_hotel_suites,0
Suggest a hotel where I can experience traditional healing practices.,can_quebec_montreal_le_square_phillips_hotel_suites,0
Suggest a hotel where I can experience traditional healing practices.,can_montreal_le_saint_sulpice,1
Suggest a hotel where I can experience traditional healing practices.,can_quebec_montreal_le_saint_sulpice,1
Suggest a hotel where I can experience traditional healing practices.,can_quebec_montreal_hotel_omni_mont_royal,0
Suggest a hotel where I can experience traditional healing practices.,can_montreal_hotel_omni_mont_royal,0
Suggest a hotel where I can experience traditional healing practices.,can_montreal_hyatt_regency_montreal,0
Suggest a hotel where I can experience traditional healing practices.,can_quebec_montreal_hyatt_regency_montreal,0
Suggest a hotel where I can experience traditional healing practices.,can_quebec_montreal_hotel_gault,0
Suggest a hotel where I can experience traditional healing practices.,can_montreal_hotel_gault,0
Suggest a hotel where I can experience traditional healing practices.,can_quebec_montreal_hotel_du_fort,0
Suggest a hotel where I can experience traditional healing practices.,can_montreal_hotel_du_fort,0
Suggest a hotel where I can experience traditional healing practices.,can_montreal_marriott_chateau_champlain,0
Suggest a hotel where I can experience traditional healing practices.,can_quebec_montreal_marriott_chateau_champlain,0
Suggest a hotel where I can experience traditional healing practices.,can_quebec_montreal_auberge_du_vieux_port,0
Suggest a hotel where I can experience traditional healing practices.,can_montreal_auberge_du_vieux_port,0
Suggest a hotel where I can experience traditional healing practices.,can_montreal_hilton_montreal_bonaventure,0
Suggest a hotel where I can experience traditional healing practices.,can_quebec_montreal_hilton_montreal_bonaventure,0
Suggest a hotel where I can experience traditional healing practices.,can_montreal_chateau_de_l_argoat,0
Suggest a hotel where I can experience traditional healing practices.,can_quebec_montreal_chateau_de_l_argoat,0
Suggest a hotel where I can experience traditional healing practices.,can_montreal_hotel_xixe_siecle,0
Suggest a hotel where I can experience traditional healing practices.,can_quebec_montreal_hotel_xixe_siecle,0
Suggest a hotel where I can experience traditional healing practices.,can_montreal_fairmont_the_queen_elizabeth,0
Suggest a hotel where I can experience traditional healing practices.,can_quebec_montreal_fairmont_the_queen_elizabeth,0
Suggest a hotel where I can experience traditional healing practices.,can_quebec_montreal_delta_montreal_hotel,0
Suggest a hotel where I can experience traditional healing practices.,can_montreal_delta_montreal_hotel,0
Suggest a hotel where I can experience traditional healing practices.,can_montreal_embassy_suites_montreal,0
Suggest a hotel where I can experience traditional healing practices.,can_quebec_montreal_holiday_inn_express_montreal_centre_ville,0
Suggest a hotel where I can experience traditional healing practices.,can_montreal_holiday_inn_express_montreal_centre_ville,0
Suggest a hotel where I can experience traditional healing practices.,can_quebec_montreal_springhill_suites_old_montreal,0
Suggest a hotel where I can experience traditional healing practices.,can_montreal_springhill_suites_old_montreal,0
Suggest a hotel where I can experience traditional healing practices.,can_quebec_montreal_embassy_suites_montreal,0
Suggest a hotel where I can experience traditional healing practices.,can_montreal_delta_centre_ville,0
Suggest a hotel where I can experience traditional healing practices.,can_quebec_montreal_delta_centre_ville,0
Suggest a hotel where I can experience traditional healing practices.,can_montreal_opus_hotel_montreal,0
Suggest a hotel where I can experience traditional healing practices.,can_quebec_montreal_opus_hotel_montreal,0
Suggest a hotel where I can experience traditional healing practices.,can_quebec_montreal_intercontinental_montreal,0
Suggest a hotel where I can experience traditional healing practices.,can_montreal_intercontinental_montreal,0
Suggest a hotel where I can experience traditional healing practices.,can_quebec_montreal_hotel_st_paul,0
Suggest a hotel where I can experience traditional healing practices.,can_montreal_hotel_st_paul,0
Suggest a hotel where I can experience traditional healing practices.,can_quebec_montreal_sheraton_le_centre_montreal_hotel,0
Suggest a hotel where I can experience traditional healing practices.,can_montreal_sheraton_le_centre_montreal_hotel,0
Suggest a hotel where I can experience traditional healing practices.,can_montreal_holiday_inn_montreal_midtown,0
Suggest a hotel where I can experience traditional healing practices.,can_quebec_montreal_holiday_inn_montreal_midtown,0
Suggest a hotel where I can experience traditional healing practices.,can_montreal_ritz_carlton_montreal,0
Suggest a hotel where I can experience traditional healing practices.,can_quebec_montreal_ritz_carlton_montreal,0
Suggest a hotel where I can experience traditional healing practices.,can_montreal_le_cantlie_suites_hotel,0
Suggest a hotel where I can experience traditional healing practices.,can_quebec_montreal_le_cantlie_suites_hotel,0
Suggest a hotel where I can experience traditional healing practices.,can_montreal_novotel_montreal_center,0
Suggest a hotel where I can experience traditional healing practices.,can_quebec_montreal_novotel_montreal_center,0
Suggest a hotel where I can experience traditional healing practices.,can_quebec_montreal_auberge_bonaparte,0
Suggest a hotel where I can experience traditional healing practices.,can_montreal_auberge_bonaparte,0
Where can I find a hotel that hosts local artisans regularly?,can_quebec_montreal_loews_hotel_vogue,0
Where can I find a hotel that hosts local artisans regularly?,can_montreal_loews_hotel_vogue,0
Where can I find a hotel that hosts local artisans regularly?,can_montreal_le_square_phillips_hotel_suites,0
Where can I find a hotel that hosts local artisans regularly?,can_quebec_montreal_le_square_phillips_hotel_suites,0
Where can I find a hotel that hosts local artisans regularly?,can_quebec_montreal_hotel_nelligan,0
Where can I find a hotel that hosts local artisans regularly?,can_montreal_hotel_nelligan,0
Where can I find a hotel that hosts local artisans regularly?,can_quebec_montreal_hotel_gault,0
Where can I find a hotel that hosts local artisans regularly?,can_montreal_hotel_gault,0
Where can I find a hotel that hosts local artisans regularly?,can_quebec_montreal_le_place_d_armes_hotel_suites,0
Where can I find a hotel that hosts local artisans regularly?,can_montreal_le_place_d_armes_hotel_suites,0
Where can I find a hotel that hosts local artisans regularly?,can_montreal_hotel_xixe_siecle,0
Where can I find a hotel that hosts local artisans regularly?,can_quebec_montreal_hotel_xixe_siecle,0
Where can I find a hotel that hosts local artisans regularly?,can_montreal_w_montreal,0
Where can I find a hotel that hosts local artisans regularly?,can_quebec_montreal_w_montreal,0
Where can I find a hotel that hosts local artisans regularly?,can_montreal_sofitel_montreal,0
Where can I find a hotel that hosts local artisans regularly?,can_quebec_montreal_sofitel_montreal,0
Where can I find a hotel that hosts local artisans regularly?,can_quebec_montreal_auberge_du_vieux_port,0
Where can I find a hotel that hosts local artisans regularly?,can_montreal_auberge_du_vieux_port,0
Where can I find a hotel that hosts local artisans regularly?,can_quebec_montreal_residence_inn_by_marriott_montreal_downtown,0
Where can I find a hotel that hosts local artisans regularly?,can_montreal_residence_inn_by_marriott_montreal_downtown,0
Where can I find a hotel that hosts local artisans regularly?,can_quebec_montreal_hotel_omni_mont_royal,0
Where can I find a hotel that hosts local artisans regularly?,can_montreal_hotel_omni_mont_royal,0
Where can I find a hotel that hosts local artisans regularly?,can_quebec_montreal_hotel_du_fort,0
Where can I find a hotel that hosts local artisans regularly?,can_montreal_hotel_du_fort,0
Where can I find a hotel that hosts local artisans regularly?,can_montreal_chateau_de_l_argoat,0
Where can I find a hotel that hosts local artisans regularly?,can_quebec_montreal_chateau_de_l_argoat,0
Where can I find a hotel that hosts local artisans regularly?,can_montreal_marriott_chateau_champlain,0
Where can I find a hotel that hosts local artisans regularly?,can_quebec_montreal_marriott_chateau_champlain,0
Where can I find a hotel that hosts local artisans regularly?,can_montreal_hyatt_regency_montreal,0
Where can I find a hotel that hosts local artisans regularly?,can_quebec_montreal_hyatt_regency_montreal,0
Where can I find a hotel that hosts local artisans regularly?,can_montreal_le_saint_sulpice,0
Where can I find a hotel that hosts local artisans regularly?,can_quebec_montreal_le_saint_sulpice,0
Where can I find a hotel that hosts local artisans regularly?,can_quebec_montreal_intercontinental_montreal,0
Where can I find a hotel that hosts local artisans regularly?,can_montreal_intercontinental_montreal,0
Where can I find a hotel that hosts local artisans regularly?,can_montreal_le_cantlie_suites_hotel,0
Where can I find a hotel that hosts local artisans regularly?,can_quebec_montreal_le_cantlie_suites_hotel,0
Where can I find a hotel that hosts local artisans regularly?,can_quebec_montreal_sheraton_le_centre_montreal_hotel,0
Where can I find a hotel that hosts local artisans regularly?,can_montreal_sheraton_le_centre_montreal_hotel,0
Where can I find a hotel that hosts local artisans regularly?,can_quebec_montreal_hotel_st_paul,0
Where can I find a hotel that hosts local artisans regularly?,can_montreal_hotel_st_paul,0
Where can I find a hotel that hosts local artisans regularly?,can_montreal_opus_hotel_montreal,0
Where can I find a hotel that hosts local artisans regularly?,can_quebec_montreal_opus_hotel_montreal,0
Where can I find a hotel that hosts local artisans regularly?,can_montreal_hilton_montreal_bonaventure,0
Where can I find a hotel that hosts local artisans regularly?,can_quebec_montreal_hilton_montreal_bonaventure,1
Where can I find a hotel that hosts local artisans regularly?,can_montreal_fairmont_the_queen_elizabeth,0
Where can I find a hotel that hosts local artisans regularly?,can_quebec_montreal_fairmont_the_queen_elizabeth,0
Where can I find a hotel that hosts local artisans regularly?,can_montreal_delta_centre_ville,0
Where can I find a hotel that hosts local artisans regularly?,can_quebec_montreal_delta_centre_ville,0
Where can I find a hotel that hosts local artisans regularly?,can_quebec_montreal_holiday_inn_express_montreal_centre_ville,0
Where can I find a hotel that hosts local artisans regularly?,can_montreal_holiday_inn_express_montreal_centre_ville,0
Where can I find a hotel that hosts local artisans regularly?,can_montreal_embassy_suites_montreal,0
Where can I find a hotel that hosts local artisans regularly?,can_quebec_montreal_embassy_suites_montreal,0
Where can I find a hotel that hosts local artisans regularly?,can_montreal_ritz_carlton_montreal,0
Where can I find a hotel that hosts local artisans regularly?,can_quebec_montreal_ritz_carlton_montreal,0
Where can I find a hotel that hosts local artisans regularly?,can_quebec_montreal_springhill_suites_old_montreal,0
Where can I find a hotel that hosts local artisans regularly?,can_montreal_springhill_suites_old_montreal,0
Where can I find a hotel that hosts local artisans regularly?,can_montreal_novotel_montreal_center,0
Where can I find a hotel that hosts local artisans regularly?,can_quebec_montreal_novotel_montreal_center,0
Where can I find a hotel that hosts local artisans regularly?,can_quebec_montreal_delta_montreal_hotel,0
Where can I find a hotel that hosts local artisans regularly?,can_montreal_delta_montreal_hotel,0
Where can I find a hotel that hosts local artisans regularly?,can_montreal_holiday_inn_montreal_midtown,0
Where can I find a hotel that hosts local artisans regularly?,can_quebec_montreal_holiday_inn_montreal_midtown,0
Where can I find a hotel that hosts local artisans regularly?,can_quebec_montreal_auberge_bonaparte,0
Where can I find a hotel that hosts local artisans regularly?,can_montreal_auberge_bonaparte,0
Recommend a hotel with exceptional seasonal festivities.,can_montreal_le_square_phillips_hotel_suites,2
Recommend a hotel with exceptional seasonal festivities.,can_quebec_montreal_le_square_phillips_hotel_suites,1
Recommend a hotel with exceptional seasonal festivities.,can_quebec_montreal_hotel_nelligan,0
Recommend a hotel with exceptional seasonal festivities.,can_montreal_hotel_nelligan,1
Recommend a hotel with exceptional seasonal festivities.,can_quebec_montreal_le_place_d_armes_hotel_suites,0
Recommend a hotel with exceptional seasonal festivities.,can_montreal_le_place_d_armes_hotel_suites,0
Recommend a hotel with exceptional seasonal festivities.,can_quebec_montreal_loews_hotel_vogue,0
Recommend a hotel with exceptional seasonal festivities.,can_montreal_loews_hotel_vogue,1
Recommend a hotel with exceptional seasonal festivities.,can_quebec_montreal_residence_inn_by_marriott_montreal_downtown,0
Recommend a hotel with exceptional seasonal festivities.,can_quebec_montreal_springhill_suites_old_montreal,0
Recommend a hotel with exceptional seasonal festivities.,can_montreal_springhill_suites_old_montreal,1
Recommend a hotel with exceptional seasonal festivities.,can_montreal_residence_inn_by_marriott_montreal_downtown,0
Recommend a hotel with exceptional seasonal festivities.,can_montreal_sofitel_montreal,0
Recommend a hotel with exceptional seasonal festivities.,can_quebec_montreal_sofitel_montreal,0
Recommend a hotel with exceptional seasonal festivities.,can_quebec_montreal_holiday_inn_express_montreal_centre_ville,0
Recommend a hotel with exceptional seasonal festivities.,can_montreal_holiday_inn_express_montreal_centre_ville,0
Recommend a hotel with exceptional seasonal festivities.,can_quebec_montreal_hotel_gault,0
Recommend a hotel with exceptional seasonal festivities.,can_montreal_hotel_gault,0
Recommend a hotel with exceptional seasonal festivities.,can_montreal_le_saint_sulpice,1
Recommend a hotel with exceptional seasonal festivities.,can_quebec_montreal_le_saint_sulpice,0
Recommend a hotel with exceptional seasonal festivities.,can_montreal_w_montreal,0
Recommend a hotel with exceptional seasonal festivities.,can_quebec_montreal_w_montreal,1
Recommend a hotel with exceptional seasonal festivities.,can_montreal_fairmont_the_queen_elizabeth,0
Recommend a hotel with exceptional seasonal festivities.,can_quebec_montreal_fairmont_the_queen_elizabeth,0
Recommend a hotel with exceptional seasonal festivities.,can_montreal_marriott_chateau_champlain,0
Recommend a hotel with exceptional seasonal festivities.,can_quebec_montreal_marriott_chateau_champlain,0
Recommend a hotel with exceptional seasonal festivities.,can_quebec_montreal_auberge_du_vieux_port,0
Recommend a hotel with exceptional seasonal festivities.,can_montreal_auberge_du_vieux_port,0
Recommend a hotel with exceptional seasonal festivities.,can_quebec_montreal_hotel_omni_mont_royal,1
Recommend a hotel with exceptional seasonal festivities.,can_montreal_hotel_omni_mont_royal,1
Recommend a hotel with exceptional seasonal festivities.,can_quebec_montreal_sheraton_le_centre_montreal_hotel,0
Recommend a hotel with exceptional seasonal festivities.,can_montreal_sheraton_le_centre_montreal_hotel,0
Recommend a hotel with exceptional seasonal festivities.,can_montreal_hyatt_regency_montreal,1
Recommend a hotel with exceptional seasonal festivities.,can_quebec_montreal_hyatt_regency_montreal,1
Recommend a hotel with exceptional seasonal festivities.,can_montreal_hilton_montreal_bonaventure,0
Recommend a hotel with exceptional seasonal festivities.,can_quebec_montreal_hilton_montreal_bonaventure,0
Recommend a hotel with exceptional seasonal festivities.,can_montreal_holiday_inn_montreal_midtown,0
Recommend a hotel with exceptional seasonal festivities.,can_quebec_montreal_holiday_inn_montreal_midtown,0
Recommend a hotel with exceptional seasonal festivities.,can_quebec_montreal_hotel_st_paul,0
Recommend a hotel with exceptional seasonal festivities.,can_montreal_hotel_st_paul,1
Recommend a hotel with exceptional seasonal festivities.,can_montreal_chateau_de_l_argoat,0
Recommend a hotel with exceptional seasonal festivities.,can_quebec_montreal_chateau_de_l_argoat,0
Recommend a hotel with exceptional seasonal festivities.,can_montreal_hotel_xixe_siecle,0
Recommend a hotel with exceptional seasonal festivities.,can_quebec_montreal_hotel_xixe_siecle,0
Recommend a hotel with exceptional seasonal festivities.,can_montreal_embassy_suites_montreal,0
Recommend a hotel with exceptional seasonal festivities.,can_quebec_montreal_embassy_suites_montreal,0
Recommend a hotel with exceptional seasonal festivities.,can_montreal_le_cantlie_suites_hotel,0
Recommend a hotel with exceptional seasonal festivities.,can_quebec_montreal_le_cantlie_suites_hotel,0
Recommend a hotel with exceptional seasonal festivities.,can_quebec_montreal_hotel_du_fort,0
Recommend a hotel with exceptional seasonal festivities.,can_montreal_hotel_du_fort,0
Recommend a hotel with exceptional seasonal festivities.,can_montreal_delta_centre_ville,0
Recommend a hotel with exceptional seasonal festivities.,can_quebec_montreal_delta_centre_ville,0
Recommend a hotel with exceptional seasonal festivities.,can_montreal_opus_hotel_montreal,0
Recommend a hotel with exceptional seasonal festivities.,can_quebec_montreal_opus_hotel_montreal,0
Recommend a hotel with exceptional seasonal festivities.,can_quebec_montreal_intercontinental_montreal,0
Recommend a hotel with exceptional seasonal festivities.,can_montreal_intercontinental_montreal,0
Recommend a hotel with exceptional seasonal festivities.,can_quebec_montreal_delta_montreal_hotel,1
Recommend a hotel with exceptional seasonal festivities.,can_montreal_delta_montreal_hotel,1
Recommend a hotel with exceptional seasonal festivities.,can_quebec_montreal_auberge_bonaparte,0
Recommend a hotel with exceptional seasonal festivities.,can_montreal_auberge_bonaparte,0
Recommend a hotel with exceptional seasonal festivities.,can_montreal_ritz_carlton_montreal,2
Recommend a hotel with exceptional seasonal festivities.,can_quebec_montreal_ritz_carlton_montreal,1
Recommend a hotel with exceptional seasonal festivities.,can_montreal_novotel_montreal_center,0
Recommend a hotel with exceptional seasonal festivities.,can_quebec_montreal_novotel_montreal_center,0
Where should I stay that offers unique stargazing experiences?,can_montreal_le_square_phillips_hotel_suites,0
Where should I stay that offers unique stargazing experiences?,can_quebec_montreal_le_square_phillips_hotel_suites,0
Where should I stay that offers unique stargazing experiences?,can_quebec_montreal_loews_hotel_vogue,0
Where should I stay that offers unique stargazing experiences?,can_montreal_loews_hotel_vogue,0
Where should I stay that offers unique stargazing experiences?,can_quebec_montreal_sheraton_le_centre_montreal_hotel,0
Where should I stay that offers unique stargazing experiences?,can_montreal_sheraton_le_centre_montreal_hotel,0
Where should I stay that offers unique stargazing experiences?,can_quebec_montreal_hotel_gault,0
Where should I stay that offers unique stargazing experiences?,can_montreal_hotel_gault,0
Where should I stay that offers unique stargazing experiences?,can_quebec_montreal_hotel_omni_mont_royal,0
Where should I stay that offers unique stargazing experiences?,can_montreal_hotel_omni_mont_royal,0
Where should I stay that offers unique stargazing experiences?,can_montreal_w_montreal,0
Where should I stay that offers unique stargazing experiences?,can_quebec_montreal_w_montreal,0
Where should I stay that offers unique stargazing experiences?,can_montreal_sofitel_montreal,0
Where should I stay that offers unique stargazing experiences?,can_quebec_montreal_sofitel_montreal,0
Where should I stay that offers unique stargazing experiences?,can_montreal_hyatt_regency_montreal,0
Where should I stay that offers unique stargazing experiences?,can_quebec_montreal_hyatt_regency_montreal,0
Where should I stay that offers unique stargazing experiences?,can_montreal_hilton_montreal_bonaventure,0
Where should I stay that offers unique stargazing experiences?,can_quebec_montreal_hilton_montreal_bonaventure,0
Where should I stay that offers unique stargazing experiences?,can_quebec_montreal_le_place_d_armes_hotel_suites,0
Where should I stay that offers unique stargazing experiences?,can_montreal_le_place_d_armes_hotel_suites,0
Where should I stay that offers unique stargazing experiences?,can_montreal_marriott_chateau_champlain,0
Where should I stay that offers unique stargazing experiences?,can_quebec_montreal_marriott_chateau_champlain,0
Where should I stay that offers unique stargazing experiences?,can_quebec_montreal_delta_montreal_hotel,0
Where should I stay that offers unique stargazing experiences?,can_montreal_delta_montreal_hotel,0
Where should I stay that offers unique stargazing experiences?,can_quebec_montreal_hotel_nelligan,0
Where should I stay that offers unique stargazing experiences?,can_montreal_hotel_nelligan,0
Where should I stay that offers unique stargazing experiences?,can_montreal_le_cantlie_suites_hotel,0
Where should I stay that offers unique stargazing experiences?,can_quebec_montreal_le_cantlie_suites_hotel,0
Where should I stay that offers unique stargazing experiences?,can_quebec_montreal_auberge_du_vieux_port,0
Where should I stay that offers unique stargazing experiences?,can_montreal_auberge_du_vieux_port,0
Where should I stay that offers unique stargazing experiences?,can_montreal_le_saint_sulpice,0
Where should I stay that offers unique stargazing experiences?,can_quebec_montreal_le_saint_sulpice,0
Where should I stay that offers unique stargazing experiences?,can_quebec_montreal_residence_inn_by_marriott_montreal_downtown,0
Where should I stay that offers unique stargazing experiences?,can_montreal_residence_inn_by_marriott_montreal_downtown,0
Where should I stay that offers unique stargazing experiences?,can_montreal_fairmont_the_queen_elizabeth,0
Where should I stay that offers unique stargazing experiences?,can_quebec_montreal_fairmont_the_queen_elizabeth,0
Where should I stay that offers unique stargazing experiences?,can_quebec_montreal_hotel_st_paul,0
Where should I stay that offers unique stargazing experiences?,can_montreal_hotel_st_paul,0
Where should I stay that offers unique stargazing experiences?,can_quebec_montreal_intercontinental_montreal,0
Where should I stay that offers unique stargazing experiences?,can_montreal_intercontinental_montreal,0
Where should I stay that offers unique stargazing experiences?,can_montreal_opus_hotel_montreal,0
Where should I stay that offers unique stargazing experiences?,can_quebec_montreal_opus_hotel_montreal,0
Where should I stay that offers unique stargazing experiences?,can_montreal_delta_centre_ville,0
Where should I stay that offers unique stargazing experiences?,can_quebec_montreal_delta_centre_ville,0
Where should I stay that offers unique stargazing experiences?,can_montreal_novotel_montreal_center,0
Where should I stay that offers unique stargazing experiences?,can_quebec_montreal_novotel_montreal_center,0
Where should I stay that offers unique stargazing experiences?,can_montreal_chateau_de_l_argoat,0
Where should I stay that offers unique stargazing experiences?,can_quebec_montreal_chateau_de_l_argoat,0
Where should I stay that offers unique stargazing experiences?,can_montreal_hotel_xixe_siecle,0
Where should I stay that offers unique stargazing experiences?,can_quebec_montreal_hotel_xixe_siecle,0
Where should I stay that offers unique stargazing experiences?,can_quebec_montreal_springhill_suites_old_montreal,0
Where should I stay that offers unique stargazing experiences?,can_montreal_springhill_suites_old_montreal,0
Where should I stay that offers unique stargazing experiences?,can_quebec_montreal_hotel_du_fort,0
Where should I stay that offers unique stargazing experiences?,can_montreal_hotel_du_fort,0
Where should I stay that offers unique stargazing experiences?,can_montreal_ritz_carlton_montreal,0
Where should I stay that offers unique stargazing experiences?,can_quebec_montreal_ritz_carlton_montreal,0
Where should I stay that offers unique stargazing experiences?,can_quebec_montreal_holiday_inn_express_montreal_centre_ville,0
Where should I stay that offers unique stargazing experiences?,can_montreal_holiday_inn_express_montreal_centre_ville,0
Where should I stay that offers unique stargazing experiences?,can_quebec_montreal_embassy_suites_montreal,0
Where should I stay that offers unique stargazing experiences?,can_montreal_embassy_suites_montreal,0
Where should I stay that offers unique stargazing experiences?,can_montreal_holiday_inn_montreal_midtown,0
Where should I stay that offers unique stargazing experiences?,can_quebec_montreal_holiday_inn_montreal_midtown,0
Where should I stay that offers unique stargazing experiences?,can_quebec_montreal_auberge_bonaparte,0
Where should I stay that offers unique stargazing experiences?,can_montreal_auberge_bonaparte,0
What hotels best showcase regional architectural styles?,can_montreal_le_square_phillips_hotel_suites,1
What hotels best showcase regional architectural styles?,can_quebec_montreal_le_square_phillips_hotel_suites,0
What hotels best showcase regional architectural styles?,can_quebec_montreal_hotel_gault,2
What hotels best showcase regional architectural styles?,can_montreal_hotel_gault,2
What hotels best showcase regional architectural styles?,can_quebec_montreal_le_place_d_armes_hotel_suites,2
What hotels best showcase regional architectural styles?,can_montreal_le_place_d_armes_hotel_suites,2
What hotels best showcase regional architectural styles?,can_quebec_montreal_hotel_nelligan,3
What hotels best showcase regional architectural styles?,can_montreal_hotel_nelligan,3
What hotels best showcase regional architectural styles?,can_quebec_montreal_loews_hotel_vogue,0
What hotels best showcase regional architectural styles?,can_montreal_loews_hotel_vogue,0
What hotels best showcase regional architectural styles?,can_montreal_sofitel_montreal,0
What hotels best showcase regional architectural styles?,can_quebec_montreal_sofitel_montreal,1
What hotels best showcase regional architectural styles?,can_montreal_hilton_montreal_bonaventure,2
What hotels best showcase regional architectural styles?,can_quebec_montreal_hilton_montreal_bonaventure,1
What hotels best showcase regional architectural styles?,can_montreal_w_montreal,1
What hotels best showcase regional architectural styles?,can_quebec_montreal_w_montreal,1
What hotels best showcase regional architectural styles?,can_quebec_montreal_sheraton_le_centre_montreal_hotel,0
What hotels best showcase regional architectural styles?,can_montreal_sheraton_le_centre_montreal_hotel,0
What hotels best showcase regional architectural styles?,can_montreal_hotel_xixe_siecle,2
What hotels best showcase regional architectural styles?,can_quebec_montreal_hotel_xixe_siecle,2
What hotels best showcase regional architectural styles?,can_montreal_marriott_chateau_champlain,3
What hotels best showcase regional architectural styles?,can_quebec_montreal_marriott_chateau_champlain,2
What hotels best showcase regional architectural styles?,can_quebec_montreal_auberge_du_vieux_port,2
What hotels best showcase regional architectural styles?,can_montreal_auberge_du_vieux_port,2
What hotels best showcase regional architectural styles?,can_quebec_montreal_hotel_st_paul,2
What hotels best showcase regional architectural styles?,can_montreal_hotel_st_paul,2
What hotels best showcase regional architectural styles?,can_quebec_montreal_hotel_omni_mont_royal,1
What hotels best showcase regional architectural styles?,can_montreal_hotel_omni_mont_royal,0
What hotels best showcase regional architectural styles?,can_montreal_le_saint_sulpice,2
What hotels best showcase regional architectural styles?,can_quebec_montreal_le_saint_sulpice,1
What hotels best showcase regional architectural styles?,can_montreal_hyatt_regency_montreal,0
What hotels best showcase regional architectural styles?,can_quebec_montreal_hyatt_regency_montreal,0
What hotels best showcase regional architectural styles?,can_montreal_ritz_carlton_montreal,2
What hotels best showcase regional architectural styles?,can_quebec_montreal_ritz_carlton_montreal,2
What hotels best showcase regional architectural styles?,can_montreal_opus_hotel_montreal,1
What hotels best showcase regional architectural styles?,can_quebec_montreal_opus_hotel_montreal,1
What hotels best showcase regional architectural styles?,can_quebec_montreal_residence_inn_by_marriott_montreal_downtown,0
What hotels best showcase regional architectural styles?,can_montreal_residence_inn_by_marriott_montreal_downtown,0
What hotels best showcase regional architectural styles?,can_montreal_le_cantlie_suites_hotel,0
What hotels best showcase regional architectural styles?,can_quebec_montreal_le_cantlie_suites_hotel,0
What hotels best showcase regional architectural styles?,can_quebec_montreal_intercontinental_montreal,1
What hotels best showcase regional architectural styles?,can_montreal_intercontinental_montreal,0
What hotels best showcase regional architectural styles?,can_quebec_montreal_hotel_du_fort,0
What hotels best showcase regional architectural styles?,can_montreal_hotel_du_fort,0
What hotels best showcase regional architectural styles?,can_montreal_fairmont_the_queen_elizabeth,1
What hotels best showcase regional architectural styles?,can_quebec_montreal_fairmont_the_queen_elizabeth,1
What hotels best showcase regional architectural styles?,can_montreal_chateau_de_l_argoat,1
What hotels best showcase regional architectural styles?,can_quebec_montreal_chateau_de_l_argoat,1
What hotels best showcase regional architectural styles?,can_quebec_montreal_delta_montreal_hotel,0
What hotels best showcase regional architectural styles?,can_montreal_delta_montreal_hotel,0
What hotels best showcase regional architectural styles?,can_montreal_embassy_suites_montreal,0
What hotels best showcase regional architectural styles?,can_quebec_montreal_embassy_suites_montreal,0
What hotels best showcase regional architectural styles?,can_montreal_delta_centre_ville,0
What hotels best showcase regional architectural styles?,can_quebec_montreal_delta_centre_ville,0
What hotels best showcase regional architectural styles?,can_montreal_novotel_montreal_center,0
What hotels best showcase regional architectural styles?,can_quebec_montreal_novotel_montreal_center,0
What hotels best showcase regional architectural styles?,can_quebec_montreal_springhill_suites_old_montreal,1
What hotels best showcase regional architectural styles?,can_montreal_springhill_suites_old_montreal,1
What hotels best showcase regional architectural styles?,can_quebec_montreal_holiday_inn_express_montreal_centre_ville,0
What hotels best showcase regional architectural styles?,can_montreal_holiday_inn_express_montreal_centre_ville,0
What hotels best showcase regional architectural styles?,can_quebec_montreal_auberge_bonaparte,2
What hotels best showcase regional architectural styles?,can_montreal_auberge_bonaparte,2
What hotels best showcase regional architectural styles?,can_montreal_holiday_inn_montreal_midtown,0
What hotels best showcase regional architectural styles?,can_quebec_montreal_holiday_inn_montreal_midtown,0
Suggest a hotel with thoughtful touches for solo travelers.,can_montreal_le_square_phillips_hotel_suites,2
Suggest a hotel with thoughtful touches for solo travelers.,can_quebec_montreal_le_square_phillips_hotel_suites,2
Suggest a hotel with thoughtful touches for solo travelers.,can_quebec_montreal_loews_hotel_vogue,2
Suggest a hotel with thoughtful touches for solo travelers.,can_montreal_loews_hotel_vogue,2
Suggest a hotel with thoughtful touches for solo travelers.,can_quebec_montreal_hotel_omni_mont_royal,2
Suggest a hotel with thoughtful touches for solo travelers.,can_montreal_hotel_omni_mont_royal,2
Suggest a hotel with thoughtful touches for solo travelers.,can_quebec_montreal_residence_inn_by_marriott_montreal_downtown,2
Suggest a hotel with thoughtful touches for solo travelers.,can_montreal_residence_inn_by_marriott_montreal_downtown,2
Suggest a hotel with thoughtful touches for solo travelers.,can_montreal_hyatt_regency_montreal,1
Suggest a hotel with thoughtful touches for solo travelers.,can_quebec_montreal_hyatt_regency_montreal,2
Suggest a hotel with thoughtful touches for solo travelers.,can_montreal_sofitel_montreal,2
Suggest a hotel with thoughtful touches for solo travelers.,can_quebec_montreal_sofitel_montreal,2
Suggest a hotel with thoughtful touches for solo travelers.,can_montreal_marriott_chateau_champlain,1
Suggest a hotel with thoughtful touches for solo travelers.,can_quebec_montreal_marriott_chateau_champlain,2
Suggest a hotel with thoughtful touches for solo travelers.,can_quebec_montreal_hotel_gault,3
Suggest a hotel with thoughtful touches for solo travelers.,can_montreal_hotel_gault,3
Suggest a hotel with thoughtful touches for solo travelers.,can_montreal_w_montreal,2
Suggest a hotel with thoughtful touches for solo travelers.,can_quebec_montreal_w_montreal,2
Suggest a hotel with thoughtful touches for solo travelers.,can_quebec_montreal_delta_montreal_hotel,2
Suggest a hotel with thoughtful touches for solo travelers.,can_montreal_delta_montreal_hotel,2
Suggest a hotel with thoughtful touches for solo travelers.,can_montreal_hilton_montreal_bonaventure,2
Suggest a hotel with thoughtful touches for solo travelers.,can_quebec_montreal_hilton_montreal_bonaventure,2
Suggest a hotel with thoughtful touches for solo travelers.,can_quebec_montreal_hotel_nelligan,2
Suggest a hotel with thoughtful touches for solo travelers.,can_montreal_hotel_nelligan,3
Suggest a hotel with thoughtful touches for solo travelers.,can_quebec_montreal_hotel_du_fort,2
Suggest a hotel with thoughtful touches for solo travelers.,can_montreal_hotel_du_fort,2
Suggest a hotel with thoughtful touches for solo travelers.,can_quebec_montreal_le_place_d_armes_hotel_suites,2
Suggest a hotel with thoughtful touches for solo travelers.,can_montreal_le_place_d_armes_hotel_suites,2
Suggest a hotel with thoughtful touches for solo travelers.,can_quebec_montreal_sheraton_le_centre_montreal_hotel,1
Suggest a hotel with thoughtful touches for solo travelers.,can_montreal_sheraton_le_centre_montreal_hotel,1
Suggest a hotel with thoughtful touches for solo travelers.,can_montreal_chateau_de_l_argoat,2
Suggest a hotel with thoughtful touches for solo travelers.,can_quebec_montreal_chateau_de_l_argoat,2
Suggest a hotel with thoughtful touches for solo travelers.,can_montreal_le_cantlie_suites_hotel,2
Suggest a hotel with thoughtful touches for solo travelers.,can_quebec_montreal_le_cantlie_suites_hotel,2
Suggest a hotel with thoughtful touches for solo travelers.,can_quebec_montreal_intercontinental_montreal,2
Suggest a hotel with thoughtful touches for solo travelers.,can_montreal_intercontinental_montreal,2
Suggest a hotel with thoughtful touches for solo travelers.,can_montreal_delta_centre_ville,2
Suggest a hotel with thoughtful touches for solo travelers.,can_quebec_montreal_delta_centre_ville,1
Suggest a hotel with thoughtful touches for solo travelers.,can_montreal_fairmont_the_queen_elizabeth,2
Suggest a hotel with thoughtful touches for solo travelers.,can_quebec_montreal_fairmont_the_queen_elizabeth,2
Suggest a hotel with thoughtful touches for solo travelers.,can_montreal_hotel_xixe_siecle,2
Suggest a hotel with thoughtful touches for solo travelers.,can_quebec_montreal_hotel_xixe_siecle,2
Suggest a hotel with thoughtful touches for solo travelers.,can_montreal_le_saint_sulpice,2
Suggest a hotel with thoughtful touches for solo travelers.,can_quebec_montreal_le_saint_sulpice,3
Suggest a hotel with thoughtful touches for solo travelers.,can_quebec_montreal_holiday_inn_express_montreal_centre_ville,2
Suggest a hotel with thoughtful touches for solo travelers.,can_montreal_holiday_inn_express_montreal_centre_ville,2
Suggest a hotel with thoughtful touches for solo travelers.,can_quebec_montreal_hotel_st_paul,2
Suggest a hotel with thoughtful touches for solo travelers.,can_montreal_hotel_st_paul,2
Suggest a hotel with thoughtful touches for solo travelers.,can_quebec_montreal_springhill_suites_old_montreal,2
Suggest a hotel with thoughtful touches for solo travelers.,can_montreal_springhill_suites_old_montreal,2
Suggest a hotel with thoughtful touches for solo travelers.,can_quebec_montreal_auberge_du_vieux_port,2
Suggest a hotel with thoughtful touches for solo travelers.,can_montreal_auberge_du_vieux_port,2
Suggest a hotel with thoughtful touches for solo travelers.,can_montreal_embassy_suites_montreal,2
Suggest a hotel with thoughtful touches for solo travelers.,can_montreal_opus_hotel_montreal,2
Suggest a hotel with thoughtful touches for solo travelers.,can_quebec_montreal_opus_hotel_montreal,2
Suggest a hotel with thoughtful touches for solo travelers.,can_quebec_montreal_embassy_suites_montreal,2
Suggest a hotel with thoughtful touches for solo travelers.,can_montreal_novotel_montreal_center,2
Suggest a hotel with thoughtful touches for solo travelers.,can_quebec_montreal_novotel_montreal_center,1
Suggest a hotel with thoughtful touches for solo travelers.,can_montreal_holiday_inn_montreal_midtown,1
Suggest a hotel with thoughtful touches for solo travelers.,can_quebec_montreal_holiday_inn_montreal_midtown,1
Suggest a hotel with thoughtful touches for solo travelers.,can_quebec_montreal_auberge_bonaparte,3
Suggest a hotel with thoughtful touches for solo travelers.,can_montreal_auberge_bonaparte,3
Suggest a hotel with thoughtful touches for solo travelers.,can_montreal_ritz_carlton_montreal,1
Suggest a hotel with thoughtful touches for solo travelers.,can_quebec_montreal_ritz_carlton_montreal,2
Where can I stay to experience local musical instruments?,can_montreal_le_square_phillips_hotel_suites,0
Where can I stay to experience local musical instruments?,can_quebec_montreal_le_square_phillips_hotel_suites,0
Where can I stay to experience local musical instruments?,can_quebec_montreal_auberge_du_vieux_port,2
Where can I stay to experience local musical instruments?,can_montreal_auberge_du_vieux_port,2
Where can I stay to experience local musical instruments?,can_quebec_montreal_hotel_nelligan,0
Where can I stay to experience local musical instruments?,can_montreal_hotel_nelligan,0
Where can I stay to experience local musical instruments?,can_quebec_montreal_le_place_d_armes_hotel_suites,0
Where can I stay to experience local musical instruments?,can_montreal_le_place_d_armes_hotel_suites,0
Where can I stay to experience local musical instruments?,can_quebec_montreal_residence_inn_by_marriott_montreal_downtown,0
Where can I stay to experience local musical instruments?,can_montreal_residence_inn_by_marriott_montreal_downtown,0
Where can I stay to experience local musical instruments?,can_quebec_montreal_loews_hotel_vogue,0
Where can I stay to experience local musical instruments?,can_montreal_loews_hotel_vogue,0
Where can I stay to experience local musical instruments?,can_montreal_opus_hotel_montreal,0
Where can I stay to experience local musical instruments?,can_quebec_montreal_opus_hotel_montreal,0
Where can I stay to experience local musical instruments?,can_montreal_w_montreal,0
Where can I stay to experience local musical instruments?,can_quebec_montreal_w_montreal,0
Where can I stay to experience local musical instruments?,can_quebec_montreal_hotel_du_fort,0
Where can I stay to experience local musical instruments?,can_montreal_hotel_du_fort,0
Where can I stay to experience local musical instruments?,can_montreal_fairmont_the_queen_elizabeth,0
Where can I stay to experience local musical instruments?,can_quebec_montreal_fairmont_the_queen_elizabeth,0
Where can I stay to experience local musical instruments?,can_montreal_sofitel_montreal,0
Where can I stay to experience local musical instruments?,can_quebec_montreal_sofitel_montreal,0
Where can I stay to experience local musical instruments?,can_quebec_montreal_hotel_gault,0
Where can I stay to experience local musical instruments?,can_montreal_hotel_gault,0
Where can I stay to experience local musical instruments?,can_quebec_montreal_hotel_omni_mont_royal,0
Where can I stay to experience local musical instruments?,can_montreal_hotel_omni_mont_royal,0
Where can I stay to experience local musical instruments?,can_quebec_montreal_sheraton_le_centre_montreal_hotel,0
Where can I stay to experience local musical instruments?,can_montreal_sheraton_le_centre_montreal_hotel,0
Where can I stay to experience local musical instruments?,can_montreal_hyatt_regency_montreal,1
Where can I stay to experience local musical instruments?,can_quebec_montreal_hyatt_regency_montreal,0
Where can I stay to experience local musical instruments?,can_montreal_le_cantlie_suites_hotel,0
Where can I stay to experience local musical instruments?,can_quebec_montreal_le_cantlie_suites_hotel,0
Where can I stay to experience local musical instruments?,can_montreal_hilton_montreal_bonaventure,0
Where can I stay to experience local musical instruments?,can_quebec_montreal_hilton_montreal_bonaventure,0
Where can I stay to experience local musical instruments?,can_montreal_delta_centre_ville,0
Where can I stay to experience local musical instruments?,can_quebec_montreal_delta_centre_ville,0
Where can I stay to experience local musical instruments?,can_montreal_hotel_xixe_siecle,0
Where can I stay to experience local musical instruments?,can_quebec_montreal_hotel_xixe_siecle,0
Where can I stay to experience local musical instruments?,can_quebec_montreal_holiday_inn_express_montreal_centre_ville,0
Where can I stay to experience local musical instruments?,can_montreal_holiday_inn_express_montreal_centre_ville,0
Where can I stay to experience local musical instruments?,can_montreal_le_saint_sulpice,0
Where can I stay to experience local musical instruments?,can_quebec_montreal_le_saint_sulpice,0
Where can I stay to experience local musical instruments?,can_quebec_montreal_delta_montreal_hotel,0
Where can I stay to experience local musical instruments?,can_montreal_delta_montreal_hotel,0
Where can I stay to experience local musical instruments?,can_quebec_montreal_intercontinental_montreal,0
Where can I stay to experience local musical instruments?,can_montreal_intercontinental_montreal,0
Where can I stay to experience local musical instruments?,can_quebec_montreal_hotel_st_paul,0
Where can I stay to experience local musical instruments?,can_montreal_hotel_st_paul,0
Where can I stay to experience local musical instruments?,can_montreal_chateau_de_l_argoat,0
Where can I stay to experience local musical instruments?,can_quebec_montreal_chateau_de_l_argoat,0
Where can I stay to experience local musical instruments?,can_montreal_marriott_chateau_champlain,0
Where can I stay to experience local musical instruments?,can_quebec_montreal_marriott_chateau_champlain,0
Where can I stay to experience local musical instruments?,can_quebec_montreal_springhill_suites_old_montreal,0
Where can I stay to experience local musical instruments?,can_montreal_springhill_suites_old_montreal,0
Where can I stay to experience local musical instruments?,can_montreal_novotel_montreal_center,0
Where can I stay to experience local musical instruments?,can_quebec_montreal_novotel_montreal_center,0
Where can I stay to experience local musical instruments?,can_montreal_embassy_suites_montreal,0
Where can I stay to experience local musical instruments?,can_montreal_ritz_carlton_montreal,0
Where can I stay to experience local musical instruments?,can_quebec_montreal_ritz_carlton_montreal,0
Where can I stay to experience local musical instruments?,can_quebec_montreal_embassy_suites_montreal,0
Where can I stay to experience local musical instruments?,can_montreal_holiday_inn_montreal_midtown,0
Where can I stay to experience local musical instruments?,can_quebec_montreal_holiday_inn_montreal_midtown,0
Where can I stay to experience local musical instruments?,can_quebec_montreal_auberge_bonaparte,0
Where can I stay to experience local musical instruments?,can_montreal_auberge_bonaparte,0
Recommend a hotel with spaces that transform with the seasons.,can_quebec_montreal_loews_hotel_vogue,0
Recommend a hotel with spaces that transform with the seasons.,can_montreal_loews_hotel_vogue,0
Recommend a hotel with spaces that transform with the seasons.,can_quebec_montreal_hotel_nelligan,0
Recommend a hotel with spaces that transform with the seasons.,can_montreal_hotel_nelligan,1
Recommend a hotel with spaces that transform with the seasons.,can_montreal_w_montreal,0
Recommend a hotel with spaces that transform with the seasons.,can_quebec_montreal_w_montreal,0
Recommend a hotel with spaces that transform with the seasons.,can_quebec_montreal_le_place_d_armes_hotel_suites,0
Recommend a hotel with spaces that transform with the seasons.,can_montreal_le_place_d_armes_hotel_suites,0
Recommend a hotel with spaces that transform with the seasons.,can_montreal_sofitel_montreal,0
Recommend a hotel with spaces that transform with the seasons.,can_quebec_montreal_sofitel_montreal,0
Recommend a hotel with spaces that transform with the seasons.,can_montreal_le_square_phillips_hotel_suites,0
Recommend a hotel with spaces that transform with the seasons.,can_quebec_montreal_le_square_phillips_hotel_suites,0
Recommend a hotel with spaces that transform with the seasons.,can_quebec_montreal_hotel_gault,0
Recommend a hotel with spaces that transform with the seasons.,can_montreal_hotel_gault,0
Recommend a hotel with spaces that transform with the seasons.,can_montreal_le_saint_sulpice,0
Recommend a hotel with spaces that transform with the seasons.,can_quebec_montreal_le_saint_sulpice,0
Recommend a hotel with spaces that transform with the seasons.,can_quebec_montreal_residence_inn_by_marriott_montreal_downtown,0
Recommend a hotel with spaces that transform with the seasons.,can_montreal_residence_inn_by_marriott_montreal_downtown,0
Recommend a hotel with spaces that transform with the seasons.,can_quebec_montreal_springhill_suites_old_montreal,0
Recommend a hotel with spaces that transform with the seasons.,can_montreal_springhill_suites_old_montreal,0
Recommend a hotel with spaces that transform with the seasons.,can_montreal_marriott_chateau_champlain,0
Recommend a hotel with spaces that transform with the seasons.,can_quebec_montreal_marriott_chateau_champlain,0
Recommend a hotel with spaces that transform with the seasons.,can_quebec_montreal_hotel_st_paul,0
Recommend a hotel with spaces that transform with the seasons.,can_montreal_hotel_st_paul,0
Recommend a hotel with spaces that transform with the seasons.,can_montreal_hilton_montreal_bonaventure,2
Recommend a hotel with spaces that transform with the seasons.,can_quebec_montreal_hilton_montreal_bonaventure,2
Recommend a hotel with spaces that transform with the seasons.,can_quebec_montreal_hotel_omni_mont_royal,0
Recommend a hotel with spaces that transform with the seasons.,can_montreal_hotel_omni_mont_royal,0
Recommend a hotel with spaces that transform with the seasons.,can_quebec_montreal_auberge_du_vieux_port,0
Recommend a hotel with spaces that transform with the seasons.,can_montreal_auberge_du_vieux_port,0
Recommend a hotel with spaces that transform with the seasons.,can_montreal_fairmont_the_queen_elizabeth,0
Recommend a hotel with spaces that transform with the seasons.,can_quebec_montreal_fairmont_the_queen_elizabeth,0
Recommend a hotel with spaces that transform with the seasons.,can_quebec_montreal_sheraton_le_centre_montreal_hotel,0
Recommend a hotel with spaces that transform with the seasons.,can_montreal_sheraton_le_centre_montreal_hotel,0
Recommend a hotel with spaces that transform with the seasons.,can_quebec_montreal_delta_montreal_hotel,0
Recommend a hotel with spaces that transform with the seasons.,can_montreal_delta_montreal_hotel,0
Recommend a hotel with spaces that transform with the seasons.,can_quebec_montreal_holiday_inn_express_montreal_centre_ville,0
Recommend a hotel with spaces that transform with the seasons.,can_montreal_holiday_inn_express_montreal_centre_ville,0
Recommend a hotel with spaces that transform with the seasons.,can_montreal_hotel_xixe_siecle,0
Recommend a hotel with spaces that transform with the seasons.,can_quebec_montreal_hotel_xixe_siecle,0
Recommend a hotel with spaces that transform with the seasons.,can_montreal_chateau_de_l_argoat,0
Recommend a hotel with spaces that transform with the seasons.,can_quebec_montreal_chateau_de_l_argoat,0
Recommend a hotel with spaces that transform with the seasons.,can_montreal_hyatt_regency_montreal,0
Recommend a hotel with spaces that transform with the seasons.,can_quebec_montreal_hyatt_regency_montreal,0
Recommend a hotel with spaces that transform with the seasons.,can_montreal_le_cantlie_suites_hotel,0
Recommend a hotel with spaces that transform with the seasons.,can_quebec_montreal_le_cantlie_suites_hotel,0
Recommend a hotel with spaces that transform with the seasons.,can_montreal_opus_hotel_montreal,0
Recommend a hotel with spaces that transform with the seasons.,can_quebec_montreal_opus_hotel_montreal,0
Recommend a hotel with spaces that transform with the seasons.,can_quebec_montreal_hotel_du_fort,0
Recommend a hotel with spaces that transform with the seasons.,can_montreal_hotel_du_fort,0
Recommend a hotel with spaces that transform with the seasons.,can_quebec_montreal_intercontinental_montreal,0
Recommend a hotel with spaces that transform with the seasons.,can_montreal_intercontinental_montreal,0
Recommend a hotel with spaces that transform with the seasons.,can_montreal_embassy_suites_montreal,0
Recommend a hotel with spaces that transform with the seasons.,can_quebec_montreal_embassy_suites_montreal,0
Recommend a hotel with spaces that transform with the seasons.,can_montreal_ritz_carlton_montreal,0
Recommend a hotel with spaces that transform with the seasons.,can_quebec_montreal_ritz_carlton_montreal,0
Recommend a hotel with spaces that transform with the seasons.,can_montreal_holiday_inn_montreal_midtown,0
Recommend a hotel with spaces that transform with the seasons.,can_quebec_montreal_holiday_inn_montreal_midtown,0
Recommend a hotel with spaces that transform with the seasons.,can_montreal_delta_centre_ville,0
Recommend a hotel with spaces that transform with the seasons.,can_quebec_montreal_delta_centre_ville,0
Recommend a hotel with spaces that transform with the seasons.,can_montreal_novotel_montreal_center,0
Recommend a hotel with spaces that transform with the seasons.,can_quebec_montreal_novotel_montreal_center,0
Recommend a hotel with spaces that transform with the seasons.,can_quebec_montreal_auberge_bonaparte,0
Recommend a hotel with spaces that transform with the seasons.,can_montreal_auberge_bonaparte,0
