{
    "Recommend a hotel with great family-friendly amenities.": 0.462069850227745,
    "Recommend a hotel with the best poolside service.": 0.15873015873015872,
    "Suggest a hotel with a magical ambiance.": 0.4114374514374514,
    "Where can I find a hotel that balances luxury and affordability?": 0.44008848848090015,
    "Suggest a hotel with the best spa services.": 0.8036840554081934,
    "Where can I stay near the best art museums?": 0.3141623512486917,
    "Recommend a hotel with a lively atmosphere.": 0.8978646353646355,
    "Where can I find hotels that combine adventure and relaxation?": 0.38888888888888884,
    "What are some of the best hotels for gourmet lovers?": 0.1460163080852736,
    "Suggest a hotel with excellent fine dining.": 0.6117141536782449,
    "Where can I stay that feels youthful and energetic?": 0.5406949934123847,
    "I want a hotel that makes me feel like I\u2019m in a movie.": 0.3702020202020202,
    "Where can I stay to fully experience the nightlife of a city?": 0.7416661467345306,
    "Where can I stay to get the best of both city and nature?": 0.2986111111111111,
    "What are the top boutique hotels?": 0.7871298417333362,
    "Recommend a pet-friendly hotel.": 0.6706249959191136,
    "Where can I find hotels with great rooftop bars?": 0.3115366571031596,
    "Recommend a hotel that keeps surprising me every day.": 0.7029609586790438,
    "Suggest a hotel where I can just go with the flow.": 0.5644297697523505,
    "What are the best hotels for exploring hidden gems in a city?": 0.7270299145299145,
    "Where can I stay with beautiful waterfront views?": 0.26666666666666666,
    "Where can I find hotels with a unique architectural design?": 0.4181090436303503,
    "Looking for a hotel with creative spaces and an artsy vibe.": 0.634479717813051,
    "What are the best hotels for wellness and relaxation?": 0.1781045751633987,
    "What are the top hotels for a scenic retreat?": 0.4634782608695652,
    "Which hotels offer the best opportunities for socializing?": 0.6833333333333333,
    "Recommend a hotel for travellers who just want to people-watch.": 0.16270309477756287,
    "Recommend a hotel that feels intimate and private.": 0.6376480609064722,
    "Recommend a hotel that matches a slower travel rhythm.": 1.0,
    "Recommend a hotel that works well for group celebrations.": 0.537854609929078,
    "Recommend a hotel that works well for traveling with teenagers.": 0.4981253553245483,
    "Recommend a hotel with a nostalgic, vintage vibe.": 0.5509204958268575,
    "Recommend a place for a solo birthday trip.": 0.33721707565398273,
    "Recommend a place where I won't feel like a tourist.": 0.17203152770298633,
    "Suggest a hotel that complements a journaling or reflection-focused trip.": 0.18392857142857144,
    "Suggest a hotel that doesn't feel too polished.": 0.12289562289562289,
    "Suggest a hotel that works well for working remotely.": 0.40723400030465245,
    "Suggest a hotel that's perfect for art lovers.": 0.3333333333333333,
    "What are some hotels that are great for slow mornings?": 0.3333333333333333,
    "What hotels are affordable but don't feel basic?": 0.5418887652244463,
    "Where can I stay for the best sunrise or sunset views?": 0.41321044546850993,
    "Where can I stay if I'm traveling with elderly parents?": 0.5353061224489796,
    "Where can I stay that fits a minimalist travel style?": 0.26882912409228193,
    "Where can I stay that fits well with a photography-heavy trip?": 0.125,
    "Where can I stay that works for multiple generations?": 0.8842778901247051,
    "Where can I stay that works well with young kids and no fuss?": 0.5910620708949351,
    "Where can I stay to avoid the tourist rush without going remote?": 0.42867891379720025,
    "Where should I stay during a creative block?": 0.41111111111111115,
    "Where should I stay for easy airport access?": 0.23833333333333334,
    "Where should I stay that matches a high-energy trip?": 0.1884353973449718
}