{
    "Recommend a hotel with great family-friendly amenities.": 0.7547814463184447,
    "Recommend a hotel with the best poolside service.": 0.1290817659352142,
    "Suggest a hotel with a magical ambiance.": 0.45935394819084663,
    "Where can I find a hotel that balances luxury and affordability?": 0.24569162949886758,
    "Suggest a hotel with the best spa services.": 0.4480153147446381,
    "Where can I stay near the best art museums?": 0.5592192379344083,
    "Recommend a hotel with a lively atmosphere.": 0.777398496910692,
    "Where can I find hotels that combine adventure and relaxation?": 0.058823529411764705,
    "What are some of the best hotels for gourmet lovers?": 0.11038689798088294,
    "Suggest a hotel with excellent fine dining.": 0.6780373906470398,
    "Where can I stay that feels youthful and energetic?": 0.7221919918930789,
    "I want a hotel that makes me feel like I\u2019m in a movie.": 0.19459904511755038,
    "Where can I stay to fully experience the nightlife of a city?": 0.3291606279341391,
    "Where can I stay to get the best of both city and nature?": 0.1089779139337287,
    "What are the top boutique hotels?": 0.6587195407641202,
    "Recommend a pet-friendly hotel.": 0.2712765957446808,
    "Where can I find hotels with great rooftop bars?": 0.11997574497574498,
    "Recommend a hotel that keeps surprising me every day.": 0.5903124846429799,
    "Suggest a hotel where I can just go with the flow.": 0.4706649831649831,
    "What are the best hotels for exploring hidden gems in a city?": 0.3192987567987568,
    "Where can I stay with beautiful waterfront views?": 0.766768705853146,
    "Where can I find hotels with a unique architectural design?": 0.30290178571428567,
    "Looking for a hotel with creative spaces and an artsy vibe.": 0.6217948717948718,
    "What are the best hotels for wellness and relaxation?": 0.3488562091503268,
    "What are the top hotels for a scenic retreat?": 0.34090909090909094,
    "Which hotels offer the best opportunities for socializing?": 0.5728335991493886,
    "Recommend a hotel for travellers who just want to people-watch.": 0.26073322041367153,
    "Recommend a hotel that feels intimate and private.": 0.44773662551440324,
    "Recommend a hotel that matches a slower travel rhythm.": 0.3333333333333333,
    "Recommend a hotel that works well for group celebrations.": 0.34944444444444445,
    "Recommend a hotel that works well for traveling with teenagers.": 0.5147295853440664,
    "Recommend a hotel with a nostalgic, vintage vibe.": 0.19701408255589356,
    "Recommend a place for a solo birthday trip.": 0.559961970899471,
    "Recommend a place where I won't feel like a tourist.": 0.40289821736630244,
    "Suggest a hotel that complements a journaling or reflection-focused trip.": 0.3975885225885226,
    "Suggest a hotel that doesn't feel too polished.": 0.16666666666666666,
    "Suggest a hotel that works well for working remotely.": 0.5208333333333334,
    "Suggest a hotel that's perfect for art lovers.": 0.255050505050505,
    "What are some hotels that are great for slow mornings?": 0.1065891472868217,
    "What hotels are affordable but don't feel basic?": 0.36930577131169756,
    "Where can I stay for the best sunrise or sunset views?": 0.556083916083916,
    "Where can I stay if I'm traveling with elderly parents?": 0.12438433571710313,
    "Where can I stay that fits a minimalist travel style?": 0.2397195032663013,
    "Where can I stay that fits well with a photography-heavy trip?": 1.0,
    "Where can I stay that works for multiple generations?": 0.6023660896425079,
    "Where can I stay that works well with young kids and no fuss?": 0.760026637116577,
    "Where can I stay to avoid the tourist rush without going remote?": 0.42461078089153065,
    "Where should I stay during a creative block?": 0.18937728937728937,
    "Where should I stay for easy airport access?": 0.5050281306140546,
    "Where should I stay that matches a high-energy trip?": 0.21920330551989728
}