{
    "Recommend a hotel with great family-friendly amenities.": 0.544043697043697,
    "Recommend a hotel with the best poolside service.": 0.1904609349460608,
    "Suggest a hotel with a magical ambiance.": 0.26072733013522487,
    "Where can I find a hotel that balances luxury and affordability?": 0.3416860916860917,
    "Suggest a hotel with the best spa services.": 0.5057953707798909,
    "Where can I stay near the best art museums?": 0.6035860239021252,
    "Recommend a hotel with a lively atmosphere.": 0.6472294479540857,
    "Where can I find hotels that combine adventure and relaxation?": 0.043478260869565216,
    "What are some of the best hotels for gourmet lovers?": 0.08609319586981766,
    "Suggest a hotel with excellent fine dining.": 0.5978118235539285,
    "Where can I stay that feels youthful and energetic?": 0.6395955024191011,
    "I want a hotel that makes me feel like I\u2019m in a movie.": 0.1482899347029782,
    "Where can I stay to fully experience the nightlife of a city?": 0.44470731515131384,
    "Where can I stay to get the best of both city and nature?": 0.13203128594432942,
    "What are the top boutique hotels?": 0.41028101013371054,
    "Recommend a pet-friendly hotel.": 0.09475806451612903,
    "Where can I find hotels with great rooftop bars?": 0.17299880525686975,
    "Recommend a hotel that keeps surprising me every day.": 0.3231058692265588,
    "Suggest a hotel where I can just go with the flow.": 0.2798983134920635,
    "What are the best hotels for exploring hidden gems in a city?": 0.3988095238095238,
    "Where can I stay with beautiful waterfront views?": 0.7125538794841361,
    "Where can I find hotels with a unique architectural design?": 0.3462533769426602,
    "Looking for a hotel with creative spaces and an artsy vibe.": 0.5333333333333333,
    "What are the best hotels for wellness and relaxation?": 0.31075581395348834,
    "What are the top hotels for a scenic retreat?": 0.19444444444444442,
    "Which hotels offer the best opportunities for socializing?": 0.6742424242424242,
    "Recommend a hotel for travellers who just want to people-watch.": 0.37726717726717723,
    "Recommend a hotel that feels intimate and private.": 0.29116187227241996,
    "Recommend a hotel that matches a slower travel rhythm.": 0.1111111111111111,
    "Recommend a hotel that works well for group celebrations.": 0.11586257309941521,
    "Recommend a hotel that works well for traveling with teenagers.": 0.3026426524373758,
    "Recommend a hotel with a nostalgic, vintage vibe.": 0.30702947845804995,
    "Recommend a place for a solo birthday trip.": 0.4077279422517518,
    "Recommend a place where I won't feel like a tourist.": 0.15032478632478632,
    "Suggest a hotel that complements a journaling or reflection-focused trip.": 0.4023188405797102,
    "Suggest a hotel that doesn't feel too polished.": 0.10507246376811594,
    "Suggest a hotel that works well for working remotely.": 0.08514492753623187,
    "Suggest a hotel that's perfect for art lovers.": 0.21428571428571427,
    "What are some hotels that are great for slow mornings?": 0.11458333333333333,
    "What hotels are affordable but don't feel basic?": 0.3326426840255114,
    "Where can I stay for the best sunrise or sunset views?": 0.4853535353535353,
    "Where can I stay if I'm traveling with elderly parents?": 0.13372549019607843,
    "Where can I stay that fits a minimalist travel style?": 0.4223809523809523,
    "Where can I stay that fits well with a photography-heavy trip?": 0.5,
    "Where can I stay that works for multiple generations?": 0.484536111704826,
    "Where can I stay that works well with young kids and no fuss?": 0.752598856574528,
    "Where can I stay to avoid the tourist rush without going remote?": 0.3154467631279026,
    "Where should I stay during a creative block?": 0.5833333333333334,
    "Where should I stay for easy airport access?": 0.4575649735658773,
    "Where should I stay that matches a high-energy trip?": 0.2516036047286047
}