{
    "Recommend a hotel with great family-friendly amenities.": 0.3962273816471717,
    "Recommend a hotel with the best poolside service.": 0.3055555555555555,
    "Suggest a hotel with a magical ambiance.": 0.11037267918072872,
    "Where can I find a hotel that balances luxury and affordability?": 0.3797337508869582,
    "Suggest a hotel with the best spa services.": 0.7106158220864104,
    "Where can I stay near the best art museums?": 0.36063291143159293,
    "Recommend a hotel with a lively atmosphere.": 0.644223505252917,
    "Where can I find hotels that combine adventure and relaxation?": 0.2080808080808081,
    "What are some of the best hotels for gourmet lovers?": 0.12008824508824507,
    "Suggest a hotel with excellent fine dining.": 0.5399646099756935,
    "Where can I stay that feels youthful and energetic?": 0.43420868347338937,
    "I want a hotel that makes me feel like I\u2019m in a movie.": 0.22306952306952307,
    "Where can I stay to fully experience the nightlife of a city?": 0.8149073149073148,
    "Where can I stay to get the best of both city and nature?": 0.2986111111111111,
    "What are the top boutique hotels?": 0.747093982481854,
    "Recommend a pet-friendly hotel.": 0.44632234212512806,
    "Where can I find hotels with great rooftop bars?": 0.33160468431404383,
    "Recommend a hotel that keeps surprising me every day.": 0.4548611111111111,
    "Suggest a hotel where I can just go with the flow.": 0.33183492788755947,
    "What are the best hotels for exploring hidden gems in a city?": 0.3935563114134542,
    "Where can I stay with beautiful waterfront views?": 0.05626780626780627,
    "Where can I find hotels with a unique architectural design?": 0.33037167999562,
    "Looking for a hotel with creative spaces and an artsy vibe.": 0.4427415177415177,
    "What are the best hotels for wellness and relaxation?": 0.25740740740740736,
    "What are the top hotels for a scenic retreat?": 0.2713570487483531,
    "Which hotels offer the best opportunities for socializing?": 0.28154761904761905,
    "Recommend a hotel for travellers who just want to people-watch.": 0.0880577542498694,
    "Recommend a hotel that feels intimate and private.": 0.641828959959293,
    "Recommend a hotel that matches a slower travel rhythm.": 0.536790780141844,
    "Recommend a hotel that works well for group celebrations.": 0.7051282051282052,
    "Recommend a hotel that works well for traveling with teenagers.": 0.5097104985501753,
    "Recommend a hotel with a nostalgic, vintage vibe.": 0.3913467202334983,
    "Recommend a place for a solo birthday trip.": 0.4118606701940035,
    "Recommend a place where I won't feel like a tourist.": 0.25226600826545753,
    "Suggest a hotel that complements a journaling or reflection-focused trip.": 0.27115683229813664,
    "Suggest a hotel that doesn't feel too polished.": 0.33660130718954245,
    "Suggest a hotel that works well for working remotely.": 0.2476214728315568,
    "Suggest a hotel that's perfect for art lovers.": 0.09090909090909091,
    "What are some hotels that are great for slow mornings?": 1.0,
    "What hotels are affordable but don't feel basic?": 0.6468306426090334,
    "Where can I stay for the best sunrise or sunset views?": 0.4365079365079365,
    "Where can I stay if I'm traveling with elderly parents?": 0.5353061224489796,
    "Where can I stay that fits a minimalist travel style?": 0.48900772430184186,
    "Where can I stay that fits well with a photography-heavy trip?": 0.045454545454545456,
    "Where can I stay that works for multiple generations?": 0.4883374026173714,
    "Where can I stay that works well with young kids and no fuss?": 0.5768488759414211,
    "Where can I stay to avoid the tourist rush without going remote?": 0.2797548394992671,
    "Where should I stay during a creative block?": 0.2216931216931217,
    "Where should I stay for easy airport access?": 0.2515538847117794,
    "Where should I stay that matches a high-energy trip?": 0.17327041249321593
}