{
    "Recommend a hotel with great family-friendly amenities.": 0.6227741357890191,
    "Recommend a hotel with the best poolside service.": 0.8333333333333334,
    "Suggest a hotel with a magical ambiance.": 0.3056338902208208,
    "Where can I find a hotel that balances luxury and affordability?": 0.2315126050420168,
    "Suggest a hotel with the best spa services.": 0.6587481146304676,
    "Where can I stay near the best art museums?": 0.434022933588151,
    "Recommend a hotel with a lively atmosphere.": 0.6660650405926536,
    "Where can I find hotels that combine adventure and relaxation?": 1.0,
    "What are some of the best hotels for gourmet lovers?": 0.17763157894736842,
    "Suggest a hotel with excellent fine dining.": 0.4705564043799338,
    "Where can I stay that feels youthful and energetic?": 0.662841542841543,
    "I want a hotel that makes me feel like I\u2019m in a movie.": 0.621481027802272,
    "Where can I stay to fully experience the nightlife of a city?": 0.7758569766888987,
    "Where can I stay to get the best of both city and nature?": 0.4888575862177089,
    "What are the top boutique hotels?": 0.4753168413783137,
    "Recommend a pet-friendly hotel.": 0.4043863851993971,
    "Where can I find hotels with great rooftop bars?": 0.4267829813434627,
    "Recommend a hotel that keeps surprising me every day.": 0.5405091394654962,
    "Suggest a hotel where I can just go with the flow.": 0.4410154590319311,
    "What are the best hotels for exploring hidden gems in a city?": 0.5598402185358707,
    "Where can I stay with beautiful waterfront views?": 0.520508326429379,
    "Where can I find hotels with a unique architectural design?": 0.43868313882890325,
    "Looking for a hotel with creative spaces and an artsy vibe.": 0.4816945588574889,
    "What are the best hotels for wellness and relaxation?": 0.4549145299145299,
    "What are the top hotels for a scenic retreat?": 0.3646019677996422,
    "Which hotels offer the best opportunities for socializing?": 0.6229820261437908,
    "Recommend a hotel for travellers who just want to people-watch.": 0.26511677296197717,
    "Recommend a hotel that feels intimate and private.": 0.28806078593554874,
    "Recommend a hotel that matches a slower travel rhythm.": 0.3384796171433,
    "Recommend a hotel that works well for group celebrations.": 0.08391608391608392,
    "Recommend a hotel that works well for traveling with teenagers.": 0.5060082468544083,
    "Recommend a hotel with a nostalgic, vintage vibe.": 0.48057971014492756,
    "Recommend a place for a solo birthday trip.": 0.2521639944096565,
    "Recommend a place where I won't feel like a tourist.": 0.6877657573620305,
    "Suggest a hotel that complements a journaling or reflection-focused trip.": 0.19860597439544808,
    "Suggest a hotel that doesn't feel too polished.": 0.1974586983373531,
    "Suggest a hotel that works well for working remotely.": 0.11635163176759102,
    "Suggest a hotel that's perfect for art lovers.": 0.3633986928104575,
    "What are some hotels that are great for slow mornings?": 0.12912028447742735,
    "What hotels are affordable but don't feel basic?": 0.4780796529110263,
    "Where can I stay for the best sunrise or sunset views?": 0.5347835917312661,
    "Where can I stay if I'm traveling with elderly parents?": 0.2632023358585859,
    "Where can I stay that fits a minimalist travel style?": 0.3477443609022556,
    "Where can I stay that fits well with a photography-heavy trip?": 0.19142857142857142,
    "Where can I stay that works for multiple generations?": 0.6369428922426595,
    "Where can I stay that works well with young kids and no fuss?": 0.7062487008843714,
    "Where can I stay to avoid the tourist rush without going remote?": 0.26012235937917483,
    "Where should I stay during a creative block?": 0.44531165285143254,
    "Where should I stay for easy airport access?": 0.11511728581496024,
    "Where should I stay that matches a high-energy trip?": 0.508272496487144
}