{
    "Recommend a hotel with great family-friendly amenities.": 0.6398564155143103,
    "Recommend a hotel with the best poolside service.": 0.5833333333333334,
    "Suggest a hotel with a magical ambiance.": 0.23214573268921096,
    "Where can I find a hotel that balances luxury and affordability?": 0.33245849469473043,
    "Suggest a hotel with the best spa services.": 0.7986111111111112,
    "Where can I stay near the best art museums?": 0.6532009566734789,
    "Recommend a hotel with a lively atmosphere.": 0.7770384191436822,
    "Where can I find hotels that combine adventure and relaxation?": 0.07142857142857142,
    "What are some of the best hotels for gourmet lovers?": 0.057828394515701015,
    "Suggest a hotel with excellent fine dining.": 0.28257810223232505,
    "Where can I stay that feels youthful and energetic?": 0.6845596906080776,
    "I want a hotel that makes me feel like I\u2019m in a movie.": 0.6645437895437898,
    "Where can I stay to fully experience the nightlife of a city?": 0.48942829496844287,
    "Where can I stay to get the best of both city and nature?": 0.3383387445887446,
    "What are the top boutique hotels?": 0.48600529100529094,
    "Recommend a pet-friendly hotel.": 0.772594696969697,
    "Where can I find hotels with great rooftop bars?": 0.5892857142857142,
    "Recommend a hotel that keeps surprising me every day.": 0.315482912532602,
    "Suggest a hotel where I can just go with the flow.": 0.43576022312456414,
    "What are the best hotels for exploring hidden gems in a city?": 1.0,
    "Where can I stay with beautiful waterfront views?": 0.6452639500465587,
    "Where can I find hotels with a unique architectural design?": 0.6100878119170802,
    "Looking for a hotel with creative spaces and an artsy vibe.": 0.6405372405372406,
    "What are the best hotels for wellness and relaxation?": 0.4013157894736842,
    "What are the top hotels for a scenic retreat?": 0.22325708061002175,
    "Which hotels offer the best opportunities for socializing?": 0.554861111111111,
    "Recommend a hotel for travellers who just want to people-watch.": 0.14859623015873014,
    "Recommend a hotel that feels intimate and private.": 0.32855834641548926,
    "Recommend a hotel that matches a slower travel rhythm.": 0.07239184378034308,
    "Recommend a hotel that works well for group celebrations.": 0.13055365686944634,
    "Recommend a hotel that works well for traveling with teenagers.": 0.3398301698301699,
    "Recommend a hotel with a nostalgic, vintage vibe.": 0.7332202451687747,
    "Recommend a place for a solo birthday trip.": 0.2354167946801875,
    "Recommend a place where I won't feel like a tourist.": 0.2,
    "Suggest a hotel that complements a journaling or reflection-focused trip.": 0.14545454545454545,
    "Suggest a hotel that doesn't feel too polished.": 0.08253205128205128,
    "Suggest a hotel that works well for working remotely.": 0.3111962199497849,
    "Suggest a hotel that's perfect for art lovers.": 0.28257412838058,
    "What are some hotels that are great for slow mornings?": 0.03796169630642955,
    "What hotels are affordable but don't feel basic?": 0.3545208307099303,
    "Where can I stay for the best sunrise or sunset views?": 0.7141891891891893,
    "Where can I stay if I'm traveling with elderly parents?": 0.12368983355825461,
    "Where can I stay that fits a minimalist travel style?": 0.030303030303030304,
    "Where can I stay that fits well with a photography-heavy trip?": 0.041666666666666664,
    "Where can I stay that works for multiple generations?": 0.5889406752824985,
    "Where can I stay that works well with young kids and no fuss?": 0.7452461679734406,
    "Where can I stay to avoid the tourist rush without going remote?": 0.5,
    "Where should I stay during a creative block?": 0.03225806451612903,
    "Where should I stay for easy airport access?": 0.47366969947615106,
    "Where should I stay that matches a high-energy trip?": 0.4146401400950674
}