Query,Restaurant,Relevance Score
Where can I see food being prepared?,Ninja Restaurant,0
Where can I see food being prepared?,Sake Cafe Uptown,0
Where can I see food being prepared?,Mikimoto,0
Where can I see food being prepared?,Sushi Brothers,2
Where can I see food being prepared?,Chiba,1
Where can I see food being prepared?,Tsunami Sushi,3
Where can I see food being prepared?,Origami,2
Where can I see food being prepared?,Rock-n-Saké Bar & Sushi,1
Where can I see food being prepared?,Asuka Sushi & Hibachi,2
Where can I see food being prepared?,Geisha Sushi Bistro,0
Where can I see food being prepared?,Hoshun Restaurant,0
Where can I see food being prepared?,Little Tokyo Small Plates & Noodle Bar,0
Where can I see food being prepared?,Yuki Izakaya,0
Where can I see food being prepared?,Gyu-Kaku Japanese BBQ,3
Where can I see food being prepared?,SukhoThai,0
Where can I see food being prepared?,Auction House Market,1
Where can I see food being prepared?,Louisiana Bistro,3
Where can I see food being prepared?,New Orleans School of Cooking,3
Where can I see food being prepared?,Kin,3
Where can I see food being prepared?,Gris-Gris,3
Where can I see food being prepared?,Little Korea BBQ,3
Where can I see food being prepared?,Juan's Flying Burrito,3
Where can I see food being prepared?,Nomiya,3
Where can I see food being prepared?,Paladar 511,3
Where can I see food being prepared?,Noodle & Pie,0
Where can I see food being prepared?,Bayona,0
Where can I see food being prepared?,Saffron nola,0
Where can I see food being prepared?,La Thai Uptown,0
Where can I see food being prepared?,Booty's Street Food,0
Where can I see food being prepared?,Cafe Abyssinia,0
Where can I see food being prepared?,Red's Chinese,3
Where can I see food being prepared?,Stella!,0
Where can I see food being prepared?,Sneaky Pickle,0
Where can I see food being prepared?,The Grill,3
Where can I see food being prepared?,The Camellia Grill,3
Where can I see food being prepared?,Adolfo's,0
Where can I see food being prepared?,Green Goddess,2
Where can I see food being prepared?,Toups Meatery,1
Where can I see food being prepared?,Sassafras Restaurant,0
Where can I see food being prepared?,Root,3
Where can I see food being prepared?,Landry's Seafood House,0
Where can I see food being prepared?,St Roch Market,2
Where can I see food being prepared?,Cowbell,0
Where can I see food being prepared?,Slice Pizzeria,2
Where can I see food being prepared?,Satsuma Café,2
Where can I see food being prepared?,Mona's Cafe,0
Where can I see food being prepared?,Dick & Jenny's,0
Where can I see food being prepared?,El Gato Negro,0
Where can I see food being prepared?,Restaurant August,0
Where can I see food being prepared?,Poke Loa,2
Where can I see food being prepared?,Brigtsen's Restaurant,0
Where can I see food being prepared?,Shaya,2
Where can I see food being prepared?,Briquette,3
Where can I see food being prepared?,Coquette,1
Where can I see food being prepared?,Borgne,0
Where can I see food being prepared?,Arabella Casa Di Pasta,0
Where can I see food being prepared?,Nirvana Indian Cuisine,0
Where can I see food being prepared?,Mizado Latin Kitchen,0
Where can I see food being prepared?,Café Amelie,0
Where can I see food being prepared?,Boswell's Jamaican Grill,0
Where can I see food being prepared?,Emeril's Delmonico,3
Where can I see food being prepared?,Rebellion Bar & Urban Kitchen,0
Where can I see food being prepared?,Compère Lapin,2
Where can I see food being prepared?,Charcoal's Gourmet Burger Bar,1
Where can I see food being prepared?,The Gallery Venue at Tomas Bistro,0
Where can I see food being prepared?,Emeril's ,3
Where can I see food being prepared?,Boucherie,0
Where can I see food being prepared?,Saba,3
Where can I see food being prepared?,Ruby Slipper Cafe,0
Where can I see food being prepared?,Wayfare,0
Where can I see food being prepared?,Santa Fe,0
Where can I see food being prepared?,Jacques-Imo's Cafe,3
Where can I see food being prepared?,Jung's Golden Dragon II,0
Where can I see food being prepared?,Patois Restaurant,0
Where can I see food being prepared?,Salú Bistro and Bar,0
Where can I see food being prepared?,New Orleans Hamburger & Seafood Co,0
Where can I see food being prepared?,Dante's Kitchen,0
Where can I see food being prepared?,K-Paul's Louisiana Kitchen,2
Where can I see food being prepared?,Meril,2
Where can I see food being prepared?,Ba Chi Canteen,0
Where can I see food being prepared?,1000 Figs,0
Where can I see food being prepared?,GG's Dine-O-Rama,3
Where can I see food being prepared?,N 7,0
Where can I see food being prepared?,Dat Dog,1
Where can I see food being prepared?,The American Sector,0
Where can I see food being prepared?,Dooky Chase's Restaurant,0
Where can I see food being prepared?,Lilette,0
Where can I see food being prepared?,Ye Olde College Inn,2
Where can I see food being prepared?,Maypop Restaurant,2
Where can I see food being prepared?,Toast,0
Where can I see food being prepared?,Restaurant R'evolution,3
Where can I see food being prepared?,Restaurant Rebirth,1
Where can I see food being prepared?,Atchafalaya Restaurant,0
Where can I see food being prepared?,Cochon,2
Where can I see food being prepared?,Commander's Palace,3
Where can I see food being prepared?,Pêche,1
Where can I see food being prepared?,Mayas,0
Where can I see food being prepared?,Felipe's Mexican Taqueria - French Quarter,3
Where can I see food being prepared?,Fogo de Chão Brazilian Steakhouse,2
Where can I see food being prepared?,Eat New Orleans,0
Where can I see food being prepared?,Trinity Restaurant New Orleans,3
Where can I see food being prepared?,High Hat Cafe,0
Where can I see food being prepared?,Tujague's Restaurant,0
Where can I see food being prepared?,Josephine Estelle,2
Where can I see food being prepared?,La Petite Grocery,0
Where can I see food being prepared?,Dong Phuong,1
Where can I see food being prepared?,The Steakhouse,2
Where can I see food being prepared?,Herbsaint,0
Where can I see food being prepared?,Meauxbar,0
Where can I see food being prepared?,Another Broken Egg Cafe,0
Where can I see food being prepared?,Mopho,0
Where can I see food being prepared?,The Munch Factory,0
Where can I see food being prepared?,GW Fins,0
Where can I see food being prepared?,The Velvet Cactus,0
Where can I see food being prepared?,Heard Dat Kitchen,0
Where can I see food being prepared?,Milk Bar,0
Where can I see food being prepared?,Chophouse New Orleans,1
Where can I see food being prepared?,Red Fish Grill,0
Where can I see food being prepared?,Sofia,3
Where can I see food being prepared?,Taqueria Guerrero,0
Where can I see food being prepared?,Brown Butter Southern Kitchen & Bar,0
Where can I see food being prepared?,Clancy's Restaurant,0
Where can I see food being prepared?,Vincent's Italian Cuisine,0
Where can I see food being prepared?,The Tasting Room,1
Where can I see food being prepared?,Seither's Seafood,1
Where can I see food being prepared?,Upperline,0
Where can I see food being prepared?,Bennachin Restaurant,0
Where can I see food being prepared?,Pho Bistreaux,3
Where can I see food being prepared?,Angeli on Decatur,0
Where can I see food being prepared?,The Court of Two Sisters,0
Where can I see food being prepared?,The Backyard,3
Where can I see food being prepared?,Felipe's Mexican Taqueria - Uptown,3
Where can I see food being prepared?,Baru Bistro & Tapas,0
Where can I see food being prepared?,Vessel NOLA,0
Where can I see food being prepared?,Cafe Sbisa,0
Where can I see food being prepared?,Tommy's Cuisine,0
Where can I see food being prepared?,Cajun Seafood,0
Where can I see food being prepared?,Dian Xin,1
Where can I see food being prepared?,Majoria's Commerce Restaurant,0
Where can I see food being prepared?,Katie's Restaurant & Bar,0
Where can I see food being prepared?,Wakin' Bakin',1
Where can I see food being prepared?,Slim Goodies Diner,3
Where can I see food being prepared?,Nolé,0
Where can I see food being prepared?,Capdeville,0
Where can I see food being prepared?,Russell's Marina Grill,0
Where can I see food being prepared?,Superior Grill,0
Where can I see food being prepared?,Café at The Square,0
Where can I see food being prepared?,Cafe Degas,0
Where can I see food being prepared?,Nacho Mama's Mexican Grill,0
Where can I see food being prepared?,Mint Modern Vietnamese Bistro & Bar,0
Where can I see food being prepared?,Ralph's on the Park,0
Where can I see food being prepared?,Irene's,0
Where can I see food being prepared?,McClure's,0
Where can I see food being prepared?,Blaze Pizza,3
Where can I see food being prepared?,NOLA Restaurant,1
Where can I see food being prepared?,Chartres House,0
Where can I see food being prepared?,Louisiana Pizza Kitchen,0
Where can I see food being prepared?,La Macarena Pupuseria & Latin Cafe,1
Where can I see food being prepared?,Taqueria Corona,3
Where can I see food being prepared?,The Joint,0
Where can I see food being prepared?,Sylvain,1
Where can I see food being prepared?,La Boca,1
Where can I see food being prepared?,Five Happiness Chinese Restaurant,0
Where can I see food being prepared?,Jack Rose,0
Where can I see food being prepared?,Brennan's Restaurant,3
Where can I see food being prepared?,Cochon Butcher,1
Where can I see food being prepared?,Angeline,1
Where can I see food being prepared?,Ancora,3
Where can I see food being prepared?,The Italian Barrel,0
Where can I see food being prepared?,Riccobono’s Panola St. Cafe,0
Where can I see food being prepared?,biscuit & buns on banks,2
Where can I see food being prepared?,Coop's Place,2
Where can I see food being prepared?,SoBou,0
Where can I see food being prepared?,Faubourg Bistro,0
Where can I see food being prepared?,Down The Hatch,0
Where can I see food being prepared?,Felix's Restaurant & Oyster Bar,0
Where can I see food being prepared?,Tableau,2
Where can I see food being prepared?,Cavan,0
Where can I see food being prepared?,Salon by Sucré,0
Where can I see food being prepared?,Johnny Sanchez,0
Where can I see food being prepared?,The Halal Guys,0
Where can I see food being prepared?,Joey K's Restaurant & Bar,0
Where can I see food being prepared?,Lula Restaurant Distillery,0
Where can I see food being prepared?,Muriel's Jackson Square,0
Where can I see food being prepared?,Flamingo A-Go-Go,0
Where can I see food being prepared?,Port Of Call,0
Where can I see food being prepared?,Deanie's Seafood,1
Where can I see food being prepared?,Del Fuego,0
Where can I see food being prepared?,Fharmacy Nola,1
Where can I see food being prepared?,Palace Café,1
Where can I see food being prepared?,The Irish House,0
Where can I see food being prepared?,Tito's Ceviche & Pisco,0
Where can I see food being prepared?,Maïs Arepas,1
Where can I see food being prepared?,Criollo Restaurant,0
Where can I see food being prepared?,Mr John's Steakhouse,0
Where can I see food being prepared?,Gumbo Shop,1
Where can I see food being prepared?,Bearcat Cafe,3
Where can I see food being prepared?,Trenasse,0
Where can I see food being prepared?,La Crepe Nanou,0
Where can I see food being prepared?,Houston's Restaurant,2
Where can I see food being prepared?,Casamento's Restaurant,3
Where can I see food being prepared?,The Original French Market Restaurant and Bar,1
Where can I see food being prepared?,Cafe Maspero,0
Where can I see food being prepared?,Please-U-Restaurant,1
Where can I see food being prepared?,Bearcat CBD,0
Where can I see food being prepared?,Ugly Dog Saloon & BBQ,0
Where can I see food being prepared?,Refuel Cafe,0
Where can I see food being prepared?,Yo Mama's Bar & Grill,0
Where can I see food being prepared?,The Delachaise,0
Where can I see food being prepared?,The Marigny Brasserie,0
Where can I see food being prepared?,Lola's,1
Where can I see food being prepared?,DTB,3
Where can I see food being prepared?,The Company Burger,3
Where can I see food being prepared?,Li'l Dizzy's Cafe,0
Where can I see food being prepared?,New Orleans Cake Café & Bakery,0
Where can I see food being prepared?,Magasin Vietnamese Cafe,0
Where can I see food being prepared?,Felipe's Mexican Taqueria - Mid City,2
Where can I see food being prepared?,Three Muses,0
Where can I see food being prepared?,Copper Vine,0
Where can I see food being prepared?,Apolline Restaurant,0
Where can I see food being prepared?,Dreamy Weenies,0
Where can I see food being prepared?,Ignatius' Rue de La Course Coffeehouse,0
Where can I see food being prepared?,Pizza Delicious,2
Where can I see food being prepared?,Annunciation,0
Where can I see food being prepared?,Crescent City Steak House,0
Where can I see food being prepared?,The Praline Connection,0
Where can I see food being prepared?,Walk-On's Sports Bistreaux - New Orleans,0
Where can I see food being prepared?,Superior Seafood & Oyster Bar,0
Where can I see food being prepared?,The Blue Crab Restaurant & Oyster Bar,0
Where can I see food being prepared?,Namese,0
Where can I see food being prepared?,13 Monaghan,1
Where can I see food being prepared?,Hobnobber's Variety Bar & Restaurant,0
Where can I see food being prepared?,HORN'S EATERY,0
Where can I see food being prepared?,Avery's On Tulane,0
Where can I see food being prepared?,Saint Lawrence,0
Where can I see food being prepared?,P & G Restaurant & Bar,0
Where can I see food being prepared?,Legacy Kitchen's Craft Tavern,0
Where can I see food being prepared?,Kebab,1
Where can I see food being prepared?,Galatoire's Restaurant,0
Where can I see food being prepared?,J's Seafood Dock,3
Where can I see food being prepared?,Vacherie,0
Where can I see food being prepared?,Clesi's Restaurant & Catering,3
Where can I see food being prepared?,Basin Seafood & Spirits,2
Where can I see food being prepared?,Carmo,2
Where can I see food being prepared?,Seed,0
Where can I see food being prepared?,Fullblast Brunch,0
Where can I see food being prepared?,Elizabeth's Restaurant,0
Where can I see food being prepared?,Huck Finn's Cafe,0
Where can I see food being prepared?,Venezia Restaurant,0
Where can I see food being prepared?,BOIL Seafood House,0
Where can I see food being prepared?,Kingfish,0
Where can I see food being prepared?,Beachbum Berry's Latitude 29,0
Where can I see food being prepared?,Marcello's Restaurant & Wine Bar,1
Where can I see food being prepared?,The Pelican Club,0
Where can I see food being prepared?,Arnaud's Restaurant,1
Where can I see food being prepared?,Neyow's Creole Cafe,0
Where can I see food being prepared?,Willie's Chicken Shack,1
Where can I see food being prepared?,Galatoire's 33 Bar & Steak,0
Where can I see food being prepared?,Tartine,3
Where can I see food being prepared?,Nonna Mia Cafe & Pizzeria,0
Where can I see food being prepared?,Midway Pizza,2
Where can I see food being prepared?,Cleo's,0
Where can I see food being prepared?,Pascal's Manale,1
Where can I see food being prepared?,Domenica,2
Where can I see food being prepared?,Red Gravy,0
Where can I see food being prepared?,New Orleans Creole Cookery,2
Where can I see food being prepared?,Jagerhaus,0
Where can I see food being prepared?,9 Roses Cafe,0
Where can I see food being prepared?,Frankie & Johnny's,0
Where can I see food being prepared?,Welty's Deli and Catering,1
Where can I see food being prepared?,Grand Isle,1
Where can I see food being prepared?,Turkey and the Wolf,2
Where can I see food being prepared?,Warehouse Grille,0
Where can I see food being prepared?,Pizza Domenica,2
Where can I see food being prepared?,Dickie Brennan's Steakhouse,0
Where can I see food being prepared?,La Casita,0
Where can I see food being prepared?,Doris Metropolitan,2
Where can I see food being prepared?,Pho Tau Bay Restaurant,0
Where can I see food being prepared?,Desi Vega's Steakhouse,0
Where can I see food being prepared?,Ruth's Chris Steak House,0
Where can I see food being prepared?,Wood Pizza Bistro and Taphouse,3
Where can I see food being prepared?,Mr. B's Bistro,0
Where can I see food being prepared?,Bubba Gump Shrimp Co.,0
Where can I see food being prepared?,Casa Borrega,0
Where can I see food being prepared?,Cafe Rose Nicaud,0
Where can I see food being prepared?,Morrow's,0
Where can I see food being prepared?,St Charles Tavern,0
Where can I see food being prepared?,Mimi's In The Marigny,0
Where can I see food being prepared?,The Country Club,0
Where can I see food being prepared?,Blue Oak BBQ,2
Where can I see food being prepared?,Squeal,1
Where can I see food being prepared?,The Governor,0
Where can I see food being prepared?,Rib Room,3
Where can I see food being prepared?,Gus's World Famous Fried Chicken,1
Where can I see food being prepared?,Little Gem Saloon,0
Where can I see food being prepared?,Stein's Market and Deli,1
Where can I see food being prepared?,Sweet Soulfood,0
Where can I see food being prepared?,The Trolley Stop Cafe,0
Where can I see food being prepared?,Bon Ton Cafe,0
Where can I see food being prepared?,Central City BBQ,1
Where can I see food being prepared?,Red Dog Diner,0
Where can I see food being prepared?,Bevi Seafood,0
Where can I see food being prepared?,Oceana Grill,0
Where can I see food being prepared?,Surrey's Uptown,3
Where can I see food being prepared?,District Donuts Sliders Brew,3
Where can I see food being prepared?,Lebanon's Cafe,0
Where can I see food being prepared?,Who Dat Coffee Cafe,0
Where can I see food being prepared?,Bakery Bar,0
Where can I see food being prepared?,Evangeline,0
Where can I see food being prepared?,Willa Jean,0
Where can I see food being prepared?,Orleans Grapevine Wine Bar & Bistro,0
Where can I see food being prepared?,Copeland's Cheesecake Bistro,0
Where can I see food being prepared?,Galliano Restaurant,0
Where can I see food being prepared?,The Old Coffee Pot Restaurant,0
Where can I see food being prepared?,Tru Burger,0
Where can I see food being prepared?,Mandina's Restaurant,0
Where can I see food being prepared?,Diamond Street Bar & Grill,0
Where can I see food being prepared?,Fiorella's Cafe,0
Where can I see food being prepared?,Cafe Pontalba,0
Where can I see food being prepared?,Mr Ed's Oyster Bar - Bienville,1
Where can I see food being prepared?,Mother's Restaurant,3
Where can I see food being prepared?,Lilly's Cafe,0
Where can I see food being prepared?,The Bombay Club,0
Where can I see food being prepared?,Mona Lisa Restaurant,1
Where can I see food being prepared?,Tracey's Original Irish Channel Bar,0
Where can I see food being prepared?,Brennan's,3
Where can I see food being prepared?,Parasol's,0
Where can I see food being prepared?,Hard Rock Cafe,0
Where can I see food being prepared?,Gordon Biersch Brewery Restaurant,0
Where can I see food being prepared?,Liuzza's By The Track,0
Where can I see food being prepared?,Verti Marte,0
Where can I see food being prepared?,Clover Grill,3
Where can I see food being prepared?,Coulis,0
Where can I see food being prepared?,Amici,0
Where can I see food being prepared?,Antoine's Restaurant,1
Where can I see food being prepared?,Crescent City Brewhouse,1
Where can I see food being prepared?,Café Adelaide,0
Where can I see food being prepared?,Frey Smoked Meat,0
Where can I see food being prepared?,HiVolt Coffee,0
Where can I see food being prepared?,The Original Pierre Maspero's,0
Where can I see food being prepared?,Manning's Sports Bar and Grill,1
Where can I see food being prepared?,Ernst Cafe,0
Where can I see food being prepared?,Luke,2
Where can I see food being prepared?,Crabby Jack's,0
Where can I see food being prepared?,CellarDoor,0
Where can I see food being prepared?,Guy's Po Boys,3
Where can I see food being prepared?,Buffa's Bar & Restaurant,0
Where can I see food being prepared?,Tacos And Beer,0
Where can I see food being prepared?,Tout De Suite Cafe,0
Where can I see food being prepared?,Willie Mae's Scotch House,1
Where can I see food being prepared?,Dolce Vita Pizzeria,3
Where can I see food being prepared?,The Rum House,0
Where can I see food being prepared?,Surrey's Café & Juice Bar,0
Where can I see food being prepared?,Shawarma on the Go,3
Where can I see food being prepared?,Voodoo BBQ & Grill,0
Where can I see food being prepared?,Cuñada,0
Where can I see food being prepared?,Le Bayou Restaurant,1
Where can I see food being prepared?,Araña Taqueria y Cantina,0
Where can I see food being prepared?,Lucy's Retired Surfers Bar & Restaurant,0
Where can I see food being prepared?,Cafe Fleur De Lis,0
Where can I see food being prepared?,Attiki Bar and Grill,0
Where can I see food being prepared?,Pere Antoine Restaurant,0
Where can I see food being prepared?,Curio,0
Where can I see food being prepared?,Killer Poboys,2
Where can I see food being prepared?,Stanley,2
Where can I see food being prepared?,Mulate's,0
Where can I see food being prepared?,Creole House Restaurant & Oyster Bar,3
Where can I see food being prepared?,801 Royal,0
Where can I see food being prepared?,Saint Cecilia,0
Where can I see food being prepared?,Fat Boy Pantry,0
Where can I see food being prepared?,Jimmy J's Cafe,0
Where can I see food being prepared?,Bayou Burger & Sports Company,0
Where can I see food being prepared?,The Crazy Lobster Bar & Grill,0
Where can I see food being prepared?,Cornet,0
Where can I see food being prepared?,Pier 424 Seafood Market,1
Where can I see food being prepared?,Justine,0
Where can I see food being prepared?,Brothers Food Mart,0
Where can I see food being prepared?,Cane and Table,0
Where can I see food being prepared?,Cafe Conti,0
Where can I see food being prepared?,Ole Saint,0
Where can I see food being prepared?,Deja Vu Restaurant & Bar,0
Where can I see food being prepared?,Breads on Oak Cafe & Bakery,3
Where can I see food being prepared?,Mr. Ed's Oyster Bar - St Charles Ave,2
Where can I see food being prepared?,Meals From The Heart Cafe,0
Where can I see food being prepared?,Tiki Tolteca,0
Where can I see food being prepared?,Gazebo Cafe,0
Where can I see food being prepared?,Broussard's,0
Where can I see food being prepared?,Two Chicks Cafe,0
Where can I see food being prepared?,Avenue Cafe,0
Where can I see food being prepared?,Desire Oyster Bar,3
Where can I see food being prepared?,Streetcar Cafe,0
Where can I see food being prepared?,IHOP,0
Where can I see food being prepared?,Bourbon House,2
Where can I see food being prepared?,Seaworthy,0
Where can I see food being prepared?,Acme Oyster House - Harrahs,1
Where can I see food being prepared?,Cafe Envie & Espresso Bar,0
Where can I see food being prepared?,World Famous N'awlins Cafe & Spice Emporium,0
Where can I see food being prepared?,Mena's Palace,0
Where can I see food being prepared?,Domilise Po-Boys & Bar,0
Where can I see food being prepared?,Snug Harbor Jazz Bistro,0
Where can I see food being prepared?,Coterie Restaurant & Oyster Bar,0
Where can I see food being prepared?,The Market Cafe,0
Where can I see food being prepared?,Acme Oyster House,2
Where can I see food being prepared?,Gallier Restaurant & Oyster Bar,0
Where can I see food being prepared?,Olde Nola Cookery,0
Where can I see food being prepared?,Remoulade,3
Where can I see food being prepared?,Drago's Seafood Restaurant,3
Where can I see food being prepared?,Mid City Pizza,0
Where can I see food being prepared?,Bayou Hot Wings,0
Where can I see food being prepared?,Cooter Brown's,0
Where can I see food being prepared?,Backatown Coffee Parlour,0
Where can I see food being prepared?,The Avenue Pub,0
Where can I see food being prepared?,WINO  Wine Institute of New Orleans,0
Where can I see food being prepared?,Parkway Bakery & Tavern,0
Where can I see food being prepared?,Saints And Sinners,0
Where can I see food being prepared?,The Daily Beet,0
Where can I see food being prepared?,Liberty Cheesesteaks,3
Where can I see food being prepared?,Krystal,0
Where can I see food being prepared?,The Howlin' Wolf,1
Where can I see food being prepared?,Daisy Dukes - French Quarter,0
Where can I see food being prepared?,The Blind Pelican,0
Where can I see food being prepared?,Sucré,0
Where can I see food being prepared?,The Jimani,2
Where can I see food being prepared?,Belle's Diner Nola,1
Where can I see food being prepared?,Franks Restaurant,0
Where can I see food being prepared?,Estrella Steak & Lobster,0
Where can I see food being prepared?,Royal House,0
Where can I see food being prepared?,Turtle Bay,0
Where can I see food being prepared?,Union Kitchen & Union Party Room,0
Where can I see food being prepared?,Reginelli's Pizzeria,0
Where can I see food being prepared?,Columns,0
Where can I see food being prepared?,Johnny's Po-Boys,1
Where can I see food being prepared?,Cure,1
Where can I see food being prepared?,Daisy Mae's Southern Fried Chicken & Breakfast,0
Where can I see food being prepared?,House of Blues New Orleans,0
Where can I see food being prepared?,Gumbo POT,0
Where can I see food being prepared?,Mahony's Po-Boys & Seafood  - Uptown,0
Where can I see food being prepared?,Ruby Slipper - New Orleans,0
Where can I see food being prepared?,Victory,0
Where can I see food being prepared?,G's Pizza,0
Where can I see food being prepared?,Merchant,3
Where can I see food being prepared?,Gumbo Ya-Ya,0
Where can I see food being prepared?,Mahony's Po-Boys & Seafood,0
Where can I see food being prepared?,Melba's,0
Where can I see food being prepared?,Monty's on the Square,0
Where can I see food being prepared?,Corner Oyster House,0
Where can I see food being prepared?,Mambo's,0
Where can I see food being prepared?,The Vintage,0
Where can I see food being prepared?,Backspace Bar & Kitchen,0
Where can I see food being prepared?,We Dat's Chicken and Shrimp,0
Where can I see food being prepared?,The Original Italian Pie,0
Where can I see food being prepared?,Gene's PO-Boys,0
Where can I see food being prepared?,Barcadia,0
Where can I see food being prepared?,Daisy Dukes Cafe,0
Where can I see food being prepared?,French Toast,0
Where can I see food being prepared?,NOLA Poboys,0
Where can I see food being prepared?,The Maison,0
Where can I see food being prepared?,Le Pavillon Hotel,0
Where can I see food being prepared?,Morning Call Coffee Stand,0
Where can I see food being prepared?,Copper Monkey Grill,0
Where can I see food being prepared?,Napoleon House,0
Where can I see food being prepared?,Cajun Mike's Pub & Grub,0
Where can I see food being prepared?,Magazine Pizza,0
Where can I see food being prepared?,Daisy Dukes Express,0
Where can I see food being prepared?,"The Ritz-Carlton, New Orleans",0
Where can I see food being prepared?,Three Legged Dog,1
Where can I see food being prepared?,The Rusty Nail,0
Where can I see food being prepared?,Rue De La Course,0
Where can I see food being prepared?,Dave & Buster's,0
Where can I see food being prepared?,Mojo Coffee House,0
Where can I see food being prepared?,Two Chicks Café - CBD,0
Where can I see food being prepared?,Bittersweet Confections,0
Where can I see food being prepared?,Steamboat Natchez,1
Where can I see food being prepared?,The Bulldog,2
Where can I see food being prepared?,La Boulangerie,0
Where can I see food being prepared?,Crescent City Pizza Works,2
Where can I see food being prepared?,Cafe Beignet on Royal Street,0
Where can I see food being prepared?,Windsor Court Hotel,1
Where can I see food being prepared?,Pat O'Brien's Courtyard Restaurant,0
Where can I see food being prepared?,Croissant D'Or Patisserie,0
Where can I see food being prepared?,Cafe Negril,0
Where can I see food being prepared?,Envie Espresso Bar & Cafe,0
Where can I see food being prepared?,Angelo Brocato,0
Where can I see food being prepared?,Pat O'Brien’s,0
Where can I see food being prepared?,BB King's Blues Club,0
Where can I see food being prepared?,French Truck Coffee,0
Where can I see food being prepared?,Central Grocery & Deli,0
Where can I see food being prepared?,W New Orleans - French Quarter,0
Where can I see food being prepared?,Cafe Beignet on Bourbon Street,0
Where can I see food being prepared?,Bamboula's,0
Where can I see food being prepared?,Vieux Carre Pizza,1
Where can I see food being prepared?,Sheraton New Orleans Hotel,1
Where can I see food being prepared?,Piccola Gelateria,3
Where can I see food being prepared?,Hilton New Orleans Riverside,0
Where can I see food being prepared?,30_90 NOLA,0
Where can I see food being prepared?,New Orleans Marriott,0
Where can I see food being prepared?,The Old No 77 Hotel and Chandlery,0
Where can I see food being prepared?,Hotel New Orleans Downtown,0
Where can I see food being prepared?,Revelator Coffee New Orleans,0
Where can I see food being prepared?,Cafe Beignet on Decatur Street,0
Where can I see food being prepared?,The American Sports Saloon,0
Where can I see food being prepared?,Embassy Suites by Hilton New Orleans,1
Where can I see food being prepared?,Café Du Monde,0
Where can I see food being prepared?,Arnaud's French 75 Bar,0
Where can I see food being prepared?,Royal Sonesta New Orleans,1
Where can I see food being prepared?,Hot Tin,0
Where can I see food being prepared?,Pirates Alley Cafe,0
Where can I see food being prepared?,The Jazz Playhouse,0
Where can I see food being prepared?,New Orleans Famous Beignets And Coffee,1
Where can I see food being prepared?,Holy Crepes!,3
Where can I see food being prepared?,Sazerac Bar,1
Where can I see food being prepared?,Paddlewheeler Creole Queen,0
Where can I see food being prepared?,Fritzel's European Jazz Pub,0
Where can I see food being prepared?,Old Absinthe House,2
Where can I see food being prepared?,French Quarter Phantoms,0
Recommend a place with some interactive dining elements.,Louisiana Bistro,3
Recommend a place with some interactive dining elements.,New Orleans School of Cooking,3
Recommend a place with some interactive dining elements.,The Grill,3
Recommend a place with some interactive dining elements.,The Camellia Grill,3
Recommend a place with some interactive dining elements.,Gris-Gris,3
Recommend a place with some interactive dining elements.,Stella!,2
Recommend a place with some interactive dining elements.,Gyu-Kaku Japanese BBQ,3
Recommend a place with some interactive dining elements.,Auction House Market,2
Recommend a place with some interactive dining elements.,Green Goddess,2
Recommend a place with some interactive dining elements.,Cowbell,1
Recommend a place with some interactive dining elements.,Kin,2
Recommend a place with some interactive dining elements.,Paladar 511,3
Recommend a place with some interactive dining elements.,Booty's Street Food,0
Recommend a place with some interactive dining elements.,Dick & Jenny's,0
Recommend a place with some interactive dining elements.,SukhoThai,0
Recommend a place with some interactive dining elements.,The American Sector,1
Recommend a place with some interactive dining elements.,Restaurant R'evolution,2
Recommend a place with some interactive dining elements.,Coquette,2
Recommend a place with some interactive dining elements.,The Gallery Venue at Tomas Bistro,1
Recommend a place with some interactive dining elements.,Charcoal's Gourmet Burger Bar,1
Recommend a place with some interactive dining elements.,Chophouse New Orleans,0
Recommend a place with some interactive dining elements.,Root,3
Recommend a place with some interactive dining elements.,Lilette,0
Recommend a place with some interactive dining elements.,Brigtsen's Restaurant,0
Recommend a place with some interactive dining elements.,Ruby Slipper Cafe,0
Recommend a place with some interactive dining elements.,Little Korea BBQ,3
Recommend a place with some interactive dining elements.,The Court of Two Sisters,2
Recommend a place with some interactive dining elements.,Dooky Chase's Restaurant,0
Recommend a place with some interactive dining elements.,New Orleans Hamburger & Seafood Co,2
Recommend a place with some interactive dining elements.,The Backyard,2
Recommend a place with some interactive dining elements.,High Hat Cafe,0
Recommend a place with some interactive dining elements.,Vessel NOLA,1
Recommend a place with some interactive dining elements.,Restaurant August,2
Recommend a place with some interactive dining elements.,Emeril's Delmonico,2
Recommend a place with some interactive dining elements.,Brown Butter Southern Kitchen & Bar,0
Recommend a place with some interactive dining elements.,Dat Dog,2
Recommend a place with some interactive dining elements.,Nolé,1
Recommend a place with some interactive dining elements.,El Gato Negro,2
Recommend a place with some interactive dining elements.,Jack Rose,2
Recommend a place with some interactive dining elements.,K-Paul's Louisiana Kitchen,2
Recommend a place with some interactive dining elements.,Café Amelie,0
Recommend a place with some interactive dining elements.,La Thai Uptown,1
Recommend a place with some interactive dining elements.,Landry's Seafood House,1
Recommend a place with some interactive dining elements.,Ralph's on the Park,0
Recommend a place with some interactive dining elements.,Toups Meatery,1
Recommend a place with some interactive dining elements.,Bayona,0
Recommend a place with some interactive dining elements.,Juan's Flying Burrito,0
Recommend a place with some interactive dining elements.,Slice Pizzeria,0
Recommend a place with some interactive dining elements.,Meril,3
Recommend a place with some interactive dining elements.,Jacques-Imo's Cafe,2
Recommend a place with some interactive dining elements.,Clancy's Restaurant,0
Recommend a place with some interactive dining elements.,Compère Lapin,0
Recommend a place with some interactive dining elements.,Mizado Latin Kitchen,2
Recommend a place with some interactive dining elements.,Josephine Estelle,0
Recommend a place with some interactive dining elements.,Boucherie,1
Recommend a place with some interactive dining elements.,Irene's,1
Recommend a place with some interactive dining elements.,Bakery Bar,3
Recommend a place with some interactive dining elements.,SoBou,2
Recommend a place with some interactive dining elements.,The Tasting Room,1
Recommend a place with some interactive dining elements.,Walk-On's Sports Bistreaux - New Orleans,1
Recommend a place with some interactive dining elements.,Dante's Kitchen,1
Recommend a place with some interactive dining elements.,Sofia,1
Recommend a place with some interactive dining elements.,Herbsaint,0
Recommend a place with some interactive dining elements.,Saffron nola,1
Recommend a place with some interactive dining elements.,Commander's Palace,2
Recommend a place with some interactive dining elements.,The Delachaise,1
Recommend a place with some interactive dining elements.,Emeril's ,2
Recommend a place with some interactive dining elements.,The Joint,0
Recommend a place with some interactive dining elements.,Muriel's Jackson Square,2
Recommend a place with some interactive dining elements.,Borgne,1
Recommend a place with some interactive dining elements.,The Bombay Club,1
Recommend a place with some interactive dining elements.,Ugly Dog Saloon & BBQ,2
Recommend a place with some interactive dining elements.,La Petite Grocery,1
Recommend a place with some interactive dining elements.,Atchafalaya Restaurant,3
Recommend a place with some interactive dining elements.,Wayfare,1
Recommend a place with some interactive dining elements.,Tableau,2
Recommend a place with some interactive dining elements.,Meauxbar,0
Recommend a place with some interactive dining elements.,Criollo Restaurant,1
Recommend a place with some interactive dining elements.,St Roch Market,2
Recommend a place with some interactive dining elements.,Rebellion Bar & Urban Kitchen,1
Recommend a place with some interactive dining elements.,Arnaud's Restaurant,3
Recommend a place with some interactive dining elements.,Shaya,2
Recommend a place with some interactive dining elements.,Ye Olde College Inn,0
Recommend a place with some interactive dining elements.,Cavan,0
Recommend a place with some interactive dining elements.,Eat New Orleans,0
Recommend a place with some interactive dining elements.,Cafe Abyssinia,3
Recommend a place with some interactive dining elements.,Trinity Restaurant New Orleans,3
Recommend a place with some interactive dining elements.,Maypop Restaurant,1
Recommend a place with some interactive dining elements.,Boswell's Jamaican Grill,1
Recommend a place with some interactive dining elements.,Cafe Degas,0
Recommend a place with some interactive dining elements.,Patois Restaurant,1
Recommend a place with some interactive dining elements.,Upperline,0
Recommend a place with some interactive dining elements.,Tommy's Cuisine,0
Recommend a place with some interactive dining elements.,Legacy Kitchen's Craft Tavern,1
Recommend a place with some interactive dining elements.,Vincent's Italian Cuisine,0
Recommend a place with some interactive dining elements.,Salú Bistro and Bar,2
Recommend a place with some interactive dining elements.,Capdeville,0
Recommend a place with some interactive dining elements.,Palace Café,1
Recommend a place with some interactive dining elements.,Briquette,1
Recommend a place with some interactive dining elements.,Manning's Sports Bar and Grill,2
Recommend a place with some interactive dining elements.,Flamingo A-Go-Go,3
Recommend a place with some interactive dining elements.,Santa Fe,1
Recommend a place with some interactive dining elements.,The Velvet Cactus,1
Recommend a place with some interactive dining elements.,Annunciation,0
Recommend a place with some interactive dining elements.,Red Fish Grill,0
Recommend a place with some interactive dining elements.,Cochon,1
Recommend a place with some interactive dining elements.,Central City BBQ,1
Recommend a place with some interactive dining elements.,N 7,2
Recommend a place with some interactive dining elements.,Cafe Sbisa,2
Recommend a place with some interactive dining elements.,Blue Oak BBQ,0
Recommend a place with some interactive dining elements.,The Pelican Club,0
Recommend a place with some interactive dining elements.,Mayas,1
Recommend a place with some interactive dining elements.,Noodle & Pie,1
Recommend a place with some interactive dining elements.,McClure's,2
Recommend a place with some interactive dining elements.,Toast,0
Recommend a place with some interactive dining elements.,Angeline,0
Recommend a place with some interactive dining elements.,Red's Chinese,2
Recommend a place with some interactive dining elements.,Adolfo's,0
Recommend a place with some interactive dining elements.,Three Muses,2
Recommend a place with some interactive dining elements.,Another Broken Egg Cafe,0
Recommend a place with some interactive dining elements.,Restaurant Rebirth,0
Recommend a place with some interactive dining elements.,Lula Restaurant Distillery,1
Recommend a place with some interactive dining elements.,Superior Grill,1
Recommend a place with some interactive dining elements.,NOLA Restaurant,0
Recommend a place with some interactive dining elements.,Tujague's Restaurant,0
Recommend a place with some interactive dining elements.,Mr John's Steakhouse,0
Recommend a place with some interactive dining elements.,Sylvain,1
Recommend a place with some interactive dining elements.,1000 Figs,1
Recommend a place with some interactive dining elements.,La Crepe Nanou,2
Recommend a place with some interactive dining elements.,Copper Vine,1
Recommend a place with some interactive dining elements.,Satsuma Café,0
Recommend a place with some interactive dining elements.,The Steakhouse,0
Recommend a place with some interactive dining elements.,Saba,2
Recommend a place with some interactive dining elements.,CellarDoor,0
Recommend a place with some interactive dining elements.,Galatoire's Restaurant,1
Recommend a place with some interactive dining elements.,GW Fins,1
Recommend a place with some interactive dining elements.,Squeal,0
Recommend a place with some interactive dining elements.,The Country Club,3
Recommend a place with some interactive dining elements.,Please-U-Restaurant,0
Recommend a place with some interactive dining elements.,Slim Goodies Diner,0
Recommend a place with some interactive dining elements.,DTB,2
Recommend a place with some interactive dining elements.,La Boca,2
Recommend a place with some interactive dining elements.,Pêche,1
Recommend a place with some interactive dining elements.,Justine,1
Recommend a place with some interactive dining elements.,Majoria's Commerce Restaurant,0
Recommend a place with some interactive dining elements.,Yo Mama's Bar & Grill,1
Recommend a place with some interactive dining elements.,Kingfish,1
Recommend a place with some interactive dining elements.,Beachbum Berry's Latitude 29,2
Recommend a place with some interactive dining elements.,Voodoo BBQ & Grill,0
Recommend a place with some interactive dining elements.,GG's Dine-O-Rama,1
Recommend a place with some interactive dining elements.,Brennan's Restaurant,3
Recommend a place with some interactive dining elements.,Café at The Square,0
Recommend a place with some interactive dining elements.,Mimi's In The Marigny,2
Recommend a place with some interactive dining elements.,Down The Hatch,0
Recommend a place with some interactive dining elements.,Port Of Call,1
Recommend a place with some interactive dining elements.,Little Gem Saloon,1
Recommend a place with some interactive dining elements.,The Irish House,2
Recommend a place with some interactive dining elements.,Galatoire's 33 Bar & Steak,0
Recommend a place with some interactive dining elements.,Nirvana Indian Cuisine,1
Recommend a place with some interactive dining elements.,Pizza Domenica,1
Recommend a place with some interactive dining elements.,Blaze Pizza,3
Recommend a place with some interactive dining elements.,The Company Burger,1
Recommend a place with some interactive dining elements.,Rib Room,2
Recommend a place with some interactive dining elements.,Fogo de Chão Brazilian Steakhouse,3
Recommend a place with some interactive dining elements.,Houston's Restaurant,2
Recommend a place with some interactive dining elements.,Apolline Restaurant,0
Recommend a place with some interactive dining elements.,Felipe's Mexican Taqueria - French Quarter,2
Recommend a place with some interactive dining elements.,Cure,2
Recommend a place with some interactive dining elements.,Mr. B's Bistro,1
Recommend a place with some interactive dining elements.,Chartres House,1
Recommend a place with some interactive dining elements.,Salon by Sucré,2
Recommend a place with some interactive dining elements.,biscuit & buns on banks,0
Recommend a place with some interactive dining elements.,Antoine's Restaurant,2
Recommend a place with some interactive dining elements.,Saint Lawrence,0
Recommend a place with some interactive dining elements.,The Marigny Brasserie,1
Recommend a place with some interactive dining elements.,Heard Dat Kitchen,0
Recommend a place with some interactive dining elements.,Sassafras Restaurant,0
Recommend a place with some interactive dining elements.,Victory,1
Recommend a place with some interactive dining elements.,HORN'S EATERY,0
Recommend a place with some interactive dining elements.,Li'l Dizzy's Cafe,0
Recommend a place with some interactive dining elements.,Russell's Marina Grill,0
Recommend a place with some interactive dining elements.,Joey K's Restaurant & Bar,0
Recommend a place with some interactive dining elements.,Avery's On Tulane,0
Recommend a place with some interactive dining elements.,Baru Bistro & Tapas,1
Recommend a place with some interactive dining elements.,Ancora,2
Recommend a place with some interactive dining elements.,Katie's Restaurant & Bar,1
Recommend a place with some interactive dining elements.,Tracey's Original Irish Channel Bar,0
Recommend a place with some interactive dining elements.,Little Tokyo Small Plates & Noodle Bar,3
Recommend a place with some interactive dining elements.,Arabella Casa Di Pasta,2
Recommend a place with some interactive dining elements.,P & G Restaurant & Bar,0
Recommend a place with some interactive dining elements.,Yuki Izakaya,2
Recommend a place with some interactive dining elements.,La Casita,0
Recommend a place with some interactive dining elements.,Deanie's Seafood,0
Recommend a place with some interactive dining elements.,Red Dog Diner,0
Recommend a place with some interactive dining elements.,Trenasse,0
Recommend a place with some interactive dining elements.,Cane and Table,1
Recommend a place with some interactive dining elements.,Orleans Grapevine Wine Bar & Bistro,1
Recommend a place with some interactive dining elements.,Dickie Brennan's Steakhouse,1
Recommend a place with some interactive dining elements.,Del Fuego,1
Recommend a place with some interactive dining elements.,Faubourg Bistro,0
Recommend a place with some interactive dining elements.,Crescent City Steak House,2
Recommend a place with some interactive dining elements.,Angeli on Decatur,0
Recommend a place with some interactive dining elements.,Hoshun Restaurant,2
Recommend a place with some interactive dining elements.,Crescent City Brewhouse,2
Recommend a place with some interactive dining elements.,Domenica,1
Recommend a place with some interactive dining elements.,Desi Vega's Steakhouse,0
Recommend a place with some interactive dining elements.,Willie's Chicken Shack,0
Recommend a place with some interactive dining elements.,Clover Grill,2
Recommend a place with some interactive dining elements.,The Avenue Pub,0
Recommend a place with some interactive dining elements.,Buffa's Bar & Restaurant,2
Recommend a place with some interactive dining elements.,Café Adelaide,0
Recommend a place with some interactive dining elements.,Louisiana Pizza Kitchen,0
Recommend a place with some interactive dining elements.,Ruth's Chris Steak House,0
Recommend a place with some interactive dining elements.,Lucy's Retired Surfers Bar & Restaurant,2
Recommend a place with some interactive dining elements.,Gordon Biersch Brewery Restaurant,1
Recommend a place with some interactive dining elements.,Bearcat CBD,0
Recommend a place with some interactive dining elements.,Riccobono’s Panola St. Cafe,1
Recommend a place with some interactive dining elements.,Vacherie,0
Recommend a place with some interactive dining elements.,Johnny Sanchez,1
Recommend a place with some interactive dining elements.,Frey Smoked Meat,2
Recommend a place with some interactive dining elements.,Snug Harbor Jazz Bistro,1
Recommend a place with some interactive dining elements.,Midway Pizza,1
Recommend a place with some interactive dining elements.,Doris Metropolitan,1
Recommend a place with some interactive dining elements.,Who Dat Coffee Cafe,0
Recommend a place with some interactive dining elements.,Brennan's,3
Recommend a place with some interactive dining elements.,Cooter Brown's,1
Recommend a place with some interactive dining elements.,Lola's,2
Recommend a place with some interactive dining elements.,St Charles Tavern,0
Recommend a place with some interactive dining elements.,Casa Borrega,3
Recommend a place with some interactive dining elements.,Sake Cafe Uptown,1
Recommend a place with some interactive dining elements.,New Orleans Creole Cookery,1
Recommend a place with some interactive dining elements.,Marcello's Restaurant & Wine Bar,1
Recommend a place with some interactive dining elements.,Pascal's Manale,2
Recommend a place with some interactive dining elements.,The Italian Barrel,0
Recommend a place with some interactive dining elements.,Barcadia,3
Recommend a place with some interactive dining elements.,Huck Finn's Cafe,0
Recommend a place with some interactive dining elements.,Columns,1
Recommend a place with some interactive dining elements.,Hobnobber's Variety Bar & Restaurant,2
Recommend a place with some interactive dining elements.,Coop's Place,0
Recommend a place with some interactive dining elements.,Mona's Cafe,0
Recommend a place with some interactive dining elements.,Mopho,2
Recommend a place with some interactive dining elements.,The Maison,3
Recommend a place with some interactive dining elements.,Tito's Ceviche & Pisco,1
Recommend a place with some interactive dining elements.,Sneaky Pickle,0
Recommend a place with some interactive dining elements.,Dreamy Weenies,1
Recommend a place with some interactive dining elements.,Milk Bar,0
Recommend a place with some interactive dining elements.,13 Monaghan,1
Recommend a place with some interactive dining elements.,Diamond Street Bar & Grill,0
Recommend a place with some interactive dining elements.,Ernst Cafe,0
Recommend a place with some interactive dining elements.,The Howlin' Wolf,2
Recommend a place with some interactive dining elements.,Cochon Butcher,0
Recommend a place with some interactive dining elements.,Taqueria Corona,0
Recommend a place with some interactive dining elements.,Fullblast Brunch,0
Recommend a place with some interactive dining elements.,Belle's Diner Nola,2
Recommend a place with some interactive dining elements.,Warehouse Grille,2
Recommend a place with some interactive dining elements.,Elizabeth's Restaurant,0
Recommend a place with some interactive dining elements.,New Orleans Cake Café & Bakery,0
Recommend a place with some interactive dining elements.,Maïs Arepas,0
Recommend a place with some interactive dining elements.,Wood Pizza Bistro and Taphouse,3
Recommend a place with some interactive dining elements.,Felipe's Mexican Taqueria - Uptown,2
Recommend a place with some interactive dining elements.,The Vintage,0
Recommend a place with some interactive dining elements.,Evangeline,0
Recommend a place with some interactive dining elements.,Pizza Delicious,0
Recommend a place with some interactive dining elements.,The Munch Factory,0
Recommend a place with some interactive dining elements.,Hard Rock Cafe,2
Recommend a place with some interactive dining elements.,Tru Burger,0
Recommend a place with some interactive dining elements.,Cafe Rose Nicaud,0
Recommend a place with some interactive dining elements.,The Blue Crab Restaurant & Oyster Bar,1
Recommend a place with some interactive dining elements.,Ole Saint,0
Recommend a place with some interactive dining elements.,WINO  Wine Institute of New Orleans,3
Recommend a place with some interactive dining elements.,Refuel Cafe,0
Recommend a place with some interactive dining elements.,Superior Seafood & Oyster Bar,1
Recommend a place with some interactive dining elements.,Amici,0
Recommend a place with some interactive dining elements.,Deja Vu Restaurant & Bar,2
Recommend a place with some interactive dining elements.,Tiki Tolteca,2
Recommend a place with some interactive dining elements.,Bearcat Cafe,0
Recommend a place with some interactive dining elements.,Pho Bistreaux,2
Recommend a place with some interactive dining elements.,Namese,0
Recommend a place with some interactive dining elements.,Carmo,1
Recommend a place with some interactive dining elements.,Casamento's Restaurant,2
Recommend a place with some interactive dining elements.,Broussard's,2
Recommend a place with some interactive dining elements.,Mandina's Restaurant,0
Recommend a place with some interactive dining elements.,Rock-n-Saké Bar & Sushi,2
Recommend a place with some interactive dining elements.,Mint Modern Vietnamese Bistro & Bar,1
Recommend a place with some interactive dining elements.,The Original French Market Restaurant and Bar,1
Recommend a place with some interactive dining elements.,Gazebo Cafe,2
Recommend a place with some interactive dining elements.,Parasol's,0
Recommend a place with some interactive dining elements.,Copeland's Cheesecake Bistro,0
Recommend a place with some interactive dining elements.,Fharmacy Nola,0
Recommend a place with some interactive dining elements.,Ignatius' Rue de La Course Coffeehouse,0
Recommend a place with some interactive dining elements.,Le Pavillon Hotel,2
Recommend a place with some interactive dining elements.,Ba Chi Canteen,2
Recommend a place with some interactive dining elements.,The Market Cafe,1
Recommend a place with some interactive dining elements.,The Rum House,0
Recommend a place with some interactive dining elements.,Red Gravy,0
Recommend a place with some interactive dining elements.,Nomiya,0
Recommend a place with some interactive dining elements.,Basin Seafood & Spirits,2
Recommend a place with some interactive dining elements.,Wakin' Bakin',0
Recommend a place with some interactive dining elements.,Tacos And Beer,0
Recommend a place with some interactive dining elements.,House of Blues New Orleans,2
Recommend a place with some interactive dining elements.,Cornet,0
Recommend a place with some interactive dining elements.,Bubba Gump Shrimp Co.,3
Recommend a place with some interactive dining elements.,The Original Pierre Maspero's,1
Recommend a place with some interactive dining elements.,The Rusty Nail,2
Recommend a place with some interactive dining elements.,Araña Taqueria y Cantina,1
Recommend a place with some interactive dining elements.,Felipe's Mexican Taqueria - Mid City,2
Recommend a place with some interactive dining elements.,Bon Ton Cafe,0
Recommend a place with some interactive dining elements.,Gumbo Shop,0
Recommend a place with some interactive dining elements.,Taqueria Guerrero,0
Recommend a place with some interactive dining elements.,Nacho Mama's Mexican Grill,0
Recommend a place with some interactive dining elements.,Killer Poboys,0
Recommend a place with some interactive dining elements.,Willa Jean,0
Recommend a place with some interactive dining elements.,Felix's Restaurant & Oyster Bar,1
Recommend a place with some interactive dining elements.,The Jimani,2
Recommend a place with some interactive dining elements.,The Old Coffee Pot Restaurant,2
Recommend a place with some interactive dining elements.,Magasin Vietnamese Cafe,0
Recommend a place with some interactive dining elements.,Mona Lisa Restaurant,2
Recommend a place with some interactive dining elements.,Kebab,3
Recommend a place with some interactive dining elements.,Estrella Steak & Lobster,0
Recommend a place with some interactive dining elements.,The Praline Connection,0
Recommend a place with some interactive dining elements.,Curio,0
Recommend a place with some interactive dining elements.,Bayou Burger & Sports Company,1
Recommend a place with some interactive dining elements.,Fat Boy Pantry,0
Recommend a place with some interactive dining elements.,The Trolley Stop Cafe,0
Recommend a place with some interactive dining elements.,Windsor Court Hotel,1
Recommend a place with some interactive dining elements.,Cafe Maspero,0
Recommend a place with some interactive dining elements.,Bennachin Restaurant,0
Recommend a place with some interactive dining elements.,Saint Cecilia,0
Recommend a place with some interactive dining elements.,Morrow's,0
Recommend a place with some interactive dining elements.,La Macarena Pupuseria & Latin Cafe,0
Recommend a place with some interactive dining elements.,BOIL Seafood House,2
Recommend a place with some interactive dining elements.,Le Bayou Restaurant,0
Recommend a place with some interactive dining elements.,Stanley,0
Recommend a place with some interactive dining elements.,District Donuts Sliders Brew,1
Recommend a place with some interactive dining elements.,Grand Isle,1
Recommend a place with some interactive dining elements.,Ninja Restaurant,2
Recommend a place with some interactive dining elements.,The Halal Guys,0
Recommend a place with some interactive dining elements.,The Governor,1
Recommend a place with some interactive dining elements.,Turtle Bay,0
Recommend a place with some interactive dining elements.,Poke Loa,3
Recommend a place with some interactive dining elements.,Venezia Restaurant,0
Recommend a place with some interactive dining elements.,Nonna Mia Cafe & Pizzeria,1
Recommend a place with some interactive dining elements.,Cafe Fleur De Lis,0
Recommend a place with some interactive dining elements.,Seed,0
Recommend a place with some interactive dining elements.,Cuñada,0
Recommend a place with some interactive dining elements.,Pere Antoine Restaurant,0
Recommend a place with some interactive dining elements.,Luke,0
Recommend a place with some interactive dining elements.,Guy's Po Boys,0
Recommend a place with some interactive dining elements.,Seaworthy,0
Recommend a place with some interactive dining elements.,Tout De Suite Cafe,1
Recommend a place with some interactive dining elements.,Cafe Pontalba,0
Recommend a place with some interactive dining elements.,Saints And Sinners,1
Recommend a place with some interactive dining elements.,801 Royal,0
Recommend a place with some interactive dining elements.,Backspace Bar & Kitchen,0
Recommend a place with some interactive dining elements.,Creole House Restaurant & Oyster Bar,0
Recommend a place with some interactive dining elements.,Tsunami Sushi,2
Recommend a place with some interactive dining elements.,Oceana Grill,0
Recommend a place with some interactive dining elements.,Coulis,0
Recommend a place with some interactive dining elements.,Jung's Golden Dragon II,1
Recommend a place with some interactive dining elements.,Five Happiness Chinese Restaurant,1
Recommend a place with some interactive dining elements.,Surrey's Uptown,0
Recommend a place with some interactive dining elements.,Seither's Seafood,0
Recommend a place with some interactive dining elements.,Jimmy J's Cafe,0
Recommend a place with some interactive dining elements.,Chiba,2
Recommend a place with some interactive dining elements.,Coterie Restaurant & Oyster Bar,0
Recommend a place with some interactive dining elements.,Frankie & Johnny's,0
Recommend a place with some interactive dining elements.,Dong Phuong,1
Recommend a place with some interactive dining elements.,Bourbon House,1
Recommend a place with some interactive dining elements.,Mulate's,3
Recommend a place with some interactive dining elements.,Crabby Jack's,2
Recommend a place with some interactive dining elements.,Liuzza's By The Track,0
Recommend a place with some interactive dining elements.,Cafe Envie & Espresso Bar,0
Recommend a place with some interactive dining elements.,Tartine,0
Recommend a place with some interactive dining elements.,Cafe Conti,0
Recommend a place with some interactive dining elements.,HiVolt Coffee,0
Recommend a place with some interactive dining elements.,Pier 424 Seafood Market,1
Recommend a place with some interactive dining elements.,Verti Marte,0
Recommend a place with some interactive dining elements.,Two Chicks Cafe,2
Recommend a place with some interactive dining elements.,Mother's Restaurant,0
Recommend a place with some interactive dining elements.,Fiorella's Cafe,0
Recommend a place with some interactive dining elements.,The Bulldog,0
Recommend a place with some interactive dining elements.,Cafe Beignet on Bourbon Street,3
Recommend a place with some interactive dining elements.,Galliano Restaurant,1
Recommend a place with some interactive dining elements.,Union Kitchen & Union Party Room,0
Recommend a place with some interactive dining elements.,Dian Xin,2
Recommend a place with some interactive dining elements.,Turkey and the Wolf,2
Recommend a place with some interactive dining elements.,Pho Tau Bay Restaurant,0
Recommend a place with some interactive dining elements.,"The Ritz-Carlton, New Orleans",1
Recommend a place with some interactive dining elements.,The Crazy Lobster Bar & Grill,1
Recommend a place with some interactive dining elements.,Backatown Coffee Parlour,2
Recommend a place with some interactive dining elements.,Parkway Bakery & Tavern,0
Recommend a place with some interactive dining elements.,Neyow's Creole Cafe,0
Recommend a place with some interactive dining elements.,Attiki Bar and Grill,2
Recommend a place with some interactive dining elements.,Jagerhaus,0
Recommend a place with some interactive dining elements.,Morning Call Coffee Stand,2
Recommend a place with some interactive dining elements.,Mr Ed's Oyster Bar - Bienville,0
Recommend a place with some interactive dining elements.,Streetcar Cafe,0
Recommend a place with some interactive dining elements.,Lebanon's Cafe,0
Recommend a place with some interactive dining elements.,Dave & Buster's,3
Recommend a place with some interactive dining elements.,Olde Nola Cookery,0
Recommend a place with some interactive dining elements.,Copper Monkey Grill,0
Recommend a place with some interactive dining elements.,Welty's Deli and Catering,0
Recommend a place with some interactive dining elements.,Mena's Palace,0
Recommend a place with some interactive dining elements.,Liberty Cheesesteaks,0
Recommend a place with some interactive dining elements.,Bayou Hot Wings,0
Recommend a place with some interactive dining elements.,9 Roses Cafe,0
Recommend a place with some interactive dining elements.,Willie Mae's Scotch House,0
Recommend a place with some interactive dining elements.,New Orleans Marriott,1
Recommend a place with some interactive dining elements.,Cajun Seafood,1
Recommend a place with some interactive dining elements.,IHOP,0
Recommend a place with some interactive dining elements.,Brothers Food Mart,0
Recommend a place with some interactive dining elements.,Dolce Vita Pizzeria,0
Recommend a place with some interactive dining elements.,Surrey's Café & Juice Bar,0
Recommend a place with some interactive dining elements.,BB King's Blues Club,2
Recommend a place with some interactive dining elements.,Domilise Po-Boys & Bar,0
Recommend a place with some interactive dining elements.,Desire Oyster Bar,2
Recommend a place with some interactive dining elements.,Clesi's Restaurant & Catering,3
Recommend a place with some interactive dining elements.,Cleo's,0
Recommend a place with some interactive dining elements.,Gus's World Famous Fried Chicken,0
Recommend a place with some interactive dining elements.,Hotel New Orleans Downtown,0
Recommend a place with some interactive dining elements.,Arnaud's French 75 Bar,2
Recommend a place with some interactive dining elements.,Hilton New Orleans Riverside,0
Recommend a place with some interactive dining elements.,Steamboat Natchez,2
Recommend a place with some interactive dining elements.,Ruby Slipper - New Orleans,0
Recommend a place with some interactive dining elements.,Cajun Mike's Pub & Grub,0
Recommend a place with some interactive dining elements.,Krystal,0
Recommend a place with some interactive dining elements.,Monty's on the Square,1
Recommend a place with some interactive dining elements.,Sweet Soulfood,0
Recommend a place with some interactive dining elements.,Johnny's Po-Boys,0
Recommend a place with some interactive dining elements.,Mid City Pizza,0
Recommend a place with some interactive dining elements.,Pat O'Brien’s,3
Recommend a place with some interactive dining elements.,Sheraton New Orleans Hotel,0
Recommend a place with some interactive dining elements.,Acme Oyster House - Harrahs,1
Recommend a place with some interactive dining elements.,Mahony's Po-Boys & Seafood,0
Recommend a place with some interactive dining elements.,Remoulade,0
Recommend a place with some interactive dining elements.,French Toast,0
Recommend a place with some interactive dining elements.,Reginelli's Pizzeria,3
Recommend a place with some interactive dining elements.,Daisy Dukes - French Quarter,0
Recommend a place with some interactive dining elements.,The American Sports Saloon,0
Recommend a place with some interactive dining elements.,Cafe Negril,3
Recommend a place with some interactive dining elements.,Bamboula's,2
Recommend a place with some interactive dining elements.,The Blind Pelican,0
Recommend a place with some interactive dining elements.,Asuka Sushi & Hibachi,2
Recommend a place with some interactive dining elements.,Mikimoto,0
Recommend a place with some interactive dining elements.,Royal House,1
Recommend a place with some interactive dining elements.,Avenue Cafe,0
Recommend a place with some interactive dining elements.,The Jazz Playhouse,2
Recommend a place with some interactive dining elements.,Sushi Brothers,0
Recommend a place with some interactive dining elements.,Lilly's Cafe,0
Recommend a place with some interactive dining elements.,G's Pizza,1
Recommend a place with some interactive dining elements.,Stein's Market and Deli,2
Recommend a place with some interactive dining elements.,Bevi Seafood,1
Recommend a place with some interactive dining elements.,The Daily Beet,0
Recommend a place with some interactive dining elements.,Pat O'Brien's Courtyard Restaurant,2
Recommend a place with some interactive dining elements.,Mr. Ed's Oyster Bar - St Charles Ave,0
Recommend a place with some interactive dining elements.,Rue De La Course,0
Recommend a place with some interactive dining elements.,Embassy Suites by Hilton New Orleans,1
Recommend a place with some interactive dining elements.,Meals From The Heart Cafe,0
Recommend a place with some interactive dining elements.,Corner Oyster House,0
Recommend a place with some interactive dining elements.,Merchant,0
Recommend a place with some interactive dining elements.,Mambo's,0
Recommend a place with some interactive dining elements.,Mahony's Po-Boys & Seafood  - Uptown,0
Recommend a place with some interactive dining elements.,Geisha Sushi Bistro,1
Recommend a place with some interactive dining elements.,Cafe Beignet on Royal Street,0
Recommend a place with some interactive dining elements.,Daisy Mae's Southern Fried Chicken & Breakfast,0
Recommend a place with some interactive dining elements.,J's Seafood Dock,3
Recommend a place with some interactive dining elements.,Pirates Alley Cafe,2
Recommend a place with some interactive dining elements.,Franks Restaurant,0
Recommend a place with some interactive dining elements.,The Old No 77 Hotel and Chandlery,1
Recommend a place with some interactive dining elements.,Cafe Beignet on Decatur Street,2
Recommend a place with some interactive dining elements.,Hot Tin,0
Recommend a place with some interactive dining elements.,Acme Oyster House,2
Recommend a place with some interactive dining elements.,Royal Sonesta New Orleans,2
Recommend a place with some interactive dining elements.,Napoleon House,0
Recommend a place with some interactive dining elements.,Gumbo POT,0
Recommend a place with some interactive dining elements.,30_90 NOLA,2
Recommend a place with some interactive dining elements.,Mojo Coffee House,0
Recommend a place with some interactive dining elements.,World Famous N'awlins Cafe & Spice Emporium,0
Recommend a place with some interactive dining elements.,Daisy Dukes Express,0
Recommend a place with some interactive dining elements.,Daisy Dukes Cafe,0
Recommend a place with some interactive dining elements.,Gallier Restaurant & Oyster Bar,0
Recommend a place with some interactive dining elements.,W New Orleans - French Quarter,0
Recommend a place with some interactive dining elements.,Shawarma on the Go,0
Recommend a place with some interactive dining elements.,Sucré,0
Recommend a place with some interactive dining elements.,Gene's PO-Boys,0
Recommend a place with some interactive dining elements.,NOLA Poboys,0
Recommend a place with some interactive dining elements.,Origami,1
Recommend a place with some interactive dining elements.,Drago's Seafood Restaurant,1
Recommend a place with some interactive dining elements.,Café Du Monde,0
Recommend a place with some interactive dining elements.,We Dat's Chicken and Shrimp,0
Recommend a place with some interactive dining elements.,Gumbo Ya-Ya,0
Recommend a place with some interactive dining elements.,Breads on Oak Cafe & Bakery,0
Recommend a place with some interactive dining elements.,Bittersweet Confections,0
Recommend a place with some interactive dining elements.,Magazine Pizza,0
Recommend a place with some interactive dining elements.,Two Chicks Café - CBD,0
Recommend a place with some interactive dining elements.,Three Legged Dog,1
Recommend a place with some interactive dining elements.,Melba's,0
Recommend a place with some interactive dining elements.,Crescent City Pizza Works,0
Recommend a place with some interactive dining elements.,The Original Italian Pie,0
Recommend a place with some interactive dining elements.,Envie Espresso Bar & Cafe,0
Recommend a place with some interactive dining elements.,French Truck Coffee,0
Recommend a place with some interactive dining elements.,Vieux Carre Pizza,0
Recommend a place with some interactive dining elements.,Sazerac Bar,0
Recommend a place with some interactive dining elements.,Croissant D'Or Patisserie,0
Recommend a place with some interactive dining elements.,Revelator Coffee New Orleans,0
Recommend a place with some interactive dining elements.,New Orleans Famous Beignets And Coffee,0
Recommend a place with some interactive dining elements.,Angelo Brocato,0
Recommend a place with some interactive dining elements.,La Boulangerie,0
Recommend a place with some interactive dining elements.,Old Absinthe House,2
Recommend a place with some interactive dining elements.,Fritzel's European Jazz Pub,2
Recommend a place with some interactive dining elements.,Piccola Gelateria,0
Recommend a place with some interactive dining elements.,Paddlewheeler Creole Queen,2
Recommend a place with some interactive dining elements.,Central Grocery & Deli,0
Recommend a place with some interactive dining elements.,Holy Crepes!,2
Recommend a place with some interactive dining elements.,French Quarter Phantoms,2
Where can I find a restaurant with a clear concept?,Louisiana Bistro,3
Where can I find a restaurant with a clear concept?,Stella!,3
Where can I find a restaurant with a clear concept?,Bayona,3
Where can I find a restaurant with a clear concept?,Brigtsen's Restaurant,3
Where can I find a restaurant with a clear concept?,Green Goddess,3
Where can I find a restaurant with a clear concept?,Patois Restaurant,2
Where can I find a restaurant with a clear concept?,Booty's Street Food,3
Where can I find a restaurant with a clear concept?,Restaurant August,3
Where can I find a restaurant with a clear concept?,Compère Lapin,3
Where can I find a restaurant with a clear concept?,Juan's Flying Burrito,3
Where can I find a restaurant with a clear concept?,Mizado Latin Kitchen,3
Where can I find a restaurant with a clear concept?,Paladar 511,3
Where can I find a restaurant with a clear concept?,Saffron nola,3
Where can I find a restaurant with a clear concept?,SukhoThai,3
Where can I find a restaurant with a clear concept?,Vincent's Italian Cuisine,3
Where can I find a restaurant with a clear concept?,El Gato Negro,2
Where can I find a restaurant with a clear concept?,Upperline,3
Where can I find a restaurant with a clear concept?,Coquette,3
Where can I find a restaurant with a clear concept?,Sofia,3
Where can I find a restaurant with a clear concept?,Restaurant R'evolution,3
Where can I find a restaurant with a clear concept?,Taqueria Guerrero,3
Where can I find a restaurant with a clear concept?,The American Sector,3
Where can I find a restaurant with a clear concept?,Root,3
Where can I find a restaurant with a clear concept?,Cafe Degas,3
Where can I find a restaurant with a clear concept?,Lilette,2
Where can I find a restaurant with a clear concept?,Josephine Estelle,2
Where can I find a restaurant with a clear concept?,K-Paul's Louisiana Kitchen,3
Where can I find a restaurant with a clear concept?,The Italian Barrel,3
Where can I find a restaurant with a clear concept?,Café Amelie,2
Where can I find a restaurant with a clear concept?,Tommy's Cuisine,2
Where can I find a restaurant with a clear concept?,Shaya,3
Where can I find a restaurant with a clear concept?,Little Korea BBQ,3
Where can I find a restaurant with a clear concept?,Dick & Jenny's,3
Where can I find a restaurant with a clear concept?,Borgne,2
Where can I find a restaurant with a clear concept?,Herbsaint,3
Where can I find a restaurant with a clear concept?,Boucherie,3
Where can I find a restaurant with a clear concept?,La Thai Uptown,2
Where can I find a restaurant with a clear concept?,Dooky Chase's Restaurant,2
Where can I find a restaurant with a clear concept?,Dante's Kitchen,3
Where can I find a restaurant with a clear concept?,La Petite Grocery,3
Where can I find a restaurant with a clear concept?,Adolfo's,3
Where can I find a restaurant with a clear concept?,Mona's Cafe,2
Where can I find a restaurant with a clear concept?,Marcello's Restaurant & Wine Bar,3
Where can I find a restaurant with a clear concept?,Venezia Restaurant,2
Where can I find a restaurant with a clear concept?,Irene's,3
Where can I find a restaurant with a clear concept?,Cochon,3
Where can I find a restaurant with a clear concept?,Maypop Restaurant,3
Where can I find a restaurant with a clear concept?,Casa Borrega,3
Where can I find a restaurant with a clear concept?,Gris-Gris,3
Where can I find a restaurant with a clear concept?,Rebellion Bar & Urban Kitchen,2
Where can I find a restaurant with a clear concept?,N 7,3
Where can I find a restaurant with a clear concept?,Emeril's Delmonico,2
Where can I find a restaurant with a clear concept?,Auction House Market,3
Where can I find a restaurant with a clear concept?,Nirvana Indian Cuisine,2
Where can I find a restaurant with a clear concept?,Kin,3
Where can I find a restaurant with a clear concept?,Vessel NOLA,3
Where can I find a restaurant with a clear concept?,Criollo Restaurant,3
Where can I find a restaurant with a clear concept?,High Hat Cafe,2
Where can I find a restaurant with a clear concept?,La Crepe Nanou,3
Where can I find a restaurant with a clear concept?,Trinity Restaurant New Orleans,3
Where can I find a restaurant with a clear concept?,Restaurant Rebirth,3
Where can I find a restaurant with a clear concept?,Cowbell,3
Where can I find a restaurant with a clear concept?,Chophouse New Orleans,3
Where can I find a restaurant with a clear concept?,Jack Rose,3
Where can I find a restaurant with a clear concept?,Mopho,3
Where can I find a restaurant with a clear concept?,The Gallery Venue at Tomas Bistro,2
Where can I find a restaurant with a clear concept?,Wayfare,3
Where can I find a restaurant with a clear concept?,La Boca,3
Where can I find a restaurant with a clear concept?,Briquette,3
Where can I find a restaurant with a clear concept?,Meauxbar,3
Where can I find a restaurant with a clear concept?,Landry's Seafood House,2
Where can I find a restaurant with a clear concept?,Jacques-Imo's Cafe,3
Where can I find a restaurant with a clear concept?,Galatoire's Restaurant,3
Where can I find a restaurant with a clear concept?,Boswell's Jamaican Grill,2
Where can I find a restaurant with a clear concept?,Meril,3
Where can I find a restaurant with a clear concept?,Cavan,3
Where can I find a restaurant with a clear concept?,Tito's Ceviche & Pisco,3
Where can I find a restaurant with a clear concept?,Ye Olde College Inn,2
Where can I find a restaurant with a clear concept?,Eat New Orleans,3
Where can I find a restaurant with a clear concept?,Sneaky Pickle,3
Where can I find a restaurant with a clear concept?,Annunciation,3
Where can I find a restaurant with a clear concept?,SoBou,3
Where can I find a restaurant with a clear concept?,Red's Chinese,2
Where can I find a restaurant with a clear concept?,Clancy's Restaurant,3
Where can I find a restaurant with a clear concept?,Ignatius' Rue de La Course Coffeehouse,2
Where can I find a restaurant with a clear concept?,St Roch Market,3
Where can I find a restaurant with a clear concept?,Santa Fe,2
Where can I find a restaurant with a clear concept?,Carmo,3
Where can I find a restaurant with a clear concept?,Arabella Casa Di Pasta,3
Where can I find a restaurant with a clear concept?,La Macarena Pupuseria & Latin Cafe,2
Where can I find a restaurant with a clear concept?,Taqueria Corona,2
Where can I find a restaurant with a clear concept?,Tsunami Sushi,3
Where can I find a restaurant with a clear concept?,GW Fins,3
Where can I find a restaurant with a clear concept?,Mayas,3
Where can I find a restaurant with a clear concept?,Ancora,3
Where can I find a restaurant with a clear concept?,The Velvet Cactus,3
Where can I find a restaurant with a clear concept?,Heard Dat Kitchen,3
Where can I find a restaurant with a clear concept?,Yuki Izakaya,3
Where can I find a restaurant with a clear concept?,Ruby Slipper Cafe,3
Where can I find a restaurant with a clear concept?,The Grill,3
Where can I find a restaurant with a clear concept?,The Court of Two Sisters,3
Where can I find a restaurant with a clear concept?,Muriel's Jackson Square,3
Where can I find a restaurant with a clear concept?,Superior Grill,2
Where can I find a restaurant with a clear concept?,Mona Lisa Restaurant,3
Where can I find a restaurant with a clear concept?,Mr John's Steakhouse,3
Where can I find a restaurant with a clear concept?,Doris Metropolitan,3
Where can I find a restaurant with a clear concept?,Sake Cafe Uptown,2
Where can I find a restaurant with a clear concept?,New Orleans Hamburger & Seafood Co,2
Where can I find a restaurant with a clear concept?,The Camellia Grill,3
Where can I find a restaurant with a clear concept?,Gyu-Kaku Japanese BBQ,3
Where can I find a restaurant with a clear concept?,Noodle & Pie,3
Where can I find a restaurant with a clear concept?,Bennachin Restaurant,2
Where can I find a restaurant with a clear concept?,Nolé,3
Where can I find a restaurant with a clear concept?,Maïs Arepas,3
Where can I find a restaurant with a clear concept?,Lola's,2
Where can I find a restaurant with a clear concept?,Crescent City Steak House,2
Where can I find a restaurant with a clear concept?,Cafe Abyssinia,2
Where can I find a restaurant with a clear concept?,Angeline,3
Where can I find a restaurant with a clear concept?,Dat Dog,3
Where can I find a restaurant with a clear concept?,Atchafalaya Restaurant,3
Where can I find a restaurant with a clear concept?,Louisiana Pizza Kitchen,2
Where can I find a restaurant with a clear concept?,Mint Modern Vietnamese Bistro & Bar,3
Where can I find a restaurant with a clear concept?,Palace Café,2
Where can I find a restaurant with a clear concept?,Saba,3
Where can I find a restaurant with a clear concept?,Sassafras Restaurant,2
Where can I find a restaurant with a clear concept?,Johnny Sanchez,3
Where can I find a restaurant with a clear concept?,Antoine's Restaurant,3
Where can I find a restaurant with a clear concept?,Tujague's Restaurant,3
Where can I find a restaurant with a clear concept?,Satsuma Café,2
Where can I find a restaurant with a clear concept?,Del Fuego,3
Where can I find a restaurant with a clear concept?,Salú Bistro and Bar,2
Where can I find a restaurant with a clear concept?,Cafe Sbisa,3
Where can I find a restaurant with a clear concept?,Brown Butter Southern Kitchen & Bar,3
Where can I find a restaurant with a clear concept?,Angeli on Decatur,3
Where can I find a restaurant with a clear concept?,Please-U-Restaurant,2
Where can I find a restaurant with a clear concept?,Commander's Palace,3
Where can I find a restaurant with a clear concept?,The Pelican Club,3
Where can I find a restaurant with a clear concept?,Justine,3
Where can I find a restaurant with a clear concept?,The Original French Market Restaurant and Bar,2
Where can I find a restaurant with a clear concept?,Arnaud's Restaurant,3
Where can I find a restaurant with a clear concept?,Bon Ton Cafe,3
Where can I find a restaurant with a clear concept?,Café at The Square,2
Where can I find a restaurant with a clear concept?,Ba Chi Canteen,3
Where can I find a restaurant with a clear concept?,Pêche,3
Where can I find a restaurant with a clear concept?,1000 Figs,3
Where can I find a restaurant with a clear concept?,Ninja Restaurant,2
Where can I find a restaurant with a clear concept?,Chiba,2
Where can I find a restaurant with a clear concept?,The Tasting Room,3
Where can I find a restaurant with a clear concept?,NOLA Restaurant,2
Where can I find a restaurant with a clear concept?,Hoshun Restaurant,2
Where can I find a restaurant with a clear concept?,Emeril's ,3
Where can I find a restaurant with a clear concept?,Mikimoto,2
Where can I find a restaurant with a clear concept?,Red Dog Diner,3
Where can I find a restaurant with a clear concept?,Ralph's on the Park,2
Where can I find a restaurant with a clear concept?,Baru Bistro & Tapas,2
Where can I find a restaurant with a clear concept?,Asuka Sushi & Hibachi,2
Where can I find a restaurant with a clear concept?,Tableau,3
Where can I find a restaurant with a clear concept?,Five Happiness Chinese Restaurant,2
Where can I find a restaurant with a clear concept?,The Munch Factory,2
Where can I find a restaurant with a clear concept?,Legacy Kitchen's Craft Tavern,3
Where can I find a restaurant with a clear concept?,Magasin Vietnamese Cafe,3
Where can I find a restaurant with a clear concept?,Red Fish Grill,2
Where can I find a restaurant with a clear concept?,La Casita,2
Where can I find a restaurant with a clear concept?,Dickie Brennan's Steakhouse,3
Where can I find a restaurant with a clear concept?,Fogo de Chão Brazilian Steakhouse,3
Where can I find a restaurant with a clear concept?,Sylvain,3
Where can I find a restaurant with a clear concept?,Jung's Golden Dragon II,2
Where can I find a restaurant with a clear concept?,Galatoire's 33 Bar & Steak,2
Where can I find a restaurant with a clear concept?,Slice Pizzeria,2
Where can I find a restaurant with a clear concept?,Cleo's,3
Where can I find a restaurant with a clear concept?,Katie's Restaurant & Bar,3
Where can I find a restaurant with a clear concept?,Pizza Delicious,3
Where can I find a restaurant with a clear concept?,The Steakhouse,2
Where can I find a restaurant with a clear concept?,Felipe's Mexican Taqueria - French Quarter,3
Where can I find a restaurant with a clear concept?,Lula Restaurant Distillery,3
Where can I find a restaurant with a clear concept?,Beachbum Berry's Latitude 29,3
Where can I find a restaurant with a clear concept?,Desi Vega's Steakhouse,3
Where can I find a restaurant with a clear concept?,The Praline Connection,2
Where can I find a restaurant with a clear concept?,Namese,3
Where can I find a restaurant with a clear concept?,Capdeville,2
Where can I find a restaurant with a clear concept?,GG's Dine-O-Rama,3
Where can I find a restaurant with a clear concept?,Houston's Restaurant,2
Where can I find a restaurant with a clear concept?,New Orleans Creole Cookery,2
Where can I find a restaurant with a clear concept?,Rock-n-Saké Bar & Sushi,3
Where can I find a restaurant with a clear concept?,Chartres House,2
Where can I find a restaurant with a clear concept?,Saint Lawrence,3
Where can I find a restaurant with a clear concept?,Felipe's Mexican Taqueria - Uptown,3
Where can I find a restaurant with a clear concept?,Mandina's Restaurant,3
Where can I find a restaurant with a clear concept?,Casamento's Restaurant,3
Where can I find a restaurant with a clear concept?,Dolce Vita Pizzeria,2
Where can I find a restaurant with a clear concept?,Basin Seafood & Spirits,3
Where can I find a restaurant with a clear concept?,Lebanon's Cafe,3
Where can I find a restaurant with a clear concept?,Mr. B's Bistro,3
Where can I find a restaurant with a clear concept?,Three Muses,3
Where can I find a restaurant with a clear concept?,Riccobono’s Panola St. Cafe,3
Where can I find a restaurant with a clear concept?,Joey K's Restaurant & Bar,2
Where can I find a restaurant with a clear concept?,Cochon Butcher,3
Where can I find a restaurant with a clear concept?,Pascal's Manale,2
Where can I find a restaurant with a clear concept?,9 Roses Cafe,2
Where can I find a restaurant with a clear concept?,Domenica,2
Where can I find a restaurant with a clear concept?,Oceana Grill,2
Where can I find a restaurant with a clear concept?,Turkey and the Wolf,3
Where can I find a restaurant with a clear concept?,Charcoal's Gourmet Burger Bar,3
Where can I find a restaurant with a clear concept?,The Original Pierre Maspero's,2
Where can I find a restaurant with a clear concept?,Trenasse,2
Where can I find a restaurant with a clear concept?,DTB,3
Where can I find a restaurant with a clear concept?,CellarDoor,3
Where can I find a restaurant with a clear concept?,Another Broken Egg Cafe,2
Where can I find a restaurant with a clear concept?,Salon by Sucré,3
Where can I find a restaurant with a clear concept?,Sushi Brothers,2
Where can I find a restaurant with a clear concept?,Dong Phuong,2
Where can I find a restaurant with a clear concept?,Blaze Pizza,3
Where can I find a restaurant with a clear concept?,Cafe Maspero,1
Where can I find a restaurant with a clear concept?,Bearcat Cafe,3
Where can I find a restaurant with a clear concept?,The Bombay Club,3
Where can I find a restaurant with a clear concept?,Kingfish,2
Where can I find a restaurant with a clear concept?,The Delachaise,2
Where can I find a restaurant with a clear concept?,Toups Meatery,3
Where can I find a restaurant with a clear concept?,The Company Burger,3
Where can I find a restaurant with a clear concept?,Copeland's Cheesecake Bistro,1
Where can I find a restaurant with a clear concept?,Curio,3
Where can I find a restaurant with a clear concept?,Brennan's Restaurant,3
Where can I find a restaurant with a clear concept?,Café Adelaide,2
Where can I find a restaurant with a clear concept?,Orleans Grapevine Wine Bar & Bistro,2
Where can I find a restaurant with a clear concept?,Cuñada,3
Where can I find a restaurant with a clear concept?,Superior Seafood & Oyster Bar,2
Where can I find a restaurant with a clear concept?,New Orleans School of Cooking,3
Where can I find a restaurant with a clear concept?,Pho Tau Bay Restaurant,2
Where can I find a restaurant with a clear concept?,Cafe Pontalba,2
Where can I find a restaurant with a clear concept?,Midway Pizza,2
Where can I find a restaurant with a clear concept?,Slim Goodies Diner,3
Where can I find a restaurant with a clear concept?,Origami,3
Where can I find a restaurant with a clear concept?,Araña Taqueria y Cantina,2
Where can I find a restaurant with a clear concept?,HORN'S EATERY,3
Where can I find a restaurant with a clear concept?,The Marigny Brasserie,2
Where can I find a restaurant with a clear concept?,Port Of Call,3
Where can I find a restaurant with a clear concept?,Elizabeth's Restaurant,2
Where can I find a restaurant with a clear concept?,Huck Finn's Cafe,2
Where can I find a restaurant with a clear concept?,Deanie's Seafood,2
Where can I find a restaurant with a clear concept?,Apolline Restaurant,2
Where can I find a restaurant with a clear concept?,Vacherie,2
Where can I find a restaurant with a clear concept?,Rib Room,2
Where can I find a restaurant with a clear concept?,Estrella Steak & Lobster,2
Where can I find a restaurant with a clear concept?,Nacho Mama's Mexican Grill,2
Where can I find a restaurant with a clear concept?,Gumbo Shop,3
Where can I find a restaurant with a clear concept?,Little Tokyo Small Plates & Noodle Bar,2
Where can I find a restaurant with a clear concept?,Milk Bar,3
Where can I find a restaurant with a clear concept?,Seed,3
Where can I find a restaurant with a clear concept?,Coop's Place,2
Where can I find a restaurant with a clear concept?,Jagerhaus,3
Where can I find a restaurant with a clear concept?,Hobnobber's Variety Bar & Restaurant,2
Where can I find a restaurant with a clear concept?,Neyow's Creole Cafe,2
Where can I find a restaurant with a clear concept?,Sweet Soulfood,3
Where can I find a restaurant with a clear concept?,Copper Vine,3
Where can I find a restaurant with a clear concept?,Dreamy Weenies,3
Where can I find a restaurant with a clear concept?,McClure's,3
Where can I find a restaurant with a clear concept?,Bearcat CBD,3
Where can I find a restaurant with a clear concept?,Creole House Restaurant & Oyster Bar,2
Where can I find a restaurant with a clear concept?,Majoria's Commerce Restaurant,3
Where can I find a restaurant with a clear concept?,Cane and Table,3
Where can I find a restaurant with a clear concept?,Pho Bistreaux,3
Where can I find a restaurant with a clear concept?,Galliano Restaurant,2
Where can I find a restaurant with a clear concept?,Amici,2
Where can I find a restaurant with a clear concept?,BOIL Seafood House,3
Where can I find a restaurant with a clear concept?,Red Gravy,2
Where can I find a restaurant with a clear concept?,Flamingo A-Go-Go,2
Where can I find a restaurant with a clear concept?,The Irish House,2
Where can I find a restaurant with a clear concept?,Broussard's,2
Where can I find a restaurant with a clear concept?,Grand Isle,2
Where can I find a restaurant with a clear concept?,Felix's Restaurant & Oyster Bar,2
Where can I find a restaurant with a clear concept?,Avery's On Tulane,2
Where can I find a restaurant with a clear concept?,Nonna Mia Cafe & Pizzeria,2
Where can I find a restaurant with a clear concept?,Brennan's,2
Where can I find a restaurant with a clear concept?,Franks Restaurant,2
Where can I find a restaurant with a clear concept?,Pizza Domenica,3
Where can I find a restaurant with a clear concept?,Russell's Marina Grill,2
Where can I find a restaurant with a clear concept?,Luke,2
Where can I find a restaurant with a clear concept?,Liuzza's By The Track,2
Where can I find a restaurant with a clear concept?,The Blue Crab Restaurant & Oyster Bar,2
Where can I find a restaurant with a clear concept?,Frankie & Johnny's,2
Where can I find a restaurant with a clear concept?,Li'l Dizzy's Cafe,3
Where can I find a restaurant with a clear concept?,Streetcar Cafe,2
Where can I find a restaurant with a clear concept?,Geisha Sushi Bistro,2
Where can I find a restaurant with a clear concept?,Evangeline,3
Where can I find a restaurant with a clear concept?,The Market Cafe,2
Where can I find a restaurant with a clear concept?,13 Monaghan,2
Where can I find a restaurant with a clear concept?,Fiorella's Cafe,2
Where can I find a restaurant with a clear concept?,P & G Restaurant & Bar,2
Where can I find a restaurant with a clear concept?,Felipe's Mexican Taqueria - Mid City,2
Where can I find a restaurant with a clear concept?,Toast,3
Where can I find a restaurant with a clear concept?,Welty's Deli and Catering,3
Where can I find a restaurant with a clear concept?,The Joint,3
Where can I find a restaurant with a clear concept?,Saint Cecilia,2
Where can I find a restaurant with a clear concept?,The Old Coffee Pot Restaurant,2
Where can I find a restaurant with a clear concept?,Mimi's In The Marigny,3
Where can I find a restaurant with a clear concept?,Poke Loa,3
Where can I find a restaurant with a clear concept?,The Trolley Stop Cafe,2
Where can I find a restaurant with a clear concept?,Diamond Street Bar & Grill,2
Where can I find a restaurant with a clear concept?,Seaworthy,3
Where can I find a restaurant with a clear concept?,Dian Xin,3
Where can I find a restaurant with a clear concept?,The Governor,1
Where can I find a restaurant with a clear concept?,Remoulade,2
Where can I find a restaurant with a clear concept?,Tartine,3
Where can I find a restaurant with a clear concept?,Lilly's Cafe,2
Where can I find a restaurant with a clear concept?,Belle's Diner Nola,2
Where can I find a restaurant with a clear concept?,Cajun Seafood,3
Where can I find a restaurant with a clear concept?,Mulate's,2
Where can I find a restaurant with a clear concept?,biscuit & buns on banks,2
Where can I find a restaurant with a clear concept?,Mr Ed's Oyster Bar - Bienville,2
Where can I find a restaurant with a clear concept?,Kebab,2
Where can I find a restaurant with a clear concept?,New Orleans Cake Café & Bakery,3
Where can I find a restaurant with a clear concept?,Morrow's,2
Where can I find a restaurant with a clear concept?,Down The Hatch,2
Where can I find a restaurant with a clear concept?,Crescent City Brewhouse,2
Where can I find a restaurant with a clear concept?,The Rum House,3
Where can I find a restaurant with a clear concept?,Tacos And Beer,3
Where can I find a restaurant with a clear concept?,Ugly Dog Saloon & BBQ,2
Where can I find a restaurant with a clear concept?,Fharmacy Nola,3
Where can I find a restaurant with a clear concept?,Faubourg Bistro,2
Where can I find a restaurant with a clear concept?,Coterie Restaurant & Oyster Bar,2
Where can I find a restaurant with a clear concept?,Fullblast Brunch,3
Where can I find a restaurant with a clear concept?,Le Bayou Restaurant,2
Where can I find a restaurant with a clear concept?,The Halal Guys,2
Where can I find a restaurant with a clear concept?,Pere Antoine Restaurant,1
Where can I find a restaurant with a clear concept?,Bourbon House,2
Where can I find a restaurant with a clear concept?,Liberty Cheesesteaks,2
Where can I find a restaurant with a clear concept?,Ruth's Chris Steak House,3
Where can I find a restaurant with a clear concept?,Seither's Seafood,3
Where can I find a restaurant with a clear concept?,Refuel Cafe,2
Where can I find a restaurant with a clear concept?,Cornet,2
Where can I find a restaurant with a clear concept?,The Country Club,3
Where can I find a restaurant with a clear concept?,Snug Harbor Jazz Bistro,3
Where can I find a restaurant with a clear concept?,Walk-On's Sports Bistreaux - New Orleans,2
Where can I find a restaurant with a clear concept?,Squeal,2
Where can I find a restaurant with a clear concept?,Killer Poboys,3
Where can I find a restaurant with a clear concept?,Union Kitchen & Union Party Room,2
Where can I find a restaurant with a clear concept?,Mid City Pizza,3
Where can I find a restaurant with a clear concept?,Hard Rock Cafe,3
Where can I find a restaurant with a clear concept?,Verti Marte,2
Where can I find a restaurant with a clear concept?,Yo Mama's Bar & Grill,2
Where can I find a restaurant with a clear concept?,The Backyard,2
Where can I find a restaurant with a clear concept?,Willa Jean,3
Where can I find a restaurant with a clear concept?,Warehouse Grille,2
Where can I find a restaurant with a clear concept?,St Charles Tavern,2
Where can I find a restaurant with a clear concept?,Cafe Conti,3
Where can I find a restaurant with a clear concept?,Wood Pizza Bistro and Taphouse,2
Where can I find a restaurant with a clear concept?,Stanley,2
Where can I find a restaurant with a clear concept?,Bubba Gump Shrimp Co.,3
Where can I find a restaurant with a clear concept?,Meals From The Heart Cafe,2
Where can I find a restaurant with a clear concept?,Napoleon House,3
Where can I find a restaurant with a clear concept?,Buffa's Bar & Restaurant,3
Where can I find a restaurant with a clear concept?,Little Gem Saloon,2
Where can I find a restaurant with a clear concept?,The Crazy Lobster Bar & Grill,2
Where can I find a restaurant with a clear concept?,801 Royal,2
Where can I find a restaurant with a clear concept?,Nomiya,3
Where can I find a restaurant with a clear concept?,Two Chicks Cafe,2
Where can I find a restaurant with a clear concept?,Crabby Jack's,3
Where can I find a restaurant with a clear concept?,Cafe Fleur De Lis,2
Where can I find a restaurant with a clear concept?,Who Dat Coffee Cafe,2
Where can I find a restaurant with a clear concept?,Desire Oyster Bar,2
Where can I find a restaurant with a clear concept?,Mother's Restaurant,2
Where can I find a restaurant with a clear concept?,Willie's Chicken Shack,2
Where can I find a restaurant with a clear concept?,Tout De Suite Cafe,3
Where can I find a restaurant with a clear concept?,Coulis,2
Where can I find a restaurant with a clear concept?,G's Pizza,2
Where can I find a restaurant with a clear concept?,Surrey's Café & Juice Bar,2
Where can I find a restaurant with a clear concept?,Clover Grill,3
Where can I find a restaurant with a clear concept?,Cafe Rose Nicaud,2
Where can I find a restaurant with a clear concept?,Blue Oak BBQ,3
Where can I find a restaurant with a clear concept?,Clesi's Restaurant & Catering,2
Where can I find a restaurant with a clear concept?,Ernst Cafe,2
Where can I find a restaurant with a clear concept?,Gus's World Famous Fried Chicken,3
Where can I find a restaurant with a clear concept?,J's Seafood Dock,2
Where can I find a restaurant with a clear concept?,Mena's Palace,2
Where can I find a restaurant with a clear concept?,Surrey's Uptown,2
Where can I find a restaurant with a clear concept?,Royal House,2
Where can I find a restaurant with a clear concept?,Jimmy J's Cafe,3
Where can I find a restaurant with a clear concept?,Gordon Biersch Brewery Restaurant,2
Where can I find a restaurant with a clear concept?,Ole Saint,2
Where can I find a restaurant with a clear concept?,Olde Nola Cookery,2
Where can I find a restaurant with a clear concept?,Deja Vu Restaurant & Bar,2
Where can I find a restaurant with a clear concept?,Shawarma on the Go,3
Where can I find a restaurant with a clear concept?,Victory,2
Where can I find a restaurant with a clear concept?,Manning's Sports Bar and Grill,2
Where can I find a restaurant with a clear concept?,Lucy's Retired Surfers Bar & Restaurant,3
Where can I find a restaurant with a clear concept?,Parasol's,2
Where can I find a restaurant with a clear concept?,Gallier Restaurant & Oyster Bar,2
Where can I find a restaurant with a clear concept?,Central City BBQ,3
Where can I find a restaurant with a clear concept?,Drago's Seafood Restaurant,2
Where can I find a restaurant with a clear concept?,Reginelli's Pizzeria,2
Where can I find a restaurant with a clear concept?,The Daily Beet,3
Where can I find a restaurant with a clear concept?,Saints And Sinners,2
Where can I find a restaurant with a clear concept?,Voodoo BBQ & Grill,2
Where can I find a restaurant with a clear concept?,Wakin' Bakin',3
Where can I find a restaurant with a clear concept?,Pier 424 Seafood Market,2
Where can I find a restaurant with a clear concept?,Fat Boy Pantry,3
Where can I find a restaurant with a clear concept?,Columns,2
Where can I find a restaurant with a clear concept?,Backspace Bar & Kitchen,3
Where can I find a restaurant with a clear concept?,Domilise Po-Boys & Bar,2
Where can I find a restaurant with a clear concept?,Turtle Bay,1
Where can I find a restaurant with a clear concept?,Mambo's,2
Where can I find a restaurant with a clear concept?,The Vintage,3
Where can I find a restaurant with a clear concept?,Daisy Dukes - French Quarter,2
Where can I find a restaurant with a clear concept?,Backatown Coffee Parlour,2
Where can I find a restaurant with a clear concept?,Attiki Bar and Grill,2
Where can I find a restaurant with a clear concept?,Willie Mae's Scotch House,3
Where can I find a restaurant with a clear concept?,Cure,3
Where can I find a restaurant with a clear concept?,Bayou Burger & Sports Company,2
Where can I find a restaurant with a clear concept?,Frey Smoked Meat,2
Where can I find a restaurant with a clear concept?,Bayou Hot Wings,2
Where can I find a restaurant with a clear concept?,Guy's Po Boys,3
Where can I find a restaurant with a clear concept?,Mahony's Po-Boys & Seafood,2
Where can I find a restaurant with a clear concept?,Bevi Seafood,2
Where can I find a restaurant with a clear concept?,World Famous N'awlins Cafe & Spice Emporium,2
Where can I find a restaurant with a clear concept?,Gumbo POT,1
Where can I find a restaurant with a clear concept?,The Original Italian Pie,2
Where can I find a restaurant with a clear concept?,Bakery Bar,3
Where can I find a restaurant with a clear concept?,Mr. Ed's Oyster Bar - St Charles Ave,2
Where can I find a restaurant with a clear concept?,Cafe Envie & Espresso Bar,2
Where can I find a restaurant with a clear concept?,Monty's on the Square,2
Where can I find a restaurant with a clear concept?,Tiki Tolteca,3
Where can I find a restaurant with a clear concept?,Tracey's Original Irish Channel Bar,1
Where can I find a restaurant with a clear concept?,WINO  Wine Institute of New Orleans,3
Where can I find a restaurant with a clear concept?,Ruby Slipper - New Orleans,3
Where can I find a restaurant with a clear concept?,Gazebo Cafe,2
Where can I find a restaurant with a clear concept?,Magazine Pizza,2
Where can I find a restaurant with a clear concept?,Brothers Food Mart,1
Where can I find a restaurant with a clear concept?,Tru Burger,3
Where can I find a restaurant with a clear concept?,The Avenue Pub,2
Where can I find a restaurant with a clear concept?,HiVolt Coffee,2
Where can I find a restaurant with a clear concept?,Le Pavillon Hotel,2
Where can I find a restaurant with a clear concept?,Merchant,3
Where can I find a restaurant with a clear concept?,Parkway Bakery & Tavern,2
Where can I find a restaurant with a clear concept?,Stein's Market and Deli,2
Where can I find a restaurant with a clear concept?,Acme Oyster House,2
Where can I find a restaurant with a clear concept?,"The Ritz-Carlton, New Orleans",2
Where can I find a restaurant with a clear concept?,The Jimani,2
Where can I find a restaurant with a clear concept?,Angelo Brocato,2
Where can I find a restaurant with a clear concept?,Corner Oyster House,1
Where can I find a restaurant with a clear concept?,NOLA Poboys,3
Where can I find a restaurant with a clear concept?,Cafe Beignet on Bourbon Street,3
Where can I find a restaurant with a clear concept?,Windsor Court Hotel,2
Where can I find a restaurant with a clear concept?,French Toast,3
Where can I find a restaurant with a clear concept?,Cafe Beignet on Decatur Street,2
Where can I find a restaurant with a clear concept?,Sucré,3
Where can I find a restaurant with a clear concept?,Johnny's Po-Boys,2
Where can I find a restaurant with a clear concept?,Arnaud's French 75 Bar,3
Where can I find a restaurant with a clear concept?,Mahony's Po-Boys & Seafood  - Uptown,3
Where can I find a restaurant with a clear concept?,Breads on Oak Cafe & Bakery,3
Where can I find a restaurant with a clear concept?,Gene's PO-Boys,2
Where can I find a restaurant with a clear concept?,Crescent City Pizza Works,3
Where can I find a restaurant with a clear concept?,Acme Oyster House - Harrahs,2
Where can I find a restaurant with a clear concept?,Daisy Dukes Cafe,2
Where can I find a restaurant with a clear concept?,The Maison,3
Where can I find a restaurant with a clear concept?,Avenue Cafe,2
Where can I find a restaurant with a clear concept?,House of Blues New Orleans,2
Where can I find a restaurant with a clear concept?,Two Chicks Café - CBD,2
Where can I find a restaurant with a clear concept?,Pat O'Brien's Courtyard Restaurant,2
Where can I find a restaurant with a clear concept?,Central Grocery & Deli,3
Where can I find a restaurant with a clear concept?,Croissant D'Or Patisserie,2
Where can I find a restaurant with a clear concept?,Cajun Mike's Pub & Grub,2
Where can I find a restaurant with a clear concept?,Morning Call Coffee Stand,2
Where can I find a restaurant with a clear concept?,Cooter Brown's,1
Where can I find a restaurant with a clear concept?,The Old No 77 Hotel and Chandlery,2
Where can I find a restaurant with a clear concept?,Cafe Beignet on Royal Street,2
Where can I find a restaurant with a clear concept?,Gumbo Ya-Ya,2
Where can I find a restaurant with a clear concept?,Daisy Mae's Southern Fried Chicken & Breakfast,3
Where can I find a restaurant with a clear concept?,Copper Monkey Grill,2
Where can I find a restaurant with a clear concept?,The Blind Pelican,2
Where can I find a restaurant with a clear concept?,Steamboat Natchez,2
Where can I find a restaurant with a clear concept?,Daisy Dukes Express,2
Where can I find a restaurant with a clear concept?,District Donuts Sliders Brew,3
Where can I find a restaurant with a clear concept?,Piccola Gelateria,3
Where can I find a restaurant with a clear concept?,The Howlin' Wolf,2
Where can I find a restaurant with a clear concept?,Melba's,2
Where can I find a restaurant with a clear concept?,BB King's Blues Club,3
Where can I find a restaurant with a clear concept?,Cafe Negril,3
Where can I find a restaurant with a clear concept?,W New Orleans - French Quarter,2
Where can I find a restaurant with a clear concept?,Krystal,2
Where can I find a restaurant with a clear concept?,New Orleans Marriott,2
Where can I find a restaurant with a clear concept?,We Dat's Chicken and Shrimp,2
Where can I find a restaurant with a clear concept?,Barcadia,2
Where can I find a restaurant with a clear concept?,Café Du Monde,2
Where can I find a restaurant with a clear concept?,Pat O'Brien’s,2
Where can I find a restaurant with a clear concept?,Hilton New Orleans Riverside,2
Where can I find a restaurant with a clear concept?,La Boulangerie,2
Where can I find a restaurant with a clear concept?,Rue De La Course,3
Where can I find a restaurant with a clear concept?,Vieux Carre Pizza,2
Where can I find a restaurant with a clear concept?,New Orleans Famous Beignets And Coffee,2
Where can I find a restaurant with a clear concept?,Hot Tin,2
Where can I find a restaurant with a clear concept?,IHOP,1
Where can I find a restaurant with a clear concept?,30_90 NOLA,3
Where can I find a restaurant with a clear concept?,Three Legged Dog,2
Where can I find a restaurant with a clear concept?,Sheraton New Orleans Hotel,1
Where can I find a restaurant with a clear concept?,The Bulldog,2
Where can I find a restaurant with a clear concept?,Envie Espresso Bar & Cafe,2
Where can I find a restaurant with a clear concept?,French Truck Coffee,2
Where can I find a restaurant with a clear concept?,The Rusty Nail,2
Where can I find a restaurant with a clear concept?,Royal Sonesta New Orleans,2
Where can I find a restaurant with a clear concept?,Hotel New Orleans Downtown,1
Where can I find a restaurant with a clear concept?,Embassy Suites by Hilton New Orleans,1
Where can I find a restaurant with a clear concept?,Mojo Coffee House,2
Where can I find a restaurant with a clear concept?,Bittersweet Confections,3
Where can I find a restaurant with a clear concept?,Sazerac Bar,3
Where can I find a restaurant with a clear concept?,Bamboula's,2
Where can I find a restaurant with a clear concept?,Pirates Alley Cafe,3
Where can I find a restaurant with a clear concept?,Revelator Coffee New Orleans,2
Where can I find a restaurant with a clear concept?,The American Sports Saloon,3
Where can I find a restaurant with a clear concept?,The Jazz Playhouse,3
Where can I find a restaurant with a clear concept?,Dave & Buster's,2
Where can I find a restaurant with a clear concept?,Paddlewheeler Creole Queen,2
Where can I find a restaurant with a clear concept?,Old Absinthe House,2
Where can I find a restaurant with a clear concept?,Fritzel's European Jazz Pub,3
Where can I find a restaurant with a clear concept?,Holy Crepes!,3
Where can I find a restaurant with a clear concept?,French Quarter Phantoms,0
What dining spots honor culinary traditions?,Louisiana Bistro,3
What dining spots honor culinary traditions?,Stella!,2
What dining spots honor culinary traditions?,Brigtsen's Restaurant,3
What dining spots honor culinary traditions?,Saffron nola,3
What dining spots honor culinary traditions?,Restaurant August,3
What dining spots honor culinary traditions?,Upperline,3
What dining spots honor culinary traditions?,Booty's Street Food,1
What dining spots honor culinary traditions?,Bayona,3
What dining spots honor culinary traditions?,Green Goddess,2
What dining spots honor culinary traditions?,Nirvana Indian Cuisine,2
What dining spots honor culinary traditions?,K-Paul's Louisiana Kitchen,3
What dining spots honor culinary traditions?,Restaurant R'evolution,3
What dining spots honor culinary traditions?,Root,3
What dining spots honor culinary traditions?,Patois Restaurant,2
What dining spots honor culinary traditions?,Little Korea BBQ,2
What dining spots honor culinary traditions?,New Orleans School of Cooking,3
What dining spots honor culinary traditions?,Coquette,2
What dining spots honor culinary traditions?,Gyu-Kaku Japanese BBQ,2
What dining spots honor culinary traditions?,The American Sector,2
What dining spots honor culinary traditions?,Cafe Abyssinia,3
What dining spots honor culinary traditions?,Gris-Gris,3
What dining spots honor culinary traditions?,Dick & Jenny's,2
What dining spots honor culinary traditions?,Shaya,3
What dining spots honor culinary traditions?,Galatoire's Restaurant,3
What dining spots honor culinary traditions?,Compère Lapin,2
What dining spots honor culinary traditions?,Dante's Kitchen,3
What dining spots honor culinary traditions?,Tujague's Restaurant,3
What dining spots honor culinary traditions?,Kin,3
What dining spots honor culinary traditions?,Cafe Degas,3
What dining spots honor culinary traditions?,Taqueria Guerrero,3
What dining spots honor culinary traditions?,Boucherie,2
What dining spots honor culinary traditions?,The Grill,2
What dining spots honor culinary traditions?,El Gato Negro,2
What dining spots honor culinary traditions?,Bennachin Restaurant,3
What dining spots honor culinary traditions?,The Camellia Grill,2
What dining spots honor culinary traditions?,Emeril's Delmonico,2
What dining spots honor culinary traditions?,Dooky Chase's Restaurant,3
What dining spots honor culinary traditions?,Lilette,2
What dining spots honor culinary traditions?,Crescent City Steak House,3
What dining spots honor culinary traditions?,Vincent's Italian Cuisine,3
What dining spots honor culinary traditions?,Paladar 511,2
What dining spots honor culinary traditions?,SukhoThai,3
What dining spots honor culinary traditions?,Herbsaint,3
What dining spots honor culinary traditions?,Mona's Cafe,2
What dining spots honor culinary traditions?,The Gallery Venue at Tomas Bistro,3
What dining spots honor culinary traditions?,Clancy's Restaurant,3
What dining spots honor culinary traditions?,Cochon,3
What dining spots honor culinary traditions?,Arnaud's Restaurant,3
What dining spots honor culinary traditions?,Antoine's Restaurant,3
What dining spots honor culinary traditions?,Café Amelie,2
What dining spots honor culinary traditions?,Muriel's Jackson Square,3
What dining spots honor culinary traditions?,High Hat Cafe,2
What dining spots honor culinary traditions?,Eat New Orleans,3
What dining spots honor culinary traditions?,Restaurant Rebirth,2
What dining spots honor culinary traditions?,Ye Olde College Inn,3
What dining spots honor culinary traditions?,Boswell's Jamaican Grill,3
What dining spots honor culinary traditions?,Jacques-Imo's Cafe,3
What dining spots honor culinary traditions?,Ignatius' Rue de La Course Coffeehouse,3
What dining spots honor culinary traditions?,Vessel NOLA,3
What dining spots honor culinary traditions?,Criollo Restaurant,3
What dining spots honor culinary traditions?,Red's Chinese,2
What dining spots honor culinary traditions?,Mr John's Steakhouse,2
What dining spots honor culinary traditions?,Juan's Flying Burrito,2
What dining spots honor culinary traditions?,Chophouse New Orleans,2
What dining spots honor culinary traditions?,SoBou,2
What dining spots honor culinary traditions?,La Petite Grocery,3
What dining spots honor culinary traditions?,Commander's Palace,3
What dining spots honor culinary traditions?,Annunciation,2
What dining spots honor culinary traditions?,Tommy's Cuisine,2
What dining spots honor culinary traditions?,Meauxbar,2
What dining spots honor culinary traditions?,Rebellion Bar & Urban Kitchen,1
What dining spots honor culinary traditions?,Irene's,3
What dining spots honor culinary traditions?,Salú Bistro and Bar,1
What dining spots honor culinary traditions?,The Court of Two Sisters,3
What dining spots honor culinary traditions?,La Boca,2
What dining spots honor culinary traditions?,Saba,3
What dining spots honor culinary traditions?,Josephine Estelle,2
What dining spots honor culinary traditions?,Mizado Latin Kitchen,2
What dining spots honor culinary traditions?,Cavan,2
What dining spots honor culinary traditions?,La Thai Uptown,2
What dining spots honor culinary traditions?,Trinity Restaurant New Orleans,3
What dining spots honor culinary traditions?,La Crepe Nanou,2
What dining spots honor culinary traditions?,The Italian Barrel,3
What dining spots honor culinary traditions?,Angeline,3
What dining spots honor culinary traditions?,Lola's,3
What dining spots honor culinary traditions?,Bon Ton Cafe,3
What dining spots honor culinary traditions?,La Macarena Pupuseria & Latin Cafe,3
What dining spots honor culinary traditions?,Auction House Market,2
What dining spots honor culinary traditions?,Atchafalaya Restaurant,3
What dining spots honor culinary traditions?,N 7,2
What dining spots honor culinary traditions?,Meril,2
What dining spots honor culinary traditions?,The Pelican Club,2
What dining spots honor culinary traditions?,Adolfo's,2
What dining spots honor culinary traditions?,The Steakhouse,2
What dining spots honor culinary traditions?,Heard Dat Kitchen,3
What dining spots honor culinary traditions?,Mayas,2
What dining spots honor culinary traditions?,Noodle & Pie,2
What dining spots honor culinary traditions?,Maïs Arepas,3
What dining spots honor culinary traditions?,Briquette,2
What dining spots honor culinary traditions?,Ralph's on the Park,2
What dining spots honor culinary traditions?,Cowbell,1
What dining spots honor culinary traditions?,Doris Metropolitan,2
What dining spots honor culinary traditions?,Sassafras Restaurant,3
What dining spots honor culinary traditions?,Ruby Slipper Cafe,2
What dining spots honor culinary traditions?,Casa Borrega,3
What dining spots honor culinary traditions?,Superior Grill,1
What dining spots honor culinary traditions?,Cafe Sbisa,3
What dining spots honor culinary traditions?,Dickie Brennan's Steakhouse,2
What dining spots honor culinary traditions?,Sofia,2
What dining spots honor culinary traditions?,Yuki Izakaya,2
What dining spots honor culinary traditions?,Wayfare,2
What dining spots honor culinary traditions?,Sylvain,2
What dining spots honor culinary traditions?,DTB,3
What dining spots honor culinary traditions?,Toups Meatery,3
What dining spots honor culinary traditions?,Jack Rose,2
What dining spots honor culinary traditions?,Borgne,2
What dining spots honor culinary traditions?,Tableau,3
What dining spots honor culinary traditions?,Galatoire's 33 Bar & Steak,3
What dining spots honor culinary traditions?,Maypop Restaurant,3
What dining spots honor culinary traditions?,Brown Butter Southern Kitchen & Bar,3
What dining spots honor culinary traditions?,Brennan's Restaurant,2
What dining spots honor culinary traditions?,Venezia Restaurant,3
What dining spots honor culinary traditions?,Sneaky Pickle,2
What dining spots honor culinary traditions?,NOLA Restaurant,2
What dining spots honor culinary traditions?,Emeril's ,3
What dining spots honor culinary traditions?,Marcello's Restaurant & Wine Bar,3
What dining spots honor culinary traditions?,Please-U-Restaurant,3
What dining spots honor culinary traditions?,Tito's Ceviche & Pisco,3
What dining spots honor culinary traditions?,GW Fins,2
What dining spots honor culinary traditions?,Lebanon's Cafe,3
What dining spots honor culinary traditions?,Ba Chi Canteen,2
What dining spots honor culinary traditions?,Fogo de Chão Brazilian Steakhouse,3
What dining spots honor culinary traditions?,Palace Café,3
What dining spots honor culinary traditions?,Five Happiness Chinese Restaurant,2
What dining spots honor culinary traditions?,Jung's Golden Dragon II,2
What dining spots honor culinary traditions?,St Roch Market,2
What dining spots honor culinary traditions?,The Praline Connection,3
What dining spots honor culinary traditions?,The Velvet Cactus,0
What dining spots honor culinary traditions?,Pascal's Manale,2
What dining spots honor culinary traditions?,Red Fish Grill,1
What dining spots honor culinary traditions?,The Delachaise,2
What dining spots honor culinary traditions?,Taqueria Corona,2
What dining spots honor culinary traditions?,Mandina's Restaurant,3
What dining spots honor culinary traditions?,Baru Bistro & Tapas,2
What dining spots honor culinary traditions?,Mint Modern Vietnamese Bistro & Bar,3
What dining spots honor culinary traditions?,Santa Fe,2
What dining spots honor culinary traditions?,Saint Lawrence,2
What dining spots honor culinary traditions?,Dong Phuong,3
What dining spots honor culinary traditions?,Justine,2
What dining spots honor culinary traditions?,New Orleans Creole Cookery,3
What dining spots honor culinary traditions?,Landry's Seafood House,0
What dining spots honor culinary traditions?,Riccobono’s Panola St. Cafe,2
What dining spots honor culinary traditions?,Broussard's,3
What dining spots honor culinary traditions?,The Bombay Club,2
What dining spots honor culinary traditions?,Gumbo Shop,3
What dining spots honor culinary traditions?,Hoshun Restaurant,2
What dining spots honor culinary traditions?,Arabella Casa Di Pasta,2
What dining spots honor culinary traditions?,GG's Dine-O-Rama,2
What dining spots honor culinary traditions?,Mopho,2
What dining spots honor culinary traditions?,The Munch Factory,2
What dining spots honor culinary traditions?,The Irish House,2
What dining spots honor culinary traditions?,1000 Figs,2
What dining spots honor culinary traditions?,Desi Vega's Steakhouse,2
What dining spots honor culinary traditions?,Three Muses,2
What dining spots honor culinary traditions?,The Old Coffee Pot Restaurant,2
What dining spots honor culinary traditions?,Jagerhaus,3
What dining spots honor culinary traditions?,Nolé,2
What dining spots honor culinary traditions?,New Orleans Hamburger & Seafood Co,2
What dining spots honor culinary traditions?,Brennan's,3
What dining spots honor culinary traditions?,Cafe Pontalba,2
What dining spots honor culinary traditions?,Mr. B's Bistro,2
What dining spots honor culinary traditions?,Chartres House,2
What dining spots honor culinary traditions?,Vacherie,3
What dining spots honor culinary traditions?,biscuit & buns on banks,2
What dining spots honor culinary traditions?,9 Roses Cafe,2
What dining spots honor culinary traditions?,HORN'S EATERY,3
What dining spots honor culinary traditions?,Dat Dog,1
What dining spots honor culinary traditions?,The Tasting Room,2
What dining spots honor culinary traditions?,Rib Room,2
What dining spots honor culinary traditions?,Elizabeth's Restaurant,3
What dining spots honor culinary traditions?,Pêche,2
What dining spots honor culinary traditions?,The Original French Market Restaurant and Bar,2
What dining spots honor culinary traditions?,The Marigny Brasserie,2
What dining spots honor culinary traditions?,13 Monaghan,1
What dining spots honor culinary traditions?,Legacy Kitchen's Craft Tavern,2
What dining spots honor culinary traditions?,Johnny Sanchez,3
What dining spots honor culinary traditions?,Lula Restaurant Distillery,2
What dining spots honor culinary traditions?,Magasin Vietnamese Cafe,2
What dining spots honor culinary traditions?,Carmo,2
What dining spots honor culinary traditions?,Beachbum Berry's Latitude 29,2
What dining spots honor culinary traditions?,Red Dog Diner,2
What dining spots honor culinary traditions?,Cafe Maspero,2
What dining spots honor culinary traditions?,CellarDoor,2
What dining spots honor culinary traditions?,Namese,2
What dining spots honor culinary traditions?,Apolline Restaurant,2
What dining spots honor culinary traditions?,Felipe's Mexican Taqueria - French Quarter,2
What dining spots honor culinary traditions?,Ugly Dog Saloon & BBQ,1
What dining spots honor culinary traditions?,Kingfish,2
What dining spots honor culinary traditions?,Toast,2
What dining spots honor culinary traditions?,Li'l Dizzy's Cafe,3
What dining spots honor culinary traditions?,Coop's Place,3
What dining spots honor culinary traditions?,Charcoal's Gourmet Burger Bar,1
What dining spots honor culinary traditions?,Cane and Table,2
What dining spots honor culinary traditions?,Another Broken Egg Cafe,1
What dining spots honor culinary traditions?,Hobnobber's Variety Bar & Restaurant,2
What dining spots honor culinary traditions?,Café at The Square,1
What dining spots honor culinary traditions?,Slim Goodies Diner,2
What dining spots honor culinary traditions?,Majoria's Commerce Restaurant,3
What dining spots honor culinary traditions?,The Joint,2
What dining spots honor culinary traditions?,Red Gravy,3
What dining spots honor culinary traditions?,Satsuma Café,1
What dining spots honor culinary traditions?,Trenasse,3
What dining spots honor culinary traditions?,Café Adelaide,2
What dining spots honor culinary traditions?,McClure's,2
What dining spots honor culinary traditions?,Joey K's Restaurant & Bar,3
What dining spots honor culinary traditions?,Orleans Grapevine Wine Bar & Bistro,2
What dining spots honor culinary traditions?,New Orleans Cake Café & Bakery,3
What dining spots honor culinary traditions?,Ancora,3
What dining spots honor culinary traditions?,Capdeville,2
What dining spots honor culinary traditions?,Oceana Grill,3
What dining spots honor culinary traditions?,The Original Pierre Maspero's,2
What dining spots honor culinary traditions?,Cochon Butcher,2
What dining spots honor culinary traditions?,Flamingo A-Go-Go,0
What dining spots honor culinary traditions?,Squeal,2
What dining spots honor culinary traditions?,Curio,2
What dining spots honor culinary traditions?,Angeli on Decatur,2
What dining spots honor culinary traditions?,Del Fuego,3
What dining spots honor culinary traditions?,Little Tokyo Small Plates & Noodle Bar,2
What dining spots honor culinary traditions?,Russell's Marina Grill,2
What dining spots honor culinary traditions?,Estrella Steak & Lobster,1
What dining spots honor culinary traditions?,Domenica,2
What dining spots honor culinary traditions?,Cleo's,2
What dining spots honor culinary traditions?,Sake Cafe Uptown,1
What dining spots honor culinary traditions?,La Casita,2
What dining spots honor culinary traditions?,Casamento's Restaurant,3
What dining spots honor culinary traditions?,Avery's On Tulane,2
What dining spots honor culinary traditions?,Mimi's In The Marigny,3
What dining spots honor culinary traditions?,Huck Finn's Cafe,2
What dining spots honor culinary traditions?,Liuzza's By The Track,3
What dining spots honor culinary traditions?,Ruth's Chris Steak House,2
What dining spots honor culinary traditions?,Nacho Mama's Mexican Grill,1
What dining spots honor culinary traditions?,Pho Tau Bay Restaurant,2
What dining spots honor culinary traditions?,Salon by Sucré,2
What dining spots honor culinary traditions?,Voodoo BBQ & Grill,2
What dining spots honor culinary traditions?,Nomiya,3
What dining spots honor culinary traditions?,Walk-On's Sports Bistreaux - New Orleans,1
What dining spots honor culinary traditions?,Deanie's Seafood,2
What dining spots honor culinary traditions?,Bearcat CBD,2
What dining spots honor culinary traditions?,Katie's Restaurant & Bar,2
What dining spots honor culinary traditions?,Superior Seafood & Oyster Bar,2
What dining spots honor culinary traditions?,P & G Restaurant & Bar,2
What dining spots honor culinary traditions?,Bourbon House,2
What dining spots honor culinary traditions?,Evangeline,3
What dining spots honor culinary traditions?,Pho Bistreaux,2
What dining spots honor culinary traditions?,Mona Lisa Restaurant,3
What dining spots honor culinary traditions?,Bearcat Cafe,2
What dining spots honor culinary traditions?,Fiorella's Cafe,2
What dining spots honor culinary traditions?,Cuñada,3
What dining spots honor culinary traditions?,Slice Pizzeria,2
What dining spots honor culinary traditions?,Frankie & Johnny's,3
What dining spots honor culinary traditions?,Fullblast Brunch,2
What dining spots honor culinary traditions?,Copper Vine,2
What dining spots honor culinary traditions?,Central City BBQ,2
What dining spots honor culinary traditions?,Rock-n-Saké Bar & Sushi,0
What dining spots honor culinary traditions?,Port Of Call,1
What dining spots honor culinary traditions?,Copeland's Cheesecake Bistro,1
What dining spots honor culinary traditions?,Clover Grill,2
What dining spots honor culinary traditions?,Chiba,1
What dining spots honor culinary traditions?,St Charles Tavern,1
What dining spots honor culinary traditions?,Willie's Chicken Shack,2
What dining spots honor culinary traditions?,Cornet,2
What dining spots honor culinary traditions?,Mother's Restaurant,3
What dining spots honor culinary traditions?,Dian Xin,3
What dining spots honor culinary traditions?,Union Kitchen & Union Party Room,2
What dining spots honor culinary traditions?,Houston's Restaurant,2
What dining spots honor culinary traditions?,Crescent City Brewhouse,2
What dining spots honor culinary traditions?,Blue Oak BBQ,2
What dining spots honor culinary traditions?,Ninja Restaurant,2
What dining spots honor culinary traditions?,Mulate's,2
What dining spots honor culinary traditions?,Belle's Diner Nola,2
What dining spots honor culinary traditions?,Louisiana Pizza Kitchen,1
What dining spots honor culinary traditions?,The Company Burger,1
What dining spots honor culinary traditions?,Le Bayou Restaurant,2
What dining spots honor culinary traditions?,Araña Taqueria y Cantina,2
What dining spots honor culinary traditions?,Dreamy Weenies,1
What dining spots honor culinary traditions?,Bubba Gump Shrimp Co.,0
What dining spots honor culinary traditions?,The Country Club,2
What dining spots honor culinary traditions?,The Trolley Stop Cafe,2
What dining spots honor culinary traditions?,Little Gem Saloon,3
What dining spots honor culinary traditions?,Warehouse Grille,1
What dining spots honor culinary traditions?,Luke,2
What dining spots honor culinary traditions?,Felipe's Mexican Taqueria - Uptown,2
What dining spots honor culinary traditions?,Coulis,2
What dining spots honor culinary traditions?,Creole House Restaurant & Oyster Bar,3
What dining spots honor culinary traditions?,Saint Cecilia,3
What dining spots honor culinary traditions?,Neyow's Creole Cafe,3
What dining spots honor culinary traditions?,Mikimoto,2
What dining spots honor culinary traditions?,Hard Rock Cafe,0
What dining spots honor culinary traditions?,Down The Hatch,0
What dining spots honor culinary traditions?,The Halal Guys,1
What dining spots honor culinary traditions?,Felix's Restaurant & Oyster Bar,2
What dining spots honor culinary traditions?,Kebab,2
What dining spots honor culinary traditions?,Galliano Restaurant,3
What dining spots honor culinary traditions?,The Rum House,1
What dining spots honor culinary traditions?,Turkey and the Wolf,2
What dining spots honor culinary traditions?,The Blue Crab Restaurant & Oyster Bar,2
What dining spots honor culinary traditions?,Willa Jean,2
What dining spots honor culinary traditions?,Remoulade,2
What dining spots honor culinary traditions?,Bakery Bar,2
What dining spots honor culinary traditions?,Lilly's Cafe,2
What dining spots honor culinary traditions?,Seed,2
What dining spots honor culinary traditions?,BOIL Seafood House,1
What dining spots honor culinary traditions?,Tsunami Sushi,2
What dining spots honor culinary traditions?,Buffa's Bar & Restaurant,2
What dining spots honor culinary traditions?,Tracey's Original Irish Channel Bar,2
What dining spots honor culinary traditions?,Cajun Seafood,3
What dining spots honor culinary traditions?,Surrey's Uptown,2
What dining spots honor culinary traditions?,Cafe Fleur De Lis,2
What dining spots honor culinary traditions?,Grand Isle,2
What dining spots honor culinary traditions?,The Backyard,0
What dining spots honor culinary traditions?,Tout De Suite Cafe,2
What dining spots honor culinary traditions?,Killer Poboys,3
What dining spots honor culinary traditions?,The Governor,2
What dining spots honor culinary traditions?,Refuel Cafe,1
What dining spots honor culinary traditions?,Fharmacy Nola,2
What dining spots honor culinary traditions?,Surrey's Café & Juice Bar,2
What dining spots honor culinary traditions?,Ole Saint,2
What dining spots honor culinary traditions?,Basin Seafood & Spirits,2
What dining spots honor culinary traditions?,Deja Vu Restaurant & Bar,0
What dining spots honor culinary traditions?,Tacos And Beer,2
What dining spots honor culinary traditions?,Wakin' Bakin',1
What dining spots honor culinary traditions?,Mena's Palace,2
What dining spots honor culinary traditions?,Mr Ed's Oyster Bar - Bienville,3
What dining spots honor culinary traditions?,Yo Mama's Bar & Grill,0
What dining spots honor culinary traditions?,Morrow's,2
What dining spots honor culinary traditions?,Napoleon House,3
What dining spots honor culinary traditions?,Parasol's,2
What dining spots honor culinary traditions?,Cafe Conti,2
What dining spots honor culinary traditions?,Milk Bar,0
What dining spots honor culinary traditions?,Franks Restaurant,1
What dining spots honor culinary traditions?,Manning's Sports Bar and Grill,0
What dining spots honor culinary traditions?,Coterie Restaurant & Oyster Bar,2
What dining spots honor culinary traditions?,Desire Oyster Bar,2
What dining spots honor culinary traditions?,Stanley,2
What dining spots honor culinary traditions?,Willie Mae's Scotch House,3
What dining spots honor culinary traditions?,Streetcar Cafe,2
What dining spots honor culinary traditions?,Attiki Bar and Grill,1
What dining spots honor culinary traditions?,Snug Harbor Jazz Bistro,2
What dining spots honor culinary traditions?,Sushi Brothers,1
What dining spots honor culinary traditions?,Diamond Street Bar & Grill,2
What dining spots honor culinary traditions?,Cafe Rose Nicaud,2
What dining spots honor culinary traditions?,Asuka Sushi & Hibachi,2
What dining spots honor culinary traditions?,Jimmy J's Cafe,2
What dining spots honor culinary traditions?,Who Dat Coffee Cafe,2
What dining spots honor culinary traditions?,Columns,2
What dining spots honor culinary traditions?,Tartine,2
What dining spots honor culinary traditions?,801 Royal,2
What dining spots honor culinary traditions?,Pere Antoine Restaurant,1
What dining spots honor culinary traditions?,Olde Nola Cookery,3
What dining spots honor culinary traditions?,Sweet Soulfood,3
What dining spots honor culinary traditions?,The Market Cafe,2
What dining spots honor culinary traditions?,Domilise Po-Boys & Bar,3
What dining spots honor culinary traditions?,Verti Marte,2
What dining spots honor culinary traditions?,Gus's World Famous Fried Chicken,3
What dining spots honor culinary traditions?,Ernst Cafe,1
What dining spots honor culinary traditions?,Amici,1
What dining spots honor culinary traditions?,Brothers Food Mart,1
What dining spots honor culinary traditions?,Gordon Biersch Brewery Restaurant,1
What dining spots honor culinary traditions?,Welty's Deli and Catering,2
What dining spots honor culinary traditions?,Saints And Sinners,2
What dining spots honor culinary traditions?,The Avenue Pub,2
What dining spots honor culinary traditions?,Liberty Cheesesteaks,3
What dining spots honor culinary traditions?,Faubourg Bistro,2
What dining spots honor culinary traditions?,Lucy's Retired Surfers Bar & Restaurant,0
What dining spots honor culinary traditions?,Pier 424 Seafood Market,2
What dining spots honor culinary traditions?,Gumbo POT,2
What dining spots honor culinary traditions?,World Famous N'awlins Cafe & Spice Emporium,2
What dining spots honor culinary traditions?,Two Chicks Cafe,1
What dining spots honor culinary traditions?,Poke Loa,0
What dining spots honor culinary traditions?,Crabby Jack's,2
What dining spots honor culinary traditions?,Midway Pizza,1
What dining spots honor culinary traditions?,Pizza Delicious,2
What dining spots honor culinary traditions?,Royal House,3
What dining spots honor culinary traditions?,Frey Smoked Meat,2
What dining spots honor culinary traditions?,Meals From The Heart Cafe,2
What dining spots honor culinary traditions?,WINO  Wine Institute of New Orleans,2
What dining spots honor culinary traditions?,Cure,2
What dining spots honor culinary traditions?,Daisy Dukes - French Quarter,2
What dining spots honor culinary traditions?,Seither's Seafood,2
What dining spots honor culinary traditions?,Geisha Sushi Bistro,1
What dining spots honor culinary traditions?,Nonna Mia Cafe & Pizzeria,1
What dining spots honor culinary traditions?,House of Blues New Orleans,2
What dining spots honor culinary traditions?,Felipe's Mexican Taqueria - Mid City,2
What dining spots honor culinary traditions?,Pizza Domenica,2
What dining spots honor culinary traditions?,Victory,2
What dining spots honor culinary traditions?,Origami,2
What dining spots honor culinary traditions?,Seaworthy,2
What dining spots honor culinary traditions?,Bayou Burger & Sports Company,1
What dining spots honor culinary traditions?,The Maison,2
What dining spots honor culinary traditions?,Tiki Tolteca,2
What dining spots honor culinary traditions?,Ruby Slipper - New Orleans,3
What dining spots honor culinary traditions?,French Toast,3
What dining spots honor culinary traditions?,Guy's Po Boys,2
What dining spots honor culinary traditions?,Arnaud's French 75 Bar,3
What dining spots honor culinary traditions?,The Crazy Lobster Bar & Grill,0
What dining spots honor culinary traditions?,Mambo's,2
What dining spots honor culinary traditions?,Fat Boy Pantry,1
What dining spots honor culinary traditions?,Cooter Brown's,1
What dining spots honor culinary traditions?,Parkway Bakery & Tavern,3
What dining spots honor culinary traditions?,Shawarma on the Go,3
What dining spots honor culinary traditions?,Clesi's Restaurant & Catering,3
What dining spots honor culinary traditions?,Dolce Vita Pizzeria,2
What dining spots honor culinary traditions?,Blaze Pizza,0
What dining spots honor culinary traditions?,Mahony's Po-Boys & Seafood,3
What dining spots honor culinary traditions?,Backspace Bar & Kitchen,1
What dining spots honor culinary traditions?,Turtle Bay,0
What dining spots honor culinary traditions?,Daisy Mae's Southern Fried Chicken & Breakfast,3
What dining spots honor culinary traditions?,Gazebo Cafe,2
What dining spots honor culinary traditions?,The Jimani,0
What dining spots honor culinary traditions?,Cafe Envie & Espresso Bar,0
What dining spots honor culinary traditions?,Croissant D'Or Patisserie,3
What dining spots honor culinary traditions?,Cajun Mike's Pub & Grub,3
What dining spots honor culinary traditions?,The Vintage,2
What dining spots honor culinary traditions?,Wood Pizza Bistro and Taphouse,1
What dining spots honor culinary traditions?,Copper Monkey Grill,2
What dining spots honor culinary traditions?,Bayou Hot Wings,1
What dining spots honor culinary traditions?,Monty's on the Square,2
What dining spots honor culinary traditions?,J's Seafood Dock,2
What dining spots honor culinary traditions?,Johnny's Po-Boys,3
What dining spots honor culinary traditions?,NOLA Poboys,3
What dining spots honor culinary traditions?,The Daily Beet,0
What dining spots honor culinary traditions?,Krystal,1
What dining spots honor culinary traditions?,The Howlin' Wolf,2
What dining spots honor culinary traditions?,Mr. Ed's Oyster Bar - St Charles Ave,2
What dining spots honor culinary traditions?,District Donuts Sliders Brew,1
What dining spots honor culinary traditions?,Gene's PO-Boys,3
What dining spots honor culinary traditions?,Backatown Coffee Parlour,2
What dining spots honor culinary traditions?,Tru Burger,0
What dining spots honor culinary traditions?,Corner Oyster House,2
What dining spots honor culinary traditions?,Acme Oyster House,3
What dining spots honor culinary traditions?,Gumbo Ya-Ya,3
What dining spots honor culinary traditions?,Daisy Dukes Express,1
What dining spots honor culinary traditions?,Pat O'Brien's Courtyard Restaurant,2
What dining spots honor culinary traditions?,Breads on Oak Cafe & Bakery,2
What dining spots honor culinary traditions?,Cafe Beignet on Bourbon Street,3
What dining spots honor culinary traditions?,Bevi Seafood,2
What dining spots honor culinary traditions?,Gallier Restaurant & Oyster Bar,2
What dining spots honor culinary traditions?,Reginelli's Pizzeria,2
What dining spots honor culinary traditions?,Merchant,2
What dining spots honor culinary traditions?,Melba's,2
What dining spots honor culinary traditions?,Mid City Pizza,1
What dining spots honor culinary traditions?,Le Pavillon Hotel,2
What dining spots honor culinary traditions?,Two Chicks Café - CBD,1
What dining spots honor culinary traditions?,Windsor Court Hotel,2
What dining spots honor culinary traditions?,Daisy Dukes Cafe,2
What dining spots honor culinary traditions?,BB King's Blues Club,1
What dining spots honor culinary traditions?,La Boulangerie,2
What dining spots honor culinary traditions?,"The Ritz-Carlton, New Orleans",2
What dining spots honor culinary traditions?,Cafe Negril,2
What dining spots honor culinary traditions?,Stein's Market and Deli,2
What dining spots honor culinary traditions?,Mahony's Po-Boys & Seafood  - Uptown,2
What dining spots honor culinary traditions?,Drago's Seafood Restaurant,2
What dining spots honor culinary traditions?,Acme Oyster House - Harrahs,1
What dining spots honor culinary traditions?,HiVolt Coffee,1
What dining spots honor culinary traditions?,Barcadia,0
What dining spots honor culinary traditions?,Steamboat Natchez,2
What dining spots honor culinary traditions?,Sucré,2
What dining spots honor culinary traditions?,Pat O'Brien’s,2
What dining spots honor culinary traditions?,The Blind Pelican,1
What dining spots honor culinary traditions?,The Bulldog,0
What dining spots honor culinary traditions?,Morning Call Coffee Stand,2
What dining spots honor culinary traditions?,The Rusty Nail,0
What dining spots honor culinary traditions?,Angelo Brocato,3
What dining spots honor culinary traditions?,G's Pizza,1
What dining spots honor culinary traditions?,IHOP,1
What dining spots honor culinary traditions?,The Original Italian Pie,2
What dining spots honor culinary traditions?,Pirates Alley Cafe,2
What dining spots honor culinary traditions?,Bittersweet Confections,1
What dining spots honor culinary traditions?,Three Legged Dog,1
What dining spots honor culinary traditions?,The American Sports Saloon,0
What dining spots honor culinary traditions?,Avenue Cafe,2
What dining spots honor culinary traditions?,We Dat's Chicken and Shrimp,1
What dining spots honor culinary traditions?,Cafe Beignet on Royal Street,2
What dining spots honor culinary traditions?,Bamboula's,2
What dining spots honor culinary traditions?,30_90 NOLA,3
What dining spots honor culinary traditions?,Café Du Monde,3
What dining spots honor culinary traditions?,Cafe Beignet on Decatur Street,3
What dining spots honor culinary traditions?,Central Grocery & Deli,3
What dining spots honor culinary traditions?,The Old No 77 Hotel and Chandlery,1
What dining spots honor culinary traditions?,Rue De La Course,1
What dining spots honor culinary traditions?,Crescent City Pizza Works,1
What dining spots honor culinary traditions?,W New Orleans - French Quarter,1
What dining spots honor culinary traditions?,Embassy Suites by Hilton New Orleans,1
What dining spots honor culinary traditions?,Sazerac Bar,3
What dining spots honor culinary traditions?,Magazine Pizza,0
What dining spots honor culinary traditions?,Envie Espresso Bar & Cafe,0
What dining spots honor culinary traditions?,Dave & Buster's,0
What dining spots honor culinary traditions?,New Orleans Marriott,2
What dining spots honor culinary traditions?,Royal Sonesta New Orleans,2
What dining spots honor culinary traditions?,The Jazz Playhouse,1
What dining spots honor culinary traditions?,Piccola Gelateria,2
What dining spots honor culinary traditions?,Sheraton New Orleans Hotel,1
What dining spots honor culinary traditions?,French Truck Coffee,1
What dining spots honor culinary traditions?,Hilton New Orleans Riverside,1
What dining spots honor culinary traditions?,Old Absinthe House,2
What dining spots honor culinary traditions?,Mojo Coffee House,0
What dining spots honor culinary traditions?,Vieux Carre Pizza,0
What dining spots honor culinary traditions?,Hotel New Orleans Downtown,2
What dining spots honor culinary traditions?,New Orleans Famous Beignets And Coffee,3
What dining spots honor culinary traditions?,Hot Tin,0
What dining spots honor culinary traditions?,Revelator Coffee New Orleans,0
What dining spots honor culinary traditions?,Paddlewheeler Creole Queen,2
What dining spots honor culinary traditions?,Fritzel's European Jazz Pub,2
What dining spots honor culinary traditions?,Holy Crepes!,2
What dining spots honor culinary traditions?,French Quarter Phantoms,0
Where can I eat where service feels personal?,Louisiana Bistro,3
Where can I eat where service feels personal?,Stella!,3
Where can I eat where service feels personal?,Patois Restaurant,3
Where can I eat where service feels personal?,Brigtsen's Restaurant,3
Where can I eat where service feels personal?,Upperline,3
Where can I eat where service feels personal?,The Grill,3
Where can I eat where service feels personal?,Green Goddess,3
Where can I eat where service feels personal?,Lilette,3
Where can I eat where service feels personal?,Clancy's Restaurant,3
Where can I eat where service feels personal?,Bayona,3
Where can I eat where service feels personal?,Dick & Jenny's,3
Where can I eat where service feels personal?,St Roch Market,2
Where can I eat where service feels personal?,Cowbell,3
Where can I eat where service feels personal?,The Camellia Grill,3
Where can I eat where service feels personal?,Auction House Market,2
Where can I eat where service feels personal?,Coquette,3
Where can I eat where service feels personal?,The Delachaise,2
Where can I eat where service feels personal?,New Orleans Hamburger & Seafood Co,2
Where can I eat where service feels personal?,La Boca,3
Where can I eat where service feels personal?,Chophouse New Orleans,3
Where can I eat where service feels personal?,Booty's Street Food,2
Where can I eat where service feels personal?,Restaurant August,3
Where can I eat where service feels personal?,Gris-Gris,3
Where can I eat where service feels personal?,Commander's Palace,3
Where can I eat where service feels personal?,Slice Pizzeria,3
Where can I eat where service feels personal?,Riccobono’s Panola St. Cafe,3
Where can I eat where service feels personal?,La Crepe Nanou,3
Where can I eat where service feels personal?,K-Paul's Louisiana Kitchen,2
Where can I eat where service feels personal?,Ruby Slipper Cafe,3
Where can I eat where service feels personal?,Kin,3
Where can I eat where service feels personal?,Boucherie,3
Where can I eat where service feels personal?,Mona's Cafe,3
Where can I eat where service feels personal?,High Hat Cafe,3
Where can I eat where service feels personal?,Herbsaint,3
Where can I eat where service feels personal?,Café Amelie,3
Where can I eat where service feels personal?,Meauxbar,3
Where can I eat where service feels personal?,Irene's,3
Where can I eat where service feels personal?,Tommy's Cuisine,2
Where can I eat where service feels personal?,The Backyard,3
Where can I eat where service feels personal?,Vincent's Italian Cuisine,3
Where can I eat where service feels personal?,The Tasting Room,3
Where can I eat where service feels personal?,The Pelican Club,3
Where can I eat where service feels personal?,Salú Bistro and Bar,3
Where can I eat where service feels personal?,Jacques-Imo's Cafe,3
Where can I eat where service feels personal?,Emeril's Delmonico,3
Where can I eat where service feels personal?,Ralph's on the Park,3
Where can I eat where service feels personal?,Charcoal's Gourmet Burger Bar,2
Where can I eat where service feels personal?,The American Sector,2
Where can I eat where service feels personal?,Slim Goodies Diner,3
Where can I eat where service feels personal?,La Petite Grocery,3
Where can I eat where service feels personal?,The Gallery Venue at Tomas Bistro,3
Where can I eat where service feels personal?,Root,3
Where can I eat where service feels personal?,Galatoire's Restaurant,3
Where can I eat where service feels personal?,Crescent City Steak House,3
Where can I eat where service feels personal?,Muriel's Jackson Square,3
Where can I eat where service feels personal?,Brown Butter Southern Kitchen & Bar,3
Where can I eat where service feels personal?,Please-U-Restaurant,3
Where can I eat where service feels personal?,Toast,3
Where can I eat where service feels personal?,N 7,3
Where can I eat where service feels personal?,Ye Olde College Inn,3
Where can I eat where service feels personal?,Mr John's Steakhouse,2
Where can I eat where service feels personal?,Josephine Estelle,2
Where can I eat where service feels personal?,Cafe Degas,3
Where can I eat where service feels personal?,Atchafalaya Restaurant,3
Where can I eat where service feels personal?,Arnaud's Restaurant,3
Where can I eat where service feels personal?,Avery's On Tulane,3
Where can I eat where service feels personal?,Restaurant R'evolution,3
Where can I eat where service feels personal?,Annunciation,3
Where can I eat where service feels personal?,Wayfare,3
Where can I eat where service feels personal?,Dat Dog,3
Where can I eat where service feels personal?,Eat New Orleans,2
Where can I eat where service feels personal?,Walk-On's Sports Bistreaux - New Orleans,2
Where can I eat where service feels personal?,Paladar 511,3
Where can I eat where service feels personal?,El Gato Negro,3
Where can I eat where service feels personal?,Vessel NOLA,3
Where can I eat where service feels personal?,Juan's Flying Burrito,2
Where can I eat where service feels personal?,Another Broken Egg Cafe,3
Where can I eat where service feels personal?,The Court of Two Sisters,3
Where can I eat where service feels personal?,Capdeville,3
Where can I eat where service feels personal?,The Marigny Brasserie,1
Where can I eat where service feels personal?,Jack Rose,3
Where can I eat where service feels personal?,The Bombay Club,3
Where can I eat where service feels personal?,Criollo Restaurant,3
Where can I eat where service feels personal?,Mizado Latin Kitchen,2
Where can I eat where service feels personal?,Café at The Square,2
Where can I eat where service feels personal?,Galatoire's 33 Bar & Steak,3
Where can I eat where service feels personal?,Briquette,3
Where can I eat where service feels personal?,Cafe Maspero,2
Where can I eat where service feels personal?,Orleans Grapevine Wine Bar & Bistro,3
Where can I eat where service feels personal?,Clover Grill,2
Where can I eat where service feels personal?,Joey K's Restaurant & Bar,3
Where can I eat where service feels personal?,Restaurant Rebirth,3
Where can I eat where service feels personal?,The Steakhouse,1
Where can I eat where service feels personal?,Majoria's Commerce Restaurant,3
Where can I eat where service feels personal?,Dickie Brennan's Steakhouse,3
Where can I eat where service feels personal?,Dante's Kitchen,3
Where can I eat where service feels personal?,Dooky Chase's Restaurant,3
Where can I eat where service feels personal?,SukhoThai,3
Where can I eat where service feels personal?,Satsuma Café,3
Where can I eat where service feels personal?,Palace Café,2
Where can I eat where service feels personal?,Antoine's Restaurant,3
Where can I eat where service feels personal?,Landry's Seafood House,2
Where can I eat where service feels personal?,Trinity Restaurant New Orleans,3
Where can I eat where service feels personal?,Saint Lawrence,3
Where can I eat where service feels personal?,Meril,3
Where can I eat where service feels personal?,Compère Lapin,3
Where can I eat where service feels personal?,Lola's,2
Where can I eat where service feels personal?,1000 Figs,2
Where can I eat where service feels personal?,The Company Burger,2
Where can I eat where service feels personal?,Cavan,3
Where can I eat where service feels personal?,Cafe Abyssinia,3
Where can I eat where service feels personal?,Sneaky Pickle,3
Where can I eat where service feels personal?,Saffron nola,3
Where can I eat where service feels personal?,Down The Hatch,3
Where can I eat where service feels personal?,Angeline,3
Where can I eat where service feels personal?,Tujague's Restaurant,3
Where can I eat where service feels personal?,The Avenue Pub,3
Where can I eat where service feels personal?,Cafe Sbisa,3
Where can I eat where service feels personal?,Borgne,2
Where can I eat where service feels personal?,Houston's Restaurant,3
Where can I eat where service feels personal?,St Charles Tavern,3
Where can I eat where service feels personal?,Tableau,3
Where can I eat where service feels personal?,Vacherie,3
Where can I eat where service feels personal?,Sassafras Restaurant,2
Where can I eat where service feels personal?,HORN'S EATERY,3
Where can I eat where service feels personal?,Gyu-Kaku Japanese BBQ,3
Where can I eat where service feels personal?,Russell's Marina Grill,3
Where can I eat where service feels personal?,Ruth's Chris Steak House,3
Where can I eat where service feels personal?,The Munch Factory,3
Where can I eat where service feels personal?,Hobnobber's Variety Bar & Restaurant,3
Where can I eat where service feels personal?,Shaya,3
Where can I eat where service feels personal?,Heard Dat Kitchen,3
Where can I eat where service feels personal?,Three Muses,3
Where can I eat where service feels personal?,CellarDoor,3
Where can I eat where service feels personal?,Sylvain,3
Where can I eat where service feels personal?,Sofia,3
Where can I eat where service feels personal?,Katie's Restaurant & Bar,3
Where can I eat where service feels personal?,Nolé,2
Where can I eat where service feels personal?,GG's Dine-O-Rama,2
Where can I eat where service feels personal?,Chartres House,3
Where can I eat where service feels personal?,Angeli on Decatur,2
Where can I eat where service feels personal?,The Trolley Stop Cafe,2
Where can I eat where service feels personal?,P & G Restaurant & Bar,3
Where can I eat where service feels personal?,Emeril's ,3
Where can I eat where service feels personal?,Justine,3
Where can I eat where service feels personal?,Ignatius' Rue de La Course Coffeehouse,2
Where can I eat where service feels personal?,13 Monaghan,2
Where can I eat where service feels personal?,Who Dat Coffee Cafe,3
Where can I eat where service feels personal?,Port Of Call,2
Where can I eat where service feels personal?,Buffa's Bar & Restaurant,3
Where can I eat where service feels personal?,Marcello's Restaurant & Wine Bar,3
Where can I eat where service feels personal?,Li'l Dizzy's Cafe,3
Where can I eat where service feels personal?,Tout De Suite Cafe,3
Where can I eat where service feels personal?,Legacy Kitchen's Craft Tavern,2
Where can I eat where service feels personal?,Rib Room,2
Where can I eat where service feels personal?,Apolline Restaurant,2
Where can I eat where service feels personal?,Superior Grill,2
Where can I eat where service feels personal?,Adolfo's,3
Where can I eat where service feels personal?,Mimi's In The Marigny,3
Where can I eat where service feels personal?,Desi Vega's Steakhouse,3
Where can I eat where service feels personal?,Little Tokyo Small Plates & Noodle Bar,3
Where can I eat where service feels personal?,SoBou,3
Where can I eat where service feels personal?,Cochon,2
Where can I eat where service feels personal?,Crescent City Brewhouse,2
Where can I eat where service feels personal?,Frankie & Johnny's,3
Where can I eat where service feels personal?,Pêche,3
Where can I eat where service feels personal?,The Market Cafe,2
Where can I eat where service feels personal?,GW Fins,3
Where can I eat where service feels personal?,Ugly Dog Saloon & BBQ,1
Where can I eat where service feels personal?,Elizabeth's Restaurant,3
Where can I eat where service feels personal?,Snug Harbor Jazz Bistro,2
Where can I eat where service feels personal?,Fogo de Chão Brazilian Steakhouse,3
Where can I eat where service feels personal?,Rebellion Bar & Urban Kitchen,2
Where can I eat where service feels personal?,Le Bayou Restaurant,3
Where can I eat where service feels personal?,Mr. B's Bistro,3
Where can I eat where service feels personal?,Estrella Steak & Lobster,3
Where can I eat where service feels personal?,Maypop Restaurant,3
Where can I eat where service feels personal?,The Velvet Cactus,2
Where can I eat where service feels personal?,Red Fish Grill,3
Where can I eat where service feels personal?,Bon Ton Cafe,3
Where can I eat where service feels personal?,Café Adelaide,2
Where can I eat where service feels personal?,Red Dog Diner,3
Where can I eat where service feels personal?,Doris Metropolitan,3
Where can I eat where service feels personal?,New Orleans Creole Cookery,3
Where can I eat where service feels personal?,Flamingo A-Go-Go,2
Where can I eat where service feels personal?,NOLA Restaurant,3
Where can I eat where service feels personal?,Yo Mama's Bar & Grill,3
Where can I eat where service feels personal?,Milk Bar,3
Where can I eat where service feels personal?,La Thai Uptown,3
Where can I eat where service feels personal?,Mandina's Restaurant,3
Where can I eat where service feels personal?,Felix's Restaurant & Oyster Bar,3
Where can I eat where service feels personal?,Nirvana Indian Cuisine,3
Where can I eat where service feels personal?,Hard Rock Cafe,1
Where can I eat where service feels personal?,Gordon Biersch Brewery Restaurant,2
Where can I eat where service feels personal?,Maïs Arepas,3
Where can I eat where service feels personal?,Squeal,3
Where can I eat where service feels personal?,The Italian Barrel,3
Where can I eat where service feels personal?,Noodle & Pie,2
Where can I eat where service feels personal?,The Country Club,3
Where can I eat where service feels personal?,Mayas,2
Where can I eat where service feels personal?,Santa Fe,3
Where can I eat where service feels personal?,The Irish House,2
Where can I eat where service feels personal?,Surrey's Uptown,2
Where can I eat where service feels personal?,The Joint,2
Where can I eat where service feels personal?,Ernst Cafe,2
Where can I eat where service feels personal?,Huck Finn's Cafe,3
Where can I eat where service feels personal?,Louisiana Pizza Kitchen,3
Where can I eat where service feels personal?,Copper Vine,3
Where can I eat where service feels personal?,La Casita,3
Where can I eat where service feels personal?,New Orleans Cake Café & Bakery,3
Where can I eat where service feels personal?,biscuit & buns on banks,3
Where can I eat where service feels personal?,Mena's Palace,3
Where can I eat where service feels personal?,Tracey's Original Irish Channel Bar,3
Where can I eat where service feels personal?,Cochon Butcher,2
Where can I eat where service feels personal?,Little Gem Saloon,3
Where can I eat where service feels personal?,Superior Seafood & Oyster Bar,3
Where can I eat where service feels personal?,Ole Saint,2
Where can I eat where service feels personal?,Welty's Deli and Catering,3
Where can I eat where service feels personal?,Deja Vu Restaurant & Bar,3
Where can I eat where service feels personal?,Baru Bistro & Tapas,3
Where can I eat where service feels personal?,Cooter Brown's,2
Where can I eat where service feels personal?,DTB,3
Where can I eat where service feels personal?,Pascal's Manale,2
Where can I eat where service feels personal?,Bakery Bar,3
Where can I eat where service feels personal?,Toups Meatery,3
Where can I eat where service feels personal?,Taqueria Corona,3
Where can I eat where service feels personal?,The Original French Market Restaurant and Bar,2
Where can I eat where service feels personal?,Cafe Rose Nicaud,2
Where can I eat where service feels personal?,Liuzza's By The Track,3
Where can I eat where service feels personal?,Tru Burger,2
Where can I eat where service feels personal?,Cane and Table,2
Where can I eat where service feels personal?,Brennan's Restaurant,3
Where can I eat where service feels personal?,Midway Pizza,3
Where can I eat where service feels personal?,The Original Pierre Maspero's,3
Where can I eat where service feels personal?,Columns,3
Where can I eat where service feels personal?,Lucy's Retired Surfers Bar & Restaurant,2
Where can I eat where service feels personal?,Red Gravy,3
Where can I eat where service feels personal?,Refuel Cafe,3
Where can I eat where service feels personal?,Diamond Street Bar & Grill,3
Where can I eat where service feels personal?,Copeland's Cheesecake Bistro,1
Where can I eat where service feels personal?,Blue Oak BBQ,3
Where can I eat where service feels personal?,Curio,3
Where can I eat where service feels personal?,Casa Borrega,3
Where can I eat where service feels personal?,Arabella Casa Di Pasta,3
Where can I eat where service feels personal?,Bearcat Cafe,3
Where can I eat where service feels personal?,The Praline Connection,2
Where can I eat where service feels personal?,Manning's Sports Bar and Grill,2
Where can I eat where service feels personal?,Deanie's Seafood,2
Where can I eat where service feels personal?,Kingfish,2
Where can I eat where service feels personal?,Cornet,3
Where can I eat where service feels personal?,Felipe's Mexican Taqueria - Uptown,3
Where can I eat where service feels personal?,Voodoo BBQ & Grill,2
Where can I eat where service feels personal?,Coulis,3
Where can I eat where service feels personal?,The Maison,2
Where can I eat where service feels personal?,Coterie Restaurant & Oyster Bar,3
Where can I eat where service feels personal?,Little Korea BBQ,2
Where can I eat where service feels personal?,Beachbum Berry's Latitude 29,3
Where can I eat where service feels personal?,Bourbon House,2
Where can I eat where service feels personal?,Sake Cafe Uptown,2
Where can I eat where service feels personal?,Saba,3
Where can I eat where service feels personal?,Coop's Place,2
Where can I eat where service feels personal?,Stanley,2
Where can I eat where service feels personal?,McClure's,3
Where can I eat where service feels personal?,The Old Coffee Pot Restaurant,3
Where can I eat where service feels personal?,Nonna Mia Cafe & Pizzeria,2
Where can I eat where service feels personal?,Pizza Domenica,2
Where can I eat where service feels personal?,Carmo,2
Where can I eat where service feels personal?,Warehouse Grille,3
Where can I eat where service feels personal?,Lebanon's Cafe,2
Where can I eat where service feels personal?,Cafe Pontalba,1
Where can I eat where service feels personal?,Cleo's,3
Where can I eat where service feels personal?,Central City BBQ,3
Where can I eat where service feels personal?,Wakin' Bakin',3
Where can I eat where service feels personal?,Pizza Delicious,2
Where can I eat where service feels personal?,Red's Chinese,2
Where can I eat where service feels personal?,Basin Seafood & Spirits,3
Where can I eat where service feels personal?,Bennachin Restaurant,3
Where can I eat where service feels personal?,Mopho,3
Where can I eat where service feels personal?,Fullblast Brunch,3
Where can I eat where service feels personal?,Casamento's Restaurant,2
Where can I eat where service feels personal?,Bearcat CBD,3
Where can I eat where service feels personal?,Verti Marte,2
Where can I eat where service feels personal?,Lula Restaurant Distillery,3
Where can I eat where service feels personal?,Evangeline,3
Where can I eat where service feels personal?,Backspace Bar & Kitchen,3
Where can I eat where service feels personal?,Crabby Jack's,3
Where can I eat where service feels personal?,Tito's Ceviche & Pisco,3
Where can I eat where service feels personal?,Amici,2
Where can I eat where service feels personal?,Frey Smoked Meat,3
Where can I eat where service feels personal?,The Rusty Nail,3
Where can I eat where service feels personal?,Brennan's,3
Where can I eat where service feels personal?,Saint Cecilia,3
Where can I eat where service feels personal?,Salon by Sucré,3
Where can I eat where service feels personal?,The Bulldog,2
Where can I eat where service feels personal?,Mona Lisa Restaurant,3
Where can I eat where service feels personal?,Faubourg Bistro,3
Where can I eat where service feels personal?,The Jimani,2
Where can I eat where service feels personal?,Gazebo Cafe,3
Where can I eat where service feels personal?,Turtle Bay,2
Where can I eat where service feels personal?,Del Fuego,3
Where can I eat where service feels personal?,801 Royal,3
Where can I eat where service feels personal?,Jagerhaus,2
Where can I eat where service feels personal?,Namese,2
Where can I eat where service feels personal?,Felipe's Mexican Taqueria - French Quarter,1
Where can I eat where service feels personal?,Gumbo Shop,2
Where can I eat where service feels personal?,Belle's Diner Nola,3
Where can I eat where service feels personal?,Broussard's,3
Where can I eat where service feels personal?,Luke,3
Where can I eat where service feels personal?,Tacos And Beer,0
Where can I eat where service feels personal?,Fat Boy Pantry,3
Where can I eat where service feels personal?,La Macarena Pupuseria & Latin Cafe,3
Where can I eat where service feels personal?,"The Ritz-Carlton, New Orleans",3
Where can I eat where service feels personal?,Dreamy Weenies,3
Where can I eat where service feels personal?,Wood Pizza Bistro and Taphouse,1
Where can I eat where service feels personal?,Yuki Izakaya,2
Where can I eat where service feels personal?,Venezia Restaurant,3
Where can I eat where service feels personal?,Boswell's Jamaican Grill,2
Where can I eat where service feels personal?,WINO  Wine Institute of New Orleans,3
Where can I eat where service feels personal?,Willie's Chicken Shack,2
Where can I eat where service feels personal?,The Blue Crab Restaurant & Oyster Bar,2
Where can I eat where service feels personal?,Barcadia,1
Where can I eat where service feels personal?,Bayou Burger & Sports Company,2
Where can I eat where service feels personal?,Fiorella's Cafe,2
Where can I eat where service feels personal?,The Vintage,3
Where can I eat where service feels personal?,Fharmacy Nola,3
Where can I eat where service feels personal?,Cafe Envie & Espresso Bar,2
Where can I eat where service feels personal?,Sweet Soulfood,3
Where can I eat where service feels personal?,Saints And Sinners,2
Where can I eat where service feels personal?,Domenica,2
Where can I eat where service feels personal?,Parkway Bakery & Tavern,3
Where can I eat where service feels personal?,Magasin Vietnamese Cafe,2
Where can I eat where service feels personal?,Oceana Grill,2
Where can I eat where service feels personal?,Mint Modern Vietnamese Bistro & Bar,2
Where can I eat where service feels personal?,The Howlin' Wolf,2
Where can I eat where service feels personal?,Grand Isle,3
Where can I eat where service feels personal?,Stein's Market and Deli,2
Where can I eat where service feels personal?,Seaworthy,3
Where can I eat where service feels personal?,The Governor,3
Where can I eat where service feels personal?,Felipe's Mexican Taqueria - Mid City,2
Where can I eat where service feels personal?,Nacho Mama's Mexican Grill,2
Where can I eat where service feels personal?,Rock-n-Saké Bar & Sushi,3
Where can I eat where service feels personal?,Desire Oyster Bar,3
Where can I eat where service feels personal?,Remoulade,3
Where can I eat where service feels personal?,Domilise Po-Boys & Bar,3
Where can I eat where service feels personal?,Cafe Fleur De Lis,3
Where can I eat where service feels personal?,Trenasse,3
Where can I eat where service feels personal?,Cafe Conti,3
Where can I eat where service feels personal?,Creole House Restaurant & Oyster Bar,3
Where can I eat where service feels personal?,Ba Chi Canteen,3
Where can I eat where service feels personal?,Taqueria Guerrero,3
Where can I eat where service feels personal?,Streetcar Cafe,3
Where can I eat where service feels personal?,Neyow's Creole Cafe,1
Where can I eat where service feels personal?,Parasol's,3
Where can I eat where service feels personal?,Mother's Restaurant,2
Where can I eat where service feels personal?,Bubba Gump Shrimp Co.,2
Where can I eat where service feels personal?,Pere Antoine Restaurant,1
Where can I eat where service feels personal?,Victory,3
Where can I eat where service feels personal?,Morrow's,2
Where can I eat where service feels personal?,Jimmy J's Cafe,3
Where can I eat where service feels personal?,Pho Bistreaux,3
Where can I eat where service feels personal?,Ancora,3
Where can I eat where service feels personal?,Hoshun Restaurant,2
Where can I eat where service feels personal?,Daisy Dukes - French Quarter,3
Where can I eat where service feels personal?,Seed,3
Where can I eat where service feels personal?,Kebab,3
Where can I eat where service feels personal?,Galliano Restaurant,3
Where can I eat where service feels personal?,Morning Call Coffee Stand,2
Where can I eat where service feels personal?,Cure,3
Where can I eat where service feels personal?,Mulate's,1
Where can I eat where service feels personal?,Willa Jean,3
Where can I eat where service feels personal?,Franks Restaurant,2
Where can I eat where service feels personal?,The Rum House,2
Where can I eat where service feels personal?,Attiki Bar and Grill,3
Where can I eat where service feels personal?,Cafe Beignet on Bourbon Street,2
Where can I eat where service feels personal?,Johnny Sanchez,2
Where can I eat where service feels personal?,Blaze Pizza,2
Where can I eat where service feels personal?,Backatown Coffee Parlour,3
Where can I eat where service feels personal?,Tartine,3
Where can I eat where service feels personal?,Mr Ed's Oyster Bar - Bienville,3
Where can I eat where service feels personal?,Guy's Po Boys,3
Where can I eat where service feels personal?,Surrey's Café & Juice Bar,3
Where can I eat where service feels personal?,Olde Nola Cookery,2
Where can I eat where service feels personal?,Five Happiness Chinese Restaurant,3
Where can I eat where service feels personal?,Killer Poboys,3
Where can I eat where service feels personal?,Meals From The Heart Cafe,3
Where can I eat where service feels personal?,Mahony's Po-Boys & Seafood,3
Where can I eat where service feels personal?,Windsor Court Hotel,3
Where can I eat where service feels personal?,Pier 424 Seafood Market,2
Where can I eat where service feels personal?,Napoleon House,2
Where can I eat where service feels personal?,Avenue Cafe,2
Where can I eat where service feels personal?,Seither's Seafood,3
Where can I eat where service feels personal?,Lilly's Cafe,3
Where can I eat where service feels personal?,Turkey and the Wolf,2
Where can I eat where service feels personal?,Cajun Seafood,2
Where can I eat where service feels personal?,Dong Phuong,2
Where can I eat where service feels personal?,Union Kitchen & Union Party Room,3
Where can I eat where service feels personal?,Tsunami Sushi,3
Where can I eat where service feels personal?,Le Pavillon Hotel,3
Where can I eat where service feels personal?,Two Chicks Cafe,3
Where can I eat where service feels personal?,The Crazy Lobster Bar & Grill,1
Where can I eat where service feels personal?,Acme Oyster House,2
Where can I eat where service feels personal?,Bayou Hot Wings,3
Where can I eat where service feels personal?,Cajun Mike's Pub & Grub,3
Where can I eat where service feels personal?,Arnaud's French 75 Bar,3
Where can I eat where service feels personal?,Royal House,3
Where can I eat where service feels personal?,Nomiya,3
Where can I eat where service feels personal?,30_90 NOLA,2
Where can I eat where service feels personal?,Mid City Pizza,3
Where can I eat where service feels personal?,Araña Taqueria y Cantina,2
Where can I eat where service feels personal?,Mahony's Po-Boys & Seafood  - Uptown,2
Where can I eat where service feels personal?,New Orleans School of Cooking,3
Where can I eat where service feels personal?,New Orleans Marriott,3
Where can I eat where service feels personal?,Reginelli's Pizzeria,1
Where can I eat where service feels personal?,House of Blues New Orleans,1
Where can I eat where service feels personal?,Pho Tau Bay Restaurant,3
Where can I eat where service feels personal?,Mambo's,3
Where can I eat where service feels personal?,Bamboula's,2
Where can I eat where service feels personal?,Mr. Ed's Oyster Bar - St Charles Ave,2
Where can I eat where service feels personal?,The Blind Pelican,1
Where can I eat where service feels personal?,9 Roses Cafe,2
Where can I eat where service feels personal?,Monty's on the Square,2
Where can I eat where service feels personal?,Copper Monkey Grill,3
Where can I eat where service feels personal?,Corner Oyster House,1
Where can I eat where service feels personal?,HiVolt Coffee,2
Where can I eat where service feels personal?,Breads on Oak Cafe & Bakery,3
Where can I eat where service feels personal?,Pat O'Brien's Courtyard Restaurant,2
Where can I eat where service feels personal?,The Daily Beet,2
Where can I eat where service feels personal?,Merchant,3
Where can I eat where service feels personal?,Chiba,3
Where can I eat where service feels personal?,Hilton New Orleans Riverside,1
Where can I eat where service feels personal?,BB King's Blues Club,2
Where can I eat where service feels personal?,Gallier Restaurant & Oyster Bar,3
Where can I eat where service feels personal?,The Old No 77 Hotel and Chandlery,3
Where can I eat where service feels personal?,Brothers Food Mart,1
Where can I eat where service feels personal?,Gumbo POT,1
Where can I eat where service feels personal?,Sushi Brothers,3
Where can I eat where service feels personal?,Krystal,1
Where can I eat where service feels personal?,Johnny's Po-Boys,2
Where can I eat where service feels personal?,BOIL Seafood House,2
Where can I eat where service feels personal?,Cuñada,2
Where can I eat where service feels personal?,Daisy Dukes Express,3
Where can I eat where service feels personal?,Willie Mae's Scotch House,3
Where can I eat where service feels personal?,G's Pizza,3
Where can I eat where service feels personal?,Royal Sonesta New Orleans,3
Where can I eat where service feels personal?,Gumbo Ya-Ya,2
Where can I eat where service feels personal?,Clesi's Restaurant & Catering,3
Where can I eat where service feels personal?,Sheraton New Orleans Hotel,2
Where can I eat where service feels personal?,Ninja Restaurant,2
Where can I eat where service feels personal?,Dave & Buster's,0
Where can I eat where service feels personal?,The Jazz Playhouse,3
Where can I eat where service feels personal?,Ruby Slipper - New Orleans,3
Where can I eat where service feels personal?,Gene's PO-Boys,2
Where can I eat where service feels personal?,Mojo Coffee House,2
Where can I eat where service feels personal?,Hotel New Orleans Downtown,3
Where can I eat where service feels personal?,District Donuts Sliders Brew,2
Where can I eat where service feels personal?,The Halal Guys,1
Where can I eat where service feels personal?,Embassy Suites by Hilton New Orleans,3
Where can I eat where service feels personal?,French Toast,3
Where can I eat where service feels personal?,W New Orleans - French Quarter,3
Where can I eat where service feels personal?,IHOP,1
Where can I eat where service feels personal?,Cafe Negril,2
Where can I eat where service feels personal?,Liberty Cheesesteaks,3
Where can I eat where service feels personal?,Pirates Alley Cafe,3
Where can I eat where service feels personal?,Asuka Sushi & Hibachi,3
Where can I eat where service feels personal?,Bevi Seafood,2
Where can I eat where service feels personal?,Mikimoto,3
Where can I eat where service feels personal?,Jung's Golden Dragon II,3
Where can I eat where service feels personal?,Drago's Seafood Restaurant,2
Where can I eat where service feels personal?,J's Seafood Dock,2
Where can I eat where service feels personal?,Poke Loa,2
Where can I eat where service feels personal?,Dolce Vita Pizzeria,2
Where can I eat where service feels personal?,Rue De La Course,2
Where can I eat where service feels personal?,Pat O'Brien’s,2
Where can I eat where service feels personal?,Melba's,2
Where can I eat where service feels personal?,Origami,2
Where can I eat where service feels personal?,Croissant D'Or Patisserie,2
Where can I eat where service feels personal?,Gus's World Famous Fried Chicken,3
Where can I eat where service feels personal?,Daisy Dukes Cafe,1
Where can I eat where service feels personal?,NOLA Poboys,3
Where can I eat where service feels personal?,Tiki Tolteca,3
Where can I eat where service feels personal?,Cafe Beignet on Royal Street,2
Where can I eat where service feels personal?,Cafe Beignet on Decatur Street,1
Where can I eat where service feels personal?,Café Du Monde,1
Where can I eat where service feels personal?,Dian Xin,3
Where can I eat where service feels personal?,Two Chicks Café - CBD,3
Where can I eat where service feels personal?,Acme Oyster House - Harrahs,2
Where can I eat where service feels personal?,The American Sports Saloon,2
Where can I eat where service feels personal?,French Truck Coffee,3
Where can I eat where service feels personal?,Geisha Sushi Bistro,2
Where can I eat where service feels personal?,Shawarma on the Go,3
Where can I eat where service feels personal?,Sucré,2
Where can I eat where service feels personal?,Steamboat Natchez,2
Where can I eat where service feels personal?,Bittersweet Confections,3
Where can I eat where service feels personal?,World Famous N'awlins Cafe & Spice Emporium,1
Where can I eat where service feels personal?,Daisy Mae's Southern Fried Chicken & Breakfast,3
Where can I eat where service feels personal?,Three Legged Dog,3
Where can I eat where service feels personal?,We Dat's Chicken and Shrimp,3
Where can I eat where service feels personal?,Envie Espresso Bar & Cafe,3
Where can I eat where service feels personal?,La Boulangerie,2
Where can I eat where service feels personal?,Hot Tin,2
Where can I eat where service feels personal?,The Original Italian Pie,1
Where can I eat where service feels personal?,Crescent City Pizza Works,1
Where can I eat where service feels personal?,Fritzel's European Jazz Pub,2
Where can I eat where service feels personal?,Vieux Carre Pizza,2
Where can I eat where service feels personal?,Magazine Pizza,1
Where can I eat where service feels personal?,Angelo Brocato,3
Where can I eat where service feels personal?,Sazerac Bar,2
Where can I eat where service feels personal?,New Orleans Famous Beignets And Coffee,3
Where can I eat where service feels personal?,Central Grocery & Deli,1
Where can I eat where service feels personal?,Piccola Gelateria,3
Where can I eat where service feels personal?,Revelator Coffee New Orleans,3
Where can I eat where service feels personal?,Old Absinthe House,2
Where can I eat where service feels personal?,Paddlewheeler Creole Queen,1
Where can I eat where service feels personal?,Holy Crepes!,3
Where can I eat where service feels personal?,French Quarter Phantoms,0
Which restaurants have food inspired by stories?,Louisiana Bistro,2
Which restaurants have food inspired by stories?,Stella!,2
Which restaurants have food inspired by stories?,Booty's Street Food,2
Which restaurants have food inspired by stories?,Green Goddess,2
Which restaurants have food inspired by stories?,New Orleans School of Cooking,3
Which restaurants have food inspired by stories?,Root,3
Which restaurants have food inspired by stories?,Brigtsen's Restaurant,0
Which restaurants have food inspired by stories?,Restaurant August,0
Which restaurants have food inspired by stories?,Bayona,1
Which restaurants have food inspired by stories?,Gris-Gris,0
Which restaurants have food inspired by stories?,Upperline,1
Which restaurants have food inspired by stories?,Cowbell,0
Which restaurants have food inspired by stories?,Dooky Chase's Restaurant,2
Which restaurants have food inspired by stories?,Compère Lapin,0
Which restaurants have food inspired by stories?,Coquette,0
Which restaurants have food inspired by stories?,K-Paul's Louisiana Kitchen,1
Which restaurants have food inspired by stories?,Jacques-Imo's Cafe,2
Which restaurants have food inspired by stories?,The American Sector,2
Which restaurants have food inspired by stories?,Restaurant R'evolution,2
Which restaurants have food inspired by stories?,El Gato Negro,0
Which restaurants have food inspired by stories?,Dick & Jenny's,1
Which restaurants have food inspired by stories?,Juan's Flying Burrito,0
Which restaurants have food inspired by stories?,Boswell's Jamaican Grill,0
Which restaurants have food inspired by stories?,Heard Dat Kitchen,1
Which restaurants have food inspired by stories?,Little Korea BBQ,0
Which restaurants have food inspired by stories?,Paladar 511,0
Which restaurants have food inspired by stories?,Nirvana Indian Cuisine,2
Which restaurants have food inspired by stories?,Dante's Kitchen,0
Which restaurants have food inspired by stories?,Cochon,1
Which restaurants have food inspired by stories?,Patois Restaurant,2
Which restaurants have food inspired by stories?,Kin,2
Which restaurants have food inspired by stories?,Lilette,0
Which restaurants have food inspired by stories?,Toups Meatery,0
Which restaurants have food inspired by stories?,Rebellion Bar & Urban Kitchen,1
Which restaurants have food inspired by stories?,Charcoal's Gourmet Burger Bar,0
Which restaurants have food inspired by stories?,SukhoThai,0
Which restaurants have food inspired by stories?,Cafe Degas,0
Which restaurants have food inspired by stories?,Saffron nola,2
Which restaurants have food inspired by stories?,Wayfare,0
Which restaurants have food inspired by stories?,Taqueria Guerrero,0
Which restaurants have food inspired by stories?,Shaya,2
Which restaurants have food inspired by stories?,Vessel NOLA,0
Which restaurants have food inspired by stories?,Maypop Restaurant,1
Which restaurants have food inspired by stories?,Herbsaint,0
Which restaurants have food inspired by stories?,Ye Olde College Inn,0
Which restaurants have food inspired by stories?,La Petite Grocery,0
Which restaurants have food inspired by stories?,Boucherie,0
Which restaurants have food inspired by stories?,Sneaky Pickle,0
Which restaurants have food inspired by stories?,Mizado Latin Kitchen,2
Which restaurants have food inspired by stories?,Eat New Orleans,0
Which restaurants have food inspired by stories?,Meauxbar,0
Which restaurants have food inspired by stories?,Ignatius' Rue de La Course Coffeehouse,0
Which restaurants have food inspired by stories?,Red's Chinese,0
Which restaurants have food inspired by stories?,SoBou,1
Which restaurants have food inspired by stories?,Noodle & Pie,0
Which restaurants have food inspired by stories?,Tujague's Restaurant,2
Which restaurants have food inspired by stories?,Clancy's Restaurant,0
Which restaurants have food inspired by stories?,Emeril's Delmonico,0
Which restaurants have food inspired by stories?,Meril,0
Which restaurants have food inspired by stories?,La Thai Uptown,0
Which restaurants have food inspired by stories?,Jack Rose,0
Which restaurants have food inspired by stories?,Muriel's Jackson Square,2
Which restaurants have food inspired by stories?,The Steakhouse,0
Which restaurants have food inspired by stories?,Brown Butter Southern Kitchen & Bar,2
Which restaurants have food inspired by stories?,Antoine's Restaurant,2
Which restaurants have food inspired by stories?,Cavan,0
Which restaurants have food inspired by stories?,Gyu-Kaku Japanese BBQ,0
Which restaurants have food inspired by stories?,Commander's Palace,1
Which restaurants have food inspired by stories?,Galatoire's Restaurant,2
Which restaurants have food inspired by stories?,Josephine Estelle,0
Which restaurants have food inspired by stories?,Mona Lisa Restaurant,0
Which restaurants have food inspired by stories?,Adolfo's,0
Which restaurants have food inspired by stories?,Sofia,0
Which restaurants have food inspired by stories?,Cafe Abyssinia,0
Which restaurants have food inspired by stories?,Trinity Restaurant New Orleans,0
Which restaurants have food inspired by stories?,High Hat Cafe,0
Which restaurants have food inspired by stories?,Dat Dog,2
Which restaurants have food inspired by stories?,Three Muses,0
Which restaurants have food inspired by stories?,The Gallery Venue at Tomas Bistro,0
Which restaurants have food inspired by stories?,Bennachin Restaurant,0
Which restaurants have food inspired by stories?,Chophouse New Orleans,0
Which restaurants have food inspired by stories?,La Boca,0
Which restaurants have food inspired by stories?,Restaurant Rebirth,0
Which restaurants have food inspired by stories?,Sassafras Restaurant,0
Which restaurants have food inspired by stories?,N 7,0
Which restaurants have food inspired by stories?,Justine,2
Which restaurants have food inspired by stories?,The Velvet Cactus,0
Which restaurants have food inspired by stories?,Irene's,0
Which restaurants have food inspired by stories?,Angeline,0
Which restaurants have food inspired by stories?,New Orleans Hamburger & Seafood Co,0
Which restaurants have food inspired by stories?,Tommy's Cuisine,0
Which restaurants have food inspired by stories?,Café Amelie,0
Which restaurants have food inspired by stories?,Borgne,0
Which restaurants have food inspired by stories?,Annunciation,0
Which restaurants have food inspired by stories?,Criollo Restaurant,1
Which restaurants have food inspired by stories?,Mona's Cafe,0
Which restaurants have food inspired by stories?,Fogo de Chão Brazilian Steakhouse,0
Which restaurants have food inspired by stories?,NOLA Restaurant,0
Which restaurants have food inspired by stories?,The Grill,0
Which restaurants have food inspired by stories?,Taqueria Corona,0
Which restaurants have food inspired by stories?,Landry's Seafood House,0
Which restaurants have food inspired by stories?,Venezia Restaurant,0
Which restaurants have food inspired by stories?,Mr John's Steakhouse,0
Which restaurants have food inspired by stories?,Johnny Sanchez,0
Which restaurants have food inspired by stories?,Sylvain,0
Which restaurants have food inspired by stories?,Doris Metropolitan,0
Which restaurants have food inspired by stories?,Santa Fe,0
Which restaurants have food inspired by stories?,The Court of Two Sisters,0
Which restaurants have food inspired by stories?,Atchafalaya Restaurant,0
Which restaurants have food inspired by stories?,Emeril's ,0
Which restaurants have food inspired by stories?,Red Dog Diner,0
Which restaurants have food inspired by stories?,Mandina's Restaurant,0
Which restaurants have food inspired by stories?,The Praline Connection,0
Which restaurants have food inspired by stories?,Nolé,0
Which restaurants have food inspired by stories?,Briquette,0
Which restaurants have food inspired by stories?,Saint Lawrence,0
Which restaurants have food inspired by stories?,Carmo,0
Which restaurants have food inspired by stories?,Jung's Golden Dragon II,0
Which restaurants have food inspired by stories?,Casa Borrega,1
Which restaurants have food inspired by stories?,Yuki Izakaya,0
Which restaurants have food inspired by stories?,La Macarena Pupuseria & Latin Cafe,0
Which restaurants have food inspired by stories?,GG's Dine-O-Rama,0
Which restaurants have food inspired by stories?,The Irish House,1
Which restaurants have food inspired by stories?,Mopho,2
Which restaurants have food inspired by stories?,Milk Bar,2
Which restaurants have food inspired by stories?,The Company Burger,0
Which restaurants have food inspired by stories?,Vincent's Italian Cuisine,0
Which restaurants have food inspired by stories?,Mayas,1
Which restaurants have food inspired by stories?,Felipe's Mexican Taqueria - French Quarter,0
Which restaurants have food inspired by stories?,Del Fuego,0
Which restaurants have food inspired by stories?,Arnaud's Restaurant,1
Which restaurants have food inspired by stories?,Tableau,0
Which restaurants have food inspired by stories?,Palace Café,0
Which restaurants have food inspired by stories?,The Pelican Club,0
Which restaurants have food inspired by stories?,The Camellia Grill,0
Which restaurants have food inspired by stories?,Salú Bistro and Bar,0
Which restaurants have food inspired by stories?,Mint Modern Vietnamese Bistro & Bar,2
Which restaurants have food inspired by stories?,Ralph's on the Park,0
Which restaurants have food inspired by stories?,Chartres House,0
Which restaurants have food inspired by stories?,The Munch Factory,0
Which restaurants have food inspired by stories?,Dong Phuong,0
Which restaurants have food inspired by stories?,Saba,2
Which restaurants have food inspired by stories?,Brennan's,2
Which restaurants have food inspired by stories?,Brennan's Restaurant,2
Which restaurants have food inspired by stories?,GW Fins,0
Which restaurants have food inspired by stories?,Trenasse,1
Which restaurants have food inspired by stories?,Bon Ton Cafe,0
Which restaurants have food inspired by stories?,Turkey and the Wolf,2
Which restaurants have food inspired by stories?,La Crepe Nanou,0
Which restaurants have food inspired by stories?,Ba Chi Canteen,1
Which restaurants have food inspired by stories?,Arabella Casa Di Pasta,1
Which restaurants have food inspired by stories?,The Italian Barrel,0
Which restaurants have food inspired by stories?,Marcello's Restaurant & Wine Bar,0
Which restaurants have food inspired by stories?,Apolline Restaurant,1
Which restaurants have food inspired by stories?,Ruby Slipper Cafe,1
Which restaurants have food inspired by stories?,DTB,1
Which restaurants have food inspired by stories?,Superior Grill,0
Which restaurants have food inspired by stories?,Red Fish Grill,0
Which restaurants have food inspired by stories?,Cafe Sbisa,0
Which restaurants have food inspired by stories?,Please-U-Restaurant,0
Which restaurants have food inspired by stories?,Squeal,1
Which restaurants have food inspired by stories?,Tito's Ceviche & Pisco,0
Which restaurants have food inspired by stories?,Legacy Kitchen's Craft Tavern,0
Which restaurants have food inspired by stories?,New Orleans Creole Cookery,2
Which restaurants have food inspired by stories?,1000 Figs,0
Which restaurants have food inspired by stories?,La Casita,0
Which restaurants have food inspired by stories?,Seed,0
Which restaurants have food inspired by stories?,Auction House Market,0
Which restaurants have food inspired by stories?,Pêche,0
Which restaurants have food inspired by stories?,Capdeville,0
Which restaurants have food inspired by stories?,The Original French Market Restaurant and Bar,0
Which restaurants have food inspired by stories?,Pascal's Manale,2
Which restaurants have food inspired by stories?,Café Adelaide,1
Which restaurants have food inspired by stories?,Slim Goodies Diner,0
Which restaurants have food inspired by stories?,Houston's Restaurant,0
Which restaurants have food inspired by stories?,Cochon Butcher,0
Which restaurants have food inspired by stories?,Joey K's Restaurant & Bar,0
Which restaurants have food inspired by stories?,Desi Vega's Steakhouse,0
Which restaurants have food inspired by stories?,Kingfish,0
Which restaurants have food inspired by stories?,Dickie Brennan's Steakhouse,0
Which restaurants have food inspired by stories?,Crescent City Steak House,0
Which restaurants have food inspired by stories?,The Original Pierre Maspero's,3
Which restaurants have food inspired by stories?,Li'l Dizzy's Cafe,0
Which restaurants have food inspired by stories?,Rib Room,0
Which restaurants have food inspired by stories?,Kebab,0
Which restaurants have food inspired by stories?,Baru Bistro & Tapas,0
Which restaurants have food inspired by stories?,Gumbo Shop,2
Which restaurants have food inspired by stories?,Katie's Restaurant & Bar,1
Which restaurants have food inspired by stories?,Lola's,0
Which restaurants have food inspired by stories?,St Roch Market,1
Which restaurants have food inspired by stories?,9 Roses Cafe,0
Which restaurants have food inspired by stories?,Vacherie,0
Which restaurants have food inspired by stories?,Mr. B's Bistro,0
Which restaurants have food inspired by stories?,Ancora,0
Which restaurants have food inspired by stories?,Hoshun Restaurant,0
Which restaurants have food inspired by stories?,The Tasting Room,0
Which restaurants have food inspired by stories?,Elizabeth's Restaurant,0
Which restaurants have food inspired by stories?,Angeli on Decatur,0
Which restaurants have food inspired by stories?,McClure's,0
Which restaurants have food inspired by stories?,Riccobono’s Panola St. Cafe,0
Which restaurants have food inspired by stories?,Casamento's Restaurant,0
Which restaurants have food inspired by stories?,Coop's Place,0
Which restaurants have food inspired by stories?,Faubourg Bistro,0
Which restaurants have food inspired by stories?,Copeland's Cheesecake Bistro,0
Which restaurants have food inspired by stories?,Bubba Gump Shrimp Co.,3
Which restaurants have food inspired by stories?,Lula Restaurant Distillery,0
Which restaurants have food inspired by stories?,Mimi's In The Marigny,2
Which restaurants have food inspired by stories?,Dreamy Weenies,0
Which restaurants have food inspired by stories?,The Bombay Club,0
Which restaurants have food inspired by stories?,Nacho Mama's Mexican Grill,0
Which restaurants have food inspired by stories?,Cuñada,0
Which restaurants have food inspired by stories?,Beachbum Berry's Latitude 29,3
Which restaurants have food inspired by stories?,Cane and Table,1
Which restaurants have food inspired by stories?,Araña Taqueria y Cantina,0
Which restaurants have food inspired by stories?,Slice Pizzeria,0
Which restaurants have food inspired by stories?,The Delachaise,0
Which restaurants have food inspired by stories?,Lebanon's Cafe,0
Which restaurants have food inspired by stories?,Yo Mama's Bar & Grill,0
Which restaurants have food inspired by stories?,Felix's Restaurant & Oyster Bar,0
Which restaurants have food inspired by stories?,Galatoire's 33 Bar & Steak,0
Which restaurants have food inspired by stories?,The Old Coffee Pot Restaurant,0
Which restaurants have food inspired by stories?,Namese,2
Which restaurants have food inspired by stories?,13 Monaghan,0
Which restaurants have food inspired by stories?,Liuzza's By The Track,0
Which restaurants have food inspired by stories?,CellarDoor,0
Which restaurants have food inspired by stories?,Maïs Arepas,0
Which restaurants have food inspired by stories?,Copper Vine,0
Which restaurants have food inspired by stories?,Avery's On Tulane,0
Which restaurants have food inspired by stories?,Salon by Sucré,0
Which restaurants have food inspired by stories?,The Marigny Brasserie,0
Which restaurants have food inspired by stories?,Café at The Square,0
Which restaurants have food inspired by stories?,Cafe Maspero,0
Which restaurants have food inspired by stories?,Another Broken Egg Cafe,0
Which restaurants have food inspired by stories?,Manning's Sports Bar and Grill,0
Which restaurants have food inspired by stories?,Sweet Soulfood,0
Which restaurants have food inspired by stories?,Port Of Call,0
Which restaurants have food inspired by stories?,Flamingo A-Go-Go,0
Which restaurants have food inspired by stories?,Willie Mae's Scotch House,0
Which restaurants have food inspired by stories?,Creole House Restaurant & Oyster Bar,0
Which restaurants have food inspired by stories?,Huck Finn's Cafe,0
Which restaurants have food inspired by stories?,Deanie's Seafood,0
Which restaurants have food inspired by stories?,Walk-On's Sports Bistreaux - New Orleans,0
Which restaurants have food inspired by stories?,Curio,1
Which restaurants have food inspired by stories?,Down The Hatch,0
Which restaurants have food inspired by stories?,Mr Ed's Oyster Bar - Bienville,0
Which restaurants have food inspired by stories?,Oceana Grill,0
Which restaurants have food inspired by stories?,Estrella Steak & Lobster,0
Which restaurants have food inspired by stories?,Five Happiness Chinese Restaurant,0
Which restaurants have food inspired by stories?,Hobnobber's Variety Bar & Restaurant,0
Which restaurants have food inspired by stories?,Fiorella's Cafe,0
Which restaurants have food inspired by stories?,Felipe's Mexican Taqueria - Uptown,0
Which restaurants have food inspired by stories?,Killer Poboys,0
Which restaurants have food inspired by stories?,Magasin Vietnamese Cafe,0
Which restaurants have food inspired by stories?,Domenica,0
Which restaurants have food inspired by stories?,Cleo's,0
Which restaurants have food inspired by stories?,Superior Seafood & Oyster Bar,0
Which restaurants have food inspired by stories?,Cafe Pontalba,0
Which restaurants have food inspired by stories?,Neyow's Creole Cafe,0
Which restaurants have food inspired by stories?,Fharmacy Nola,0
Which restaurants have food inspired by stories?,The Backyard,0
Which restaurants have food inspired by stories?,Willie's Chicken Shack,0
Which restaurants have food inspired by stories?,Mulate's,1
Which restaurants have food inspired by stories?,Broussard's,0
Which restaurants have food inspired by stories?,Little Gem Saloon,0
Which restaurants have food inspired by stories?,Orleans Grapevine Wine Bar & Bistro,0
Which restaurants have food inspired by stories?,Bearcat Cafe,0
Which restaurants have food inspired by stories?,Luke,0
Which restaurants have food inspired by stories?,Crescent City Brewhouse,0
Which restaurants have food inspired by stories?,Pho Tau Bay Restaurant,2
Which restaurants have food inspired by stories?,Bearcat CBD,0
Which restaurants have food inspired by stories?,Russell's Marina Grill,0
Which restaurants have food inspired by stories?,Ugly Dog Saloon & BBQ,0
Which restaurants have food inspired by stories?,HORN'S EATERY,0
Which restaurants have food inspired by stories?,Liberty Cheesesteaks,0
Which restaurants have food inspired by stories?,Morrow's,0
Which restaurants have food inspired by stories?,The Rum House,0
Which restaurants have food inspired by stories?,Sake Cafe Uptown,0
Which restaurants have food inspired by stories?,The Joint,0
Which restaurants have food inspired by stories?,Belle's Diner Nola,2
Which restaurants have food inspired by stories?,Grand Isle,0
Which restaurants have food inspired by stories?,Satsuma Café,0
Which restaurants have food inspired by stories?,Hard Rock Cafe,2
Which restaurants have food inspired by stories?,Pere Antoine Restaurant,0
Which restaurants have food inspired by stories?,Little Tokyo Small Plates & Noodle Bar,0
Which restaurants have food inspired by stories?,Midway Pizza,0
Which restaurants have food inspired by stories?,Central City BBQ,0
Which restaurants have food inspired by stories?,Coulis,0
Which restaurants have food inspired by stories?,Toast,0
Which restaurants have food inspired by stories?,Jagerhaus,0
Which restaurants have food inspired by stories?,Union Kitchen & Union Party Room,0
Which restaurants have food inspired by stories?,Tacos And Beer,0
Which restaurants have food inspired by stories?,Basin Seafood & Spirits,0
Which restaurants have food inspired by stories?,BOIL Seafood House,0
Which restaurants have food inspired by stories?,Le Bayou Restaurant,0
Which restaurants have food inspired by stories?,Remoulade,0
Which restaurants have food inspired by stories?,Mother's Restaurant,0
Which restaurants have food inspired by stories?,Franks Restaurant,0
Which restaurants have food inspired by stories?,Saint Cecilia,0
Which restaurants have food inspired by stories?,Welty's Deli and Catering,0
Which restaurants have food inspired by stories?,The Blue Crab Restaurant & Oyster Bar,0
Which restaurants have food inspired by stories?,Frankie & Johnny's,2
Which restaurants have food inspired by stories?,Bourbon House,0
Which restaurants have food inspired by stories?,Evangeline,0
Which restaurants have food inspired by stories?,Gus's World Famous Fried Chicken,0
Which restaurants have food inspired by stories?,Willa Jean,0
Which restaurants have food inspired by stories?,The Market Cafe,0
Which restaurants have food inspired by stories?,Galliano Restaurant,0
Which restaurants have food inspired by stories?,The Country Club,0
Which restaurants have food inspired by stories?,Clover Grill,0
Which restaurants have food inspired by stories?,Red Gravy,0
Which restaurants have food inspired by stories?,Pho Bistreaux,0
Which restaurants have food inspired by stories?,New Orleans Cake Café & Bakery,0
Which restaurants have food inspired by stories?,The Halal Guys,0
Which restaurants have food inspired by stories?,Majoria's Commerce Restaurant,0
Which restaurants have food inspired by stories?,Bayou Burger & Sports Company,0
Which restaurants have food inspired by stories?,Diamond Street Bar & Grill,0
Which restaurants have food inspired by stories?,Dian Xin,0
Which restaurants have food inspired by stories?,Blaze Pizza,0
Which restaurants have food inspired by stories?,The Trolley Stop Cafe,0
Which restaurants have food inspired by stories?,Voodoo BBQ & Grill,0
Which restaurants have food inspired by stories?,biscuit & buns on banks,2
Which restaurants have food inspired by stories?,Ole Saint,0
Which restaurants have food inspired by stories?,Frey Smoked Meat,0
Which restaurants have food inspired by stories?,Blue Oak BBQ,0
Which restaurants have food inspired by stories?,Ninja Restaurant,0
Which restaurants have food inspired by stories?,P & G Restaurant & Bar,0
Which restaurants have food inspired by stories?,Deja Vu Restaurant & Bar,0
Which restaurants have food inspired by stories?,The Governor,0
Which restaurants have food inspired by stories?,Louisiana Pizza Kitchen,0
Which restaurants have food inspired by stories?,Tracey's Original Irish Channel Bar,0
Which restaurants have food inspired by stories?,Tartine,0
Which restaurants have food inspired by stories?,Backspace Bar & Kitchen,2
Which restaurants have food inspired by stories?,World Famous N'awlins Cafe & Spice Emporium,0
Which restaurants have food inspired by stories?,Desire Oyster Bar,0
Which restaurants have food inspired by stories?,Coterie Restaurant & Oyster Bar,0
Which restaurants have food inspired by stories?,Meals From The Heart Cafe,0
Which restaurants have food inspired by stories?,Poke Loa,0
Which restaurants have food inspired by stories?,Chiba,0
Which restaurants have food inspired by stories?,Cornet,0
Which restaurants have food inspired by stories?,Ruth's Chris Steak House,0
Which restaurants have food inspired by stories?,Tru Burger,0
Which restaurants have food inspired by stories?,Royal House,0
Which restaurants have food inspired by stories?,Surrey's Uptown,0
Which restaurants have food inspired by stories?,St Charles Tavern,0
Which restaurants have food inspired by stories?,Buffa's Bar & Restaurant,0
Which restaurants have food inspired by stories?,Cajun Seafood,0
Which restaurants have food inspired by stories?,Verti Marte,0
Which restaurants have food inspired by stories?,Gordon Biersch Brewery Restaurant,0
Which restaurants have food inspired by stories?,Rock-n-Saké Bar & Sushi,0
Which restaurants have food inspired by stories?,801 Royal,0
Which restaurants have food inspired by stories?,Lilly's Cafe,0
Which restaurants have food inspired by stories?,Cafe Rose Nicaud,0
Which restaurants have food inspired by stories?,Stanley,0
Which restaurants have food inspired by stories?,Warehouse Grille,0
Which restaurants have food inspired by stories?,Nomiya,0
Which restaurants have food inspired by stories?,Parasol's,0
Which restaurants have food inspired by stories?,Tsunami Sushi,0
Which restaurants have food inspired by stories?,Brothers Food Mart,0
Which restaurants have food inspired by stories?,Tout De Suite Cafe,0
Which restaurants have food inspired by stories?,Domilise Po-Boys & Bar,0
Which restaurants have food inspired by stories?,Ernst Cafe,0
Which restaurants have food inspired by stories?,The Avenue Pub,0
Which restaurants have food inspired by stories?,Mikimoto,0
Which restaurants have food inspired by stories?,Streetcar Cafe,0
Which restaurants have food inspired by stories?,Asuka Sushi & Hibachi,0
Which restaurants have food inspired by stories?,Amici,0
Which restaurants have food inspired by stories?,Guy's Po Boys,0
Which restaurants have food inspired by stories?,Surrey's Café & Juice Bar,0
Which restaurants have food inspired by stories?,Fat Boy Pantry,0
Which restaurants have food inspired by stories?,Corner Oyster House,0
Which restaurants have food inspired by stories?,Mena's Palace,0
Which restaurants have food inspired by stories?,Snug Harbor Jazz Bistro,0
Which restaurants have food inspired by stories?,Pier 424 Seafood Market,0
Which restaurants have food inspired by stories?,Fullblast Brunch,0
Which restaurants have food inspired by stories?,Refuel Cafe,0
Which restaurants have food inspired by stories?,Bayou Hot Wings,0
Which restaurants have food inspired by stories?,Felipe's Mexican Taqueria - Mid City,0
Which restaurants have food inspired by stories?,Crabby Jack's,0
Which restaurants have food inspired by stories?,Olde Nola Cookery,0
Which restaurants have food inspired by stories?,Pizza Delicious,2
Which restaurants have food inspired by stories?,Saints And Sinners,0
Which restaurants have food inspired by stories?,Cafe Fleur De Lis,0
Which restaurants have food inspired by stories?,Shawarma on the Go,0
Which restaurants have food inspired by stories?,Clesi's Restaurant & Catering,2
Which restaurants have food inspired by stories?,Mambo's,0
Which restaurants have food inspired by stories?,Sushi Brothers,0
Which restaurants have food inspired by stories?,Dolce Vita Pizzeria,0
Which restaurants have food inspired by stories?,Lucy's Retired Surfers Bar & Restaurant,0
Which restaurants have food inspired by stories?,Gene's PO-Boys,0
Which restaurants have food inspired by stories?,Jimmy J's Cafe,0
Which restaurants have food inspired by stories?,Napoleon House,0
Which restaurants have food inspired by stories?,Wakin' Bakin',0
Which restaurants have food inspired by stories?,Seither's Seafood,0
Which restaurants have food inspired by stories?,Monty's on the Square,0
Which restaurants have food inspired by stories?,Seaworthy,0
Which restaurants have food inspired by stories?,Gumbo Ya-Ya,0
Which restaurants have food inspired by stories?,Daisy Dukes - French Quarter,0
Which restaurants have food inspired by stories?,Gumbo POT,0
Which restaurants have food inspired by stories?,Mahony's Po-Boys & Seafood,0
Which restaurants have food inspired by stories?,The Daily Beet,0
Which restaurants have food inspired by stories?,The Crazy Lobster Bar & Grill,0
Which restaurants have food inspired by stories?,Bakery Bar,0
Which restaurants have food inspired by stories?,Attiki Bar and Grill,0
Which restaurants have food inspired by stories?,Cafe Conti,0
Which restaurants have food inspired by stories?,Who Dat Coffee Cafe,0
Which restaurants have food inspired by stories?,Pizza Domenica,0
Which restaurants have food inspired by stories?,House of Blues New Orleans,0
Which restaurants have food inspired by stories?,Nonna Mia Cafe & Pizzeria,0
Which restaurants have food inspired by stories?,Cure,1
Which restaurants have food inspired by stories?,Parkway Bakery & Tavern,1
Which restaurants have food inspired by stories?,Origami,2
Which restaurants have food inspired by stories?,Krystal,0
Which restaurants have food inspired by stories?,Johnny's Po-Boys,0
Which restaurants have food inspired by stories?,Turtle Bay,0
Which restaurants have food inspired by stories?,Daisy Mae's Southern Fried Chicken & Breakfast,0
Which restaurants have food inspired by stories?,Acme Oyster House - Harrahs,0
Which restaurants have food inspired by stories?,WINO  Wine Institute of New Orleans,0
Which restaurants have food inspired by stories?,Acme Oyster House,0
Which restaurants have food inspired by stories?,Mr. Ed's Oyster Bar - St Charles Ave,0
Which restaurants have food inspired by stories?,J's Seafood Dock,0
Which restaurants have food inspired by stories?,Copper Monkey Grill,0
Which restaurants have food inspired by stories?,Daisy Dukes Cafe,0
Which restaurants have food inspired by stories?,Cajun Mike's Pub & Grub,0
Which restaurants have food inspired by stories?,Ruby Slipper - New Orleans,0
Which restaurants have food inspired by stories?,Two Chicks Cafe,0
Which restaurants have food inspired by stories?,Stein's Market and Deli,0
Which restaurants have food inspired by stories?,Geisha Sushi Bistro,0
Which restaurants have food inspired by stories?,Cooter Brown's,0
Which restaurants have food inspired by stories?,Drago's Seafood Restaurant,0
Which restaurants have food inspired by stories?,Mahony's Po-Boys & Seafood  - Uptown,0
Which restaurants have food inspired by stories?,French Toast,0
Which restaurants have food inspired by stories?,Columns,0
Which restaurants have food inspired by stories?,Wood Pizza Bistro and Taphouse,0
Which restaurants have food inspired by stories?,Victory,2
Which restaurants have food inspired by stories?,The Jimani,0
Which restaurants have food inspired by stories?,We Dat's Chicken and Shrimp,0
Which restaurants have food inspired by stories?,BB King's Blues Club,0
Which restaurants have food inspired by stories?,The Blind Pelican,0
Which restaurants have food inspired by stories?,Gallier Restaurant & Oyster Bar,0
Which restaurants have food inspired by stories?,IHOP,0
Which restaurants have food inspired by stories?,Melba's,0
Which restaurants have food inspired by stories?,The Original Italian Pie,0
Which restaurants have food inspired by stories?,NOLA Poboys,0
Which restaurants have food inspired by stories?,Daisy Dukes Express,0
Which restaurants have food inspired by stories?,Bevi Seafood,0
Which restaurants have food inspired by stories?,Tiki Tolteca,3
Which restaurants have food inspired by stories?,Reginelli's Pizzeria,0
Which restaurants have food inspired by stories?,Breads on Oak Cafe & Bakery,0
Which restaurants have food inspired by stories?,Magazine Pizza,0
Which restaurants have food inspired by stories?,The Maison,0
Which restaurants have food inspired by stories?,Barcadia,0
Which restaurants have food inspired by stories?,The Vintage,0
Which restaurants have food inspired by stories?,Arnaud's French 75 Bar,2
Which restaurants have food inspired by stories?,G's Pizza,0
Which restaurants have food inspired by stories?,Steamboat Natchez,1
Which restaurants have food inspired by stories?,Gazebo Cafe,0
Which restaurants have food inspired by stories?,Mid City Pizza,0
Which restaurants have food inspired by stories?,Sucré,0
Which restaurants have food inspired by stories?,Pat O'Brien's Courtyard Restaurant,0
Which restaurants have food inspired by stories?,HiVolt Coffee,0
Which restaurants have food inspired by stories?,Cafe Envie & Espresso Bar,0
Which restaurants have food inspired by stories?,Backatown Coffee Parlour,0
Which restaurants have food inspired by stories?,District Donuts Sliders Brew,0
Which restaurants have food inspired by stories?,Merchant,0
Which restaurants have food inspired by stories?,The Howlin' Wolf,0
Which restaurants have food inspired by stories?,Croissant D'Or Patisserie,0
Which restaurants have food inspired by stories?,Two Chicks Café - CBD,0
Which restaurants have food inspired by stories?,La Boulangerie,0
Which restaurants have food inspired by stories?,Central Grocery & Deli,0
Which restaurants have food inspired by stories?,Pat O'Brien’s,0
Which restaurants have food inspired by stories?,Dave & Buster's,0
Which restaurants have food inspired by stories?,Le Pavillon Hotel,1
Which restaurants have food inspired by stories?,Cafe Negril,0
Which restaurants have food inspired by stories?,The American Sports Saloon,1
Which restaurants have food inspired by stories?,Windsor Court Hotel,0
Which restaurants have food inspired by stories?,Three Legged Dog,0
Which restaurants have food inspired by stories?,Crescent City Pizza Works,0
Which restaurants have food inspired by stories?,"The Ritz-Carlton, New Orleans",0
Which restaurants have food inspired by stories?,Bittersweet Confections,0
Which restaurants have food inspired by stories?,Bamboula's,0
Which restaurants have food inspired by stories?,Cafe Beignet on Bourbon Street,0
Which restaurants have food inspired by stories?,The Bulldog,0
Which restaurants have food inspired by stories?,Morning Call Coffee Stand,0
Which restaurants have food inspired by stories?,Avenue Cafe,0
Which restaurants have food inspired by stories?,Cafe Beignet on Royal Street,0
Which restaurants have food inspired by stories?,30_90 NOLA,0
Which restaurants have food inspired by stories?,Cafe Beignet on Decatur Street,0
Which restaurants have food inspired by stories?,Rue De La Course,0
Which restaurants have food inspired by stories?,The Old No 77 Hotel and Chandlery,2
Which restaurants have food inspired by stories?,Angelo Brocato,0
Which restaurants have food inspired by stories?,Mojo Coffee House,0
Which restaurants have food inspired by stories?,Hilton New Orleans Riverside,0
Which restaurants have food inspired by stories?,French Truck Coffee,0
Which restaurants have food inspired by stories?,Envie Espresso Bar & Cafe,0
Which restaurants have food inspired by stories?,Pirates Alley Cafe,2
Which restaurants have food inspired by stories?,Paddlewheeler Creole Queen,2
Which restaurants have food inspired by stories?,Café Du Monde,0
Which restaurants have food inspired by stories?,Piccola Gelateria,1
Which restaurants have food inspired by stories?,Vieux Carre Pizza,0
Which restaurants have food inspired by stories?,W New Orleans - French Quarter,1
Which restaurants have food inspired by stories?,New Orleans Marriott,0
Which restaurants have food inspired by stories?,Hot Tin,0
Which restaurants have food inspired by stories?,Embassy Suites by Hilton New Orleans,0
Which restaurants have food inspired by stories?,The Rusty Nail,0
Which restaurants have food inspired by stories?,New Orleans Famous Beignets And Coffee,0
Which restaurants have food inspired by stories?,Sheraton New Orleans Hotel,0
Which restaurants have food inspired by stories?,Sazerac Bar,2
Which restaurants have food inspired by stories?,Hotel New Orleans Downtown,0
Which restaurants have food inspired by stories?,Revelator Coffee New Orleans,0
Which restaurants have food inspired by stories?,Royal Sonesta New Orleans,0
Which restaurants have food inspired by stories?,The Jazz Playhouse,0
Which restaurants have food inspired by stories?,Holy Crepes!,0
Which restaurants have food inspired by stories?,Old Absinthe House,3
Which restaurants have food inspired by stories?,French Quarter Phantoms,3
Which restaurants have food inspired by stories?,Fritzel's European Jazz Pub,0
Where can I dine and learn about wine pairings?,WINO  Wine Institute of New Orleans,3
Where can I dine and learn about wine pairings?,The Tasting Room,3
Where can I dine and learn about wine pairings?,Stella!,3
Where can I dine and learn about wine pairings?,The Delachaise,3
Where can I dine and learn about wine pairings?,Orleans Grapevine Wine Bar & Bistro,3
Where can I dine and learn about wine pairings?,Restaurant August,3
Where can I dine and learn about wine pairings?,Marcello's Restaurant & Wine Bar,3
Where can I dine and learn about wine pairings?,N 7,2
Where can I dine and learn about wine pairings?,Copper Vine,3
Where can I dine and learn about wine pairings?,Coquette,3
Where can I dine and learn about wine pairings?,Cure,2
Where can I dine and learn about wine pairings?,Louisiana Bistro,3
Where can I dine and learn about wine pairings?,Lilette,2
Where can I dine and learn about wine pairings?,Bayona,2
Where can I dine and learn about wine pairings?,Herbsaint,3
Where can I dine and learn about wine pairings?,Restaurant R'evolution,2
Where can I dine and learn about wine pairings?,Tommy's Cuisine,3
Where can I dine and learn about wine pairings?,La Boca,3
Where can I dine and learn about wine pairings?,The Avenue Pub,2
Where can I dine and learn about wine pairings?,The Bombay Club,2
Where can I dine and learn about wine pairings?,Clancy's Restaurant,2
Where can I dine and learn about wine pairings?,Trinity Restaurant New Orleans,3
Where can I dine and learn about wine pairings?,Patois Restaurant,2
Where can I dine and learn about wine pairings?,CellarDoor,2
Where can I dine and learn about wine pairings?,Root,3
Where can I dine and learn about wine pairings?,The Gallery Venue at Tomas Bistro,2
Where can I dine and learn about wine pairings?,Galatoire's 33 Bar & Steak,2
Where can I dine and learn about wine pairings?,Cafe Degas,2
Where can I dine and learn about wine pairings?,Irene's,1
Where can I dine and learn about wine pairings?,Doris Metropolitan,2
Where can I dine and learn about wine pairings?,The Pelican Club,2
Where can I dine and learn about wine pairings?,Meauxbar,2
Where can I dine and learn about wine pairings?,Baru Bistro & Tapas,1
Where can I dine and learn about wine pairings?,Salú Bistro and Bar,2
Where can I dine and learn about wine pairings?,Victory,2
Where can I dine and learn about wine pairings?,The Bulldog,0
Where can I dine and learn about wine pairings?,Cane and Table,1
Where can I dine and learn about wine pairings?,Three Muses,2
Where can I dine and learn about wine pairings?,New Orleans School of Cooking,1
Where can I dine and learn about wine pairings?,Mimi's In The Marigny,1
Where can I dine and learn about wine pairings?,Arnaud's French 75 Bar,2
Where can I dine and learn about wine pairings?,La Crepe Nanou,2
Where can I dine and learn about wine pairings?,The Rusty Nail,0
Where can I dine and learn about wine pairings?,Brigtsen's Restaurant,2
Where can I dine and learn about wine pairings?,Green Goddess,2
Where can I dine and learn about wine pairings?,Emeril's Delmonico,2
Where can I dine and learn about wine pairings?,Dickie Brennan's Steakhouse,2
Where can I dine and learn about wine pairings?,Sylvain,2
Where can I dine and learn about wine pairings?,Upperline,1
Where can I dine and learn about wine pairings?,Beachbum Berry's Latitude 29,0
Where can I dine and learn about wine pairings?,Dick & Jenny's,2
Where can I dine and learn about wine pairings?,Gris-Gris,2
Where can I dine and learn about wine pairings?,Mr John's Steakhouse,2
Where can I dine and learn about wine pairings?,Annunciation,2
Where can I dine and learn about wine pairings?,Lola's,1
Where can I dine and learn about wine pairings?,Compère Lapin,1
Where can I dine and learn about wine pairings?,Chophouse New Orleans,2
Where can I dine and learn about wine pairings?,Boucherie,1
Where can I dine and learn about wine pairings?,GW Fins,2
Where can I dine and learn about wine pairings?,Crescent City Steak House,2
Where can I dine and learn about wine pairings?,Muriel's Jackson Square,2
Where can I dine and learn about wine pairings?,Saffron nola,2
Where can I dine and learn about wine pairings?,Cavan,2
Where can I dine and learn about wine pairings?,Lula Restaurant Distillery,2
Where can I dine and learn about wine pairings?,The Italian Barrel,2
Where can I dine and learn about wine pairings?,Cooter Brown's,0
Where can I dine and learn about wine pairings?,La Petite Grocery,2
Where can I dine and learn about wine pairings?,Briquette,2
Where can I dine and learn about wine pairings?,Galatoire's Restaurant,2
Where can I dine and learn about wine pairings?,Shaya,1
Where can I dine and learn about wine pairings?,Crescent City Brewhouse,1
Where can I dine and learn about wine pairings?,1000 Figs,1
Where can I dine and learn about wine pairings?,Vessel NOLA,2
Where can I dine and learn about wine pairings?,Josephine Estelle,1
Where can I dine and learn about wine pairings?,Angeline,2
Where can I dine and learn about wine pairings?,Rib Room,1
Where can I dine and learn about wine pairings?,Columns,1
Where can I dine and learn about wine pairings?,The Joint,0
Where can I dine and learn about wine pairings?,Arnaud's Restaurant,2
Where can I dine and learn about wine pairings?,Booty's Street Food,1
Where can I dine and learn about wine pairings?,Ruth's Chris Steak House,2
Where can I dine and learn about wine pairings?,Café Amelie,0
Where can I dine and learn about wine pairings?,Saint Lawrence,1
Where can I dine and learn about wine pairings?,The Irish House,1
Where can I dine and learn about wine pairings?,McClure's,0
Where can I dine and learn about wine pairings?,K-Paul's Louisiana Kitchen,1
Where can I dine and learn about wine pairings?,Auction House Market,1
Where can I dine and learn about wine pairings?,The Steakhouse,1
Where can I dine and learn about wine pairings?,Vincent's Italian Cuisine,1
Where can I dine and learn about wine pairings?,Tujague's Restaurant,2
Where can I dine and learn about wine pairings?,Toups Meatery,1
Where can I dine and learn about wine pairings?,Palace Café,2
Where can I dine and learn about wine pairings?,Bakery Bar,2
Where can I dine and learn about wine pairings?,Ralph's on the Park,2
Where can I dine and learn about wine pairings?,Antoine's Restaurant,2
Where can I dine and learn about wine pairings?,Paladar 511,2
Where can I dine and learn about wine pairings?,Dante's Kitchen,2
Where can I dine and learn about wine pairings?,The Howlin' Wolf,0
Where can I dine and learn about wine pairings?,Pêche,1
Where can I dine and learn about wine pairings?,Criollo Restaurant,2
Where can I dine and learn about wine pairings?,Meril,1
Where can I dine and learn about wine pairings?,Maypop Restaurant,2
Where can I dine and learn about wine pairings?,Tiki Tolteca,0
Where can I dine and learn about wine pairings?,The Marigny Brasserie,1
Where can I dine and learn about wine pairings?,Emeril's ,2
Where can I dine and learn about wine pairings?,Atchafalaya Restaurant,1
Where can I dine and learn about wine pairings?,Ole Saint,2
Where can I dine and learn about wine pairings?,DTB,2
Where can I dine and learn about wine pairings?,Eat New Orleans,0
Where can I dine and learn about wine pairings?,Capdeville,1
Where can I dine and learn about wine pairings?,Wayfare,1
Where can I dine and learn about wine pairings?,Cafe Abyssinia,1
Where can I dine and learn about wine pairings?,Restaurant Rebirth,2
Where can I dine and learn about wine pairings?,St Roch Market,1
Where can I dine and learn about wine pairings?,Kingfish,2
Where can I dine and learn about wine pairings?,The Jimani,0
Where can I dine and learn about wine pairings?,Jack Rose,1
Where can I dine and learn about wine pairings?,Borgne,1
Where can I dine and learn about wine pairings?,Hot Tin,1
Where can I dine and learn about wine pairings?,Cochon,1
Where can I dine and learn about wine pairings?,Desi Vega's Steakhouse,2
Where can I dine and learn about wine pairings?,Mona's Cafe,0
Where can I dine and learn about wine pairings?,Commander's Palace,2
Where can I dine and learn about wine pairings?,Sake Cafe Uptown,1
Where can I dine and learn about wine pairings?,The American Sector,1
Where can I dine and learn about wine pairings?,The Country Club,1
Where can I dine and learn about wine pairings?,Landry's Seafood House,1
Where can I dine and learn about wine pairings?,Gyu-Kaku Japanese BBQ,0
Where can I dine and learn about wine pairings?,SoBou,2
Where can I dine and learn about wine pairings?,Central City BBQ,0
Where can I dine and learn about wine pairings?,Saba,1
Where can I dine and learn about wine pairings?,The Court of Two Sisters,2
Where can I dine and learn about wine pairings?,Fogo de Chão Brazilian Steakhouse,2
Where can I dine and learn about wine pairings?,El Gato Negro,1
Where can I dine and learn about wine pairings?,Salon by Sucré,2
Where can I dine and learn about wine pairings?,Juan's Flying Burrito,0
Where can I dine and learn about wine pairings?,Red Fish Grill,2
Where can I dine and learn about wine pairings?,Café Adelaide,2
Where can I dine and learn about wine pairings?,NOLA Restaurant,1
Where can I dine and learn about wine pairings?,Seaworthy,1
Where can I dine and learn about wine pairings?,Vacherie,2
Where can I dine and learn about wine pairings?,Ugly Dog Saloon & BBQ,0
Where can I dine and learn about wine pairings?,Ye Olde College Inn,2
Where can I dine and learn about wine pairings?,Jacques-Imo's Cafe,1
Where can I dine and learn about wine pairings?,Cafe Sbisa,2
Where can I dine and learn about wine pairings?,Mayas,1
Where can I dine and learn about wine pairings?,SukhoThai,2
Where can I dine and learn about wine pairings?,Adolfo's,1
Where can I dine and learn about wine pairings?,Sofia,1
Where can I dine and learn about wine pairings?,Buffa's Bar & Restaurant,1
Where can I dine and learn about wine pairings?,13 Monaghan,0
Where can I dine and learn about wine pairings?,Sazerac Bar,1
Where can I dine and learn about wine pairings?,New Orleans Hamburger & Seafood Co,0
Where can I dine and learn about wine pairings?,Ruby Slipper Cafe,0
Where can I dine and learn about wine pairings?,Cornet,1
Where can I dine and learn about wine pairings?,Tableau,1
Where can I dine and learn about wine pairings?,Bon Ton Cafe,1
Where can I dine and learn about wine pairings?,Kin,0
Where can I dine and learn about wine pairings?,Superior Grill,0
Where can I dine and learn about wine pairings?,Nolé,2
Where can I dine and learn about wine pairings?,High Hat Cafe,1
Where can I dine and learn about wine pairings?,Cajun Mike's Pub & Grub,0
Where can I dine and learn about wine pairings?,Slice Pizzeria,1
Where can I dine and learn about wine pairings?,Evangeline,1
Where can I dine and learn about wine pairings?,Bourbon House,1
Where can I dine and learn about wine pairings?,Barcadia,0
Where can I dine and learn about wine pairings?,Mizado Latin Kitchen,1
Where can I dine and learn about wine pairings?,Basin Seafood & Spirits,2
Where can I dine and learn about wine pairings?,Rebellion Bar & Urban Kitchen,2
Where can I dine and learn about wine pairings?,Cowbell,0
Where can I dine and learn about wine pairings?,Domenica,2
Where can I dine and learn about wine pairings?,Justine,2
Where can I dine and learn about wine pairings?,Ancora,2
Where can I dine and learn about wine pairings?,Apolline Restaurant,2
Where can I dine and learn about wine pairings?,Backspace Bar & Kitchen,0
Where can I dine and learn about wine pairings?,New Orleans Creole Cookery,1
Where can I dine and learn about wine pairings?,Wood Pizza Bistro and Taphouse,1
Where can I dine and learn about wine pairings?,Gordon Biersch Brewery Restaurant,0
Where can I dine and learn about wine pairings?,Down The Hatch,0
Where can I dine and learn about wine pairings?,The Vintage,2
Where can I dine and learn about wine pairings?,Arabella Casa Di Pasta,2
Where can I dine and learn about wine pairings?,Mr. B's Bistro,1
Where can I dine and learn about wine pairings?,Desire Oyster Bar,0
Where can I dine and learn about wine pairings?,Tito's Ceviche & Pisco,1
Where can I dine and learn about wine pairings?,Satsuma Café,0
Where can I dine and learn about wine pairings?,Pat O'Brien’s,0
Where can I dine and learn about wine pairings?,Le Bayou Restaurant,0
Where can I dine and learn about wine pairings?,The Jazz Playhouse,1
Where can I dine and learn about wine pairings?,The Grill,0
Where can I dine and learn about wine pairings?,Blue Oak BBQ,0
Where can I dine and learn about wine pairings?,Louisiana Pizza Kitchen,2
Where can I dine and learn about wine pairings?,Cochon Butcher,1
Where can I dine and learn about wine pairings?,Pirates Alley Cafe,1
Where can I dine and learn about wine pairings?,Snug Harbor Jazz Bistro,0
Where can I dine and learn about wine pairings?,Ernst Cafe,0
Where can I dine and learn about wine pairings?,Walk-On's Sports Bistreaux - New Orleans,0
Where can I dine and learn about wine pairings?,Curio,0
Where can I dine and learn about wine pairings?,Deanie's Seafood,0
Where can I dine and learn about wine pairings?,Brennan's Restaurant,2
Where can I dine and learn about wine pairings?,Squeal,0
Where can I dine and learn about wine pairings?,Brown Butter Southern Kitchen & Bar,1
Where can I dine and learn about wine pairings?,Superior Seafood & Oyster Bar,1
Where can I dine and learn about wine pairings?,Luke,1
Where can I dine and learn about wine pairings?,The Camellia Grill,0
Where can I dine and learn about wine pairings?,Turtle Bay,0
Where can I dine and learn about wine pairings?,Frey Smoked Meat,1
Where can I dine and learn about wine pairings?,Little Gem Saloon,1
Where can I dine and learn about wine pairings?,The Velvet Cactus,0
Where can I dine and learn about wine pairings?,Pizza Domenica,1
Where can I dine and learn about wine pairings?,Tracey's Original Irish Channel Bar,0
Where can I dine and learn about wine pairings?,Dat Dog,0
Where can I dine and learn about wine pairings?,Houston's Restaurant,2
Where can I dine and learn about wine pairings?,Port Of Call,0
Where can I dine and learn about wine pairings?,Voodoo BBQ & Grill,0
Where can I dine and learn about wine pairings?,Amici,2
Where can I dine and learn about wine pairings?,Broussard's,1
Where can I dine and learn about wine pairings?,Brennan's,2
Where can I dine and learn about wine pairings?,Mandina's Restaurant,0
Where can I dine and learn about wine pairings?,Felix's Restaurant & Oyster Bar,0
Where can I dine and learn about wine pairings?,Chartres House,0
Where can I dine and learn about wine pairings?,Saints And Sinners,0
Where can I dine and learn about wine pairings?,The Maison,2
Where can I dine and learn about wine pairings?,Hobnobber's Variety Bar & Restaurant,0
Where can I dine and learn about wine pairings?,Maïs Arepas,1
Where can I dine and learn about wine pairings?,801 Royal,0
Where can I dine and learn about wine pairings?,Sneaky Pickle,0
Where can I dine and learn about wine pairings?,Carmo,1
Where can I dine and learn about wine pairings?,Katie's Restaurant & Bar,1
Where can I dine and learn about wine pairings?,St Charles Tavern,0
Where can I dine and learn about wine pairings?,Red Dog Diner,0
Where can I dine and learn about wine pairings?,Trenasse,2
Where can I dine and learn about wine pairings?,Elizabeth's Restaurant,1
Where can I dine and learn about wine pairings?,Mona Lisa Restaurant,1
Where can I dine and learn about wine pairings?,Galliano Restaurant,2
Where can I dine and learn about wine pairings?,Pascal's Manale,1
Where can I dine and learn about wine pairings?,Flamingo A-Go-Go,0
Where can I dine and learn about wine pairings?,La Casita,0
Where can I dine and learn about wine pairings?,Mopho,1
Where can I dine and learn about wine pairings?,Del Fuego,1
Where can I dine and learn about wine pairings?,Nirvana Indian Cuisine,0
Where can I dine and learn about wine pairings?,Jagerhaus,2
Where can I dine and learn about wine pairings?,HORN'S EATERY,1
Where can I dine and learn about wine pairings?,Huck Finn's Cafe,0
Where can I dine and learn about wine pairings?,Lucy's Retired Surfers Bar & Restaurant,0
Where can I dine and learn about wine pairings?,Grand Isle,1
Where can I dine and learn about wine pairings?,The Backyard,1
Where can I dine and learn about wine pairings?,Windsor Court Hotel,2
Where can I dine and learn about wine pairings?,Legacy Kitchen's Craft Tavern,1
Where can I dine and learn about wine pairings?,Café at The Square,1
Where can I dine and learn about wine pairings?,Estrella Steak & Lobster,1
Where can I dine and learn about wine pairings?,Nonna Mia Cafe & Pizzeria,2
Where can I dine and learn about wine pairings?,Deja Vu Restaurant & Bar,0
Where can I dine and learn about wine pairings?,Gazebo Cafe,0
Where can I dine and learn about wine pairings?,Yo Mama's Bar & Grill,0
Where can I dine and learn about wine pairings?,Lebanon's Cafe,1
Where can I dine and learn about wine pairings?,Midway Pizza,0
Where can I dine and learn about wine pairings?,Attiki Bar and Grill,1
Where can I dine and learn about wine pairings?,The Rum House,0
Where can I dine and learn about wine pairings?,GG's Dine-O-Rama,0
Where can I dine and learn about wine pairings?,Santa Fe,0
Where can I dine and learn about wine pairings?,Coop's Place,0
Where can I dine and learn about wine pairings?,Angeli on Decatur,1
Where can I dine and learn about wine pairings?,Pat O'Brien's Courtyard Restaurant,0
Where can I dine and learn about wine pairings?,Parasol's,0
Where can I dine and learn about wine pairings?,Ignatius' Rue de La Course Coffeehouse,0
Where can I dine and learn about wine pairings?,Coterie Restaurant & Oyster Bar,1
Where can I dine and learn about wine pairings?,Felipe's Mexican Taqueria - French Quarter,0
Where can I dine and learn about wine pairings?,The Original French Market Restaurant and Bar,1
Where can I dine and learn about wine pairings?,Warehouse Grille,1
Where can I dine and learn about wine pairings?,The Munch Factory,0
Where can I dine and learn about wine pairings?,Felipe's Mexican Taqueria - Uptown,0
Where can I dine and learn about wine pairings?,The Blind Pelican,0
Where can I dine and learn about wine pairings?,Venezia Restaurant,2
Where can I dine and learn about wine pairings?,Old Absinthe House,1
Where can I dine and learn about wine pairings?,Steamboat Natchez,1
Where can I dine and learn about wine pairings?,Namese,0
Where can I dine and learn about wine pairings?,House of Blues New Orleans,0
Where can I dine and learn about wine pairings?,Neyow's Creole Cafe,0
Where can I dine and learn about wine pairings?,30_90 NOLA,1
Where can I dine and learn about wine pairings?,La Thai Uptown,1
Where can I dine and learn about wine pairings?,Rock-n-Saké Bar & Sushi,1
Where can I dine and learn about wine pairings?,Tacos And Beer,0
Where can I dine and learn about wine pairings?,Mint Modern Vietnamese Bistro & Bar,2
Where can I dine and learn about wine pairings?,Yuki Izakaya,2
Where can I dine and learn about wine pairings?,Copper Monkey Grill,0
Where can I dine and learn about wine pairings?,Araña Taqueria y Cantina,1
Where can I dine and learn about wine pairings?,Dooky Chase's Restaurant,0
Where can I dine and learn about wine pairings?,Noodle & Pie,1
Where can I dine and learn about wine pairings?,Toast,0
Where can I dine and learn about wine pairings?,Frankie & Johnny's,1
Where can I dine and learn about wine pairings?,Red's Chinese,0
Where can I dine and learn about wine pairings?,Casa Borrega,1
Where can I dine and learn about wine pairings?,Joey K's Restaurant & Bar,0
Where can I dine and learn about wine pairings?,Cafe Negril,0
Where can I dine and learn about wine pairings?,Hard Rock Cafe,0
Where can I dine and learn about wine pairings?,The Governor,1
Where can I dine and learn about wine pairings?,Diamond Street Bar & Grill,0
Where can I dine and learn about wine pairings?,The Company Burger,0
Where can I dine and learn about wine pairings?,Saint Cecilia,1
Where can I dine and learn about wine pairings?,Sassafras Restaurant,0
Where can I dine and learn about wine pairings?,Cafe Maspero,0
Where can I dine and learn about wine pairings?,Fritzel's European Jazz Pub,0
Where can I dine and learn about wine pairings?,Hotel New Orleans Downtown,1
Where can I dine and learn about wine pairings?,Heard Dat Kitchen,0
Where can I dine and learn about wine pairings?,Charcoal's Gourmet Burger Bar,0
Where can I dine and learn about wine pairings?,Cleo's,0
Where can I dine and learn about wine pairings?,Avery's On Tulane,0
Where can I dine and learn about wine pairings?,Boswell's Jamaican Grill,0
Where can I dine and learn about wine pairings?,"The Ritz-Carlton, New Orleans",2
Where can I dine and learn about wine pairings?,Johnny Sanchez,0
Where can I dine and learn about wine pairings?,Gallier Restaurant & Oyster Bar,1
Where can I dine and learn about wine pairings?,Tsunami Sushi,1
Where can I dine and learn about wine pairings?,Bearcat CBD,0
Where can I dine and learn about wine pairings?,Three Legged Dog,0
Where can I dine and learn about wine pairings?,Another Broken Egg Cafe,0
Where can I dine and learn about wine pairings?,Acme Oyster House,0
Where can I dine and learn about wine pairings?,Remoulade,1
Where can I dine and learn about wine pairings?,Felipe's Mexican Taqueria - Mid City,0
Where can I dine and learn about wine pairings?,Oceana Grill,1
Where can I dine and learn about wine pairings?,Ba Chi Canteen,0
Where can I dine and learn about wine pairings?,Cuñada,0
Where can I dine and learn about wine pairings?,Morrow's,1
Where can I dine and learn about wine pairings?,Who Dat Coffee Cafe,0
Where can I dine and learn about wine pairings?,Mr Ed's Oyster Bar - Bienville,0
Where can I dine and learn about wine pairings?,The Original Pierre Maspero's,1
Where can I dine and learn about wine pairings?,Tout De Suite Cafe,0
Where can I dine and learn about wine pairings?,Bennachin Restaurant,0
Where can I dine and learn about wine pairings?,La Macarena Pupuseria & Latin Cafe,0
Where can I dine and learn about wine pairings?,Slim Goodies Diner,0
Where can I dine and learn about wine pairings?,Royal Sonesta New Orleans,2
Where can I dine and learn about wine pairings?,Taqueria Guerrero,0
Where can I dine and learn about wine pairings?,Faubourg Bistro,0
Where can I dine and learn about wine pairings?,Stein's Market and Deli,1
Where can I dine and learn about wine pairings?,Gumbo Shop,1
Where can I dine and learn about wine pairings?,The American Sports Saloon,0
Where can I dine and learn about wine pairings?,Killer Poboys,0
Where can I dine and learn about wine pairings?,Liuzza's By The Track,0
Where can I dine and learn about wine pairings?,Royal House,1
Where can I dine and learn about wine pairings?,Tartine,1
Where can I dine and learn about wine pairings?,Milk Bar,0
Where can I dine and learn about wine pairings?,Russell's Marina Grill,0
Where can I dine and learn about wine pairings?,BOIL Seafood House,0
Where can I dine and learn about wine pairings?,Taqueria Corona,0
Where can I dine and learn about wine pairings?,Creole House Restaurant & Oyster Bar,0
Where can I dine and learn about wine pairings?,Pier 424 Seafood Market,0
Where can I dine and learn about wine pairings?,Bamboula's,0
Where can I dine and learn about wine pairings?,The Praline Connection,0
Where can I dine and learn about wine pairings?,The Blue Crab Restaurant & Oyster Bar,1
Where can I dine and learn about wine pairings?,Olde Nola Cookery,0
Where can I dine and learn about wine pairings?,Mr. Ed's Oyster Bar - St Charles Ave,0
Where can I dine and learn about wine pairings?,Please-U-Restaurant,0
Where can I dine and learn about wine pairings?,Seed,1
Where can I dine and learn about wine pairings?,Magasin Vietnamese Cafe,0
Where can I dine and learn about wine pairings?,Bubba Gump Shrimp Co.,0
Where can I dine and learn about wine pairings?,Copeland's Cheesecake Bistro,0
Where can I dine and learn about wine pairings?,Mambo's,1
Where can I dine and learn about wine pairings?,Little Tokyo Small Plates & Noodle Bar,0
Where can I dine and learn about wine pairings?,Chiba,2
Where can I dine and learn about wine pairings?,Cafe Pontalba,0
Where can I dine and learn about wine pairings?,Fullblast Brunch,0
Where can I dine and learn about wine pairings?,Le Pavillon Hotel,1
Where can I dine and learn about wine pairings?,Cafe Envie & Espresso Bar,1
Where can I dine and learn about wine pairings?,Casamento's Restaurant,0
Where can I dine and learn about wine pairings?,Majoria's Commerce Restaurant,0
Where can I dine and learn about wine pairings?,Cafe Beignet on Bourbon Street,0
Where can I dine and learn about wine pairings?,Corner Oyster House,0
Where can I dine and learn about wine pairings?,Pho Bistreaux,0
Where can I dine and learn about wine pairings?,Hoshun Restaurant,0
Where can I dine and learn about wine pairings?,New Orleans Cake Café & Bakery,0
Where can I dine and learn about wine pairings?,Manning's Sports Bar and Grill,0
Where can I dine and learn about wine pairings?,Clover Grill,0
Where can I dine and learn about wine pairings?,New Orleans Marriott,1
Where can I dine and learn about wine pairings?,Napoleon House,1
Where can I dine and learn about wine pairings?,The Old Coffee Pot Restaurant,0
Where can I dine and learn about wine pairings?,Willie's Chicken Shack,0
Where can I dine and learn about wine pairings?,The Market Cafe,0
Where can I dine and learn about wine pairings?,The Crazy Lobster Bar & Grill,0
Where can I dine and learn about wine pairings?,Verti Marte,0
Where can I dine and learn about wine pairings?,Bearcat Cafe,0
Where can I dine and learn about wine pairings?,Nacho Mama's Mexican Grill,0
Where can I dine and learn about wine pairings?,Welty's Deli and Catering,0
Where can I dine and learn about wine pairings?,Cajun Seafood,0
Where can I dine and learn about wine pairings?,Mahony's Po-Boys & Seafood,0
Where can I dine and learn about wine pairings?,Stanley,0
Where can I dine and learn about wine pairings?,Red Gravy,0
Where can I dine and learn about wine pairings?,Parkway Bakery & Tavern,0
Where can I dine and learn about wine pairings?,Bayou Burger & Sports Company,0
Where can I dine and learn about wine pairings?,Refuel Cafe,0
Where can I dine and learn about wine pairings?,Pizza Delicious,0
Where can I dine and learn about wine pairings?,Mulate's,0
Where can I dine and learn about wine pairings?,Li'l Dizzy's Cafe,0
Where can I dine and learn about wine pairings?,Riccobono’s Panola St. Cafe,0
Where can I dine and learn about wine pairings?,Fharmacy Nola,0
Where can I dine and learn about wine pairings?,Kebab,0
Where can I dine and learn about wine pairings?,BB King's Blues Club,0
Where can I dine and learn about wine pairings?,biscuit & buns on banks,0
Where can I dine and learn about wine pairings?,Clesi's Restaurant & Catering,0
Where can I dine and learn about wine pairings?,Gumbo POT,0
Where can I dine and learn about wine pairings?,Willa Jean,0
Where can I dine and learn about wine pairings?,Union Kitchen & Union Party Room,0
Where can I dine and learn about wine pairings?,Cafe Rose Nicaud,0
Where can I dine and learn about wine pairings?,Little Korea BBQ,0
Where can I dine and learn about wine pairings?,Blaze Pizza,0
Where can I dine and learn about wine pairings?,Surrey's Uptown,0
Where can I dine and learn about wine pairings?,Sweet Soulfood,0
Where can I dine and learn about wine pairings?,P & G Restaurant & Bar,0
Where can I dine and learn about wine pairings?,Pere Antoine Restaurant,1
Where can I dine and learn about wine pairings?,Nomiya,0
Where can I dine and learn about wine pairings?,Seither's Seafood,0
Where can I dine and learn about wine pairings?,The Trolley Stop Cafe,0
Where can I dine and learn about wine pairings?,Drago's Seafood Restaurant,1
Where can I dine and learn about wine pairings?,Cafe Fleur De Lis,0
Where can I dine and learn about wine pairings?,The Halal Guys,0
Where can I dine and learn about wine pairings?,Two Chicks Cafe,0
Where can I dine and learn about wine pairings?,Lilly's Cafe,0
Where can I dine and learn about wine pairings?,The Old No 77 Hotel and Chandlery,2
Where can I dine and learn about wine pairings?,Pho Tau Bay Restaurant,0
Where can I dine and learn about wine pairings?,Hilton New Orleans Riverside,2
Where can I dine and learn about wine pairings?,Coulis,0
Where can I dine and learn about wine pairings?,Crabby Jack's,0
Where can I dine and learn about wine pairings?,Domilise Po-Boys & Bar,0
Where can I dine and learn about wine pairings?,Liberty Cheesesteaks,0
Where can I dine and learn about wine pairings?,Acme Oyster House - Harrahs,0
Where can I dine and learn about wine pairings?,Mena's Palace,0
Where can I dine and learn about wine pairings?,Cafe Conti,0
Where can I dine and learn about wine pairings?,W New Orleans - French Quarter,1
Where can I dine and learn about wine pairings?,Reginelli's Pizzeria,1
Where can I dine and learn about wine pairings?,Surrey's Café & Juice Bar,0
Where can I dine and learn about wine pairings?,Fat Boy Pantry,0
Where can I dine and learn about wine pairings?,Guy's Po Boys,0
Where can I dine and learn about wine pairings?,Belle's Diner Nola,0
Where can I dine and learn about wine pairings?,Krystal,0
Where can I dine and learn about wine pairings?,J's Seafood Dock,0
Where can I dine and learn about wine pairings?,Jimmy J's Cafe,0
Where can I dine and learn about wine pairings?,Dian Xin,0
Where can I dine and learn about wine pairings?,Breads on Oak Cafe & Bakery,1
Where can I dine and learn about wine pairings?,Tru Burger,0
Where can I dine and learn about wine pairings?,Sheraton New Orleans Hotel,1
Where can I dine and learn about wine pairings?,Mahony's Po-Boys & Seafood  - Uptown,0
Where can I dine and learn about wine pairings?,Dolce Vita Pizzeria,1
Where can I dine and learn about wine pairings?,Five Happiness Chinese Restaurant,0
Where can I dine and learn about wine pairings?,9 Roses Cafe,0
Where can I dine and learn about wine pairings?,Crescent City Pizza Works,0
Where can I dine and learn about wine pairings?,Streetcar Cafe,0
Where can I dine and learn about wine pairings?,Meals From The Heart Cafe,0
Where can I dine and learn about wine pairings?,Merchant,1
Where can I dine and learn about wine pairings?,Asuka Sushi & Hibachi,0
Where can I dine and learn about wine pairings?,Embassy Suites by Hilton New Orleans,1
Where can I dine and learn about wine pairings?,Avenue Cafe,0
Where can I dine and learn about wine pairings?,Bevi Seafood,0
Where can I dine and learn about wine pairings?,Wakin' Bakin',0
Where can I dine and learn about wine pairings?,Backatown Coffee Parlour,0
Where can I dine and learn about wine pairings?,Dong Phuong,0
Where can I dine and learn about wine pairings?,Daisy Dukes - French Quarter,0
Where can I dine and learn about wine pairings?,Bayou Hot Wings,0
Where can I dine and learn about wine pairings?,Mid City Pizza,0
Where can I dine and learn about wine pairings?,Fiorella's Cafe,0
Where can I dine and learn about wine pairings?,Morning Call Coffee Stand,0
Where can I dine and learn about wine pairings?,Ruby Slipper - New Orleans,0
Where can I dine and learn about wine pairings?,District Donuts Sliders Brew,0
Where can I dine and learn about wine pairings?,Rue De La Course,0
Where can I dine and learn about wine pairings?,Turkey and the Wolf,0
Where can I dine and learn about wine pairings?,NOLA Poboys,0
Where can I dine and learn about wine pairings?,Monty's on the Square,0
Where can I dine and learn about wine pairings?,Dreamy Weenies,0
Where can I dine and learn about wine pairings?,Franks Restaurant,0
Where can I dine and learn about wine pairings?,Mother's Restaurant,0
Where can I dine and learn about wine pairings?,Sushi Brothers,0
Where can I dine and learn about wine pairings?,Ninja Restaurant,1
Where can I dine and learn about wine pairings?,HiVolt Coffee,0
Where can I dine and learn about wine pairings?,G's Pizza,2
Where can I dine and learn about wine pairings?,Jung's Golden Dragon II,0
Where can I dine and learn about wine pairings?,The Daily Beet,0
Where can I dine and learn about wine pairings?,Gene's PO-Boys,0
Where can I dine and learn about wine pairings?,Gumbo Ya-Ya,0
Where can I dine and learn about wine pairings?,Shawarma on the Go,0
Where can I dine and learn about wine pairings?,Vieux Carre Pizza,0
Where can I dine and learn about wine pairings?,French Toast,0
Where can I dine and learn about wine pairings?,Dave & Buster's,0
Where can I dine and learn about wine pairings?,Brothers Food Mart,0
Where can I dine and learn about wine pairings?,Mikimoto,0
Where can I dine and learn about wine pairings?,Origami,0
Where can I dine and learn about wine pairings?,French Quarter Phantoms,0
Where can I dine and learn about wine pairings?,Cafe Beignet on Decatur Street,0
Where can I dine and learn about wine pairings?,Café Du Monde,0
Where can I dine and learn about wine pairings?,Geisha Sushi Bistro,1
Where can I dine and learn about wine pairings?,Croissant D'Or Patisserie,0
Where can I dine and learn about wine pairings?,Mojo Coffee House,0
Where can I dine and learn about wine pairings?,Cafe Beignet on Royal Street,0
Where can I dine and learn about wine pairings?,Envie Espresso Bar & Cafe,0
Where can I dine and learn about wine pairings?,Johnny's Po-Boys,0
Where can I dine and learn about wine pairings?,Daisy Dukes Express,0
Where can I dine and learn about wine pairings?,Paddlewheeler Creole Queen,1
Where can I dine and learn about wine pairings?,Two Chicks Café - CBD,0
Where can I dine and learn about wine pairings?,Sucré,0
Where can I dine and learn about wine pairings?,Melba's,0
Where can I dine and learn about wine pairings?,Revelator Coffee New Orleans,0
Where can I dine and learn about wine pairings?,Bittersweet Confections,0
Where can I dine and learn about wine pairings?,Poke Loa,0
Where can I dine and learn about wine pairings?,World Famous N'awlins Cafe & Spice Emporium,0
Where can I dine and learn about wine pairings?,The Original Italian Pie,0
Where can I dine and learn about wine pairings?,Angelo Brocato,0
Where can I dine and learn about wine pairings?,New Orleans Famous Beignets And Coffee,0
Where can I dine and learn about wine pairings?,French Truck Coffee,0
Where can I dine and learn about wine pairings?,Daisy Dukes Cafe,0
Where can I dine and learn about wine pairings?,Willie Mae's Scotch House,0
Where can I dine and learn about wine pairings?,We Dat's Chicken and Shrimp,0
Where can I dine and learn about wine pairings?,La Boulangerie,0
Where can I dine and learn about wine pairings?,IHOP,0
Where can I dine and learn about wine pairings?,Gus's World Famous Fried Chicken,0
Where can I dine and learn about wine pairings?,Piccola Gelateria,0
Where can I dine and learn about wine pairings?,Magazine Pizza,0
Where can I dine and learn about wine pairings?,Central Grocery & Deli,0
Where can I dine and learn about wine pairings?,Daisy Mae's Southern Fried Chicken & Breakfast,0
Where can I dine and learn about wine pairings?,Holy Crepes!,0
Suggest a restaurant that elevates breakfast dishes.,Toast,3
Suggest a restaurant that elevates breakfast dishes.,Satsuma Café,3
Suggest a restaurant that elevates breakfast dishes.,Ruby Slipper Cafe,3
Suggest a restaurant that elevates breakfast dishes.,Coulis,3
Suggest a restaurant that elevates breakfast dishes.,Riccobono’s Panola St. Cafe,3
Suggest a restaurant that elevates breakfast dishes.,Russell's Marina Grill,3
Suggest a restaurant that elevates breakfast dishes.,Wakin' Bakin',3
Suggest a restaurant that elevates breakfast dishes.,Cafe Fleur De Lis,3
Suggest a restaurant that elevates breakfast dishes.,Slim Goodies Diner,3
Suggest a restaurant that elevates breakfast dishes.,Another Broken Egg Cafe,3
Suggest a restaurant that elevates breakfast dishes.,Two Chicks Cafe,3
Suggest a restaurant that elevates breakfast dishes.,New Orleans Cake Café & Bakery,3
Suggest a restaurant that elevates breakfast dishes.,Refuel Cafe,3
Suggest a restaurant that elevates breakfast dishes.,The Daily Beet,3
Suggest a restaurant that elevates breakfast dishes.,Tartine,3
Suggest a restaurant that elevates breakfast dishes.,Surrey's Uptown,3
Suggest a restaurant that elevates breakfast dishes.,French Toast,3
Suggest a restaurant that elevates breakfast dishes.,GG's Dine-O-Rama,3
Suggest a restaurant that elevates breakfast dishes.,Ruby Slipper - New Orleans,3
Suggest a restaurant that elevates breakfast dishes.,Bearcat Cafe,3
Suggest a restaurant that elevates breakfast dishes.,Surrey's Café & Juice Bar,3
Suggest a restaurant that elevates breakfast dishes.,Cafe Conti,3
Suggest a restaurant that elevates breakfast dishes.,Elizabeth's Restaurant,3
Suggest a restaurant that elevates breakfast dishes.,The Grill,3
Suggest a restaurant that elevates breakfast dishes.,Café at The Square,3
Suggest a restaurant that elevates breakfast dishes.,Milk Bar,1
Suggest a restaurant that elevates breakfast dishes.,Brennan's Restaurant,3
Suggest a restaurant that elevates breakfast dishes.,Jimmy J's Cafe,3
Suggest a restaurant that elevates breakfast dishes.,Fullblast Brunch,3
Suggest a restaurant that elevates breakfast dishes.,Wayfare,2
Suggest a restaurant that elevates breakfast dishes.,Tout De Suite Cafe,3
Suggest a restaurant that elevates breakfast dishes.,Red Dog Diner,3
Suggest a restaurant that elevates breakfast dishes.,Please-U-Restaurant,2
Suggest a restaurant that elevates breakfast dishes.,Willa Jean,3
Suggest a restaurant that elevates breakfast dishes.,Stanley,3
Suggest a restaurant that elevates breakfast dishes.,Majoria's Commerce Restaurant,3
Suggest a restaurant that elevates breakfast dishes.,Cafe Rose Nicaud,3
Suggest a restaurant that elevates breakfast dishes.,Bearcat CBD,3
Suggest a restaurant that elevates breakfast dishes.,The Camellia Grill,3
Suggest a restaurant that elevates breakfast dishes.,Restaurant August,1
Suggest a restaurant that elevates breakfast dishes.,Compère Lapin,3
Suggest a restaurant that elevates breakfast dishes.,The Old Coffee Pot Restaurant,2
Suggest a restaurant that elevates breakfast dishes.,Paladar 511,3
Suggest a restaurant that elevates breakfast dishes.,Red Gravy,3
Suggest a restaurant that elevates breakfast dishes.,HiVolt Coffee,3
Suggest a restaurant that elevates breakfast dishes.,Dante's Kitchen,3
Suggest a restaurant that elevates breakfast dishes.,biscuit & buns on banks,3
Suggest a restaurant that elevates breakfast dishes.,Two Chicks Café - CBD,3
Suggest a restaurant that elevates breakfast dishes.,Mena's Palace,2
Suggest a restaurant that elevates breakfast dishes.,Lilette,0
Suggest a restaurant that elevates breakfast dishes.,High Hat Cafe,2
Suggest a restaurant that elevates breakfast dishes.,HORN'S EATERY,3
Suggest a restaurant that elevates breakfast dishes.,Cochon,0
Suggest a restaurant that elevates breakfast dishes.,Apolline Restaurant,3
Suggest a restaurant that elevates breakfast dishes.,El Gato Negro,0
Suggest a restaurant that elevates breakfast dishes.,Noodle & Pie,0
Suggest a restaurant that elevates breakfast dishes.,Brennan's,3
Suggest a restaurant that elevates breakfast dishes.,Coquette,2
Suggest a restaurant that elevates breakfast dishes.,Eat New Orleans,3
Suggest a restaurant that elevates breakfast dishes.,Criollo Restaurant,3
Suggest a restaurant that elevates breakfast dishes.,Meals From The Heart Cafe,2
Suggest a restaurant that elevates breakfast dishes.,Stella!,1
Suggest a restaurant that elevates breakfast dishes.,Streetcar Cafe,2
Suggest a restaurant that elevates breakfast dishes.,P & G Restaurant & Bar,3
Suggest a restaurant that elevates breakfast dishes.,Seed,3
Suggest a restaurant that elevates breakfast dishes.,The Trolley Stop Cafe,2
Suggest a restaurant that elevates breakfast dishes.,Root,3
Suggest a restaurant that elevates breakfast dishes.,Herbsaint,0
Suggest a restaurant that elevates breakfast dishes.,Bayona,0
Suggest a restaurant that elevates breakfast dishes.,SoBou,2
Suggest a restaurant that elevates breakfast dishes.,Jacques-Imo's Cafe,0
Suggest a restaurant that elevates breakfast dishes.,Louisiana Bistro,1
Suggest a restaurant that elevates breakfast dishes.,Juan's Flying Burrito,0
Suggest a restaurant that elevates breakfast dishes.,The American Sector,1
Suggest a restaurant that elevates breakfast dishes.,Cafe Degas,2
Suggest a restaurant that elevates breakfast dishes.,Mizado Latin Kitchen,2
Suggest a restaurant that elevates breakfast dishes.,Brown Butter Southern Kitchen & Bar,3
Suggest a restaurant that elevates breakfast dishes.,Brigtsen's Restaurant,0
Suggest a restaurant that elevates breakfast dishes.,Carmo,1
Suggest a restaurant that elevates breakfast dishes.,Sneaky Pickle,2
Suggest a restaurant that elevates breakfast dishes.,Patois Restaurant,3
Suggest a restaurant that elevates breakfast dishes.,Tito's Ceviche & Pisco,0
Suggest a restaurant that elevates breakfast dishes.,Vacherie,3
Suggest a restaurant that elevates breakfast dishes.,Green Goddess,2
Suggest a restaurant that elevates breakfast dishes.,SukhoThai,0
Suggest a restaurant that elevates breakfast dishes.,Mopho,1
Suggest a restaurant that elevates breakfast dishes.,Maypop Restaurant,1
Suggest a restaurant that elevates breakfast dishes.,Booty's Street Food,2
Suggest a restaurant that elevates breakfast dishes.,Vincent's Italian Cuisine,0
Suggest a restaurant that elevates breakfast dishes.,Café Amelie,2
Suggest a restaurant that elevates breakfast dishes.,Ignatius' Rue de La Course Coffeehouse,2
Suggest a restaurant that elevates breakfast dishes.,Mint Modern Vietnamese Bistro & Bar,2
Suggest a restaurant that elevates breakfast dishes.,Emeril's ,1
Suggest a restaurant that elevates breakfast dishes.,Dong Phuong,1
Suggest a restaurant that elevates breakfast dishes.,Clancy's Restaurant,0
Suggest a restaurant that elevates breakfast dishes.,Borgne,0
Suggest a restaurant that elevates breakfast dishes.,Dick & Jenny's,1
Suggest a restaurant that elevates breakfast dishes.,Angeline,3
Suggest a restaurant that elevates breakfast dishes.,Salon by Sucré,3
Suggest a restaurant that elevates breakfast dishes.,Warehouse Grille,3
Suggest a restaurant that elevates breakfast dishes.,La Crepe Nanou,2
Suggest a restaurant that elevates breakfast dishes.,Belle's Diner Nola,2
Suggest a restaurant that elevates breakfast dishes.,Mona's Cafe,1
Suggest a restaurant that elevates breakfast dishes.,Santa Fe,2
Suggest a restaurant that elevates breakfast dishes.,Merchant,3
Suggest a restaurant that elevates breakfast dishes.,DTB,3
Suggest a restaurant that elevates breakfast dishes.,Fat Boy Pantry,3
Suggest a restaurant that elevates breakfast dishes.,Saba,0
Suggest a restaurant that elevates breakfast dishes.,La Petite Grocery,2
Suggest a restaurant that elevates breakfast dishes.,Nolé,1
Suggest a restaurant that elevates breakfast dishes.,Ba Chi Canteen,0
Suggest a restaurant that elevates breakfast dishes.,Breads on Oak Cafe & Bakery,3
Suggest a restaurant that elevates breakfast dishes.,Maïs Arepas,2
Suggest a restaurant that elevates breakfast dishes.,The Gallery Venue at Tomas Bistro,0
Suggest a restaurant that elevates breakfast dishes.,GW Fins,0
Suggest a restaurant that elevates breakfast dishes.,The Steakhouse,0
Suggest a restaurant that elevates breakfast dishes.,Cafe Envie & Espresso Bar,3
Suggest a restaurant that elevates breakfast dishes.,K-Paul's Louisiana Kitchen,0
Suggest a restaurant that elevates breakfast dishes.,Café Adelaide,1
Suggest a restaurant that elevates breakfast dishes.,Poke Loa,0
Suggest a restaurant that elevates breakfast dishes.,Shaya,2
Suggest a restaurant that elevates breakfast dishes.,Meril,2
Suggest a restaurant that elevates breakfast dishes.,Baru Bistro & Tapas,0
Suggest a restaurant that elevates breakfast dishes.,Jagerhaus,2
Suggest a restaurant that elevates breakfast dishes.,Ye Olde College Inn,1
Suggest a restaurant that elevates breakfast dishes.,Nirvana Indian Cuisine,0
Suggest a restaurant that elevates breakfast dishes.,Boswell's Jamaican Grill,0
Suggest a restaurant that elevates breakfast dishes.,Taqueria Guerrero,2
Suggest a restaurant that elevates breakfast dishes.,Boucherie,0
Suggest a restaurant that elevates breakfast dishes.,Li'l Dizzy's Cafe,3
Suggest a restaurant that elevates breakfast dishes.,Atchafalaya Restaurant,3
Suggest a restaurant that elevates breakfast dishes.,Cochon Butcher,1
Suggest a restaurant that elevates breakfast dishes.,Dooky Chase's Restaurant,1
Suggest a restaurant that elevates breakfast dishes.,Rib Room,1
Suggest a restaurant that elevates breakfast dishes.,The Velvet Cactus,0
Suggest a restaurant that elevates breakfast dishes.,Capdeville,1
Suggest a restaurant that elevates breakfast dishes.,Vessel NOLA,2
Suggest a restaurant that elevates breakfast dishes.,Katie's Restaurant & Bar,2
Suggest a restaurant that elevates breakfast dishes.,Saffron nola,2
Suggest a restaurant that elevates breakfast dishes.,Pho Tau Bay Restaurant,0
Suggest a restaurant that elevates breakfast dishes.,Meauxbar,2
Suggest a restaurant that elevates breakfast dishes.,Kebab,0
Suggest a restaurant that elevates breakfast dishes.,Salú Bistro and Bar,2
Suggest a restaurant that elevates breakfast dishes.,Annunciation,0
Suggest a restaurant that elevates breakfast dishes.,Johnny Sanchez,3
Suggest a restaurant that elevates breakfast dishes.,Croissant D'Or Patisserie,3
Suggest a restaurant that elevates breakfast dishes.,Mayas,2
Suggest a restaurant that elevates breakfast dishes.,Pêche,0
Suggest a restaurant that elevates breakfast dishes.,Kin,2
Suggest a restaurant that elevates breakfast dishes.,Bennachin Restaurant,0
Suggest a restaurant that elevates breakfast dishes.,Who Dat Coffee Cafe,3
Suggest a restaurant that elevates breakfast dishes.,La Macarena Pupuseria & Latin Cafe,2
Suggest a restaurant that elevates breakfast dishes.,Sylvain,2
Suggest a restaurant that elevates breakfast dishes.,Slice Pizzeria,0
Suggest a restaurant that elevates breakfast dishes.,Josephine Estelle,3
Suggest a restaurant that elevates breakfast dishes.,Namese,1
Suggest a restaurant that elevates breakfast dishes.,Palace Café,2
Suggest a restaurant that elevates breakfast dishes.,Cavan,2
Suggest a restaurant that elevates breakfast dishes.,Lebanon's Cafe,0
Suggest a restaurant that elevates breakfast dishes.,Magasin Vietnamese Cafe,1
Suggest a restaurant that elevates breakfast dishes.,Toups Meatery,0
Suggest a restaurant that elevates breakfast dishes.,Landry's Seafood House,0
Suggest a restaurant that elevates breakfast dishes.,Lola's,0
Suggest a restaurant that elevates breakfast dishes.,Envie Espresso Bar & Cafe,1
Suggest a restaurant that elevates breakfast dishes.,Irene's,0
Suggest a restaurant that elevates breakfast dishes.,Cowbell,2
Suggest a restaurant that elevates breakfast dishes.,Killer Poboys,0
Suggest a restaurant that elevates breakfast dishes.,Hobnobber's Variety Bar & Restaurant,3
Suggest a restaurant that elevates breakfast dishes.,Muriel's Jackson Square,2
Suggest a restaurant that elevates breakfast dishes.,NOLA Restaurant,2
Suggest a restaurant that elevates breakfast dishes.,Sassafras Restaurant,1
Suggest a restaurant that elevates breakfast dishes.,Willie's Chicken Shack,0
Suggest a restaurant that elevates breakfast dishes.,Welty's Deli and Catering,1
Suggest a restaurant that elevates breakfast dishes.,Embassy Suites by Hilton New Orleans,2
Suggest a restaurant that elevates breakfast dishes.,Upperline,0
Suggest a restaurant that elevates breakfast dishes.,Monty's on the Square,3
Suggest a restaurant that elevates breakfast dishes.,Sofia,0
Suggest a restaurant that elevates breakfast dishes.,Restaurant R'evolution,1
Suggest a restaurant that elevates breakfast dishes.,The Court of Two Sisters,3
Suggest a restaurant that elevates breakfast dishes.,Commander's Palace,2
Suggest a restaurant that elevates breakfast dishes.,Pho Bistreaux,0
Suggest a restaurant that elevates breakfast dishes.,Saint Cecilia,3
Suggest a restaurant that elevates breakfast dishes.,Curio,2
Suggest a restaurant that elevates breakfast dishes.,St Charles Tavern,3
Suggest a restaurant that elevates breakfast dishes.,Felipe's Mexican Taqueria - Uptown,0
Suggest a restaurant that elevates breakfast dishes.,Chophouse New Orleans,0
Suggest a restaurant that elevates breakfast dishes.,Taqueria Corona,1
Suggest a restaurant that elevates breakfast dishes.,Cafe Abyssinia,1
Suggest a restaurant that elevates breakfast dishes.,Turkey and the Wolf,2
Suggest a restaurant that elevates breakfast dishes.,Mr John's Steakhouse,0
Suggest a restaurant that elevates breakfast dishes.,The Praline Connection,0
Suggest a restaurant that elevates breakfast dishes.,Dat Dog,0
Suggest a restaurant that elevates breakfast dishes.,The Company Burger,0
Suggest a restaurant that elevates breakfast dishes.,Lilly's Cafe,2
Suggest a restaurant that elevates breakfast dishes.,Restaurant Rebirth,0
Suggest a restaurant that elevates breakfast dishes.,Avenue Cafe,2
Suggest a restaurant that elevates breakfast dishes.,13 Monaghan,2
Suggest a restaurant that elevates breakfast dishes.,Galatoire's Restaurant,0
Suggest a restaurant that elevates breakfast dishes.,Venezia Restaurant,0
Suggest a restaurant that elevates breakfast dishes.,The Governor,3
Suggest a restaurant that elevates breakfast dishes.,Little Korea BBQ,0
Suggest a restaurant that elevates breakfast dishes.,Gyu-Kaku Japanese BBQ,0
Suggest a restaurant that elevates breakfast dishes.,Rebellion Bar & Urban Kitchen,1
Suggest a restaurant that elevates breakfast dishes.,Gris-Gris,2
Suggest a restaurant that elevates breakfast dishes.,The Pelican Club,0
Suggest a restaurant that elevates breakfast dishes.,Trenasse,3
Suggest a restaurant that elevates breakfast dishes.,Angeli on Decatur,1
Suggest a restaurant that elevates breakfast dishes.,Union Kitchen & Union Party Room,3
Suggest a restaurant that elevates breakfast dishes.,Cane and Table,2
Suggest a restaurant that elevates breakfast dishes.,Del Fuego,0
Suggest a restaurant that elevates breakfast dishes.,Felipe's Mexican Taqueria - French Quarter,0
Suggest a restaurant that elevates breakfast dishes.,Cafe Beignet on Royal Street,2
Suggest a restaurant that elevates breakfast dishes.,Saint Lawrence,1
Suggest a restaurant that elevates breakfast dishes.,Ralph's on the Park,2
Suggest a restaurant that elevates breakfast dishes.,Marcello's Restaurant & Wine Bar,0
Suggest a restaurant that elevates breakfast dishes.,District Donuts Sliders Brew,3
Suggest a restaurant that elevates breakfast dishes.,Copper Vine,3
Suggest a restaurant that elevates breakfast dishes.,1000 Figs,0
Suggest a restaurant that elevates breakfast dishes.,Legacy Kitchen's Craft Tavern,2
Suggest a restaurant that elevates breakfast dishes.,New Orleans Hamburger & Seafood Co,0
Suggest a restaurant that elevates breakfast dishes.,Red's Chinese,0
Suggest a restaurant that elevates breakfast dishes.,Domenica,0
Suggest a restaurant that elevates breakfast dishes.,Auction House Market,2
Suggest a restaurant that elevates breakfast dishes.,Joey K's Restaurant & Bar,0
Suggest a restaurant that elevates breakfast dishes.,Avery's On Tulane,2
Suggest a restaurant that elevates breakfast dishes.,Luke,2
Suggest a restaurant that elevates breakfast dishes.,La Boca,0
Suggest a restaurant that elevates breakfast dishes.,Faubourg Bistro,0
Suggest a restaurant that elevates breakfast dishes.,The Irish House,2
Suggest a restaurant that elevates breakfast dishes.,Adolfo's,0
Suggest a restaurant that elevates breakfast dishes.,Kingfish,0
Suggest a restaurant that elevates breakfast dishes.,Hoshun Restaurant,0
Suggest a restaurant that elevates breakfast dishes.,Jung's Golden Dragon II,0
Suggest a restaurant that elevates breakfast dishes.,Mother's Restaurant,2
Suggest a restaurant that elevates breakfast dishes.,Basin Seafood & Spirits,0
Suggest a restaurant that elevates breakfast dishes.,La Thai Uptown,0
Suggest a restaurant that elevates breakfast dishes.,Jack Rose,0
Suggest a restaurant that elevates breakfast dishes.,Yuki Izakaya,0
Suggest a restaurant that elevates breakfast dishes.,Pere Antoine Restaurant,2
Suggest a restaurant that elevates breakfast dishes.,Emeril's Delmonico,1
Suggest a restaurant that elevates breakfast dishes.,N 7,1
Suggest a restaurant that elevates breakfast dishes.,Justine,2
Suggest a restaurant that elevates breakfast dishes.,Daisy Dukes - French Quarter,2
Suggest a restaurant that elevates breakfast dishes.,Red Fish Grill,0
Suggest a restaurant that elevates breakfast dishes.,Cleo's,1
Suggest a restaurant that elevates breakfast dishes.,Lula Restaurant Distillery,1
Suggest a restaurant that elevates breakfast dishes.,Galatoire's 33 Bar & Steak,0
Suggest a restaurant that elevates breakfast dishes.,Nacho Mama's Mexican Grill,0
Suggest a restaurant that elevates breakfast dishes.,Louisiana Pizza Kitchen,0
Suggest a restaurant that elevates breakfast dishes.,The Original Pierre Maspero's,2
Suggest a restaurant that elevates breakfast dishes.,Deanie's Seafood,0
Suggest a restaurant that elevates breakfast dishes.,Bon Ton Cafe,1
Suggest a restaurant that elevates breakfast dishes.,Clover Grill,2
Suggest a restaurant that elevates breakfast dishes.,Willie Mae's Scotch House,0
Suggest a restaurant that elevates breakfast dishes.,Sucré,2
Suggest a restaurant that elevates breakfast dishes.,Stein's Market and Deli,2
Suggest a restaurant that elevates breakfast dishes.,The Munch Factory,2
Suggest a restaurant that elevates breakfast dishes.,Mandina's Restaurant,0
Suggest a restaurant that elevates breakfast dishes.,Fiorella's Cafe,2
Suggest a restaurant that elevates breakfast dishes.,La Casita,0
Suggest a restaurant that elevates breakfast dishes.,Gumbo Shop,0
Suggest a restaurant that elevates breakfast dishes.,Trinity Restaurant New Orleans,1
Suggest a restaurant that elevates breakfast dishes.,Copeland's Cheesecake Bistro,1
Suggest a restaurant that elevates breakfast dishes.,Tommy's Cuisine,0
Suggest a restaurant that elevates breakfast dishes.,Mr. B's Bistro,2
Suggest a restaurant that elevates breakfast dishes.,Houston's Restaurant,0
Suggest a restaurant that elevates breakfast dishes.,Huck Finn's Cafe,2
Suggest a restaurant that elevates breakfast dishes.,Daisy Mae's Southern Fried Chicken & Breakfast,3
Suggest a restaurant that elevates breakfast dishes.,9 Roses Cafe,1
Suggest a restaurant that elevates breakfast dishes.,Desire Oyster Bar,2
Suggest a restaurant that elevates breakfast dishes.,Tujague's Restaurant,1
Suggest a restaurant that elevates breakfast dishes.,The Italian Barrel,0
Suggest a restaurant that elevates breakfast dishes.,Superior Seafood & Oyster Bar,2
Suggest a restaurant that elevates breakfast dishes.,Briquette,0
Suggest a restaurant that elevates breakfast dishes.,Three Muses,0
Suggest a restaurant that elevates breakfast dishes.,Midway Pizza,0
Suggest a restaurant that elevates breakfast dishes.,The Rum House,1
Suggest a restaurant that elevates breakfast dishes.,La Boulangerie,2
Suggest a restaurant that elevates breakfast dishes.,French Truck Coffee,2
Suggest a restaurant that elevates breakfast dishes.,Ancora,0
Suggest a restaurant that elevates breakfast dishes.,Mikimoto,0
Suggest a restaurant that elevates breakfast dishes.,801 Royal,1
Suggest a restaurant that elevates breakfast dishes.,Araña Taqueria y Cantina,1
Suggest a restaurant that elevates breakfast dishes.,St Roch Market,2
Suggest a restaurant that elevates breakfast dishes.,Sweet Soulfood,0
Suggest a restaurant that elevates breakfast dishes.,Grand Isle,1
Suggest a restaurant that elevates breakfast dishes.,Blaze Pizza,0
Suggest a restaurant that elevates breakfast dishes.,Daisy Dukes Cafe,1
Suggest a restaurant that elevates breakfast dishes.,Backatown Coffee Parlour,3
Suggest a restaurant that elevates breakfast dishes.,Casamento's Restaurant,0
Suggest a restaurant that elevates breakfast dishes.,Broussard's,3
Suggest a restaurant that elevates breakfast dishes.,Crescent City Steak House,0
Suggest a restaurant that elevates breakfast dishes.,Dian Xin,2
Suggest a restaurant that elevates breakfast dishes.,Nomiya,0
Suggest a restaurant that elevates breakfast dishes.,Crabby Jack's,0
Suggest a restaurant that elevates breakfast dishes.,The Delachaise,0
Suggest a restaurant that elevates breakfast dishes.,Arabella Casa Di Pasta,0
Suggest a restaurant that elevates breakfast dishes.,Gus's World Famous Fried Chicken,0
Suggest a restaurant that elevates breakfast dishes.,Bakery Bar,3
Suggest a restaurant that elevates breakfast dishes.,Oceana Grill,3
Suggest a restaurant that elevates breakfast dishes.,The Vintage,3
Suggest a restaurant that elevates breakfast dishes.,Superior Grill,0
Suggest a restaurant that elevates breakfast dishes.,The Bombay Club,0
Suggest a restaurant that elevates breakfast dishes.,Cuñada,0
Suggest a restaurant that elevates breakfast dishes.,Casa Borrega,0
Suggest a restaurant that elevates breakfast dishes.,Flamingo A-Go-Go,2
Suggest a restaurant that elevates breakfast dishes.,Fogo de Chão Brazilian Steakhouse,0
Suggest a restaurant that elevates breakfast dishes.,Galliano Restaurant,0
Suggest a restaurant that elevates breakfast dishes.,Heard Dat Kitchen,0
Suggest a restaurant that elevates breakfast dishes.,Pascal's Manale,0
Suggest a restaurant that elevates breakfast dishes.,Charcoal's Gourmet Burger Bar,1
Suggest a restaurant that elevates breakfast dishes.,Cafe Maspero,0
Suggest a restaurant that elevates breakfast dishes.,Chartres House,1
Suggest a restaurant that elevates breakfast dishes.,Creole House Restaurant & Oyster Bar,2
Suggest a restaurant that elevates breakfast dishes.,Dolce Vita Pizzeria,0
Suggest a restaurant that elevates breakfast dishes.,Cafe Sbisa,3
Suggest a restaurant that elevates breakfast dishes.,McClure's,0
Suggest a restaurant that elevates breakfast dishes.,Verti Marte,1
Suggest a restaurant that elevates breakfast dishes.,Doris Metropolitan,0
Suggest a restaurant that elevates breakfast dishes.,Dickie Brennan's Steakhouse,0
Suggest a restaurant that elevates breakfast dishes.,Antoine's Restaurant,1
Suggest a restaurant that elevates breakfast dishes.,Desi Vega's Steakhouse,0
Suggest a restaurant that elevates breakfast dishes.,The Country Club,3
Suggest a restaurant that elevates breakfast dishes.,The Original French Market Restaurant and Bar,1
Suggest a restaurant that elevates breakfast dishes.,Felix's Restaurant & Oyster Bar,0
Suggest a restaurant that elevates breakfast dishes.,Squeal,2
Suggest a restaurant that elevates breakfast dishes.,Sake Cafe Uptown,0
Suggest a restaurant that elevates breakfast dishes.,Beachbum Berry's Latitude 29,1
Suggest a restaurant that elevates breakfast dishes.,Dreamy Weenies,0
Suggest a restaurant that elevates breakfast dishes.,G's Pizza,0
Suggest a restaurant that elevates breakfast dishes.,Shawarma on the Go,0
Suggest a restaurant that elevates breakfast dishes.,Crescent City Brewhouse,1
Suggest a restaurant that elevates breakfast dishes.,Evangeline,2
Suggest a restaurant that elevates breakfast dishes.,Gordon Biersch Brewery Restaurant,0
Suggest a restaurant that elevates breakfast dishes.,Tableau,2
Suggest a restaurant that elevates breakfast dishes.,Neyow's Creole Cafe,0
Suggest a restaurant that elevates breakfast dishes.,Coterie Restaurant & Oyster Bar,3
Suggest a restaurant that elevates breakfast dishes.,Five Happiness Chinese Restaurant,0
Suggest a restaurant that elevates breakfast dishes.,Felipe's Mexican Taqueria - Mid City,0
Suggest a restaurant that elevates breakfast dishes.,Pizza Domenica,1
Suggest a restaurant that elevates breakfast dishes.,Arnaud's Restaurant,1
Suggest a restaurant that elevates breakfast dishes.,Ole Saint,2
Suggest a restaurant that elevates breakfast dishes.,Johnny's Po-Boys,1
Suggest a restaurant that elevates breakfast dishes.,Pizza Delicious,0
Suggest a restaurant that elevates breakfast dishes.,Tacos And Beer,0
Suggest a restaurant that elevates breakfast dishes.,Brothers Food Mart,0
Suggest a restaurant that elevates breakfast dishes.,New Orleans Creole Cookery,0
Suggest a restaurant that elevates breakfast dishes.,The Tasting Room,1
Suggest a restaurant that elevates breakfast dishes.,Cafe Pontalba,1
Suggest a restaurant that elevates breakfast dishes.,Ruth's Chris Steak House,0
Suggest a restaurant that elevates breakfast dishes.,The Backyard,1
Suggest a restaurant that elevates breakfast dishes.,Coop's Place,1
Suggest a restaurant that elevates breakfast dishes.,Liuzza's By The Track,0
Suggest a restaurant that elevates breakfast dishes.,Mona Lisa Restaurant,1
Suggest a restaurant that elevates breakfast dishes.,Chiba,0
Suggest a restaurant that elevates breakfast dishes.,Deja Vu Restaurant & Bar,2
Suggest a restaurant that elevates breakfast dishes.,Mahony's Po-Boys & Seafood  - Uptown,0
Suggest a restaurant that elevates breakfast dishes.,Piccola Gelateria,0
Suggest a restaurant that elevates breakfast dishes.,New Orleans School of Cooking,1
Suggest a restaurant that elevates breakfast dishes.,Mr Ed's Oyster Bar - Bienville,0
Suggest a restaurant that elevates breakfast dishes.,Bittersweet Confections,2
Suggest a restaurant that elevates breakfast dishes.,Guy's Po Boys,0
Suggest a restaurant that elevates breakfast dishes.,The Blue Crab Restaurant & Oyster Bar,1
Suggest a restaurant that elevates breakfast dishes.,Amici,0
Suggest a restaurant that elevates breakfast dishes.,Parkway Bakery & Tavern,0
Suggest a restaurant that elevates breakfast dishes.,Tsunami Sushi,0
Suggest a restaurant that elevates breakfast dishes.,Down The Hatch,0
Suggest a restaurant that elevates breakfast dishes.,Fharmacy Nola,0
Suggest a restaurant that elevates breakfast dishes.,The Marigny Brasserie,2
Suggest a restaurant that elevates breakfast dishes.,Lucy's Retired Surfers Bar & Restaurant,1
Suggest a restaurant that elevates breakfast dishes.,Bourbon House,0
Suggest a restaurant that elevates breakfast dishes.,Morrow's,2
Suggest a restaurant that elevates breakfast dishes.,Nonna Mia Cafe & Pizzeria,0
Suggest a restaurant that elevates breakfast dishes.,Holy Crepes!,3
Suggest a restaurant that elevates breakfast dishes.,Blue Oak BBQ,0
Suggest a restaurant that elevates breakfast dishes.,Central Grocery & Deli,0
Suggest a restaurant that elevates breakfast dishes.,Orleans Grapevine Wine Bar & Bistro,0
Suggest a restaurant that elevates breakfast dishes.,Liberty Cheesesteaks,0
Suggest a restaurant that elevates breakfast dishes.,Remoulade,0
Suggest a restaurant that elevates breakfast dishes.,Ernst Cafe,1
Suggest a restaurant that elevates breakfast dishes.,Yo Mama's Bar & Grill,0
Suggest a restaurant that elevates breakfast dishes.,Asuka Sushi & Hibachi,0
Suggest a restaurant that elevates breakfast dishes.,Little Gem Saloon,2
Suggest a restaurant that elevates breakfast dishes.,Frankie & Johnny's,0
Suggest a restaurant that elevates breakfast dishes.,Cafe Beignet on Decatur Street,2
Suggest a restaurant that elevates breakfast dishes.,Mimi's In The Marigny,0
Suggest a restaurant that elevates breakfast dishes.,Seaworthy,0
Suggest a restaurant that elevates breakfast dishes.,Seither's Seafood,0
Suggest a restaurant that elevates breakfast dishes.,Royal House,2
Suggest a restaurant that elevates breakfast dishes.,Ninja Restaurant,0
Suggest a restaurant that elevates breakfast dishes.,Diamond Street Bar & Grill,0
Suggest a restaurant that elevates breakfast dishes.,The Joint,0
Suggest a restaurant that elevates breakfast dishes.,Port Of Call,0
Suggest a restaurant that elevates breakfast dishes.,The Halal Guys,0
Suggest a restaurant that elevates breakfast dishes.,Cafe Beignet on Bourbon Street,3
Suggest a restaurant that elevates breakfast dishes.,Daisy Dukes Express,3
Suggest a restaurant that elevates breakfast dishes.,Reginelli's Pizzeria,0
Suggest a restaurant that elevates breakfast dishes.,Estrella Steak & Lobster,0
Suggest a restaurant that elevates breakfast dishes.,Sushi Brothers,0
Suggest a restaurant that elevates breakfast dishes.,Le Bayou Restaurant,1
Suggest a restaurant that elevates breakfast dishes.,Olde Nola Cookery,1
Suggest a restaurant that elevates breakfast dishes.,Angelo Brocato,0
Suggest a restaurant that elevates breakfast dishes.,Frey Smoked Meat,0
Suggest a restaurant that elevates breakfast dishes.,Magazine Pizza,0
Suggest a restaurant that elevates breakfast dishes.,The Market Cafe,1
Suggest a restaurant that elevates breakfast dishes.,CellarDoor,1
Suggest a restaurant that elevates breakfast dishes.,Little Tokyo Small Plates & Noodle Bar,0
Suggest a restaurant that elevates breakfast dishes.,Origami,0
Suggest a restaurant that elevates breakfast dishes.,Bevi Seafood,0
Suggest a restaurant that elevates breakfast dishes.,Mulate's,0
Suggest a restaurant that elevates breakfast dishes.,IHOP,2
Suggest a restaurant that elevates breakfast dishes.,Franks Restaurant,0
Suggest a restaurant that elevates breakfast dishes.,Ugly Dog Saloon & BBQ,1
Suggest a restaurant that elevates breakfast dishes.,Drago's Seafood Restaurant,0
Suggest a restaurant that elevates breakfast dishes.,Manning's Sports Bar and Grill,1
Suggest a restaurant that elevates breakfast dishes.,Bayou Hot Wings,0
Suggest a restaurant that elevates breakfast dishes.,Tru Burger,0
Suggest a restaurant that elevates breakfast dishes.,Voodoo BBQ & Grill,0
Suggest a restaurant that elevates breakfast dishes.,Gumbo POT,1
Suggest a restaurant that elevates breakfast dishes.,Bubba Gump Shrimp Co.,0
Suggest a restaurant that elevates breakfast dishes.,Columns,2
Suggest a restaurant that elevates breakfast dishes.,Gene's PO-Boys,1
Suggest a restaurant that elevates breakfast dishes.,Attiki Bar and Grill,0
Suggest a restaurant that elevates breakfast dishes.,The Avenue Pub,1
Suggest a restaurant that elevates breakfast dishes.,Tracey's Original Irish Channel Bar,0
Suggest a restaurant that elevates breakfast dishes.,Mid City Pizza,0
Suggest a restaurant that elevates breakfast dishes.,Walk-On's Sports Bistreaux - New Orleans,0
Suggest a restaurant that elevates breakfast dishes.,Domilise Po-Boys & Bar,0
Suggest a restaurant that elevates breakfast dishes.,Gumbo Ya-Ya,1
Suggest a restaurant that elevates breakfast dishes.,Napoleon House,0
Suggest a restaurant that elevates breakfast dishes.,NOLA Poboys,0
Suggest a restaurant that elevates breakfast dishes.,Mahony's Po-Boys & Seafood,0
Suggest a restaurant that elevates breakfast dishes.,Central City BBQ,0
Suggest a restaurant that elevates breakfast dishes.,Cooter Brown's,0
Suggest a restaurant that elevates breakfast dishes.,Victory,1
Suggest a restaurant that elevates breakfast dishes.,The Crazy Lobster Bar & Grill,0
Suggest a restaurant that elevates breakfast dishes.,Cajun Seafood,0
Suggest a restaurant that elevates breakfast dishes.,Cornet,1
Suggest a restaurant that elevates breakfast dishes.,The Original Italian Pie,0
Suggest a restaurant that elevates breakfast dishes.,BOIL Seafood House,0
Suggest a restaurant that elevates breakfast dishes.,Buffa's Bar & Restaurant,2
Suggest a restaurant that elevates breakfast dishes.,Cure,1
Suggest a restaurant that elevates breakfast dishes.,World Famous N'awlins Cafe & Spice Emporium,2
Suggest a restaurant that elevates breakfast dishes.,Rue De La Course,2
Suggest a restaurant that elevates breakfast dishes.,Hard Rock Cafe,0
Suggest a restaurant that elevates breakfast dishes.,Gallier Restaurant & Oyster Bar,2
Suggest a restaurant that elevates breakfast dishes.,Geisha Sushi Bistro,0
Suggest a restaurant that elevates breakfast dishes.,J's Seafood Dock,0
Suggest a restaurant that elevates breakfast dishes.,Acme Oyster House,0
Suggest a restaurant that elevates breakfast dishes.,Rock-n-Saké Bar & Sushi,0
Suggest a restaurant that elevates breakfast dishes.,Clesi's Restaurant & Catering,0
Suggest a restaurant that elevates breakfast dishes.,Melba's,1
Suggest a restaurant that elevates breakfast dishes.,Mojo Coffee House,1
Suggest a restaurant that elevates breakfast dishes.,Le Pavillon Hotel,2
Suggest a restaurant that elevates breakfast dishes.,Pier 424 Seafood Market,0
Suggest a restaurant that elevates breakfast dishes.,Backspace Bar & Kitchen,2
Suggest a restaurant that elevates breakfast dishes.,Gazebo Cafe,1
Suggest a restaurant that elevates breakfast dishes.,Turtle Bay,1
Suggest a restaurant that elevates breakfast dishes.,Wood Pizza Bistro and Taphouse,0
Suggest a restaurant that elevates breakfast dishes.,Parasol's,0
Suggest a restaurant that elevates breakfast dishes.,Snug Harbor Jazz Bistro,1
Suggest a restaurant that elevates breakfast dishes.,Mr. Ed's Oyster Bar - St Charles Ave,0
Suggest a restaurant that elevates breakfast dishes.,Crescent City Pizza Works,0
Suggest a restaurant that elevates breakfast dishes.,Krystal,0
Suggest a restaurant that elevates breakfast dishes.,Corner Oyster House,2
Suggest a restaurant that elevates breakfast dishes.,Cajun Mike's Pub & Grub,0
Suggest a restaurant that elevates breakfast dishes.,Morning Call Coffee Stand,3
Suggest a restaurant that elevates breakfast dishes.,Acme Oyster House - Harrahs,0
Suggest a restaurant that elevates breakfast dishes.,Mambo's,1
Suggest a restaurant that elevates breakfast dishes.,Bayou Burger & Sports Company,0
Suggest a restaurant that elevates breakfast dishes.,Copper Monkey Grill,0
Suggest a restaurant that elevates breakfast dishes.,WINO  Wine Institute of New Orleans,0
Suggest a restaurant that elevates breakfast dishes.,The Blind Pelican,0
Suggest a restaurant that elevates breakfast dishes.,Arnaud's French 75 Bar,1
Suggest a restaurant that elevates breakfast dishes.,New Orleans Famous Beignets And Coffee,2
Suggest a restaurant that elevates breakfast dishes.,The Jimani,0
Suggest a restaurant that elevates breakfast dishes.,Revelator Coffee New Orleans,1
Suggest a restaurant that elevates breakfast dishes.,Vieux Carre Pizza,0
Suggest a restaurant that elevates breakfast dishes.,Saints And Sinners,0
Suggest a restaurant that elevates breakfast dishes.,House of Blues New Orleans,2
Suggest a restaurant that elevates breakfast dishes.,We Dat's Chicken and Shrimp,0
Suggest a restaurant that elevates breakfast dishes.,Hilton New Orleans Riverside,2
Suggest a restaurant that elevates breakfast dishes.,Café Du Monde,1
Suggest a restaurant that elevates breakfast dishes.,Windsor Court Hotel,2
Suggest a restaurant that elevates breakfast dishes.,Steamboat Natchez,0
Suggest a restaurant that elevates breakfast dishes.,"The Ritz-Carlton, New Orleans",3
Suggest a restaurant that elevates breakfast dishes.,The Howlin' Wolf,0
Suggest a restaurant that elevates breakfast dishes.,New Orleans Marriott,3
Suggest a restaurant that elevates breakfast dishes.,The Maison,1
Suggest a restaurant that elevates breakfast dishes.,Sazerac Bar,0
Suggest a restaurant that elevates breakfast dishes.,BB King's Blues Club,0
Suggest a restaurant that elevates breakfast dishes.,Barcadia,0
Suggest a restaurant that elevates breakfast dishes.,Pat O'Brien's Courtyard Restaurant,0
Suggest a restaurant that elevates breakfast dishes.,Tiki Tolteca,0
Suggest a restaurant that elevates breakfast dishes.,Cafe Negril,0
Suggest a restaurant that elevates breakfast dishes.,The Bulldog,0
Suggest a restaurant that elevates breakfast dishes.,Sheraton New Orleans Hotel,1
Suggest a restaurant that elevates breakfast dishes.,W New Orleans - French Quarter,2
Suggest a restaurant that elevates breakfast dishes.,The Old No 77 Hotel and Chandlery,2
Suggest a restaurant that elevates breakfast dishes.,Pat O'Brien’s,0
Suggest a restaurant that elevates breakfast dishes.,Three Legged Dog,0
Suggest a restaurant that elevates breakfast dishes.,Bamboula's,0
Suggest a restaurant that elevates breakfast dishes.,30_90 NOLA,1
Suggest a restaurant that elevates breakfast dishes.,The American Sports Saloon,0
Suggest a restaurant that elevates breakfast dishes.,Royal Sonesta New Orleans,2
Suggest a restaurant that elevates breakfast dishes.,The Jazz Playhouse,0
Suggest a restaurant that elevates breakfast dishes.,The Rusty Nail,0
Suggest a restaurant that elevates breakfast dishes.,Pirates Alley Cafe,0
Suggest a restaurant that elevates breakfast dishes.,Dave & Buster's,0
Suggest a restaurant that elevates breakfast dishes.,Hotel New Orleans Downtown,1
Suggest a restaurant that elevates breakfast dishes.,Old Absinthe House,0
Suggest a restaurant that elevates breakfast dishes.,Hot Tin,0
Suggest a restaurant that elevates breakfast dishes.,Paddlewheeler Creole Queen,0
Suggest a restaurant that elevates breakfast dishes.,Fritzel's European Jazz Pub,0
Suggest a restaurant that elevates breakfast dishes.,French Quarter Phantoms,0
Where can I find places influenced by the chef's background?,Louisiana Bistro,3
Where can I find places influenced by the chef's background?,Stella!,3
Where can I find places influenced by the chef's background?,Brigtsen's Restaurant,3
Where can I find places influenced by the chef's background?,New Orleans School of Cooking,3
Where can I find places influenced by the chef's background?,Gris-Gris,3
Where can I find places influenced by the chef's background?,Compère Lapin,3
Where can I find places influenced by the chef's background?,Green Goddess,3
Where can I find places influenced by the chef's background?,Coquette,2
Where can I find places influenced by the chef's background?,Little Korea BBQ,2
Where can I find places influenced by the chef's background?,Restaurant August,3
Where can I find places influenced by the chef's background?,Booty's Street Food,2
Where can I find places influenced by the chef's background?,Bayona,3
Where can I find places influenced by the chef's background?,Saffron nola,3
Where can I find places influenced by the chef's background?,Juan's Flying Burrito,2
Where can I find places influenced by the chef's background?,Taqueria Guerrero,3
Where can I find places influenced by the chef's background?,Root,3
Where can I find places influenced by the chef's background?,Mona's Cafe,3
Where can I find places influenced by the chef's background?,Upperline,3
Where can I find places influenced by the chef's background?,SukhoThai,2
Where can I find places influenced by the chef's background?,K-Paul's Louisiana Kitchen,3
Where can I find places influenced by the chef's background?,Restaurant R'evolution,3
Where can I find places influenced by the chef's background?,Boswell's Jamaican Grill,3
Where can I find places influenced by the chef's background?,Red's Chinese,3
Where can I find places influenced by the chef's background?,El Gato Negro,2
Where can I find places influenced by the chef's background?,Patois Restaurant,2
Where can I find places influenced by the chef's background?,Cafe Abyssinia,3
Where can I find places influenced by the chef's background?,The American Sector,2
Where can I find places influenced by the chef's background?,Dante's Kitchen,3
Where can I find places influenced by the chef's background?,Paladar 511,2
Where can I find places influenced by the chef's background?,Gyu-Kaku Japanese BBQ,2
Where can I find places influenced by the chef's background?,Emeril's Delmonico,3
Where can I find places influenced by the chef's background?,Clancy's Restaurant,2
Where can I find places influenced by the chef's background?,Mizado Latin Kitchen,3
Where can I find places influenced by the chef's background?,Dick & Jenny's,3
Where can I find places influenced by the chef's background?,High Hat Cafe,2
Where can I find places influenced by the chef's background?,Kin,3
Where can I find places influenced by the chef's background?,Lebanon's Cafe,3
Where can I find places influenced by the chef's background?,Cafe Degas,2
Where can I find places influenced by the chef's background?,Chophouse New Orleans,0
Where can I find places influenced by the chef's background?,Boucherie,2
Where can I find places influenced by the chef's background?,Sneaky Pickle,3
Where can I find places influenced by the chef's background?,La Boca,2
Where can I find places influenced by the chef's background?,Shaya,3
Where can I find places influenced by the chef's background?,Cowbell,3
Where can I find places influenced by the chef's background?,La Thai Uptown,3
Where can I find places influenced by the chef's background?,The Camellia Grill,2
Where can I find places influenced by the chef's background?,Nirvana Indian Cuisine,2
Where can I find places influenced by the chef's background?,Rebellion Bar & Urban Kitchen,3
Where can I find places influenced by the chef's background?,The Gallery Venue at Tomas Bistro,2
Where can I find places influenced by the chef's background?,Restaurant Rebirth,2
Where can I find places influenced by the chef's background?,The Grill,1
Where can I find places influenced by the chef's background?,La Petite Grocery,3
Where can I find places influenced by the chef's background?,Superior Grill,0
Where can I find places influenced by the chef's background?,Crescent City Steak House,2
Where can I find places influenced by the chef's background?,Jacques-Imo's Cafe,3
Where can I find places influenced by the chef's background?,Heard Dat Kitchen,3
Where can I find places influenced by the chef's background?,Bennachin Restaurant,3
Where can I find places influenced by the chef's background?,Meauxbar,3
Where can I find places influenced by the chef's background?,Vincent's Italian Cuisine,2
Where can I find places influenced by the chef's background?,Herbsaint,2
Where can I find places influenced by the chef's background?,St Roch Market,3
Where can I find places influenced by the chef's background?,Auction House Market,3
Where can I find places influenced by the chef's background?,Maypop Restaurant,3
Where can I find places influenced by the chef's background?,Casa Borrega,3
Where can I find places influenced by the chef's background?,Lilette,1
Where can I find places influenced by the chef's background?,Ignatius' Rue de La Course Coffeehouse,2
Where can I find places influenced by the chef's background?,Cochon,3
Where can I find places influenced by the chef's background?,Arnaud's Restaurant,2
Where can I find places influenced by the chef's background?,Café Amelie,2
Where can I find places influenced by the chef's background?,Brown Butter Southern Kitchen & Bar,3
Where can I find places influenced by the chef's background?,Sassafras Restaurant,2
Where can I find places influenced by the chef's background?,Eat New Orleans,2
Where can I find places influenced by the chef's background?,Toups Meatery,3
Where can I find places influenced by the chef's background?,La Crepe Nanou,2
Where can I find places influenced by the chef's background?,Dooky Chase's Restaurant,3
Where can I find places influenced by the chef's background?,Taqueria Corona,2
Where can I find places influenced by the chef's background?,Briquette,2
Where can I find places influenced by the chef's background?,Annunciation,2
Where can I find places influenced by the chef's background?,The Tasting Room,2
Where can I find places influenced by the chef's background?,Jack Rose,2
Where can I find places influenced by the chef's background?,Ye Olde College Inn,2
Where can I find places influenced by the chef's background?,SoBou,3
Where can I find places influenced by the chef's background?,Vessel NOLA,2
Where can I find places influenced by the chef's background?,Trinity Restaurant New Orleans,2
Where can I find places influenced by the chef's background?,Adolfo's,2
Where can I find places influenced by the chef's background?,Mayas,3
Where can I find places influenced by the chef's background?,The Velvet Cactus,2
Where can I find places influenced by the chef's background?,Mr John's Steakhouse,1
Where can I find places influenced by the chef's background?,Galatoire's Restaurant,2
Where can I find places influenced by the chef's background?,McClure's,2
Where can I find places influenced by the chef's background?,Irene's,2
Where can I find places influenced by the chef's background?,Angeline,2
Where can I find places influenced by the chef's background?,Dat Dog,3
Where can I find places influenced by the chef's background?,Antoine's Restaurant,3
Where can I find places influenced by the chef's background?,N 7,2
Where can I find places influenced by the chef's background?,Tito's Ceviche & Pisco,3
Where can I find places influenced by the chef's background?,Tommy's Cuisine,2
Where can I find places influenced by the chef's background?,Ruby Slipper Cafe,2
Where can I find places influenced by the chef's background?,Tujague's Restaurant,2
Where can I find places influenced by the chef's background?,The Joint,2
Where can I find places influenced by the chef's background?,Doris Metropolitan,2
Where can I find places influenced by the chef's background?,The Munch Factory,2
Where can I find places influenced by the chef's background?,Criollo Restaurant,2
Where can I find places influenced by the chef's background?,Johnny Sanchez,3
Where can I find places influenced by the chef's background?,Josephine Estelle,2
Where can I find places influenced by the chef's background?,La Macarena Pupuseria & Latin Cafe,3
Where can I find places influenced by the chef's background?,The Italian Barrel,3
Where can I find places influenced by the chef's background?,Nolé,3
Where can I find places influenced by the chef's background?,The Irish House,2
Where can I find places influenced by the chef's background?,Muriel's Jackson Square,2
Where can I find places influenced by the chef's background?,Atchafalaya Restaurant,2
Where can I find places influenced by the chef's background?,Cafe Sbisa,2
Where can I find places influenced by the chef's background?,Carmo,3
Where can I find places influenced by the chef's background?,Sofia,2
Where can I find places influenced by the chef's background?,New Orleans Hamburger & Seafood Co,2
Where can I find places influenced by the chef's background?,New Orleans Creole Cookery,3
Where can I find places influenced by the chef's background?,Cavan,2
Where can I find places influenced by the chef's background?,Wayfare,3
Where can I find places influenced by the chef's background?,The Steakhouse,2
Where can I find places influenced by the chef's background?,Jung's Golden Dragon II,2
Where can I find places influenced by the chef's background?,Commander's Palace,2
Where can I find places influenced by the chef's background?,Ba Chi Canteen,3
Where can I find places influenced by the chef's background?,Meril,2
Where can I find places influenced by the chef's background?,Saint Lawrence,2
Where can I find places influenced by the chef's background?,Felipe's Mexican Taqueria - French Quarter,1
Where can I find places influenced by the chef's background?,Noodle & Pie,2
Where can I find places influenced by the chef's background?,Maïs Arepas,3
Where can I find places influenced by the chef's background?,DTB,3
Where can I find places influenced by the chef's background?,Central City BBQ,2
Where can I find places influenced by the chef's background?,Yuki Izakaya,2
Where can I find places influenced by the chef's background?,Sylvain,2
Where can I find places influenced by the chef's background?,Saba,3
Where can I find places influenced by the chef's background?,Marcello's Restaurant & Wine Bar,2
Where can I find places influenced by the chef's background?,The Delachaise,2
Where can I find places influenced by the chef's background?,Please-U-Restaurant,2
Where can I find places influenced by the chef's background?,Borgne,2
Where can I find places influenced by the chef's background?,Mopho,3
Where can I find places influenced by the chef's background?,The Court of Two Sisters,1
Where can I find places influenced by the chef's background?,Dong Phuong,3
Where can I find places influenced by the chef's background?,The Praline Connection,2
Where can I find places influenced by the chef's background?,The Company Burger,2
Where can I find places influenced by the chef's background?,Del Fuego,2
Where can I find places influenced by the chef's background?,Santa Fe,2
Where can I find places influenced by the chef's background?,Venezia Restaurant,2
Where can I find places influenced by the chef's background?,Mint Modern Vietnamese Bistro & Bar,2
Where can I find places influenced by the chef's background?,Arabella Casa Di Pasta,1
Where can I find places influenced by the chef's background?,NOLA Restaurant,3
Where can I find places influenced by the chef's background?,Dickie Brennan's Steakhouse,2
Where can I find places influenced by the chef's background?,The Bombay Club,2
Where can I find places influenced by the chef's background?,Three Muses,3
Where can I find places influenced by the chef's background?,Chartres House,2
Where can I find places influenced by the chef's background?,Charcoal's Gourmet Burger Bar,2
Where can I find places influenced by the chef's background?,Joey K's Restaurant & Bar,2
Where can I find places influenced by the chef's background?,Palace Café,2
Where can I find places influenced by the chef's background?,Bon Ton Cafe,2
Where can I find places influenced by the chef's background?,Houston's Restaurant,1
Where can I find places influenced by the chef's background?,La Casita,2
Where can I find places influenced by the chef's background?,Five Happiness Chinese Restaurant,2
Where can I find places influenced by the chef's background?,Emeril's ,3
Where can I find places influenced by the chef's background?,Lola's,2
Where can I find places influenced by the chef's background?,Jagerhaus,2
Where can I find places influenced by the chef's background?,Hoshun Restaurant,2
Where can I find places influenced by the chef's background?,Tableau,2
Where can I find places influenced by the chef's background?,Justine,2
Where can I find places influenced by the chef's background?,Fogo de Chão Brazilian Steakhouse,2
Where can I find places influenced by the chef's background?,Landry's Seafood House,1
Where can I find places influenced by the chef's background?,Brennan's Restaurant,2
Where can I find places influenced by the chef's background?,Salú Bistro and Bar,2
Where can I find places influenced by the chef's background?,Ugly Dog Saloon & BBQ,0
Where can I find places influenced by the chef's background?,Blue Oak BBQ,2
Where can I find places influenced by the chef's background?,Legacy Kitchen's Craft Tavern,1
Where can I find places influenced by the chef's background?,Felipe's Mexican Taqueria - Uptown,0
Where can I find places influenced by the chef's background?,1000 Figs,2
Where can I find places influenced by the chef's background?,CellarDoor,3
Where can I find places influenced by the chef's background?,Café at The Square,2
Where can I find places influenced by the chef's background?,Satsuma Café,1
Where can I find places influenced by the chef's background?,The Original French Market Restaurant and Bar,2
Where can I find places influenced by the chef's background?,Nacho Mama's Mexican Grill,1
Where can I find places influenced by the chef's background?,Ralph's on the Park,2
Where can I find places influenced by the chef's background?,Cleo's,3
Where can I find places influenced by the chef's background?,Magasin Vietnamese Cafe,2
Where can I find places influenced by the chef's background?,Galatoire's 33 Bar & Steak,1
Where can I find places influenced by the chef's background?,Slim Goodies Diner,2
Where can I find places influenced by the chef's background?,Cuñada,2
Where can I find places influenced by the chef's background?,Riccobono’s Panola St. Cafe,1
Where can I find places influenced by the chef's background?,The Pelican Club,1
Where can I find places influenced by the chef's background?,GW Fins,1
Where can I find places influenced by the chef's background?,Orleans Grapevine Wine Bar & Bistro,2
Where can I find places influenced by the chef's background?,HORN'S EATERY,2
Where can I find places influenced by the chef's background?,Capdeville,1
Where can I find places influenced by the chef's background?,13 Monaghan,2
Where can I find places influenced by the chef's background?,Cafe Maspero,2
Where can I find places influenced by the chef's background?,Pêche,2
Where can I find places influenced by the chef's background?,Lula Restaurant Distillery,2
Where can I find places influenced by the chef's background?,Sake Cafe Uptown,1
Where can I find places influenced by the chef's background?,Hobnobber's Variety Bar & Restaurant,2
Where can I find places influenced by the chef's background?,Red Dog Diner,2
Where can I find places influenced by the chef's background?,Gumbo Shop,2
Where can I find places influenced by the chef's background?,Vacherie,2
Where can I find places influenced by the chef's background?,Baru Bistro & Tapas,3
Where can I find places influenced by the chef's background?,New Orleans Cake Café & Bakery,2
Where can I find places influenced by the chef's background?,biscuit & buns on banks,2
Where can I find places influenced by the chef's background?,Little Tokyo Small Plates & Noodle Bar,2
Where can I find places influenced by the chef's background?,Squeal,2
Where can I find places influenced by the chef's background?,9 Roses Cafe,2
Where can I find places influenced by the chef's background?,Coop's Place,2
Where can I find places influenced by the chef's background?,Port Of Call,0
Where can I find places influenced by the chef's background?,Fiorella's Cafe,0
Where can I find places influenced by the chef's background?,Namese,2
Where can I find places influenced by the chef's background?,GG's Dine-O-Rama,2
Where can I find places influenced by the chef's background?,Another Broken Egg Cafe,2
Where can I find places influenced by the chef's background?,Louisiana Pizza Kitchen,2
Where can I find places influenced by the chef's background?,The Marigny Brasserie,2
Where can I find places influenced by the chef's background?,Beachbum Berry's Latitude 29,3
Where can I find places influenced by the chef's background?,Apolline Restaurant,2
Where can I find places influenced by the chef's background?,Fharmacy Nola,3
Where can I find places influenced by the chef's background?,Cochon Butcher,2
Where can I find places influenced by the chef's background?,Elizabeth's Restaurant,2
Where can I find places influenced by the chef's background?,Seed,2
Where can I find places influenced by the chef's background?,Avery's On Tulane,2
Where can I find places influenced by the chef's background?,Cafe Pontalba,2
Where can I find places influenced by the chef's background?,Tsunami Sushi,2
Where can I find places influenced by the chef's background?,Pascal's Manale,2
Where can I find places influenced by the chef's background?,Ancora,3
Where can I find places influenced by the chef's background?,Mandina's Restaurant,2
Where can I find places influenced by the chef's background?,Li'l Dizzy's Cafe,3
Where can I find places influenced by the chef's background?,Liuzza's By The Track,2
Where can I find places influenced by the chef's background?,Willie's Chicken Shack,0
Where can I find places influenced by the chef's background?,Rib Room,2
Where can I find places influenced by the chef's background?,Desi Vega's Steakhouse,2
Where can I find places influenced by the chef's background?,Café Adelaide,2
Where can I find places influenced by the chef's background?,The Original Pierre Maspero's,2
Where can I find places influenced by the chef's background?,Curio,2
Where can I find places influenced by the chef's background?,Red Fish Grill,2
Where can I find places influenced by the chef's background?,Pho Tau Bay Restaurant,2
Where can I find places influenced by the chef's background?,P & G Restaurant & Bar,1
Where can I find places influenced by the chef's background?,Yo Mama's Bar & Grill,1
Where can I find places influenced by the chef's background?,Cane and Table,2
Where can I find places influenced by the chef's background?,Katie's Restaurant & Bar,2
Where can I find places influenced by the chef's background?,Voodoo BBQ & Grill,2
Where can I find places influenced by the chef's background?,Oceana Grill,2
Where can I find places influenced by the chef's background?,Willie Mae's Scotch House,3
Where can I find places influenced by the chef's background?,Estrella Steak & Lobster,1
Where can I find places influenced by the chef's background?,Down The Hatch,2
Where can I find places influenced by the chef's background?,Creole House Restaurant & Oyster Bar,2
Where can I find places influenced by the chef's background?,Mr. B's Bistro,3
Where can I find places influenced by the chef's background?,Gus's World Famous Fried Chicken,1
Where can I find places influenced by the chef's background?,Trenasse,3
Where can I find places influenced by the chef's background?,Majoria's Commerce Restaurant,2
Where can I find places influenced by the chef's background?,Slice Pizzeria,2
Where can I find places influenced by the chef's background?,Dreamy Weenies,0
Where can I find places influenced by the chef's background?,Araña Taqueria y Cantina,2
Where can I find places influenced by the chef's background?,Frankie & Johnny's,2
Where can I find places influenced by the chef's background?,Mona Lisa Restaurant,1
Where can I find places influenced by the chef's background?,Russell's Marina Grill,1
Where can I find places influenced by the chef's background?,Rock-n-Saké Bar & Sushi,2
Where can I find places influenced by the chef's background?,Angeli on Decatur,2
Where can I find places influenced by the chef's background?,Toast,2
Where can I find places influenced by the chef's background?,Copper Vine,3
Where can I find places influenced by the chef's background?,The Country Club,2
Where can I find places influenced by the chef's background?,Ninja Restaurant,2
Where can I find places influenced by the chef's background?,Ruth's Chris Steak House,0
Where can I find places influenced by the chef's background?,Brennan's,2
Where can I find places influenced by the chef's background?,Broussard's,2
Where can I find places influenced by the chef's background?,The Backyard,1
Where can I find places influenced by the chef's background?,Basin Seafood & Spirits,2
Where can I find places influenced by the chef's background?,The Trolley Stop Cafe,2
Where can I find places influenced by the chef's background?,Mikimoto,2
Where can I find places influenced by the chef's background?,Huck Finn's Cafe,2
Where can I find places influenced by the chef's background?,Snug Harbor Jazz Bistro,2
Where can I find places influenced by the chef's background?,Kingfish,2
Where can I find places influenced by the chef's background?,Kebab,2
Where can I find places influenced by the chef's background?,The Old Coffee Pot Restaurant,2
Where can I find places influenced by the chef's background?,Chiba,3
Where can I find places influenced by the chef's background?,Nomiya,3
Where can I find places influenced by the chef's background?,Galliano Restaurant,2
Where can I find places influenced by the chef's background?,Brothers Food Mart,0
Where can I find places influenced by the chef's background?,Mimi's In The Marigny,3
Where can I find places influenced by the chef's background?,Clover Grill,1
Where can I find places influenced by the chef's background?,Red Gravy,3
Where can I find places influenced by the chef's background?,Pizza Delicious,1
Where can I find places influenced by the chef's background?,Buffa's Bar & Restaurant,2
Where can I find places influenced by the chef's background?,Crescent City Brewhouse,0
Where can I find places influenced by the chef's background?,Salon by Sucré,2
Where can I find places influenced by the chef's background?,Bearcat Cafe,2
Where can I find places influenced by the chef's background?,Tout De Suite Cafe,2
Where can I find places influenced by the chef's background?,Pho Bistreaux,2
Where can I find places influenced by the chef's background?,Surrey's Uptown,2
Where can I find places influenced by the chef's background?,Deanie's Seafood,1
Where can I find places influenced by the chef's background?,Lilly's Cafe,2
Where can I find places influenced by the chef's background?,Fullblast Brunch,2
Where can I find places influenced by the chef's background?,Evangeline,3
Where can I find places influenced by the chef's background?,Flamingo A-Go-Go,0
Where can I find places influenced by the chef's background?,Neyow's Creole Cafe,2
Where can I find places influenced by the chef's background?,WINO  Wine Institute of New Orleans,1
Where can I find places influenced by the chef's background?,Little Gem Saloon,2
Where can I find places influenced by the chef's background?,Asuka Sushi & Hibachi,0
Where can I find places influenced by the chef's background?,Bearcat CBD,2
Where can I find places influenced by the chef's background?,Copeland's Cheesecake Bistro,2
Where can I find places influenced by the chef's background?,Felipe's Mexican Taqueria - Mid City,1
Where can I find places influenced by the chef's background?,Hard Rock Cafe,1
Where can I find places influenced by the chef's background?,The Halal Guys,2
Where can I find places influenced by the chef's background?,Turkey and the Wolf,3
Where can I find places influenced by the chef's background?,Tacos And Beer,1
Where can I find places influenced by the chef's background?,Coulis,2
Where can I find places influenced by the chef's background?,Refuel Cafe,2
Where can I find places influenced by the chef's background?,Casamento's Restaurant,2
Where can I find places influenced by the chef's background?,Walk-On's Sports Bistreaux - New Orleans,2
Where can I find places influenced by the chef's background?,Dian Xin,2
Where can I find places influenced by the chef's background?,Sushi Brothers,2
Where can I find places influenced by the chef's background?,Cajun Seafood,3
Where can I find places influenced by the chef's background?,Superior Seafood & Oyster Bar,2
Where can I find places influenced by the chef's background?,The Market Cafe,2
Where can I find places influenced by the chef's background?,Frey Smoked Meat,1
Where can I find places influenced by the chef's background?,Faubourg Bistro,1
Where can I find places influenced by the chef's background?,Cafe Rose Nicaud,2
Where can I find places influenced by the chef's background?,Belle's Diner Nola,2
Where can I find places influenced by the chef's background?,Bakery Bar,2
Where can I find places influenced by the chef's background?,Luke,2
Where can I find places influenced by the chef's background?,Cornet,2
Where can I find places influenced by the chef's background?,Surrey's Café & Juice Bar,2
Where can I find places influenced by the chef's background?,Diamond Street Bar & Grill,2
Where can I find places influenced by the chef's background?,St Charles Tavern,1
Where can I find places influenced by the chef's background?,Sweet Soulfood,2
Where can I find places influenced by the chef's background?,Le Bayou Restaurant,2
Where can I find places influenced by the chef's background?,Cafe Conti,2
Where can I find places influenced by the chef's background?,Killer Poboys,2
Where can I find places influenced by the chef's background?,BOIL Seafood House,1
Where can I find places influenced by the chef's background?,The Rum House,2
Where can I find places influenced by the chef's background?,Mr Ed's Oyster Bar - Bienville,2
Where can I find places influenced by the chef's background?,Bourbon House,2
Where can I find places influenced by the chef's background?,Who Dat Coffee Cafe,2
Where can I find places influenced by the chef's background?,Welty's Deli and Catering,1
Where can I find places influenced by the chef's background?,Domenica,2
Where can I find places influenced by the chef's background?,Bubba Gump Shrimp Co.,2
Where can I find places influenced by the chef's background?,Ole Saint,3
Where can I find places influenced by the chef's background?,Felix's Restaurant & Oyster Bar,0
Where can I find places influenced by the chef's background?,Tartine,2
Where can I find places influenced by the chef's background?,Mulate's,3
Where can I find places influenced by the chef's background?,Union Kitchen & Union Party Room,1
Where can I find places influenced by the chef's background?,Gordon Biersch Brewery Restaurant,2
Where can I find places influenced by the chef's background?,The Avenue Pub,2
Where can I find places influenced by the chef's background?,Milk Bar,2
Where can I find places influenced by the chef's background?,Franks Restaurant,2
Where can I find places influenced by the chef's background?,Saint Cecilia,2
Where can I find places influenced by the chef's background?,Grand Isle,2
Where can I find places influenced by the chef's background?,Cafe Fleur De Lis,0
Where can I find places influenced by the chef's background?,Clesi's Restaurant & Catering,2
Where can I find places influenced by the chef's background?,Ernst Cafe,1
Where can I find places influenced by the chef's background?,Tracey's Original Irish Channel Bar,1
Where can I find places influenced by the chef's background?,Deja Vu Restaurant & Bar,1
Where can I find places influenced by the chef's background?,Coterie Restaurant & Oyster Bar,2
Where can I find places influenced by the chef's background?,The Blue Crab Restaurant & Oyster Bar,0
Where can I find places influenced by the chef's background?,Parasol's,1
Where can I find places influenced by the chef's background?,Mena's Palace,2
Where can I find places influenced by the chef's background?,Verti Marte,1
Where can I find places influenced by the chef's background?,Midway Pizza,0
Where can I find places influenced by the chef's background?,Stanley,3
Where can I find places influenced by the chef's background?,Liberty Cheesesteaks,2
Where can I find places influenced by the chef's background?,Streetcar Cafe,1
Where can I find places influenced by the chef's background?,Geisha Sushi Bistro,2
Where can I find places influenced by the chef's background?,Meals From The Heart Cafe,3
Where can I find places influenced by the chef's background?,Backspace Bar & Kitchen,0
Where can I find places influenced by the chef's background?,Dolce Vita Pizzeria,3
Where can I find places influenced by the chef's background?,Tru Burger,1
Where can I find places influenced by the chef's background?,Origami,2
Where can I find places influenced by the chef's background?,Guy's Po Boys,2
Where can I find places influenced by the chef's background?,Warehouse Grille,2
Where can I find places influenced by the chef's background?,Bayou Burger & Sports Company,2
Where can I find places influenced by the chef's background?,Remoulade,3
Where can I find places influenced by the chef's background?,World Famous N'awlins Cafe & Spice Emporium,2
Where can I find places influenced by the chef's background?,Attiki Bar and Grill,2
Where can I find places influenced by the chef's background?,Pere Antoine Restaurant,1
Where can I find places influenced by the chef's background?,Willa Jean,2
Where can I find places influenced by the chef's background?,Mother's Restaurant,2
Where can I find places influenced by the chef's background?,Wakin' Bakin',1
Where can I find places influenced by the chef's background?,Fat Boy Pantry,2
Where can I find places influenced by the chef's background?,Desire Oyster Bar,3
Where can I find places influenced by the chef's background?,Blaze Pizza,0
Where can I find places influenced by the chef's background?,Bayou Hot Wings,2
Where can I find places influenced by the chef's background?,Seither's Seafood,2
Where can I find places influenced by the chef's background?,Morrow's,2
Where can I find places influenced by the chef's background?,801 Royal,2
Where can I find places influenced by the chef's background?,The Governor,1
Where can I find places influenced by the chef's background?,Domilise Po-Boys & Bar,2
Where can I find places influenced by the chef's background?,Breads on Oak Cafe & Bakery,1
Where can I find places influenced by the chef's background?,Cure,2
Where can I find places influenced by the chef's background?,Croissant D'Or Patisserie,2
Where can I find places influenced by the chef's background?,Columns,1
Where can I find places influenced by the chef's background?,Lucy's Retired Surfers Bar & Restaurant,1
Where can I find places influenced by the chef's background?,Crabby Jack's,3
Where can I find places influenced by the chef's background?,The Vintage,2
Where can I find places influenced by the chef's background?,Two Chicks Cafe,2
Where can I find places influenced by the chef's background?,Seaworthy,2
Where can I find places influenced by the chef's background?,Cafe Envie & Espresso Bar,0
Where can I find places influenced by the chef's background?,Parkway Bakery & Tavern,2
Where can I find places influenced by the chef's background?,Pizza Domenica,2
Where can I find places influenced by the chef's background?,Backatown Coffee Parlour,2
Where can I find places influenced by the chef's background?,Poke Loa,1
Where can I find places influenced by the chef's background?,Victory,2
Where can I find places influenced by the chef's background?,Olde Nola Cookery,2
Where can I find places influenced by the chef's background?,Amici,1
Where can I find places influenced by the chef's background?,Shawarma on the Go,3
Where can I find places influenced by the chef's background?,Napoleon House,2
Where can I find places influenced by the chef's background?,Jimmy J's Cafe,2
Where can I find places influenced by the chef's background?,Monty's on the Square,2
Where can I find places influenced by the chef's background?,Nonna Mia Cafe & Pizzeria,2
Where can I find places influenced by the chef's background?,Cajun Mike's Pub & Grub,3
Where can I find places influenced by the chef's background?,Cooter Brown's,0
Where can I find places influenced by the chef's background?,House of Blues New Orleans,2
Where can I find places influenced by the chef's background?,Gumbo POT,1
Where can I find places influenced by the chef's background?,The Jimani,1
Where can I find places influenced by the chef's background?,Saints And Sinners,1
Where can I find places influenced by the chef's background?,J's Seafood Dock,2
Where can I find places influenced by the chef's background?,Cafe Beignet on Bourbon Street,0
Where can I find places influenced by the chef's background?,Manning's Sports Bar and Grill,1
Where can I find places influenced by the chef's background?,Daisy Dukes - French Quarter,1
Where can I find places influenced by the chef's background?,The Howlin' Wolf,2
Where can I find places influenced by the chef's background?,Royal House,2
Where can I find places influenced by the chef's background?,Wood Pizza Bistro and Taphouse,1
Where can I find places influenced by the chef's background?,The Crazy Lobster Bar & Grill,1
Where can I find places influenced by the chef's background?,District Donuts Sliders Brew,2
Where can I find places influenced by the chef's background?,Turtle Bay,0
Where can I find places influenced by the chef's background?,Stein's Market and Deli,2
Where can I find places influenced by the chef's background?,Pier 424 Seafood Market,1
Where can I find places influenced by the chef's background?,Cafe Negril,3
Where can I find places influenced by the chef's background?,"The Ritz-Carlton, New Orleans",2
Where can I find places influenced by the chef's background?,Ruby Slipper - New Orleans,3
Where can I find places influenced by the chef's background?,The Maison,2
Where can I find places influenced by the chef's background?,Gazebo Cafe,1
Where can I find places influenced by the chef's background?,Arnaud's French 75 Bar,2
Where can I find places influenced by the chef's background?,HiVolt Coffee,2
Where can I find places influenced by the chef's background?,The Daily Beet,1
Where can I find places influenced by the chef's background?,Gallier Restaurant & Oyster Bar,2
Where can I find places influenced by the chef's background?,Mid City Pizza,1
Where can I find places influenced by the chef's background?,French Toast,2
Where can I find places influenced by the chef's background?,Tiki Tolteca,2
Where can I find places influenced by the chef's background?,BB King's Blues Club,1
Where can I find places influenced by the chef's background?,Copper Monkey Grill,2
Where can I find places influenced by the chef's background?,Mahony's Po-Boys & Seafood,1
Where can I find places influenced by the chef's background?,Mr. Ed's Oyster Bar - St Charles Ave,2
Where can I find places influenced by the chef's background?,Bevi Seafood,2
Where can I find places influenced by the chef's background?,Sucré,3
Where can I find places influenced by the chef's background?,Cafe Beignet on Decatur Street,0
Where can I find places influenced by the chef's background?,Mambo's,3
Where can I find places influenced by the chef's background?,Daisy Mae's Southern Fried Chicken & Breakfast,2
Where can I find places influenced by the chef's background?,Avenue Cafe,1
Where can I find places influenced by the chef's background?,Windsor Court Hotel,2
Where can I find places influenced by the chef's background?,The Bulldog,0
Where can I find places influenced by the chef's background?,La Boulangerie,2
Where can I find places influenced by the chef's background?,Johnny's Po-Boys,0
Where can I find places influenced by the chef's background?,Corner Oyster House,0
Where can I find places influenced by the chef's background?,Merchant,1
Where can I find places influenced by the chef's background?,Gene's PO-Boys,1
Where can I find places influenced by the chef's background?,Morning Call Coffee Stand,2
Where can I find places influenced by the chef's background?,Le Pavillon Hotel,1
Where can I find places influenced by the chef's background?,G's Pizza,0
Where can I find places influenced by the chef's background?,Pat O'Brien's Courtyard Restaurant,2
Where can I find places influenced by the chef's background?,Two Chicks Café - CBD,2
Where can I find places influenced by the chef's background?,Krystal,0
Where can I find places influenced by the chef's background?,Drago's Seafood Restaurant,1
Where can I find places influenced by the chef's background?,The Old No 77 Hotel and Chandlery,2
Where can I find places influenced by the chef's background?,Mahony's Po-Boys & Seafood  - Uptown,2
Where can I find places influenced by the chef's background?,Cafe Beignet on Royal Street,0
Where can I find places influenced by the chef's background?,The Rusty Nail,1
Where can I find places influenced by the chef's background?,Acme Oyster House,1
Where can I find places influenced by the chef's background?,Gumbo Ya-Ya,2
Where can I find places influenced by the chef's background?,Pat O'Brien’s,0
Where can I find places influenced by the chef's background?,Melba's,2
Where can I find places influenced by the chef's background?,NOLA Poboys,3
Where can I find places influenced by the chef's background?,Barcadia,0
Where can I find places influenced by the chef's background?,Bittersweet Confections,2
Where can I find places influenced by the chef's background?,Reginelli's Pizzeria,1
Where can I find places influenced by the chef's background?,IHOP,0
Where can I find places influenced by the chef's background?,Daisy Dukes Express,2
Where can I find places influenced by the chef's background?,The Blind Pelican,0
Where can I find places influenced by the chef's background?,W New Orleans - French Quarter,2
Where can I find places influenced by the chef's background?,Daisy Dukes Cafe,1
Where can I find places influenced by the chef's background?,We Dat's Chicken and Shrimp,2
Where can I find places influenced by the chef's background?,30_90 NOLA,2
Where can I find places influenced by the chef's background?,Rue De La Course,1
Where can I find places influenced by the chef's background?,Café Du Monde,2
Where can I find places influenced by the chef's background?,Angelo Brocato,3
Where can I find places influenced by the chef's background?,The Original Italian Pie,1
Where can I find places influenced by the chef's background?,Acme Oyster House - Harrahs,0
Where can I find places influenced by the chef's background?,Mojo Coffee House,0
Where can I find places influenced by the chef's background?,Bamboula's,2
Where can I find places influenced by the chef's background?,New Orleans Famous Beignets And Coffee,0
Where can I find places influenced by the chef's background?,Steamboat Natchez,1
Where can I find places influenced by the chef's background?,Three Legged Dog,2
Where can I find places influenced by the chef's background?,Sheraton New Orleans Hotel,1
Where can I find places influenced by the chef's background?,Hilton New Orleans Riverside,1
Where can I find places influenced by the chef's background?,Pirates Alley Cafe,1
Where can I find places influenced by the chef's background?,Envie Espresso Bar & Cafe,0
Where can I find places influenced by the chef's background?,Royal Sonesta New Orleans,2
Where can I find places influenced by the chef's background?,New Orleans Marriott,2
Where can I find places influenced by the chef's background?,Hotel New Orleans Downtown,1
Where can I find places influenced by the chef's background?,Magazine Pizza,0
Where can I find places influenced by the chef's background?,The Jazz Playhouse,2
Where can I find places influenced by the chef's background?,Embassy Suites by Hilton New Orleans,1
Where can I find places influenced by the chef's background?,Crescent City Pizza Works,2
Where can I find places influenced by the chef's background?,Central Grocery & Deli,1
Where can I find places influenced by the chef's background?,Revelator Coffee New Orleans,1
Where can I find places influenced by the chef's background?,The American Sports Saloon,0
Where can I find places influenced by the chef's background?,Sazerac Bar,2
Where can I find places influenced by the chef's background?,Piccola Gelateria,3
Where can I find places influenced by the chef's background?,French Truck Coffee,0
Where can I find places influenced by the chef's background?,Hot Tin,0
Where can I find places influenced by the chef's background?,Fritzel's European Jazz Pub,0
Where can I find places influenced by the chef's background?,Vieux Carre Pizza,0
Where can I find places influenced by the chef's background?,Old Absinthe House,2
Where can I find places influenced by the chef's background?,Dave & Buster's,0
Where can I find places influenced by the chef's background?,Paddlewheeler Creole Queen,2
Where can I find places influenced by the chef's background?,Holy Crepes!,2
Where can I find places influenced by the chef's background?,French Quarter Phantoms,0
What restaurants offer interesting non-alcoholic options?,Cure,2
What restaurants offer interesting non-alcoholic options?,Sazerac Bar,1
What restaurants offer interesting non-alcoholic options?,Beachbum Berry's Latitude 29,2
What restaurants offer interesting non-alcoholic options?,Satsuma Café,3
What restaurants offer interesting non-alcoholic options?,Tiki Tolteca,1
What restaurants offer interesting non-alcoholic options?,Mojo Coffee House,3
What restaurants offer interesting non-alcoholic options?,Victory,2
What restaurants offer interesting non-alcoholic options?,The Avenue Pub,1
What restaurants offer interesting non-alcoholic options?,The Delachaise,1
What restaurants offer interesting non-alcoholic options?,Cane and Table,2
What restaurants offer interesting non-alcoholic options?,WINO  Wine Institute of New Orleans,0
What restaurants offer interesting non-alcoholic options?,HiVolt Coffee,2
What restaurants offer interesting non-alcoholic options?,Revelator Coffee New Orleans,2
What restaurants offer interesting non-alcoholic options?,The Bombay Club,2
What restaurants offer interesting non-alcoholic options?,Booty's Street Food,3
What restaurants offer interesting non-alcoholic options?,El Gato Negro,0
What restaurants offer interesting non-alcoholic options?,CellarDoor,2
What restaurants offer interesting non-alcoholic options?,Yuki Izakaya,2
What restaurants offer interesting non-alcoholic options?,Bakery Bar,2
What restaurants offer interesting non-alcoholic options?,Arnaud's French 75 Bar,2
What restaurants offer interesting non-alcoholic options?,Old Absinthe House,1
What restaurants offer interesting non-alcoholic options?,Cafe Envie & Espresso Bar,2
What restaurants offer interesting non-alcoholic options?,The Bulldog,2
What restaurants offer interesting non-alcoholic options?,Pirates Alley Cafe,1
What restaurants offer interesting non-alcoholic options?,Root,2
What restaurants offer interesting non-alcoholic options?,Crescent City Brewhouse,1
What restaurants offer interesting non-alcoholic options?,Baru Bistro & Tapas,3
What restaurants offer interesting non-alcoholic options?,Mizado Latin Kitchen,2
What restaurants offer interesting non-alcoholic options?,Sylvain,3
What restaurants offer interesting non-alcoholic options?,Capdeville,2
What restaurants offer interesting non-alcoholic options?,Mopho,2
What restaurants offer interesting non-alcoholic options?,Auction House Market,2
What restaurants offer interesting non-alcoholic options?,Juan's Flying Burrito,2
What restaurants offer interesting non-alcoholic options?,DTB,2
What restaurants offer interesting non-alcoholic options?,Mimi's In The Marigny,2
What restaurants offer interesting non-alcoholic options?,Kingfish,2
What restaurants offer interesting non-alcoholic options?,Carmo,2
What restaurants offer interesting non-alcoholic options?,Green Goddess,3
What restaurants offer interesting non-alcoholic options?,Gazebo Cafe,3
What restaurants offer interesting non-alcoholic options?,Lula Restaurant Distillery,2
What restaurants offer interesting non-alcoholic options?,SukhoThai,2
What restaurants offer interesting non-alcoholic options?,Copper Vine,2
What restaurants offer interesting non-alcoholic options?,Avenue Cafe,3
What restaurants offer interesting non-alcoholic options?,The American Sector,2
What restaurants offer interesting non-alcoholic options?,Stein's Market and Deli,2
What restaurants offer interesting non-alcoholic options?,Cooter Brown's,1
What restaurants offer interesting non-alcoholic options?,Del Fuego,2
What restaurants offer interesting non-alcoholic options?,Kebab,2
What restaurants offer interesting non-alcoholic options?,Coquette,2
What restaurants offer interesting non-alcoholic options?,The Tasting Room,1
What restaurants offer interesting non-alcoholic options?,Saffron nola,2
What restaurants offer interesting non-alcoholic options?,Stella!,2
What restaurants offer interesting non-alcoholic options?,Boucherie,2
What restaurants offer interesting non-alcoholic options?,The Rusty Nail,2
What restaurants offer interesting non-alcoholic options?,SoBou,2
What restaurants offer interesting non-alcoholic options?,Columns,2
What restaurants offer interesting non-alcoholic options?,High Hat Cafe,3
What restaurants offer interesting non-alcoholic options?,Shaya,2
What restaurants offer interesting non-alcoholic options?,Dante's Kitchen,2
What restaurants offer interesting non-alcoholic options?,The Jimani,1
What restaurants offer interesting non-alcoholic options?,Salon by Sucré,2
What restaurants offer interesting non-alcoholic options?,The Daily Beet,3
What restaurants offer interesting non-alcoholic options?,Dick & Jenny's,2
What restaurants offer interesting non-alcoholic options?,Salú Bistro and Bar,2
What restaurants offer interesting non-alcoholic options?,The Velvet Cactus,2
What restaurants offer interesting non-alcoholic options?,Café Adelaide,1
What restaurants offer interesting non-alcoholic options?,Three Muses,1
What restaurants offer interesting non-alcoholic options?,The Vintage,2
What restaurants offer interesting non-alcoholic options?,Restaurant August,2
What restaurants offer interesting non-alcoholic options?,Bayona,2
What restaurants offer interesting non-alcoholic options?,Pat O'Brien’s,1
What restaurants offer interesting non-alcoholic options?,Saint Lawrence,2
What restaurants offer interesting non-alcoholic options?,Hot Tin,2
What restaurants offer interesting non-alcoholic options?,The Company Burger,2
What restaurants offer interesting non-alcoholic options?,Patois Restaurant,2
What restaurants offer interesting non-alcoholic options?,Gordon Biersch Brewery Restaurant,1
What restaurants offer interesting non-alcoholic options?,Port Of Call,1
What restaurants offer interesting non-alcoholic options?,Maïs Arepas,3
What restaurants offer interesting non-alcoholic options?,Jagerhaus,1
What restaurants offer interesting non-alcoholic options?,Willie's Chicken Shack,1
What restaurants offer interesting non-alcoholic options?,Mona's Cafe,3
What restaurants offer interesting non-alcoholic options?,Vessel NOLA,2
What restaurants offer interesting non-alcoholic options?,Rebellion Bar & Urban Kitchen,1
What restaurants offer interesting non-alcoholic options?,Rue De La Course,2
What restaurants offer interesting non-alcoholic options?,The Irish House,1
What restaurants offer interesting non-alcoholic options?,N 7,1
What restaurants offer interesting non-alcoholic options?,Cornet,2
What restaurants offer interesting non-alcoholic options?,The Howlin' Wolf,1
What restaurants offer interesting non-alcoholic options?,Ole Saint,1
What restaurants offer interesting non-alcoholic options?,Wayfare,2
What restaurants offer interesting non-alcoholic options?,Taqueria Guerrero,2
What restaurants offer interesting non-alcoholic options?,Bearcat CBD,2
What restaurants offer interesting non-alcoholic options?,Araña Taqueria y Cantina,2
What restaurants offer interesting non-alcoholic options?,French Truck Coffee,2
What restaurants offer interesting non-alcoholic options?,Compère Lapin,2
What restaurants offer interesting non-alcoholic options?,Backspace Bar & Kitchen,2
What restaurants offer interesting non-alcoholic options?,Cafe Abyssinia,2
What restaurants offer interesting non-alcoholic options?,Felipe's Mexican Taqueria - Uptown,2
What restaurants offer interesting non-alcoholic options?,Noodle & Pie,2
What restaurants offer interesting non-alcoholic options?,Meauxbar,1
What restaurants offer interesting non-alcoholic options?,Lilette,1
What restaurants offer interesting non-alcoholic options?,Merchant,2
What restaurants offer interesting non-alcoholic options?,Herbsaint,1
What restaurants offer interesting non-alcoholic options?,Surrey's Café & Juice Bar,3
What restaurants offer interesting non-alcoholic options?,Dat Dog,2
What restaurants offer interesting non-alcoholic options?,Envie Espresso Bar & Cafe,2
What restaurants offer interesting non-alcoholic options?,Superior Grill,1
What restaurants offer interesting non-alcoholic options?,Landry's Seafood House,2
What restaurants offer interesting non-alcoholic options?,Tito's Ceviche & Pisco,2
What restaurants offer interesting non-alcoholic options?,Restaurant R'evolution,2
What restaurants offer interesting non-alcoholic options?,Ernst Cafe,1
What restaurants offer interesting non-alcoholic options?,Atchafalaya Restaurant,1
What restaurants offer interesting non-alcoholic options?,Bearcat Cafe,3
What restaurants offer interesting non-alcoholic options?,Corner Oyster House,1
What restaurants offer interesting non-alcoholic options?,Attiki Bar and Grill,2
What restaurants offer interesting non-alcoholic options?,Mint Modern Vietnamese Bistro & Bar,2
What restaurants offer interesting non-alcoholic options?,Bennachin Restaurant,2
What restaurants offer interesting non-alcoholic options?,La Casita,2
What restaurants offer interesting non-alcoholic options?,Backatown Coffee Parlour,2
What restaurants offer interesting non-alcoholic options?,Jacques-Imo's Cafe,2
What restaurants offer interesting non-alcoholic options?,Yo Mama's Bar & Grill,1
What restaurants offer interesting non-alcoholic options?,Tacos And Beer,1
What restaurants offer interesting non-alcoholic options?,Orleans Grapevine Wine Bar & Bistro,1
What restaurants offer interesting non-alcoholic options?,Fat Boy Pantry,2
What restaurants offer interesting non-alcoholic options?,Pho Bistreaux,2
What restaurants offer interesting non-alcoholic options?,Luke,1
What restaurants offer interesting non-alcoholic options?,Jack Rose,2
What restaurants offer interesting non-alcoholic options?,The Pelican Club,2
What restaurants offer interesting non-alcoholic options?,St Roch Market,2
What restaurants offer interesting non-alcoholic options?,Namese,2
What restaurants offer interesting non-alcoholic options?,Café Amelie,2
What restaurants offer interesting non-alcoholic options?,Pizza Domenica,2
What restaurants offer interesting non-alcoholic options?,Maypop Restaurant,2
What restaurants offer interesting non-alcoholic options?,Buffa's Bar & Restaurant,0
What restaurants offer interesting non-alcoholic options?,The Jazz Playhouse,2
What restaurants offer interesting non-alcoholic options?,Casa Borrega,2
What restaurants offer interesting non-alcoholic options?,Ruby Slipper Cafe,2
What restaurants offer interesting non-alcoholic options?,Bubba Gump Shrimp Co.,2
What restaurants offer interesting non-alcoholic options?,Felipe's Mexican Taqueria - French Quarter,2
What restaurants offer interesting non-alcoholic options?,Ba Chi Canteen,1
What restaurants offer interesting non-alcoholic options?,Sake Cafe Uptown,1
What restaurants offer interesting non-alcoholic options?,13 Monaghan,1
What restaurants offer interesting non-alcoholic options?,Squeal,2
What restaurants offer interesting non-alcoholic options?,Johnny Sanchez,2
What restaurants offer interesting non-alcoholic options?,Who Dat Coffee Cafe,2
What restaurants offer interesting non-alcoholic options?,Walk-On's Sports Bistreaux - New Orleans,1
What restaurants offer interesting non-alcoholic options?,Sucré,1
What restaurants offer interesting non-alcoholic options?,Fritzel's European Jazz Pub,1
What restaurants offer interesting non-alcoholic options?,Ignatius' Rue de La Course Coffeehouse,2
What restaurants offer interesting non-alcoholic options?,Brennan's Restaurant,2
What restaurants offer interesting non-alcoholic options?,Basin Seafood & Spirits,2
What restaurants offer interesting non-alcoholic options?,Tujague's Restaurant,2
What restaurants offer interesting non-alcoholic options?,Cajun Mike's Pub & Grub,1
What restaurants offer interesting non-alcoholic options?,Seaworthy,2
What restaurants offer interesting non-alcoholic options?,1000 Figs,2
What restaurants offer interesting non-alcoholic options?,Cochon,1
What restaurants offer interesting non-alcoholic options?,Cowbell,1
What restaurants offer interesting non-alcoholic options?,Cuñada,2
What restaurants offer interesting non-alcoholic options?,The Marigny Brasserie,1
What restaurants offer interesting non-alcoholic options?,La Crepe Nanou,1
What restaurants offer interesting non-alcoholic options?,Lucy's Retired Surfers Bar & Restaurant,1
What restaurants offer interesting non-alcoholic options?,Magasin Vietnamese Cafe,2
What restaurants offer interesting non-alcoholic options?,La Petite Grocery,2
What restaurants offer interesting non-alcoholic options?,New Orleans Hamburger & Seafood Co,2
What restaurants offer interesting non-alcoholic options?,Mayas,2
What restaurants offer interesting non-alcoholic options?,Turtle Bay,1
What restaurants offer interesting non-alcoholic options?,Marcello's Restaurant & Wine Bar,1
What restaurants offer interesting non-alcoholic options?,801 Royal,1
What restaurants offer interesting non-alcoholic options?,La Macarena Pupuseria & Latin Cafe,3
What restaurants offer interesting non-alcoholic options?,Nolé,2
What restaurants offer interesting non-alcoholic options?,Toups Meatery,1
What restaurants offer interesting non-alcoholic options?,Seed,3
What restaurants offer interesting non-alcoholic options?,Angeline,2
What restaurants offer interesting non-alcoholic options?,Ancora,2
What restaurants offer interesting non-alcoholic options?,Down The Hatch,1
What restaurants offer interesting non-alcoholic options?,Chiba,2
What restaurants offer interesting non-alcoholic options?,Apolline Restaurant,1
What restaurants offer interesting non-alcoholic options?,The Country Club,1
What restaurants offer interesting non-alcoholic options?,The Rum House,1
What restaurants offer interesting non-alcoholic options?,Galatoire's 33 Bar & Steak,2
What restaurants offer interesting non-alcoholic options?,Santa Fe,1
What restaurants offer interesting non-alcoholic options?,Surrey's Uptown,3
What restaurants offer interesting non-alcoholic options?,Red Dog Diner,2
What restaurants offer interesting non-alcoholic options?,Napoleon House,2
What restaurants offer interesting non-alcoholic options?,Red's Chinese,2
What restaurants offer interesting non-alcoholic options?,Flamingo A-Go-Go,2
What restaurants offer interesting non-alcoholic options?,Emeril's Delmonico,2
What restaurants offer interesting non-alcoholic options?,District Donuts Sliders Brew,2
What restaurants offer interesting non-alcoholic options?,McClure's,1
What restaurants offer interesting non-alcoholic options?,Brennan's,2
What restaurants offer interesting non-alcoholic options?,Pat O'Brien's Courtyard Restaurant,1
What restaurants offer interesting non-alcoholic options?,Annunciation,1
What restaurants offer interesting non-alcoholic options?,Cafe Degas,1
What restaurants offer interesting non-alcoholic options?,The Maison,2
What restaurants offer interesting non-alcoholic options?,Cavan,2
What restaurants offer interesting non-alcoholic options?,Bittersweet Confections,2
What restaurants offer interesting non-alcoholic options?,Lola's,1
What restaurants offer interesting non-alcoholic options?,Toast,0
What restaurants offer interesting non-alcoholic options?,Copper Monkey Grill,1
What restaurants offer interesting non-alcoholic options?,Borgne,1
What restaurants offer interesting non-alcoholic options?,Cafe Rose Nicaud,2
What restaurants offer interesting non-alcoholic options?,Galatoire's Restaurant,1
What restaurants offer interesting non-alcoholic options?,Barcadia,1
What restaurants offer interesting non-alcoholic options?,Louisiana Bistro,1
What restaurants offer interesting non-alcoholic options?,Piccola Gelateria,2
What restaurants offer interesting non-alcoholic options?,Restaurant Rebirth,0
What restaurants offer interesting non-alcoholic options?,Krystal,1
What restaurants offer interesting non-alcoholic options?,Wood Pizza Bistro and Taphouse,1
What restaurants offer interesting non-alcoholic options?,Milk Bar,2
What restaurants offer interesting non-alcoholic options?,Upperline,0
What restaurants offer interesting non-alcoholic options?,Tout De Suite Cafe,2
What restaurants offer interesting non-alcoholic options?,Antoine's Restaurant,1
What restaurants offer interesting non-alcoholic options?,Little Tokyo Small Plates & Noodle Bar,1
What restaurants offer interesting non-alcoholic options?,La Thai Uptown,2
What restaurants offer interesting non-alcoholic options?,Bon Ton Cafe,2
What restaurants offer interesting non-alcoholic options?,Muriel's Jackson Square,2
What restaurants offer interesting non-alcoholic options?,Commander's Palace,2
What restaurants offer interesting non-alcoholic options?,Felipe's Mexican Taqueria - Mid City,2
What restaurants offer interesting non-alcoholic options?,Curio,2
What restaurants offer interesting non-alcoholic options?,Slice Pizzeria,2
What restaurants offer interesting non-alcoholic options?,Gumbo Shop,0
What restaurants offer interesting non-alcoholic options?,Paladar 511,2
What restaurants offer interesting non-alcoholic options?,Kin,2
What restaurants offer interesting non-alcoholic options?,Taqueria Corona,0
What restaurants offer interesting non-alcoholic options?,Lebanon's Cafe,2
What restaurants offer interesting non-alcoholic options?,Poke Loa,1
What restaurants offer interesting non-alcoholic options?,The Gallery Venue at Tomas Bistro,1
What restaurants offer interesting non-alcoholic options?,Pêche,2
What restaurants offer interesting non-alcoholic options?,New Orleans School of Cooking,1
What restaurants offer interesting non-alcoholic options?,Josephine Estelle,1
What restaurants offer interesting non-alcoholic options?,Ralph's on the Park,2
What restaurants offer interesting non-alcoholic options?,Deja Vu Restaurant & Bar,1
What restaurants offer interesting non-alcoholic options?,Windsor Court Hotel,2
What restaurants offer interesting non-alcoholic options?,Coop's Place,1
What restaurants offer interesting non-alcoholic options?,Lilly's Cafe,2
What restaurants offer interesting non-alcoholic options?,Felix's Restaurant & Oyster Bar,1
What restaurants offer interesting non-alcoholic options?,Pere Antoine Restaurant,1
What restaurants offer interesting non-alcoholic options?,Saba,2
What restaurants offer interesting non-alcoholic options?,Nacho Mama's Mexican Grill,1
What restaurants offer interesting non-alcoholic options?,Eat New Orleans,2
What restaurants offer interesting non-alcoholic options?,Remoulade,1
What restaurants offer interesting non-alcoholic options?,Neyow's Creole Cafe,1
What restaurants offer interesting non-alcoholic options?,GG's Dine-O-Rama,1
What restaurants offer interesting non-alcoholic options?,Refuel Cafe,2
What restaurants offer interesting non-alcoholic options?,Evangeline,2
What restaurants offer interesting non-alcoholic options?,Saints And Sinners,1
What restaurants offer interesting non-alcoholic options?,Pho Tau Bay Restaurant,2
What restaurants offer interesting non-alcoholic options?,Red Fish Grill,1
What restaurants offer interesting non-alcoholic options?,Superior Seafood & Oyster Bar,2
What restaurants offer interesting non-alcoholic options?,Cafe Pontalba,1
What restaurants offer interesting non-alcoholic options?,Liuzza's By The Track,1
What restaurants offer interesting non-alcoholic options?,Trenasse,1
What restaurants offer interesting non-alcoholic options?,Emeril's ,1
What restaurants offer interesting non-alcoholic options?,Three Legged Dog,0
What restaurants offer interesting non-alcoholic options?,Chartres House,1
What restaurants offer interesting non-alcoholic options?,Huck Finn's Cafe,1
What restaurants offer interesting non-alcoholic options?,Sneaky Pickle,2
What restaurants offer interesting non-alcoholic options?,Jung's Golden Dragon II,2
What restaurants offer interesting non-alcoholic options?,Boswell's Jamaican Grill,1
What restaurants offer interesting non-alcoholic options?,Warehouse Grille,1
What restaurants offer interesting non-alcoholic options?,Clancy's Restaurant,1
What restaurants offer interesting non-alcoholic options?,The Crazy Lobster Bar & Grill,2
What restaurants offer interesting non-alcoholic options?,Tracey's Original Irish Channel Bar,1
What restaurants offer interesting non-alcoholic options?,Nomiya,1
What restaurants offer interesting non-alcoholic options?,Angeli on Decatur,1
What restaurants offer interesting non-alcoholic options?,Tru Burger,2
What restaurants offer interesting non-alcoholic options?,Tartine,1
What restaurants offer interesting non-alcoholic options?,NOLA Restaurant,0
What restaurants offer interesting non-alcoholic options?,Midway Pizza,1
What restaurants offer interesting non-alcoholic options?,Deanie's Seafood,1
What restaurants offer interesting non-alcoholic options?,Cafe Beignet on Bourbon Street,2
What restaurants offer interesting non-alcoholic options?,Morning Call Coffee Stand,2
What restaurants offer interesting non-alcoholic options?,Nirvana Indian Cuisine,1
What restaurants offer interesting non-alcoholic options?,Dickie Brennan's Steakhouse,3
What restaurants offer interesting non-alcoholic options?,New Orleans Famous Beignets And Coffee,1
What restaurants offer interesting non-alcoholic options?,GW Fins,1
What restaurants offer interesting non-alcoholic options?,Holy Crepes!,1
What restaurants offer interesting non-alcoholic options?,The Joint,1
What restaurants offer interesting non-alcoholic options?,Gumbo POT,1
What restaurants offer interesting non-alcoholic options?,K-Paul's Louisiana Kitchen,1
What restaurants offer interesting non-alcoholic options?,Sofia,3
What restaurants offer interesting non-alcoholic options?,The Blind Pelican,0
What restaurants offer interesting non-alcoholic options?,Palace Café,1
What restaurants offer interesting non-alcoholic options?,Gyu-Kaku Japanese BBQ,2
What restaurants offer interesting non-alcoholic options?,Mr. B's Bistro,1
What restaurants offer interesting non-alcoholic options?,30_90 NOLA,1
What restaurants offer interesting non-alcoholic options?,Cafe Negril,1
What restaurants offer interesting non-alcoholic options?,Royal House,2
What restaurants offer interesting non-alcoholic options?,The Backyard,2
What restaurants offer interesting non-alcoholic options?,Le Bayou Restaurant,2
What restaurants offer interesting non-alcoholic options?,Desire Oyster Bar,1
What restaurants offer interesting non-alcoholic options?,Central City BBQ,1
What restaurants offer interesting non-alcoholic options?,St Charles Tavern,0
What restaurants offer interesting non-alcoholic options?,Rock-n-Saké Bar & Sushi,2
What restaurants offer interesting non-alcoholic options?,Little Gem Saloon,1
What restaurants offer interesting non-alcoholic options?,Slim Goodies Diner,1
What restaurants offer interesting non-alcoholic options?,Cafe Beignet on Royal Street,2
What restaurants offer interesting non-alcoholic options?,Frey Smoked Meat,1
What restaurants offer interesting non-alcoholic options?,Charcoal's Gourmet Burger Bar,2
What restaurants offer interesting non-alcoholic options?,Bourbon House,1
What restaurants offer interesting non-alcoholic options?,Gumbo Ya-Ya,1
What restaurants offer interesting non-alcoholic options?,Elizabeth's Restaurant,1
What restaurants offer interesting non-alcoholic options?,House of Blues New Orleans,1
What restaurants offer interesting non-alcoholic options?,The Steakhouse,1
What restaurants offer interesting non-alcoholic options?,Breads on Oak Cafe & Bakery,2
What restaurants offer interesting non-alcoholic options?,Bamboula's,1
What restaurants offer interesting non-alcoholic options?,Hoshun Restaurant,2
What restaurants offer interesting non-alcoholic options?,Grand Isle,2
What restaurants offer interesting non-alcoholic options?,Two Chicks Cafe,3
What restaurants offer interesting non-alcoholic options?,Brigtsen's Restaurant,1
What restaurants offer interesting non-alcoholic options?,Criollo Restaurant,1
What restaurants offer interesting non-alcoholic options?,The Old Coffee Pot Restaurant,1
What restaurants offer interesting non-alcoholic options?,The Original French Market Restaurant and Bar,1
What restaurants offer interesting non-alcoholic options?,Fogo de Chão Brazilian Steakhouse,2
What restaurants offer interesting non-alcoholic options?,New Orleans Cake Café & Bakery,2
What restaurants offer interesting non-alcoholic options?,Tommy's Cuisine,1
What restaurants offer interesting non-alcoholic options?,Arnaud's Restaurant,1
What restaurants offer interesting non-alcoholic options?,New Orleans Creole Cookery,1
What restaurants offer interesting non-alcoholic options?,Trinity Restaurant New Orleans,2
What restaurants offer interesting non-alcoholic options?,Vacherie,1
What restaurants offer interesting non-alcoholic options?,Tableau,2
What restaurants offer interesting non-alcoholic options?,Daisy Dukes - French Quarter,1
What restaurants offer interesting non-alcoholic options?,Willa Jean,2
What restaurants offer interesting non-alcoholic options?,Cleo's,1
What restaurants offer interesting non-alcoholic options?,The Market Cafe,1
What restaurants offer interesting non-alcoholic options?,The Italian Barrel,1
What restaurants offer interesting non-alcoholic options?,Mulate's,0
What restaurants offer interesting non-alcoholic options?,Ye Olde College Inn,1
What restaurants offer interesting non-alcoholic options?,Rib Room,1
What restaurants offer interesting non-alcoholic options?,Doris Metropolitan,1
What restaurants offer interesting non-alcoholic options?,Ugly Dog Saloon & BBQ,1
What restaurants offer interesting non-alcoholic options?,Domenica,1
What restaurants offer interesting non-alcoholic options?,Justine,1
What restaurants offer interesting non-alcoholic options?,The Praline Connection,1
What restaurants offer interesting non-alcoholic options?,Meril,2
What restaurants offer interesting non-alcoholic options?,Café Du Monde,2
What restaurants offer interesting non-alcoholic options?,Nonna Mia Cafe & Pizzeria,1
What restaurants offer interesting non-alcoholic options?,BOIL Seafood House,1
What restaurants offer interesting non-alcoholic options?,Saint Cecilia,2
What restaurants offer interesting non-alcoholic options?,Cochon Butcher,1
What restaurants offer interesting non-alcoholic options?,The Blue Crab Restaurant & Oyster Bar,1
What restaurants offer interesting non-alcoholic options?,Arabella Casa Di Pasta,1
What restaurants offer interesting non-alcoholic options?,Angelo Brocato,2
What restaurants offer interesting non-alcoholic options?,Houston's Restaurant,1
What restaurants offer interesting non-alcoholic options?,Voodoo BBQ & Grill,0
What restaurants offer interesting non-alcoholic options?,Amici,2
What restaurants offer interesting non-alcoholic options?,The Court of Two Sisters,1
What restaurants offer interesting non-alcoholic options?,Brown Butter Southern Kitchen & Bar,1
What restaurants offer interesting non-alcoholic options?,Killer Poboys,1
What restaurants offer interesting non-alcoholic options?,The Munch Factory,1
What restaurants offer interesting non-alcoholic options?,Croissant D'Or Patisserie,1
What restaurants offer interesting non-alcoholic options?,The American Sports Saloon,1
What restaurants offer interesting non-alcoholic options?,Blaze Pizza,2
What restaurants offer interesting non-alcoholic options?,Bayou Burger & Sports Company,1
What restaurants offer interesting non-alcoholic options?,Briquette,1
What restaurants offer interesting non-alcoholic options?,Casamento's Restaurant,0
What restaurants offer interesting non-alcoholic options?,Pascal's Manale,0
What restaurants offer interesting non-alcoholic options?,Morrow's,1
What restaurants offer interesting non-alcoholic options?,Cafe Maspero,1
What restaurants offer interesting non-alcoholic options?,Mr John's Steakhouse,1
What restaurants offer interesting non-alcoholic options?,9 Roses Cafe,2
What restaurants offer interesting non-alcoholic options?,Irene's,1
What restaurants offer interesting non-alcoholic options?,Little Korea BBQ,0
What restaurants offer interesting non-alcoholic options?,Hotel New Orleans Downtown,1
What restaurants offer interesting non-alcoholic options?,Mikimoto,0
What restaurants offer interesting non-alcoholic options?,Gris-Gris,0
What restaurants offer interesting non-alcoholic options?,Adolfo's,0
What restaurants offer interesting non-alcoholic options?,La Boca,0
What restaurants offer interesting non-alcoholic options?,Estrella Steak & Lobster,0
What restaurants offer interesting non-alcoholic options?,Snug Harbor Jazz Bistro,1
What restaurants offer interesting non-alcoholic options?,Fiorella's Cafe,1
What restaurants offer interesting non-alcoholic options?,Tsunami Sushi,1
What restaurants offer interesting non-alcoholic options?,Ruth's Chris Steak House,1
What restaurants offer interesting non-alcoholic options?,Coulis,1
What restaurants offer interesting non-alcoholic options?,Sweet Soulfood,2
What restaurants offer interesting non-alcoholic options?,Stanley,1
What restaurants offer interesting non-alcoholic options?,Origami,0
What restaurants offer interesting non-alcoholic options?,Blue Oak BBQ,1
What restaurants offer interesting non-alcoholic options?,Olde Nola Cookery,1
What restaurants offer interesting non-alcoholic options?,The Original Pierre Maspero's,2
What restaurants offer interesting non-alcoholic options?,Dong Phuong,2
What restaurants offer interesting non-alcoholic options?,Copeland's Cheesecake Bistro,1
What restaurants offer interesting non-alcoholic options?,Parasol's,1
What restaurants offer interesting non-alcoholic options?,Cafe Sbisa,1
What restaurants offer interesting non-alcoholic options?,Hobnobber's Variety Bar & Restaurant,1
What restaurants offer interesting non-alcoholic options?,Russell's Marina Grill,1
What restaurants offer interesting non-alcoholic options?,Cafe Beignet on Decatur Street,2
What restaurants offer interesting non-alcoholic options?,BB King's Blues Club,1
What restaurants offer interesting non-alcoholic options?,Hard Rock Cafe,1
What restaurants offer interesting non-alcoholic options?,Café at The Square,1
What restaurants offer interesting non-alcoholic options?,Bayou Hot Wings,1
What restaurants offer interesting non-alcoholic options?,Broussard's,2
What restaurants offer interesting non-alcoholic options?,Le Pavillon Hotel,1
What restaurants offer interesting non-alcoholic options?,Crescent City Steak House,1
What restaurants offer interesting non-alcoholic options?,Cafe Conti,1
What restaurants offer interesting non-alcoholic options?,Ruby Slipper - New Orleans,1
What restaurants offer interesting non-alcoholic options?,Meals From The Heart Cafe,3
What restaurants offer interesting non-alcoholic options?,Coterie Restaurant & Oyster Bar,1
What restaurants offer interesting non-alcoholic options?,W New Orleans - French Quarter,2
What restaurants offer interesting non-alcoholic options?,Sushi Brothers,1
What restaurants offer interesting non-alcoholic options?,Louisiana Pizza Kitchen,1
What restaurants offer interesting non-alcoholic options?,Wakin' Bakin',2
What restaurants offer interesting non-alcoholic options?,Vincent's Italian Cuisine,1
What restaurants offer interesting non-alcoholic options?,Legacy Kitchen's Craft Tavern,1
What restaurants offer interesting non-alcoholic options?,Asuka Sushi & Hibachi,0
What restaurants offer interesting non-alcoholic options?,Another Broken Egg Cafe,2
What restaurants offer interesting non-alcoholic options?,Dian Xin,1
What restaurants offer interesting non-alcoholic options?,Union Kitchen & Union Party Room,1
What restaurants offer interesting non-alcoholic options?,Oceana Grill,0
What restaurants offer interesting non-alcoholic options?,Sassafras Restaurant,0
What restaurants offer interesting non-alcoholic options?,Acme Oyster House - Harrahs,1
What restaurants offer interesting non-alcoholic options?,Frankie & Johnny's,0
What restaurants offer interesting non-alcoholic options?,Creole House Restaurant & Oyster Bar,1
What restaurants offer interesting non-alcoholic options?,Joey K's Restaurant & Bar,0
What restaurants offer interesting non-alcoholic options?,Mr Ed's Oyster Bar - Bienville,0
What restaurants offer interesting non-alcoholic options?,HORN'S EATERY,2
What restaurants offer interesting non-alcoholic options?,Mahony's Po-Boys & Seafood,1
What restaurants offer interesting non-alcoholic options?,Cajun Seafood,0
What restaurants offer interesting non-alcoholic options?,Acme Oyster House,1
What restaurants offer interesting non-alcoholic options?,Katie's Restaurant & Bar,1
What restaurants offer interesting non-alcoholic options?,Ninja Restaurant,2
What restaurants offer interesting non-alcoholic options?,Manning's Sports Bar and Grill,1
What restaurants offer interesting non-alcoholic options?,Welty's Deli and Catering,2
What restaurants offer interesting non-alcoholic options?,Mahony's Po-Boys & Seafood  - Uptown,1
What restaurants offer interesting non-alcoholic options?,Riccobono’s Panola St. Cafe,1
What restaurants offer interesting non-alcoholic options?,Cafe Fleur De Lis,1
What restaurants offer interesting non-alcoholic options?,Fharmacy Nola,0
What restaurants offer interesting non-alcoholic options?,biscuit & buns on banks,1
What restaurants offer interesting non-alcoholic options?,"The Ritz-Carlton, New Orleans",1
What restaurants offer interesting non-alcoholic options?,Mandina's Restaurant,1
What restaurants offer interesting non-alcoholic options?,The Governor,1
What restaurants offer interesting non-alcoholic options?,Galliano Restaurant,0
What restaurants offer interesting non-alcoholic options?,Embassy Suites by Hilton New Orleans,2
What restaurants offer interesting non-alcoholic options?,Pier 424 Seafood Market,1
What restaurants offer interesting non-alcoholic options?,The Grill,1
What restaurants offer interesting non-alcoholic options?,Clesi's Restaurant & Catering,0
What restaurants offer interesting non-alcoholic options?,Royal Sonesta New Orleans,1
What restaurants offer interesting non-alcoholic options?,Brothers Food Mart,1
What restaurants offer interesting non-alcoholic options?,Belle's Diner Nola,2
What restaurants offer interesting non-alcoholic options?,Avery's On Tulane,0
What restaurants offer interesting non-alcoholic options?,Chophouse New Orleans,1
What restaurants offer interesting non-alcoholic options?,Pizza Delicious,1
What restaurants offer interesting non-alcoholic options?,The Camellia Grill,1
What restaurants offer interesting non-alcoholic options?,Bevi Seafood,1
What restaurants offer interesting non-alcoholic options?,World Famous N'awlins Cafe & Spice Emporium,1
What restaurants offer interesting non-alcoholic options?,Jimmy J's Cafe,2
What restaurants offer interesting non-alcoholic options?,Geisha Sushi Bistro,1
What restaurants offer interesting non-alcoholic options?,Verti Marte,1
What restaurants offer interesting non-alcoholic options?,Li'l Dizzy's Cafe,0
What restaurants offer interesting non-alcoholic options?,New Orleans Marriott,1
What restaurants offer interesting non-alcoholic options?,French Toast,1
What restaurants offer interesting non-alcoholic options?,J's Seafood Dock,0
What restaurants offer interesting non-alcoholic options?,Faubourg Bistro,1
What restaurants offer interesting non-alcoholic options?,Reginelli's Pizzeria,1
What restaurants offer interesting non-alcoholic options?,Crabby Jack's,1
What restaurants offer interesting non-alcoholic options?,Diamond Street Bar & Grill,1
What restaurants offer interesting non-alcoholic options?,Gallier Restaurant & Oyster Bar,1
What restaurants offer interesting non-alcoholic options?,Melba's,1
What restaurants offer interesting non-alcoholic options?,Drago's Seafood Restaurant,1
What restaurants offer interesting non-alcoholic options?,La Boulangerie,1
What restaurants offer interesting non-alcoholic options?,Dooky Chase's Restaurant,1
What restaurants offer interesting non-alcoholic options?,Mr. Ed's Oyster Bar - St Charles Ave,1
What restaurants offer interesting non-alcoholic options?,Domilise Po-Boys & Bar,1
What restaurants offer interesting non-alcoholic options?,Fullblast Brunch,2
What restaurants offer interesting non-alcoholic options?,Five Happiness Chinese Restaurant,2
What restaurants offer interesting non-alcoholic options?,Mena's Palace,0
What restaurants offer interesting non-alcoholic options?,Steamboat Natchez,2
What restaurants offer interesting non-alcoholic options?,Sheraton New Orleans Hotel,1
What restaurants offer interesting non-alcoholic options?,Parkway Bakery & Tavern,0
What restaurants offer interesting non-alcoholic options?,Gene's PO-Boys,0
What restaurants offer interesting non-alcoholic options?,Clover Grill,0
What restaurants offer interesting non-alcoholic options?,The Halal Guys,0
What restaurants offer interesting non-alcoholic options?,Dreamy Weenies,1
What restaurants offer interesting non-alcoholic options?,Desi Vega's Steakhouse,1
What restaurants offer interesting non-alcoholic options?,The Trolley Stop Cafe,1
What restaurants offer interesting non-alcoholic options?,P & G Restaurant & Bar,0
What restaurants offer interesting non-alcoholic options?,Mambo's,1
What restaurants offer interesting non-alcoholic options?,Franks Restaurant,0
What restaurants offer interesting non-alcoholic options?,Mother's Restaurant,1
What restaurants offer interesting non-alcoholic options?,Dave & Buster's,1
What restaurants offer interesting non-alcoholic options?,Streetcar Cafe,2
What restaurants offer interesting non-alcoholic options?,We Dat's Chicken and Shrimp,0
What restaurants offer interesting non-alcoholic options?,NOLA Poboys,0
What restaurants offer interesting non-alcoholic options?,Central Grocery & Deli,1
What restaurants offer interesting non-alcoholic options?,Monty's on the Square,1
What restaurants offer interesting non-alcoholic options?,Majoria's Commerce Restaurant,1
What restaurants offer interesting non-alcoholic options?,Hilton New Orleans Riverside,1
What restaurants offer interesting non-alcoholic options?,Daisy Dukes Express,1
What restaurants offer interesting non-alcoholic options?,Daisy Dukes Cafe,1
What restaurants offer interesting non-alcoholic options?,Red Gravy,1
What restaurants offer interesting non-alcoholic options?,Two Chicks Café - CBD,2
What restaurants offer interesting non-alcoholic options?,The Old No 77 Hotel and Chandlery,2
What restaurants offer interesting non-alcoholic options?,Please-U-Restaurant,0
What restaurants offer interesting non-alcoholic options?,Willie Mae's Scotch House,1
What restaurants offer interesting non-alcoholic options?,IHOP,1
What restaurants offer interesting non-alcoholic options?,Turkey and the Wolf,1
What restaurants offer interesting non-alcoholic options?,Venezia Restaurant,0
What restaurants offer interesting non-alcoholic options?,Liberty Cheesesteaks,0
What restaurants offer interesting non-alcoholic options?,Heard Dat Kitchen,1
What restaurants offer interesting non-alcoholic options?,Mid City Pizza,2
What restaurants offer interesting non-alcoholic options?,G's Pizza,1
What restaurants offer interesting non-alcoholic options?,Johnny's Po-Boys,0
What restaurants offer interesting non-alcoholic options?,Mona Lisa Restaurant,1
What restaurants offer interesting non-alcoholic options?,Crescent City Pizza Works,1
What restaurants offer interesting non-alcoholic options?,Seither's Seafood,0
What restaurants offer interesting non-alcoholic options?,The Original Italian Pie,1
What restaurants offer interesting non-alcoholic options?,Guy's Po Boys,0
What restaurants offer interesting non-alcoholic options?,Shawarma on the Go,0
What restaurants offer interesting non-alcoholic options?,Dolce Vita Pizzeria,1
What restaurants offer interesting non-alcoholic options?,Magazine Pizza,0
What restaurants offer interesting non-alcoholic options?,Gus's World Famous Fried Chicken,1
What restaurants offer interesting non-alcoholic options?,Vieux Carre Pizza,0
What restaurants offer interesting non-alcoholic options?,Daisy Mae's Southern Fried Chicken & Breakfast,1
What restaurants offer interesting non-alcoholic options?,Paddlewheeler Creole Queen,1
What restaurants offer interesting non-alcoholic options?,French Quarter Phantoms,0
Where can I eat dishes inspired by local ingredients?,Mona's Cafe,3
Where can I eat dishes inspired by local ingredients?,St Roch Market,3
Where can I eat dishes inspired by local ingredients?,Louisiana Bistro,3
Where can I eat dishes inspired by local ingredients?,Sneaky Pickle,3
Where can I eat dishes inspired by local ingredients?,Auction House Market,3
Where can I eat dishes inspired by local ingredients?,Booty's Street Food,3
Where can I eat dishes inspired by local ingredients?,Bayona,3
Where can I eat dishes inspired by local ingredients?,Brigtsen's Restaurant,3
Where can I eat dishes inspired by local ingredients?,Green Goddess,3
Where can I eat dishes inspired by local ingredients?,Lebanon's Cafe,3
Where can I eat dishes inspired by local ingredients?,SukhoThai,1
Where can I eat dishes inspired by local ingredients?,Dante's Kitchen,3
Where can I eat dishes inspired by local ingredients?,Bennachin Restaurant,3
Where can I eat dishes inspired by local ingredients?,Patois Restaurant,3
Where can I eat dishes inspired by local ingredients?,Stella!,3
Where can I eat dishes inspired by local ingredients?,Root,3
Where can I eat dishes inspired by local ingredients?,Satsuma Café,3
Where can I eat dishes inspired by local ingredients?,Carmo,3
Where can I eat dishes inspired by local ingredients?,Cafe Abyssinia,3
Where can I eat dishes inspired by local ingredients?,Eat New Orleans,3
Where can I eat dishes inspired by local ingredients?,Coquette,3
Where can I eat dishes inspired by local ingredients?,New Orleans School of Cooking,3
Where can I eat dishes inspired by local ingredients?,Dick & Jenny's,3
Where can I eat dishes inspired by local ingredients?,Saffron nola,3
Where can I eat dishes inspired by local ingredients?,Dong Phuong,2
Where can I eat dishes inspired by local ingredients?,La Petite Grocery,3
Where can I eat dishes inspired by local ingredients?,Juan's Flying Burrito,2
Where can I eat dishes inspired by local ingredients?,Taqueria Guerrero,2
Where can I eat dishes inspired by local ingredients?,High Hat Cafe,3
Where can I eat dishes inspired by local ingredients?,Jacques-Imo's Cafe,3
Where can I eat dishes inspired by local ingredients?,El Gato Negro,2
Where can I eat dishes inspired by local ingredients?,Restaurant August,3
Where can I eat dishes inspired by local ingredients?,1000 Figs,3
Where can I eat dishes inspired by local ingredients?,Cafe Degas,2
Where can I eat dishes inspired by local ingredients?,Cochon,3
Where can I eat dishes inspired by local ingredients?,Little Korea BBQ,1
Where can I eat dishes inspired by local ingredients?,Dat Dog,3
Where can I eat dishes inspired by local ingredients?,Lilette,3
Where can I eat dishes inspired by local ingredients?,Gris-Gris,3
Where can I eat dishes inspired by local ingredients?,Cowbell,3
Where can I eat dishes inspired by local ingredients?,La Macarena Pupuseria & Latin Cafe,2
Where can I eat dishes inspired by local ingredients?,Herbsaint,3
Where can I eat dishes inspired by local ingredients?,Lola's,3
Where can I eat dishes inspired by local ingredients?,Compère Lapin,3
Where can I eat dishes inspired by local ingredients?,Meauxbar,3
Where can I eat dishes inspired by local ingredients?,Nirvana Indian Cuisine,1
Where can I eat dishes inspired by local ingredients?,Clancy's Restaurant,3
Where can I eat dishes inspired by local ingredients?,Upperline,3
Where can I eat dishes inspired by local ingredients?,Red's Chinese,3
Where can I eat dishes inspired by local ingredients?,Please-U-Restaurant,2
Where can I eat dishes inspired by local ingredients?,Arabella Casa Di Pasta,2
Where can I eat dishes inspired by local ingredients?,Shaya,3
Where can I eat dishes inspired by local ingredients?,The Praline Connection,3
Where can I eat dishes inspired by local ingredients?,New Orleans Hamburger & Seafood Co,2
Where can I eat dishes inspired by local ingredients?,K-Paul's Louisiana Kitchen,3
Where can I eat dishes inspired by local ingredients?,Cajun Seafood,3
Where can I eat dishes inspired by local ingredients?,The Grill,1
Where can I eat dishes inspired by local ingredients?,Felipe's Mexican Taqueria - French Quarter,1
Where can I eat dishes inspired by local ingredients?,Ignatius' Rue de La Course Coffeehouse,3
Where can I eat dishes inspired by local ingredients?,Cleo's,2
Where can I eat dishes inspired by local ingredients?,Seed,3
Where can I eat dishes inspired by local ingredients?,Kin,3
Where can I eat dishes inspired by local ingredients?,Boucherie,2
Where can I eat dishes inspired by local ingredients?,La Crepe Nanou,2
Where can I eat dishes inspired by local ingredients?,New Orleans Cake Café & Bakery,3
Where can I eat dishes inspired by local ingredients?,The American Sector,2
Where can I eat dishes inspired by local ingredients?,Café Amelie,3
Where can I eat dishes inspired by local ingredients?,Ruby Slipper Cafe,3
Where can I eat dishes inspired by local ingredients?,La Thai Uptown,2
Where can I eat dishes inspired by local ingredients?,Paladar 511,3
Where can I eat dishes inspired by local ingredients?,Adolfo's,2
Where can I eat dishes inspired by local ingredients?,Boswell's Jamaican Grill,3
Where can I eat dishes inspired by local ingredients?,Maypop Restaurant,3
Where can I eat dishes inspired by local ingredients?,N 7,3
Where can I eat dishes inspired by local ingredients?,Restaurant R'evolution,3
Where can I eat dishes inspired by local ingredients?,13 Monaghan,2
Where can I eat dishes inspired by local ingredients?,The Gallery Venue at Tomas Bistro,2
Where can I eat dishes inspired by local ingredients?,La Boca,2
Where can I eat dishes inspired by local ingredients?,The Tasting Room,2
Where can I eat dishes inspired by local ingredients?,Taqueria Corona,1
Where can I eat dishes inspired by local ingredients?,McClure's,2
Where can I eat dishes inspired by local ingredients?,Cafe Maspero,2
Where can I eat dishes inspired by local ingredients?,Slim Goodies Diner,2
Where can I eat dishes inspired by local ingredients?,Gyu-Kaku Japanese BBQ,0
Where can I eat dishes inspired by local ingredients?,The Munch Factory,3
Where can I eat dishes inspired by local ingredients?,The Camellia Grill,1
Where can I eat dishes inspired by local ingredients?,Salú Bistro and Bar,2
Where can I eat dishes inspired by local ingredients?,Maïs Arepas,3
Where can I eat dishes inspired by local ingredients?,Ye Olde College Inn,3
Where can I eat dishes inspired by local ingredients?,Noodle & Pie,2
Where can I eat dishes inspired by local ingredients?,Landry's Seafood House,2
Where can I eat dishes inspired by local ingredients?,Slice Pizzeria,2
Where can I eat dishes inspired by local ingredients?,Meals From The Heart Cafe,3
Where can I eat dishes inspired by local ingredients?,Louisiana Pizza Kitchen,2
Where can I eat dishes inspired by local ingredients?,Heard Dat Kitchen,3
Where can I eat dishes inspired by local ingredients?,Riccobono’s Panola St. Cafe,3
Where can I eat dishes inspired by local ingredients?,The Delachaise,2
Where can I eat dishes inspired by local ingredients?,Wayfare,3
Where can I eat dishes inspired by local ingredients?,Sweet Soulfood,3
Where can I eat dishes inspired by local ingredients?,Saint Lawrence,3
Where can I eat dishes inspired by local ingredients?,Cochon Butcher,3
Where can I eat dishes inspired by local ingredients?,Elizabeth's Restaurant,2
Where can I eat dishes inspired by local ingredients?,Vincent's Italian Cuisine,2
Where can I eat dishes inspired by local ingredients?,Yuki Izakaya,2
Where can I eat dishes inspired by local ingredients?,Jung's Golden Dragon II,2
Where can I eat dishes inspired by local ingredients?,Joey K's Restaurant & Bar,2
Where can I eat dishes inspired by local ingredients?,Atchafalaya Restaurant,3
Where can I eat dishes inspired by local ingredients?,Avery's On Tulane,3
Where can I eat dishes inspired by local ingredients?,Sassafras Restaurant,3
Where can I eat dishes inspired by local ingredients?,Magasin Vietnamese Cafe,2
Where can I eat dishes inspired by local ingredients?,Angeline,3
Where can I eat dishes inspired by local ingredients?,Mizado Latin Kitchen,2
Where can I eat dishes inspired by local ingredients?,Angeli on Decatur,2
Where can I eat dishes inspired by local ingredients?,GG's Dine-O-Rama,2
Where can I eat dishes inspired by local ingredients?,Mandina's Restaurant,3
Where can I eat dishes inspired by local ingredients?,New Orleans Creole Cookery,3
Where can I eat dishes inspired by local ingredients?,Galatoire's Restaurant,2
Where can I eat dishes inspired by local ingredients?,Bon Ton Cafe,3
Where can I eat dishes inspired by local ingredients?,Surrey's Uptown,2
Where can I eat dishes inspired by local ingredients?,Five Happiness Chinese Restaurant,0
Where can I eat dishes inspired by local ingredients?,Mayas,3
Where can I eat dishes inspired by local ingredients?,Kebab,3
Where can I eat dishes inspired by local ingredients?,Milk Bar,2
Where can I eat dishes inspired by local ingredients?,Trinity Restaurant New Orleans,3
Where can I eat dishes inspired by local ingredients?,Chophouse New Orleans,2
Where can I eat dishes inspired by local ingredients?,Rebellion Bar & Urban Kitchen,3
Where can I eat dishes inspired by local ingredients?,Toast,3
Where can I eat dishes inspired by local ingredients?,Gumbo Shop,3
Where can I eat dishes inspired by local ingredients?,Brown Butter Southern Kitchen & Bar,3
Where can I eat dishes inspired by local ingredients?,Breads on Oak Cafe & Bakery,2
Where can I eat dishes inspired by local ingredients?,Mint Modern Vietnamese Bistro & Bar,2
Where can I eat dishes inspired by local ingredients?,Irene's,3
Where can I eat dishes inspired by local ingredients?,Majoria's Commerce Restaurant,3
Where can I eat dishes inspired by local ingredients?,Café at The Square,2
Where can I eat dishes inspired by local ingredients?,Chartres House,2
Where can I eat dishes inspired by local ingredients?,The Company Burger,2
Where can I eat dishes inspired by local ingredients?,Jagerhaus,1
Where can I eat dishes inspired by local ingredients?,Tout De Suite Cafe,3
Where can I eat dishes inspired by local ingredients?,Tito's Ceviche & Pisco,3
Where can I eat dishes inspired by local ingredients?,Willie's Chicken Shack,1
Where can I eat dishes inspired by local ingredients?,Three Muses,3
Where can I eat dishes inspired by local ingredients?,The Italian Barrel,3
Where can I eat dishes inspired by local ingredients?,P & G Restaurant & Bar,2
Where can I eat dishes inspired by local ingredients?,Lilly's Cafe,3
Where can I eat dishes inspired by local ingredients?,Restaurant Rebirth,3
Where can I eat dishes inspired by local ingredients?,Superior Grill,1
Where can I eat dishes inspired by local ingredients?,Ba Chi Canteen,3
Where can I eat dishes inspired by local ingredients?,Sylvain,3
Where can I eat dishes inspired by local ingredients?,Red Dog Diner,2
Where can I eat dishes inspired by local ingredients?,Welty's Deli and Catering,2
Where can I eat dishes inspired by local ingredients?,The Trolley Stop Cafe,2
Where can I eat dishes inspired by local ingredients?,Tartine,3
Where can I eat dishes inspired by local ingredients?,Coop's Place,3
Where can I eat dishes inspired by local ingredients?,Capdeville,3
Where can I eat dishes inspired by local ingredients?,Hobnobber's Variety Bar & Restaurant,2
Where can I eat dishes inspired by local ingredients?,Dreamy Weenies,0
Where can I eat dishes inspired by local ingredients?,Emeril's Delmonico,3
Where can I eat dishes inspired by local ingredients?,Sofia,3
Where can I eat dishes inspired by local ingredients?,Del Fuego,3
Where can I eat dishes inspired by local ingredients?,Frankie & Johnny's,2
Where can I eat dishes inspired by local ingredients?,Saba,3
Where can I eat dishes inspired by local ingredients?,The Original French Market Restaurant and Bar,3
Where can I eat dishes inspired by local ingredients?,Johnny Sanchez,3
Where can I eat dishes inspired by local ingredients?,Orleans Grapevine Wine Bar & Bistro,2
Where can I eat dishes inspired by local ingredients?,Muriel's Jackson Square,3
Where can I eat dishes inspired by local ingredients?,Brennan's Restaurant,2
Where can I eat dishes inspired by local ingredients?,Toups Meatery,3
Where can I eat dishes inspired by local ingredients?,Katie's Restaurant & Bar,3
Where can I eat dishes inspired by local ingredients?,The Halal Guys,0
Where can I eat dishes inspired by local ingredients?,The Joint,2
Where can I eat dishes inspired by local ingredients?,Mimi's In The Marigny,3
Where can I eat dishes inspired by local ingredients?,Dooky Chase's Restaurant,3
Where can I eat dishes inspired by local ingredients?,HORN'S EATERY,3
Where can I eat dishes inspired by local ingredients?,Pho Tau Bay Restaurant,2
Where can I eat dishes inspired by local ingredients?,Namese,2
Where can I eat dishes inspired by local ingredients?,Borgne,3
Where can I eat dishes inspired by local ingredients?,Cavan,3
Where can I eat dishes inspired by local ingredients?,Houston's Restaurant,2
Where can I eat dishes inspired by local ingredients?,Pizza Delicious,2
Where can I eat dishes inspired by local ingredients?,Palace Café,3
Where can I eat dishes inspired by local ingredients?,Tujague's Restaurant,2
Where can I eat dishes inspired by local ingredients?,Meril,3
Where can I eat dishes inspired by local ingredients?,The Velvet Cactus,2
Where can I eat dishes inspired by local ingredients?,Marcello's Restaurant & Wine Bar,2
Where can I eat dishes inspired by local ingredients?,Verti Marte,2
Where can I eat dishes inspired by local ingredients?,Tommy's Cuisine,2
Where can I eat dishes inspired by local ingredients?,9 Roses Cafe,2
Where can I eat dishes inspired by local ingredients?,DTB,3
Where can I eat dishes inspired by local ingredients?,WINO  Wine Institute of New Orleans,2
Where can I eat dishes inspired by local ingredients?,Basin Seafood & Spirits,3
Where can I eat dishes inspired by local ingredients?,The Daily Beet,3
Where can I eat dishes inspired by local ingredients?,Hoshun Restaurant,1
Where can I eat dishes inspired by local ingredients?,Vacherie,3
Where can I eat dishes inspired by local ingredients?,Mr John's Steakhouse,1
Where can I eat dishes inspired by local ingredients?,Venezia Restaurant,2
Where can I eat dishes inspired by local ingredients?,Ugly Dog Saloon & BBQ,1
Where can I eat dishes inspired by local ingredients?,Another Broken Egg Cafe,2
Where can I eat dishes inspired by local ingredients?,Pêche,3
Where can I eat dishes inspired by local ingredients?,Mopho,3
Where can I eat dishes inspired by local ingredients?,The Old Coffee Pot Restaurant,2
Where can I eat dishes inspired by local ingredients?,Felipe's Mexican Taqueria - Uptown,1
Where can I eat dishes inspired by local ingredients?,Nolé,2
Where can I eat dishes inspired by local ingredients?,Sake Cafe Uptown,1
Where can I eat dishes inspired by local ingredients?,Santa Fe,2
Where can I eat dishes inspired by local ingredients?,Bearcat CBD,3
Where can I eat dishes inspired by local ingredients?,Baru Bistro & Tapas,3
Where can I eat dishes inspired by local ingredients?,The Pelican Club,2
Where can I eat dishes inspired by local ingredients?,Oceana Grill,3
Where can I eat dishes inspired by local ingredients?,Briquette,2
Where can I eat dishes inspired by local ingredients?,The Backyard,1
Where can I eat dishes inspired by local ingredients?,Voodoo BBQ & Grill,2
Where can I eat dishes inspired by local ingredients?,Russell's Marina Grill,3
Where can I eat dishes inspired by local ingredients?,Commander's Palace,3
Where can I eat dishes inspired by local ingredients?,SoBou,3
Where can I eat dishes inspired by local ingredients?,The Market Cafe,2
Where can I eat dishes inspired by local ingredients?,Bearcat Cafe,3
Where can I eat dishes inspired by local ingredients?,Cafe Rose Nicaud,2
Where can I eat dishes inspired by local ingredients?,Refuel Cafe,2
Where can I eat dishes inspired by local ingredients?,Emeril's ,2
Where can I eat dishes inspired by local ingredients?,Red Fish Grill,3
Where can I eat dishes inspired by local ingredients?,Annunciation,3
Where can I eat dishes inspired by local ingredients?,Josephine Estelle,2
Where can I eat dishes inspired by local ingredients?,Brothers Food Mart,1
Where can I eat dishes inspired by local ingredients?,GW Fins,3
Where can I eat dishes inspired by local ingredients?,The Original Pierre Maspero's,3
Where can I eat dishes inspired by local ingredients?,Crescent City Steak House,1
Where can I eat dishes inspired by local ingredients?,Surrey's Café & Juice Bar,3
Where can I eat dishes inspired by local ingredients?,Vessel NOLA,3
Where can I eat dishes inspired by local ingredients?,Copper Vine,3
Where can I eat dishes inspired by local ingredients?,La Casita,2
Where can I eat dishes inspired by local ingredients?,Squeal,2
Where can I eat dishes inspired by local ingredients?,Coulis,2
Where can I eat dishes inspired by local ingredients?,Stein's Market and Deli,1
Where can I eat dishes inspired by local ingredients?,Buffa's Bar & Restaurant,2
Where can I eat dishes inspired by local ingredients?,Poke Loa,2
Where can I eat dishes inspired by local ingredients?,Seither's Seafood,3
Where can I eat dishes inspired by local ingredients?,Pho Bistreaux,2
Where can I eat dishes inspired by local ingredients?,biscuit & buns on banks,3
Where can I eat dishes inspired by local ingredients?,Trenasse,3
Where can I eat dishes inspired by local ingredients?,Doris Metropolitan,2
Where can I eat dishes inspired by local ingredients?,Arnaud's Restaurant,3
Where can I eat dishes inspired by local ingredients?,Liuzza's By The Track,3
Where can I eat dishes inspired by local ingredients?,Casa Borrega,3
Where can I eat dishes inspired by local ingredients?,Port Of Call,1
Where can I eat dishes inspired by local ingredients?,The Marigny Brasserie,3
Where can I eat dishes inspired by local ingredients?,Ancora,3
Where can I eat dishes inspired by local ingredients?,Criollo Restaurant,3
Where can I eat dishes inspired by local ingredients?,Lula Restaurant Distillery,2
Where can I eat dishes inspired by local ingredients?,Crescent City Brewhouse,2
Where can I eat dishes inspired by local ingredients?,Dian Xin,2
Where can I eat dishes inspired by local ingredients?,Li'l Dizzy's Cafe,3
Where can I eat dishes inspired by local ingredients?,Ralph's on the Park,3
Where can I eat dishes inspired by local ingredients?,Fat Boy Pantry,3
Where can I eat dishes inspired by local ingredients?,CellarDoor,2
Where can I eat dishes inspired by local ingredients?,Neyow's Creole Cafe,3
Where can I eat dishes inspired by local ingredients?,Blue Oak BBQ,2
Where can I eat dishes inspired by local ingredients?,The Irish House,1
Where can I eat dishes inspired by local ingredients?,The Steakhouse,2
Where can I eat dishes inspired by local ingredients?,Charcoal's Gourmet Burger Bar,2
Where can I eat dishes inspired by local ingredients?,Galliano Restaurant,3
Where can I eat dishes inspired by local ingredients?,Central City BBQ,1
Where can I eat dishes inspired by local ingredients?,Pascal's Manale,3
Where can I eat dishes inspired by local ingredients?,Turkey and the Wolf,2
Where can I eat dishes inspired by local ingredients?,Superior Seafood & Oyster Bar,2
Where can I eat dishes inspired by local ingredients?,Cafe Pontalba,2
Where can I eat dishes inspired by local ingredients?,Café Adelaide,3
Where can I eat dishes inspired by local ingredients?,Mena's Palace,2
Where can I eat dishes inspired by local ingredients?,Creole House Restaurant & Oyster Bar,3
Where can I eat dishes inspired by local ingredients?,Dickie Brennan's Steakhouse,2
Where can I eat dishes inspired by local ingredients?,The Court of Two Sisters,3
Where can I eat dishes inspired by local ingredients?,Fogo de Chão Brazilian Steakhouse,1
Where can I eat dishes inspired by local ingredients?,Antoine's Restaurant,2
Where can I eat dishes inspired by local ingredients?,Tableau,3
Where can I eat dishes inspired by local ingredients?,Cuñada,3
Where can I eat dishes inspired by local ingredients?,Crabby Jack's,2
Where can I eat dishes inspired by local ingredients?,Clover Grill,1
Where can I eat dishes inspired by local ingredients?,Cane and Table,3
Where can I eat dishes inspired by local ingredients?,NOLA Restaurant,3
Where can I eat dishes inspired by local ingredients?,Cafe Sbisa,3
Where can I eat dishes inspired by local ingredients?,Nacho Mama's Mexican Grill,1
Where can I eat dishes inspired by local ingredients?,Casamento's Restaurant,3
Where can I eat dishes inspired by local ingredients?,J's Seafood Dock,3
Where can I eat dishes inspired by local ingredients?,Faubourg Bistro,2
Where can I eat dishes inspired by local ingredients?,Mikimoto,1
Where can I eat dishes inspired by local ingredients?,Wakin' Bakin',2
Where can I eat dishes inspired by local ingredients?,Tsunami Sushi,1
Where can I eat dishes inspired by local ingredients?,Remoulade,3
Where can I eat dishes inspired by local ingredients?,Galatoire's 33 Bar & Steak,2
Where can I eat dishes inspired by local ingredients?,Cafe Fleur De Lis,3
Where can I eat dishes inspired by local ingredients?,Who Dat Coffee Cafe,2
Where can I eat dishes inspired by local ingredients?,Apolline Restaurant,3
Where can I eat dishes inspired by local ingredients?,Legacy Kitchen's Craft Tavern,2
Where can I eat dishes inspired by local ingredients?,Mulate's,2
Where can I eat dishes inspired by local ingredients?,Down The Hatch,2
Where can I eat dishes inspired by local ingredients?,Little Tokyo Small Plates & Noodle Bar,1
Where can I eat dishes inspired by local ingredients?,Curio,3
Where can I eat dishes inspired by local ingredients?,Jack Rose,2
Where can I eat dishes inspired by local ingredients?,Brennan's,2
Where can I eat dishes inspired by local ingredients?,Saint Cecilia,2
Where can I eat dishes inspired by local ingredients?,Luke,3
Where can I eat dishes inspired by local ingredients?,World Famous N'awlins Cafe & Spice Emporium,3
Where can I eat dishes inspired by local ingredients?,Huck Finn's Cafe,2
Where can I eat dishes inspired by local ingredients?,Fullblast Brunch,2
Where can I eat dishes inspired by local ingredients?,Copeland's Cheesecake Bistro,1
Where can I eat dishes inspired by local ingredients?,The Bombay Club,2
Where can I eat dishes inspired by local ingredients?,The Avenue Pub,2
Where can I eat dishes inspired by local ingredients?,Killer Poboys,3
Where can I eat dishes inspired by local ingredients?,Deanie's Seafood,2
Where can I eat dishes inspired by local ingredients?,Red Gravy,2
Where can I eat dishes inspired by local ingredients?,Felix's Restaurant & Oyster Bar,2
Where can I eat dishes inspired by local ingredients?,Belle's Diner Nola,3
Where can I eat dishes inspired by local ingredients?,Beachbum Berry's Latitude 29,2
Where can I eat dishes inspired by local ingredients?,Salon by Sucré,2
Where can I eat dishes inspired by local ingredients?,St Charles Tavern,2
Where can I eat dishes inspired by local ingredients?,Liberty Cheesesteaks,1
Where can I eat dishes inspired by local ingredients?,Shawarma on the Go,1
Where can I eat dishes inspired by local ingredients?,Chiba,2
Where can I eat dishes inspired by local ingredients?,Cornet,2
Where can I eat dishes inspired by local ingredients?,HiVolt Coffee,2
Where can I eat dishes inspired by local ingredients?,Fiorella's Cafe,2
Where can I eat dishes inspired by local ingredients?,Le Bayou Restaurant,2
Where can I eat dishes inspired by local ingredients?,Cafe Conti,3
Where can I eat dishes inspired by local ingredients?,Mona Lisa Restaurant,2
Where can I eat dishes inspired by local ingredients?,Guy's Po Boys,2
Where can I eat dishes inspired by local ingredients?,Avenue Cafe,2
Where can I eat dishes inspired by local ingredients?,Justine,2
Where can I eat dishes inspired by local ingredients?,Desire Oyster Bar,3
Where can I eat dishes inspired by local ingredients?,Rock-n-Saké Bar & Sushi,1
Where can I eat dishes inspired by local ingredients?,Attiki Bar and Grill,2
Where can I eat dishes inspired by local ingredients?,Cooter Brown's,1
Where can I eat dishes inspired by local ingredients?,Kingfish,3
Where can I eat dishes inspired by local ingredients?,Evangeline,3
Where can I eat dishes inspired by local ingredients?,Mr. B's Bistro,2
Where can I eat dishes inspired by local ingredients?,Ninja Restaurant,1
Where can I eat dishes inspired by local ingredients?,Asuka Sushi & Hibachi,1
Where can I eat dishes inspired by local ingredients?,Warehouse Grille,2
Where can I eat dishes inspired by local ingredients?,Clesi's Restaurant & Catering,3
Where can I eat dishes inspired by local ingredients?,Mr Ed's Oyster Bar - Bienville,3
Where can I eat dishes inspired by local ingredients?,Coterie Restaurant & Oyster Bar,3
Where can I eat dishes inspired by local ingredients?,Tracey's Original Irish Channel Bar,2
Where can I eat dishes inspired by local ingredients?,Tru Burger,1
Where can I eat dishes inspired by local ingredients?,Gazebo Cafe,3
Where can I eat dishes inspired by local ingredients?,Franks Restaurant,1
Where can I eat dishes inspired by local ingredients?,Grand Isle,3
Where can I eat dishes inspired by local ingredients?,Rib Room,2
Where can I eat dishes inspired by local ingredients?,Mother's Restaurant,2
Where can I eat dishes inspired by local ingredients?,Two Chicks Cafe,2
Where can I eat dishes inspired by local ingredients?,Parkway Bakery & Tavern,3
Where can I eat dishes inspired by local ingredients?,Stanley,3
Where can I eat dishes inspired by local ingredients?,Hard Rock Cafe,1
Where can I eat dishes inspired by local ingredients?,Fharmacy Nola,3
Where can I eat dishes inspired by local ingredients?,Sushi Brothers,1
Where can I eat dishes inspired by local ingredients?,Willa Jean,2
Where can I eat dishes inspired by local ingredients?,Flamingo A-Go-Go,1
Where can I eat dishes inspired by local ingredients?,Bubba Gump Shrimp Co.,1
Where can I eat dishes inspired by local ingredients?,Blaze Pizza,2
Where can I eat dishes inspired by local ingredients?,Midway Pizza,2
Where can I eat dishes inspired by local ingredients?,The Rum House,3
Where can I eat dishes inspired by local ingredients?,The Country Club,3
Where can I eat dishes inspired by local ingredients?,Bourbon House,2
Where can I eat dishes inspired by local ingredients?,Yo Mama's Bar & Grill,1
Where can I eat dishes inspired by local ingredients?,Ruth's Chris Steak House,0
Where can I eat dishes inspired by local ingredients?,Domenica,2
Where can I eat dishes inspired by local ingredients?,Ernst Cafe,2
Where can I eat dishes inspired by local ingredients?,Pere Antoine Restaurant,2
Where can I eat dishes inspired by local ingredients?,Ole Saint,3
Where can I eat dishes inspired by local ingredients?,Estrella Steak & Lobster,1
Where can I eat dishes inspired by local ingredients?,Streetcar Cafe,2
Where can I eat dishes inspired by local ingredients?,Gordon Biersch Brewery Restaurant,1
Where can I eat dishes inspired by local ingredients?,Walk-On's Sports Bistreaux - New Orleans,2
Where can I eat dishes inspired by local ingredients?,Lucy's Retired Surfers Bar & Restaurant,1
Where can I eat dishes inspired by local ingredients?,Snug Harbor Jazz Bistro,2
Where can I eat dishes inspired by local ingredients?,Gus's World Famous Fried Chicken,0
Where can I eat dishes inspired by local ingredients?,Union Kitchen & Union Party Room,2
Where can I eat dishes inspired by local ingredients?,Deja Vu Restaurant & Bar,1
Where can I eat dishes inspired by local ingredients?,Tacos And Beer,1
Where can I eat dishes inspired by local ingredients?,BOIL Seafood House,2
Where can I eat dishes inspired by local ingredients?,801 Royal,2
Where can I eat dishes inspired by local ingredients?,Bakery Bar,2
Where can I eat dishes inspired by local ingredients?,Desi Vega's Steakhouse,2
Where can I eat dishes inspired by local ingredients?,Willie Mae's Scotch House,2
Where can I eat dishes inspired by local ingredients?,Diamond Street Bar & Grill,2
Where can I eat dishes inspired by local ingredients?,Daisy Dukes - French Quarter,2
Where can I eat dishes inspired by local ingredients?,Central Grocery & Deli,3
Where can I eat dishes inspired by local ingredients?,Olde Nola Cookery,3
Where can I eat dishes inspired by local ingredients?,Cafe Envie & Espresso Bar,2
Where can I eat dishes inspired by local ingredients?,Royal House,2
Where can I eat dishes inspired by local ingredients?,Nonna Mia Cafe & Pizzeria,2
Where can I eat dishes inspired by local ingredients?,Broussard's,3
Where can I eat dishes inspired by local ingredients?,Merchant,2
Where can I eat dishes inspired by local ingredients?,Felipe's Mexican Taqueria - Mid City,1
Where can I eat dishes inspired by local ingredients?,Morrow's,2
Where can I eat dishes inspired by local ingredients?,Seaworthy,3
Where can I eat dishes inspired by local ingredients?,Jimmy J's Cafe,2
Where can I eat dishes inspired by local ingredients?,The Crazy Lobster Bar & Grill,1
Where can I eat dishes inspired by local ingredients?,Bevi Seafood,3
Where can I eat dishes inspired by local ingredients?,Origami,1
Where can I eat dishes inspired by local ingredients?,Frey Smoked Meat,2
Where can I eat dishes inspired by local ingredients?,Cure,2
Where can I eat dishes inspired by local ingredients?,Ruby Slipper - New Orleans,3
Where can I eat dishes inspired by local ingredients?,Krystal,0
Where can I eat dishes inspired by local ingredients?,Araña Taqueria y Cantina,2
Where can I eat dishes inspired by local ingredients?,The Blue Crab Restaurant & Oyster Bar,2
Where can I eat dishes inspired by local ingredients?,Geisha Sushi Bistro,1
Where can I eat dishes inspired by local ingredients?,Little Gem Saloon,2
Where can I eat dishes inspired by local ingredients?,Gumbo POT,1
Where can I eat dishes inspired by local ingredients?,Turtle Bay,1
Where can I eat dishes inspired by local ingredients?,Gallier Restaurant & Oyster Bar,3
Where can I eat dishes inspired by local ingredients?,Nomiya,2
Where can I eat dishes inspired by local ingredients?,Bayou Hot Wings,2
Where can I eat dishes inspired by local ingredients?,The Governor,2
Where can I eat dishes inspired by local ingredients?,The Vintage,2
Where can I eat dishes inspired by local ingredients?,Croissant D'Or Patisserie,1
Where can I eat dishes inspired by local ingredients?,Wood Pizza Bistro and Taphouse,2
Where can I eat dishes inspired by local ingredients?,Mid City Pizza,2
Where can I eat dishes inspired by local ingredients?,Backatown Coffee Parlour,2
Where can I eat dishes inspired by local ingredients?,Domilise Po-Boys & Bar,2
Where can I eat dishes inspired by local ingredients?,Pizza Domenica,2
Where can I eat dishes inspired by local ingredients?,Cafe Beignet on Bourbon Street,1
Where can I eat dishes inspired by local ingredients?,Parasol's,3
Where can I eat dishes inspired by local ingredients?,Morning Call Coffee Stand,2
Where can I eat dishes inspired by local ingredients?,Mahony's Po-Boys & Seafood  - Uptown,2
Where can I eat dishes inspired by local ingredients?,Cajun Mike's Pub & Grub,2
Where can I eat dishes inspired by local ingredients?,Victory,3
Where can I eat dishes inspired by local ingredients?,Acme Oyster House,3
Where can I eat dishes inspired by local ingredients?,District Donuts Sliders Brew,2
Where can I eat dishes inspired by local ingredients?,French Toast,2
Where can I eat dishes inspired by local ingredients?,Amici,0
Where can I eat dishes inspired by local ingredients?,Bayou Burger & Sports Company,2
Where can I eat dishes inspired by local ingredients?,Reginelli's Pizzeria,1
Where can I eat dishes inspired by local ingredients?,Gene's PO-Boys,2
Where can I eat dishes inspired by local ingredients?,Johnny's Po-Boys,2
Where can I eat dishes inspired by local ingredients?,Mambo's,3
Where can I eat dishes inspired by local ingredients?,Napoleon House,2
Where can I eat dishes inspired by local ingredients?,Dolce Vita Pizzeria,1
Where can I eat dishes inspired by local ingredients?,The Jimani,1
Where can I eat dishes inspired by local ingredients?,Manning's Sports Bar and Grill,1
Where can I eat dishes inspired by local ingredients?,Saints And Sinners,2
Where can I eat dishes inspired by local ingredients?,Corner Oyster House,2
Where can I eat dishes inspired by local ingredients?,Melba's,2
Where can I eat dishes inspired by local ingredients?,Sucré,1
Where can I eat dishes inspired by local ingredients?,The Bulldog,2
Where can I eat dishes inspired by local ingredients?,Drago's Seafood Restaurant,3
Where can I eat dishes inspired by local ingredients?,Monty's on the Square,2
Where can I eat dishes inspired by local ingredients?,G's Pizza,2
Where can I eat dishes inspired by local ingredients?,The Howlin' Wolf,1
Where can I eat dishes inspired by local ingredients?,Pier 424 Seafood Market,2
Where can I eat dishes inspired by local ingredients?,Mr. Ed's Oyster Bar - St Charles Ave,2
Where can I eat dishes inspired by local ingredients?,Backspace Bar & Kitchen,2
Where can I eat dishes inspired by local ingredients?,The Maison,2
Where can I eat dishes inspired by local ingredients?,Cafe Negril,2
Where can I eat dishes inspired by local ingredients?,La Boulangerie,1
Where can I eat dishes inspired by local ingredients?,Gumbo Ya-Ya,2
Where can I eat dishes inspired by local ingredients?,Columns,2
Where can I eat dishes inspired by local ingredients?,Cafe Beignet on Royal Street,2
Where can I eat dishes inspired by local ingredients?,The Original Italian Pie,1
Where can I eat dishes inspired by local ingredients?,Daisy Dukes Cafe,2
Where can I eat dishes inspired by local ingredients?,Two Chicks Café - CBD,2
Where can I eat dishes inspired by local ingredients?,Bittersweet Confections,1
Where can I eat dishes inspired by local ingredients?,Angelo Brocato,2
Where can I eat dishes inspired by local ingredients?,Mahony's Po-Boys & Seafood,3
Where can I eat dishes inspired by local ingredients?,Copper Monkey Grill,2
Where can I eat dishes inspired by local ingredients?,The Rusty Nail,2
Where can I eat dishes inspired by local ingredients?,Acme Oyster House - Harrahs,2
Where can I eat dishes inspired by local ingredients?,The Blind Pelican,2
Where can I eat dishes inspired by local ingredients?,Daisy Dukes Express,2
Where can I eat dishes inspired by local ingredients?,Daisy Mae's Southern Fried Chicken & Breakfast,2
Where can I eat dishes inspired by local ingredients?,Envie Espresso Bar & Cafe,1
Where can I eat dishes inspired by local ingredients?,We Dat's Chicken and Shrimp,1
Where can I eat dishes inspired by local ingredients?,Piccola Gelateria,1
Where can I eat dishes inspired by local ingredients?,Cafe Beignet on Decatur Street,2
Where can I eat dishes inspired by local ingredients?,NOLA Poboys,3
Where can I eat dishes inspired by local ingredients?,New Orleans Famous Beignets And Coffee,1
Where can I eat dishes inspired by local ingredients?,Pat O'Brien's Courtyard Restaurant,2
Where can I eat dishes inspired by local ingredients?,Barcadia,1
Where can I eat dishes inspired by local ingredients?,House of Blues New Orleans,2
Where can I eat dishes inspired by local ingredients?,Crescent City Pizza Works,2
Where can I eat dishes inspired by local ingredients?,Pat O'Brien’s,1
Where can I eat dishes inspired by local ingredients?,Café Du Monde,2
Where can I eat dishes inspired by local ingredients?,30_90 NOLA,3
Where can I eat dishes inspired by local ingredients?,BB King's Blues Club,1
Where can I eat dishes inspired by local ingredients?,Holy Crepes!,3
Where can I eat dishes inspired by local ingredients?,Rue De La Course,2
Where can I eat dishes inspired by local ingredients?,Magazine Pizza,2
Where can I eat dishes inspired by local ingredients?,Mojo Coffee House,1
Where can I eat dishes inspired by local ingredients?,French Truck Coffee,2
Where can I eat dishes inspired by local ingredients?,Arnaud's French 75 Bar,2
Where can I eat dishes inspired by local ingredients?,Three Legged Dog,2
Where can I eat dishes inspired by local ingredients?,IHOP,0
Where can I eat dishes inspired by local ingredients?,Vieux Carre Pizza,2
Where can I eat dishes inspired by local ingredients?,Tiki Tolteca,0
Where can I eat dishes inspired by local ingredients?,"The Ritz-Carlton, New Orleans",2
Where can I eat dishes inspired by local ingredients?,Bamboula's,2
Where can I eat dishes inspired by local ingredients?,Pirates Alley Cafe,1
Where can I eat dishes inspired by local ingredients?,Revelator Coffee New Orleans,1
Where can I eat dishes inspired by local ingredients?,Steamboat Natchez,2
Where can I eat dishes inspired by local ingredients?,The American Sports Saloon,0
Where can I eat dishes inspired by local ingredients?,Le Pavillon Hotel,2
Where can I eat dishes inspired by local ingredients?,Embassy Suites by Hilton New Orleans,2
Where can I eat dishes inspired by local ingredients?,Windsor Court Hotel,2
Where can I eat dishes inspired by local ingredients?,W New Orleans - French Quarter,2
Where can I eat dishes inspired by local ingredients?,Dave & Buster's,0
Where can I eat dishes inspired by local ingredients?,The Jazz Playhouse,1
Where can I eat dishes inspired by local ingredients?,Sazerac Bar,1
Where can I eat dishes inspired by local ingredients?,Hilton New Orleans Riverside,2
Where can I eat dishes inspired by local ingredients?,The Old No 77 Hotel and Chandlery,2
Where can I eat dishes inspired by local ingredients?,New Orleans Marriott,2
Where can I eat dishes inspired by local ingredients?,Sheraton New Orleans Hotel,2
Where can I eat dishes inspired by local ingredients?,Old Absinthe House,1
Where can I eat dishes inspired by local ingredients?,Royal Sonesta New Orleans,2
Where can I eat dishes inspired by local ingredients?,Hotel New Orleans Downtown,2
Where can I eat dishes inspired by local ingredients?,Hot Tin,0
Where can I eat dishes inspired by local ingredients?,Fritzel's European Jazz Pub,0
Where can I eat dishes inspired by local ingredients?,Paddlewheeler Creole Queen,2
Where can I eat dishes inspired by local ingredients?,French Quarter Phantoms,0
Which restaurants bring outdoor elements inside?,Green Goddess,3
Which restaurants bring outdoor elements inside?,Auction House Market,3
Which restaurants bring outdoor elements inside?,Café Amelie,3
Which restaurants bring outdoor elements inside?,Satsuma Café,2
Which restaurants bring outdoor elements inside?,Columns,2
Which restaurants bring outdoor elements inside?,CellarDoor,2
Which restaurants bring outdoor elements inside?,Cafe Degas,3
Which restaurants bring outdoor elements inside?,The Court of Two Sisters,3
Which restaurants bring outdoor elements inside?,Vessel NOLA,2
Which restaurants bring outdoor elements inside?,Patois Restaurant,1
Which restaurants bring outdoor elements inside?,Lilette,3
Which restaurants bring outdoor elements inside?,The Tasting Room,0
Which restaurants bring outdoor elements inside?,Stella!,2
Which restaurants bring outdoor elements inside?,Booty's Street Food,0
Which restaurants bring outdoor elements inside?,Dante's Kitchen,3
Which restaurants bring outdoor elements inside?,St Roch Market,1
Which restaurants bring outdoor elements inside?,Jack Rose,3
Which restaurants bring outdoor elements inside?,Bayona,3
Which restaurants bring outdoor elements inside?,The Rusty Nail,3
Which restaurants bring outdoor elements inside?,Restaurant August,2
Which restaurants bring outdoor elements inside?,N 7,3
Which restaurants bring outdoor elements inside?,The Velvet Cactus,3
Which restaurants bring outdoor elements inside?,Brigtsen's Restaurant,0
Which restaurants bring outdoor elements inside?,Sylvain,2
Which restaurants bring outdoor elements inside?,Dat Dog,2
Which restaurants bring outdoor elements inside?,Dick & Jenny's,0
Which restaurants bring outdoor elements inside?,Copper Vine,3
Which restaurants bring outdoor elements inside?,SukhoThai,0
Which restaurants bring outdoor elements inside?,W New Orleans - French Quarter,2
Which restaurants bring outdoor elements inside?,Landry's Seafood House,2
Which restaurants bring outdoor elements inside?,La Crepe Nanou,2
Which restaurants bring outdoor elements inside?,Louisiana Bistro,0
Which restaurants bring outdoor elements inside?,Upperline,2
Which restaurants bring outdoor elements inside?,Paladar 511,2
Which restaurants bring outdoor elements inside?,Tableau,2
Which restaurants bring outdoor elements inside?,Boucherie,2
Which restaurants bring outdoor elements inside?,Ralph's on the Park,2
Which restaurants bring outdoor elements inside?,Muriel's Jackson Square,2
Which restaurants bring outdoor elements inside?,Hot Tin,0
Which restaurants bring outdoor elements inside?,Restaurant R'evolution,0
Which restaurants bring outdoor elements inside?,The Bombay Club,0
Which restaurants bring outdoor elements inside?,Mona's Cafe,1
Which restaurants bring outdoor elements inside?,Backatown Coffee Parlour,3
Which restaurants bring outdoor elements inside?,Kin,0
Which restaurants bring outdoor elements inside?,Mizado Latin Kitchen,2
Which restaurants bring outdoor elements inside?,Flamingo A-Go-Go,2
Which restaurants bring outdoor elements inside?,Coquette,0
Which restaurants bring outdoor elements inside?,Commander's Palace,2
Which restaurants bring outdoor elements inside?,Casa Borrega,3
Which restaurants bring outdoor elements inside?,Le Pavillon Hotel,1
Which restaurants bring outdoor elements inside?,The Old No 77 Hotel and Chandlery,1
Which restaurants bring outdoor elements inside?,Meauxbar,0
Which restaurants bring outdoor elements inside?,The American Sector,2
Which restaurants bring outdoor elements inside?,Shaya,2
Which restaurants bring outdoor elements inside?,Cure,2
Which restaurants bring outdoor elements inside?,Windsor Court Hotel,0
Which restaurants bring outdoor elements inside?,The Delachaise,2
Which restaurants bring outdoor elements inside?,Angeline,1
Which restaurants bring outdoor elements inside?,Root,2
Which restaurants bring outdoor elements inside?,Herbsaint,1
Which restaurants bring outdoor elements inside?,Café at The Square,2
Which restaurants bring outdoor elements inside?,Ignatius' Rue de La Course Coffeehouse,2
Which restaurants bring outdoor elements inside?,Cafe Beignet on Bourbon Street,3
Which restaurants bring outdoor elements inside?,Gris-Gris,2
Which restaurants bring outdoor elements inside?,Saffron nola,0
Which restaurants bring outdoor elements inside?,Morning Call Coffee Stand,2
Which restaurants bring outdoor elements inside?,Ruby Slipper Cafe,0
Which restaurants bring outdoor elements inside?,Vincent's Italian Cuisine,0
Which restaurants bring outdoor elements inside?,Red's Chinese,2
Which restaurants bring outdoor elements inside?,The Country Club,1
Which restaurants bring outdoor elements inside?,Santa Fe,2
Which restaurants bring outdoor elements inside?,La Petite Grocery,0
Which restaurants bring outdoor elements inside?,Eat New Orleans,1
Which restaurants bring outdoor elements inside?,Magasin Vietnamese Cafe,2
Which restaurants bring outdoor elements inside?,The Joint,2
Which restaurants bring outdoor elements inside?,Royal Sonesta New Orleans,2
Which restaurants bring outdoor elements inside?,The Backyard,3
Which restaurants bring outdoor elements inside?,Jacques-Imo's Cafe,0
Which restaurants bring outdoor elements inside?,The Gallery Venue at Tomas Bistro,1
Which restaurants bring outdoor elements inside?,Atchafalaya Restaurant,0
Which restaurants bring outdoor elements inside?,Cafe Abyssinia,1
Which restaurants bring outdoor elements inside?,Rue De La Course,2
Which restaurants bring outdoor elements inside?,Who Dat Coffee Cafe,2
Which restaurants bring outdoor elements inside?,Riccobono’s Panola St. Cafe,1
Which restaurants bring outdoor elements inside?,"The Ritz-Carlton, New Orleans",2
Which restaurants bring outdoor elements inside?,Cane and Table,3
Which restaurants bring outdoor elements inside?,Cafe Envie & Espresso Bar,2
Which restaurants bring outdoor elements inside?,Cavan,3
Which restaurants bring outdoor elements inside?,Sofia,0
Which restaurants bring outdoor elements inside?,La Thai Uptown,1
Which restaurants bring outdoor elements inside?,Another Broken Egg Cafe,2
Which restaurants bring outdoor elements inside?,Emeril's Delmonico,0
Which restaurants bring outdoor elements inside?,Compère Lapin,0
Which restaurants bring outdoor elements inside?,Trinity Restaurant New Orleans,2
Which restaurants bring outdoor elements inside?,SoBou,2
Which restaurants bring outdoor elements inside?,Capdeville,1
Which restaurants bring outdoor elements inside?,Cowbell,2
Which restaurants bring outdoor elements inside?,Mopho,2
Which restaurants bring outdoor elements inside?,Criollo Restaurant,1
Which restaurants bring outdoor elements inside?,Yuki Izakaya,0
Which restaurants bring outdoor elements inside?,Wood Pizza Bistro and Taphouse,3
Which restaurants bring outdoor elements inside?,Palace Café,0
Which restaurants bring outdoor elements inside?,Irene's,0
Which restaurants bring outdoor elements inside?,Juan's Flying Burrito,1
Which restaurants bring outdoor elements inside?,Sneaky Pickle,1
Which restaurants bring outdoor elements inside?,Josephine Estelle,0
Which restaurants bring outdoor elements inside?,K-Paul's Louisiana Kitchen,0
Which restaurants bring outdoor elements inside?,Lola's,2
Which restaurants bring outdoor elements inside?,Hotel New Orleans Downtown,0
Which restaurants bring outdoor elements inside?,Maïs Arepas,0
Which restaurants bring outdoor elements inside?,Justine,2
Which restaurants bring outdoor elements inside?,Clancy's Restaurant,0
Which restaurants bring outdoor elements inside?,Red Dog Diner,2
Which restaurants bring outdoor elements inside?,Noodle & Pie,3
Which restaurants bring outdoor elements inside?,El Gato Negro,2
Which restaurants bring outdoor elements inside?,Orleans Grapevine Wine Bar & Bistro,2
Which restaurants bring outdoor elements inside?,Salú Bistro and Bar,1
Which restaurants bring outdoor elements inside?,Bearcat Cafe,2
Which restaurants bring outdoor elements inside?,Cafe Beignet on Royal Street,2
Which restaurants bring outdoor elements inside?,Wayfare,1
Which restaurants bring outdoor elements inside?,Tommy's Cuisine,0
Which restaurants bring outdoor elements inside?,Napoleon House,2
Which restaurants bring outdoor elements inside?,Restaurant Rebirth,0
Which restaurants bring outdoor elements inside?,The Vintage,2
Which restaurants bring outdoor elements inside?,The Italian Barrel,2
Which restaurants bring outdoor elements inside?,Brennan's,2
Which restaurants bring outdoor elements inside?,Maypop Restaurant,1
Which restaurants bring outdoor elements inside?,The Avenue Pub,2
Which restaurants bring outdoor elements inside?,Heard Dat Kitchen,1
Which restaurants bring outdoor elements inside?,Salon by Sucré,2
Which restaurants bring outdoor elements inside?,Angeli on Decatur,0
Which restaurants bring outdoor elements inside?,Bearcat CBD,3
Which restaurants bring outdoor elements inside?,Crescent City Steak House,0
Which restaurants bring outdoor elements inside?,Rebellion Bar & Urban Kitchen,0
Which restaurants bring outdoor elements inside?,Mojo Coffee House,2
Which restaurants bring outdoor elements inside?,9 Roses Cafe,2
Which restaurants bring outdoor elements inside?,Ye Olde College Inn,2
Which restaurants bring outdoor elements inside?,New Orleans Hamburger & Seafood Co,2
Which restaurants bring outdoor elements inside?,Borgne,1
Which restaurants bring outdoor elements inside?,The Bulldog,3
Which restaurants bring outdoor elements inside?,Cochon,0
Which restaurants bring outdoor elements inside?,Nonna Mia Cafe & Pizzeria,2
Which restaurants bring outdoor elements inside?,HiVolt Coffee,2
Which restaurants bring outdoor elements inside?,Chartres House,3
Which restaurants bring outdoor elements inside?,1000 Figs,1
Which restaurants bring outdoor elements inside?,Bennachin Restaurant,0
Which restaurants bring outdoor elements inside?,The Marigny Brasserie,0
Which restaurants bring outdoor elements inside?,High Hat Cafe,0
Which restaurants bring outdoor elements inside?,Arnaud's Restaurant,0
Which restaurants bring outdoor elements inside?,Annunciation,0
Which restaurants bring outdoor elements inside?,Elizabeth's Restaurant,0
Which restaurants bring outdoor elements inside?,The Grill,0
Which restaurants bring outdoor elements inside?,Tujague's Restaurant,0
Which restaurants bring outdoor elements inside?,Carmo,2
Which restaurants bring outdoor elements inside?,Cafe Sbisa,0
Which restaurants bring outdoor elements inside?,Blue Oak BBQ,2
Which restaurants bring outdoor elements inside?,Sake Cafe Uptown,2
Which restaurants bring outdoor elements inside?,Adolfo's,0
Which restaurants bring outdoor elements inside?,Nolé,0
Which restaurants bring outdoor elements inside?,Surrey's Uptown,2
Which restaurants bring outdoor elements inside?,Namese,3
Which restaurants bring outdoor elements inside?,Boswell's Jamaican Grill,0
Which restaurants bring outdoor elements inside?,DTB,3
Which restaurants bring outdoor elements inside?,Slice Pizzeria,1
Which restaurants bring outdoor elements inside?,Lula Restaurant Distillery,2
Which restaurants bring outdoor elements inside?,Charcoal's Gourmet Burger Bar,2
Which restaurants bring outdoor elements inside?,Apolline Restaurant,2
Which restaurants bring outdoor elements inside?,Louisiana Pizza Kitchen,0
Which restaurants bring outdoor elements inside?,Marcello's Restaurant & Wine Bar,0
Which restaurants bring outdoor elements inside?,The Camellia Grill,0
Which restaurants bring outdoor elements inside?,Avenue Cafe,0
Which restaurants bring outdoor elements inside?,Dooky Chase's Restaurant,0
Which restaurants bring outdoor elements inside?,Galatoire's Restaurant,0
Which restaurants bring outdoor elements inside?,biscuit & buns on banks,2
Which restaurants bring outdoor elements inside?,The Pelican Club,1
Which restaurants bring outdoor elements inside?,The Blue Crab Restaurant & Oyster Bar,2
Which restaurants bring outdoor elements inside?,Slim Goodies Diner,2
Which restaurants bring outdoor elements inside?,Central City BBQ,2
Which restaurants bring outdoor elements inside?,Del Fuego,2
Which restaurants bring outdoor elements inside?,Mr John's Steakhouse,0
Which restaurants bring outdoor elements inside?,Broussard's,2
Which restaurants bring outdoor elements inside?,Toast,1
Which restaurants bring outdoor elements inside?,Brennan's Restaurant,2
Which restaurants bring outdoor elements inside?,GG's Dine-O-Rama,2
Which restaurants bring outdoor elements inside?,Gazebo Cafe,3
Which restaurants bring outdoor elements inside?,Meril,0
Which restaurants bring outdoor elements inside?,Vacherie,2
Which restaurants bring outdoor elements inside?,Houston's Restaurant,1
Which restaurants bring outdoor elements inside?,The Market Cafe,2
Which restaurants bring outdoor elements inside?,New Orleans Marriott,0
Which restaurants bring outdoor elements inside?,Arabella Casa Di Pasta,0
Which restaurants bring outdoor elements inside?,Cafe Rose Nicaud,0
Which restaurants bring outdoor elements inside?,Baru Bistro & Tapas,1
Which restaurants bring outdoor elements inside?,Beachbum Berry's Latitude 29,2
Which restaurants bring outdoor elements inside?,Tito's Ceviche & Pisco,2
Which restaurants bring outdoor elements inside?,Briquette,0
Which restaurants bring outdoor elements inside?,Mayas,2
Which restaurants bring outdoor elements inside?,Bakery Bar,0
Which restaurants bring outdoor elements inside?,Superior Seafood & Oyster Bar,2
Which restaurants bring outdoor elements inside?,Mona Lisa Restaurant,0
Which restaurants bring outdoor elements inside?,New Orleans Creole Cookery,2
Which restaurants bring outdoor elements inside?,The Maison,0
Which restaurants bring outdoor elements inside?,Tout De Suite Cafe,2
Which restaurants bring outdoor elements inside?,Mint Modern Vietnamese Bistro & Bar,0
Which restaurants bring outdoor elements inside?,Brown Butter Southern Kitchen & Bar,0
Which restaurants bring outdoor elements inside?,Victory,0
Which restaurants bring outdoor elements inside?,Sheraton New Orleans Hotel,0
Which restaurants bring outdoor elements inside?,Tiki Tolteca,2
Which restaurants bring outdoor elements inside?,Cornet,1
Which restaurants bring outdoor elements inside?,Milk Bar,0
Which restaurants bring outdoor elements inside?,Cafe Pontalba,3
Which restaurants bring outdoor elements inside?,Ba Chi Canteen,2
Which restaurants bring outdoor elements inside?,Saint Lawrence,0
Which restaurants bring outdoor elements inside?,Mimi's In The Marigny,0
Which restaurants bring outdoor elements inside?,Hilton New Orleans Riverside,0
Which restaurants bring outdoor elements inside?,Little Korea BBQ,0
Which restaurants bring outdoor elements inside?,Joey K's Restaurant & Bar,0
Which restaurants bring outdoor elements inside?,Emeril's ,0
Which restaurants bring outdoor elements inside?,Warehouse Grille,2
Which restaurants bring outdoor elements inside?,Nirvana Indian Cuisine,0
Which restaurants bring outdoor elements inside?,Chophouse New Orleans,0
Which restaurants bring outdoor elements inside?,Bon Ton Cafe,0
Which restaurants bring outdoor elements inside?,Antoine's Restaurant,1
Which restaurants bring outdoor elements inside?,Casamento's Restaurant,0
Which restaurants bring outdoor elements inside?,Embassy Suites by Hilton New Orleans,0
Which restaurants bring outdoor elements inside?,Doris Metropolitan,2
Which restaurants bring outdoor elements inside?,Pho Bistreaux,0
Which restaurants bring outdoor elements inside?,Snug Harbor Jazz Bistro,0
Which restaurants bring outdoor elements inside?,Saba,2
Which restaurants bring outdoor elements inside?,Please-U-Restaurant,0
Which restaurants bring outdoor elements inside?,Little Gem Saloon,0
Which restaurants bring outdoor elements inside?,Ugly Dog Saloon & BBQ,0
Which restaurants bring outdoor elements inside?,Curio,2
Which restaurants bring outdoor elements inside?,Hobnobber's Variety Bar & Restaurant,0
Which restaurants bring outdoor elements inside?,Hoshun Restaurant,0
Which restaurants bring outdoor elements inside?,La Casita,3
Which restaurants bring outdoor elements inside?,New Orleans Cake Café & Bakery,2
Which restaurants bring outdoor elements inside?,Pat O'Brien’s,3
Which restaurants bring outdoor elements inside?,Cafe Maspero,2
Which restaurants bring outdoor elements inside?,Pizza Delicious,1
Which restaurants bring outdoor elements inside?,Seed,3
Which restaurants bring outdoor elements inside?,Ernst Cafe,2
Which restaurants bring outdoor elements inside?,Blaze Pizza,1
Which restaurants bring outdoor elements inside?,Ancora,0
Which restaurants bring outdoor elements inside?,Dickie Brennan's Steakhouse,0
Which restaurants bring outdoor elements inside?,Squeal,0
Which restaurants bring outdoor elements inside?,Coop's Place,0
Which restaurants bring outdoor elements inside?,Cleo's,0
Which restaurants bring outdoor elements inside?,Evangeline,3
Which restaurants bring outdoor elements inside?,Pizza Domenica,1
Which restaurants bring outdoor elements inside?,HORN'S EATERY,0
Which restaurants bring outdoor elements inside?,Café Adelaide,0
Which restaurants bring outdoor elements inside?,Down The Hatch,2
Which restaurants bring outdoor elements inside?,Rib Room,0
Which restaurants bring outdoor elements inside?,Buffa's Bar & Restaurant,0
Which restaurants bring outdoor elements inside?,French Truck Coffee,2
Which restaurants bring outdoor elements inside?,The Original French Market Restaurant and Bar,1
Which restaurants bring outdoor elements inside?,Cooter Brown's,0
Which restaurants bring outdoor elements inside?,Midway Pizza,0
Which restaurants bring outdoor elements inside?,Legacy Kitchen's Craft Tavern,0
Which restaurants bring outdoor elements inside?,Pirates Alley Cafe,1
Which restaurants bring outdoor elements inside?,Gyu-Kaku Japanese BBQ,0
Which restaurants bring outdoor elements inside?,Little Tokyo Small Plates & Noodle Bar,0
Which restaurants bring outdoor elements inside?,Amici,2
Which restaurants bring outdoor elements inside?,GW Fins,0
Which restaurants bring outdoor elements inside?,Three Muses,0
Which restaurants bring outdoor elements inside?,Crescent City Brewhouse,0
Which restaurants bring outdoor elements inside?,Merchant,0
Which restaurants bring outdoor elements inside?,Desi Vega's Steakhouse,0
Which restaurants bring outdoor elements inside?,Galatoire's 33 Bar & Steak,0
Which restaurants bring outdoor elements inside?,Lebanon's Cafe,1
Which restaurants bring outdoor elements inside?,The Daily Beet,1
Which restaurants bring outdoor elements inside?,Lilly's Cafe,0
Which restaurants bring outdoor elements inside?,Cafe Conti,0
Which restaurants bring outdoor elements inside?,Russell's Marina Grill,2
Which restaurants bring outdoor elements inside?,Mr. B's Bistro,0
Which restaurants bring outdoor elements inside?,Felix's Restaurant & Oyster Bar,1
Which restaurants bring outdoor elements inside?,WINO  Wine Institute of New Orleans,0
Which restaurants bring outdoor elements inside?,NOLA Restaurant,0
Which restaurants bring outdoor elements inside?,Le Bayou Restaurant,2
Which restaurants bring outdoor elements inside?,Seaworthy,2
Which restaurants bring outdoor elements inside?,Tartine,1
Which restaurants bring outdoor elements inside?,The Original Pierre Maspero's,2
Which restaurants bring outdoor elements inside?,Katie's Restaurant & Bar,1
Which restaurants bring outdoor elements inside?,Pho Tau Bay Restaurant,0
Which restaurants bring outdoor elements inside?,Five Happiness Chinese Restaurant,0
Which restaurants bring outdoor elements inside?,Fogo de Chão Brazilian Steakhouse,0
Which restaurants bring outdoor elements inside?,Cafe Beignet on Decatur Street,2
Which restaurants bring outdoor elements inside?,Refuel Cafe,0
Which restaurants bring outdoor elements inside?,Domenica,0
Which restaurants bring outdoor elements inside?,Pêche,0
Which restaurants bring outdoor elements inside?,Turtle Bay,2
Which restaurants bring outdoor elements inside?,Pat O'Brien's Courtyard Restaurant,3
Which restaurants bring outdoor elements inside?,Kingfish,1
Which restaurants bring outdoor elements inside?,Venezia Restaurant,0
Which restaurants bring outdoor elements inside?,Taqueria Guerrero,0
Which restaurants bring outdoor elements inside?,The Munch Factory,0
Which restaurants bring outdoor elements inside?,Sassafras Restaurant,0
Which restaurants bring outdoor elements inside?,Sweet Soulfood,0
Which restaurants bring outdoor elements inside?,Estrella Steak & Lobster,0
Which restaurants bring outdoor elements inside?,La Macarena Pupuseria & Latin Cafe,0
Which restaurants bring outdoor elements inside?,Grand Isle,2
Which restaurants bring outdoor elements inside?,Manning's Sports Bar and Grill,1
Which restaurants bring outdoor elements inside?,Café Du Monde,1
Which restaurants bring outdoor elements inside?,Gumbo Shop,2
Which restaurants bring outdoor elements inside?,Majoria's Commerce Restaurant,0
Which restaurants bring outdoor elements inside?,Red Fish Grill,0
Which restaurants bring outdoor elements inside?,Frankie & Johnny's,1
Which restaurants bring outdoor elements inside?,La Boca,0
Which restaurants bring outdoor elements inside?,The Irish House,1
Which restaurants bring outdoor elements inside?,Streetcar Cafe,0
Which restaurants bring outdoor elements inside?,Tsunami Sushi,2
Which restaurants bring outdoor elements inside?,The Steakhouse,0
Which restaurants bring outdoor elements inside?,Ninja Restaurant,2
Which restaurants bring outdoor elements inside?,Jung's Golden Dragon II,0
Which restaurants bring outdoor elements inside?,The Howlin' Wolf,0
Which restaurants bring outdoor elements inside?,Avery's On Tulane,0
Which restaurants bring outdoor elements inside?,Royal House,2
Which restaurants bring outdoor elements inside?,The Old Coffee Pot Restaurant,2
Which restaurants bring outdoor elements inside?,Arnaud's French 75 Bar,0
Which restaurants bring outdoor elements inside?,Pere Antoine Restaurant,2
Which restaurants bring outdoor elements inside?,Saint Cecilia,1
Which restaurants bring outdoor elements inside?,Felipe's Mexican Taqueria - Uptown,3
Which restaurants bring outdoor elements inside?,Taqueria Corona,0
Which restaurants bring outdoor elements inside?,McClure's,0
Which restaurants bring outdoor elements inside?,Rock-n-Saké Bar & Sushi,0
Which restaurants bring outdoor elements inside?,Basin Seafood & Spirits,0
Which restaurants bring outdoor elements inside?,St Charles Tavern,0
Which restaurants bring outdoor elements inside?,Jagerhaus,0
Which restaurants bring outdoor elements inside?,House of Blues New Orleans,2
Which restaurants bring outdoor elements inside?,P & G Restaurant & Bar,0
Which restaurants bring outdoor elements inside?,Chiba,2
Which restaurants bring outdoor elements inside?,Li'l Dizzy's Cafe,0
Which restaurants bring outdoor elements inside?,Toups Meatery,1
Which restaurants bring outdoor elements inside?,Fullblast Brunch,0
Which restaurants bring outdoor elements inside?,The Trolley Stop Cafe,0
Which restaurants bring outdoor elements inside?,The Praline Connection,0
Which restaurants bring outdoor elements inside?,Breads on Oak Cafe & Bakery,0
Which restaurants bring outdoor elements inside?,Poke Loa,2
Which restaurants bring outdoor elements inside?,Superior Grill,2
Which restaurants bring outdoor elements inside?,Mandina's Restaurant,0
Which restaurants bring outdoor elements inside?,Sushi Brothers,0
Which restaurants bring outdoor elements inside?,Pascal's Manale,0
Which restaurants bring outdoor elements inside?,Johnny Sanchez,0
Which restaurants bring outdoor elements inside?,Felipe's Mexican Taqueria - Mid City,2
Which restaurants bring outdoor elements inside?,Walk-On's Sports Bistreaux - New Orleans,0
Which restaurants bring outdoor elements inside?,Willa Jean,0
Which restaurants bring outdoor elements inside?,Wakin' Bakin',1
Which restaurants bring outdoor elements inside?,Trenasse,0
Which restaurants bring outdoor elements inside?,Union Kitchen & Union Party Room,0
Which restaurants bring outdoor elements inside?,Port Of Call,0
Which restaurants bring outdoor elements inside?,Fiorella's Cafe,1
Which restaurants bring outdoor elements inside?,Lucy's Retired Surfers Bar & Restaurant,1
Which restaurants bring outdoor elements inside?,Mid City Pizza,2
Which restaurants bring outdoor elements inside?,Coulis,0
Which restaurants bring outdoor elements inside?,13 Monaghan,0
Which restaurants bring outdoor elements inside?,Surrey's Café & Juice Bar,2
Which restaurants bring outdoor elements inside?,Bayou Hot Wings,0
Which restaurants bring outdoor elements inside?,Kebab,1
Which restaurants bring outdoor elements inside?,Bourbon House,0
Which restaurants bring outdoor elements inside?,Asuka Sushi & Hibachi,0
Which restaurants bring outdoor elements inside?,The Governor,1
Which restaurants bring outdoor elements inside?,Mikimoto,1
Which restaurants bring outdoor elements inside?,Crabby Jack's,0
Which restaurants bring outdoor elements inside?,Croissant D'Or Patisserie,2
Which restaurants bring outdoor elements inside?,Belle's Diner Nola,0
Which restaurants bring outdoor elements inside?,Turkey and the Wolf,0
Which restaurants bring outdoor elements inside?,Stanley,1
Which restaurants bring outdoor elements inside?,Coterie Restaurant & Oyster Bar,0
Which restaurants bring outdoor elements inside?,Deanie's Seafood,0
Which restaurants bring outdoor elements inside?,The Company Burger,0
Which restaurants bring outdoor elements inside?,Hard Rock Cafe,0
Which restaurants bring outdoor elements inside?,Tracey's Original Irish Channel Bar,2
Which restaurants bring outdoor elements inside?,Neyow's Creole Cafe,0
Which restaurants bring outdoor elements inside?,Backspace Bar & Kitchen,1
Which restaurants bring outdoor elements inside?,Cajun Seafood,0
Which restaurants bring outdoor elements inside?,Diamond Street Bar & Grill,0
Which restaurants bring outdoor elements inside?,Oceana Grill,2
Which restaurants bring outdoor elements inside?,Nomiya,0
Which restaurants bring outdoor elements inside?,Liuzza's By The Track,0
Which restaurants bring outdoor elements inside?,Meals From The Heart Cafe,2
Which restaurants bring outdoor elements inside?,Desire Oyster Bar,2
Which restaurants bring outdoor elements inside?,New Orleans Famous Beignets And Coffee,0
Which restaurants bring outdoor elements inside?,Sazerac Bar,0
Which restaurants bring outdoor elements inside?,Dian Xin,0
Which restaurants bring outdoor elements inside?,Felipe's Mexican Taqueria - French Quarter,0
Which restaurants bring outdoor elements inside?,Dreamy Weenies,1
Which restaurants bring outdoor elements inside?,Copeland's Cheesecake Bistro,2
Which restaurants bring outdoor elements inside?,Jimmy J's Cafe,0
Which restaurants bring outdoor elements inside?,Franks Restaurant,2
Which restaurants bring outdoor elements inside?,Barcadia,2
Which restaurants bring outdoor elements inside?,Revelator Coffee New Orleans,0
Which restaurants bring outdoor elements inside?,Creole House Restaurant & Oyster Bar,0
Which restaurants bring outdoor elements inside?,Huck Finn's Cafe,2
Which restaurants bring outdoor elements inside?,The Crazy Lobster Bar & Grill,2
Which restaurants bring outdoor elements inside?,Voodoo BBQ & Grill,0
Which restaurants bring outdoor elements inside?,Parasol's,1
Which restaurants bring outdoor elements inside?,Cochon Butcher,0
Which restaurants bring outdoor elements inside?,Ole Saint,1
Which restaurants bring outdoor elements inside?,Ruth's Chris Steak House,0
Which restaurants bring outdoor elements inside?,Verti Marte,0
Which restaurants bring outdoor elements inside?,30_90 NOLA,2
Which restaurants bring outdoor elements inside?,Cafe Fleur De Lis,0
Which restaurants bring outdoor elements inside?,Morrow's,1
Which restaurants bring outdoor elements inside?,Saints And Sinners,2
Which restaurants bring outdoor elements inside?,Red Gravy,0
Which restaurants bring outdoor elements inside?,Welty's Deli and Catering,1
Which restaurants bring outdoor elements inside?,Attiki Bar and Grill,0
Which restaurants bring outdoor elements inside?,The Jazz Playhouse,0
Which restaurants bring outdoor elements inside?,Cajun Mike's Pub & Grub,0
Which restaurants bring outdoor elements inside?,Deja Vu Restaurant & Bar,0
Which restaurants bring outdoor elements inside?,801 Royal,0
Which restaurants bring outdoor elements inside?,Envie Espresso Bar & Cafe,2
Which restaurants bring outdoor elements inside?,Bubba Gump Shrimp Co.,1
Which restaurants bring outdoor elements inside?,Fat Boy Pantry,0
Which restaurants bring outdoor elements inside?,BOIL Seafood House,0
Which restaurants bring outdoor elements inside?,Galliano Restaurant,0
Which restaurants bring outdoor elements inside?,Bamboula's,0
Which restaurants bring outdoor elements inside?,Yo Mama's Bar & Grill,0
Which restaurants bring outdoor elements inside?,Luke,0
Which restaurants bring outdoor elements inside?,Clover Grill,0
Which restaurants bring outdoor elements inside?,Geisha Sushi Bistro,1
Which restaurants bring outdoor elements inside?,Killer Poboys,0
Which restaurants bring outdoor elements inside?,Remoulade,0
Which restaurants bring outdoor elements inside?,Origami,0
Which restaurants bring outdoor elements inside?,The Jimani,0
Which restaurants bring outdoor elements inside?,Two Chicks Cafe,0
Which restaurants bring outdoor elements inside?,Gallier Restaurant & Oyster Bar,0
Which restaurants bring outdoor elements inside?,Seither's Seafood,0
Which restaurants bring outdoor elements inside?,Tacos And Beer,2
Which restaurants bring outdoor elements inside?,Cafe Negril,0
Which restaurants bring outdoor elements inside?,Gordon Biersch Brewery Restaurant,0
Which restaurants bring outdoor elements inside?,Dong Phuong,0
Which restaurants bring outdoor elements inside?,Araña Taqueria y Cantina,1
Which restaurants bring outdoor elements inside?,Mena's Palace,0
Which restaurants bring outdoor elements inside?,Frey Smoked Meat,2
Which restaurants bring outdoor elements inside?,Stein's Market and Deli,0
Which restaurants bring outdoor elements inside?,Mambo's,0
Which restaurants bring outdoor elements inside?,Willie Mae's Scotch House,0
Which restaurants bring outdoor elements inside?,Cuñada,0
Which restaurants bring outdoor elements inside?,Faubourg Bistro,0
Which restaurants bring outdoor elements inside?,G's Pizza,1
Which restaurants bring outdoor elements inside?,Willie's Chicken Shack,0
Which restaurants bring outdoor elements inside?,Daisy Dukes - French Quarter,1
Which restaurants bring outdoor elements inside?,Bevi Seafood,1
Which restaurants bring outdoor elements inside?,New Orleans School of Cooking,0
Which restaurants bring outdoor elements inside?,Clesi's Restaurant & Catering,2
Which restaurants bring outdoor elements inside?,The Rum House,2
Which restaurants bring outdoor elements inside?,The American Sports Saloon,2
Which restaurants bring outdoor elements inside?,District Donuts Sliders Brew,0
Which restaurants bring outdoor elements inside?,Dolce Vita Pizzeria,0
Which restaurants bring outdoor elements inside?,Mr Ed's Oyster Bar - Bienville,0
Which restaurants bring outdoor elements inside?,Mulate's,1
Which restaurants bring outdoor elements inside?,J's Seafood Dock,2
Which restaurants bring outdoor elements inside?,Corner Oyster House,0
Which restaurants bring outdoor elements inside?,Fritzel's European Jazz Pub,0
Which restaurants bring outdoor elements inside?,Mother's Restaurant,0
Which restaurants bring outdoor elements inside?,Ruby Slipper - New Orleans,0
Which restaurants bring outdoor elements inside?,Olde Nola Cookery,2
Which restaurants bring outdoor elements inside?,Domilise Po-Boys & Bar,0
Which restaurants bring outdoor elements inside?,Nacho Mama's Mexican Grill,1
Which restaurants bring outdoor elements inside?,Mr. Ed's Oyster Bar - St Charles Ave,0
Which restaurants bring outdoor elements inside?,Reginelli's Pizzeria,1
Which restaurants bring outdoor elements inside?,Parkway Bakery & Tavern,0
Which restaurants bring outdoor elements inside?,The Blind Pelican,1
Which restaurants bring outdoor elements inside?,French Toast,0
Which restaurants bring outdoor elements inside?,Tru Burger,1
Which restaurants bring outdoor elements inside?,Fharmacy Nola,0
Which restaurants bring outdoor elements inside?,Acme Oyster House - Harrahs,0
Which restaurants bring outdoor elements inside?,Guy's Po Boys,0
Which restaurants bring outdoor elements inside?,Sucré,1
Which restaurants bring outdoor elements inside?,Krystal,0
Which restaurants bring outdoor elements inside?,Pier 424 Seafood Market,0
Which restaurants bring outdoor elements inside?,Gus's World Famous Fried Chicken,0
Which restaurants bring outdoor elements inside?,Acme Oyster House,0
Which restaurants bring outdoor elements inside?,BB King's Blues Club,0
Which restaurants bring outdoor elements inside?,Mahony's Po-Boys & Seafood  - Uptown,2
Which restaurants bring outdoor elements inside?,Bayou Burger & Sports Company,0
Which restaurants bring outdoor elements inside?,Gumbo POT,0
Which restaurants bring outdoor elements inside?,Mahony's Po-Boys & Seafood,0
Which restaurants bring outdoor elements inside?,Monty's on the Square,0
Which restaurants bring outdoor elements inside?,Johnny's Po-Boys,0
Which restaurants bring outdoor elements inside?,The Halal Guys,0
Which restaurants bring outdoor elements inside?,Bittersweet Confections,0
Which restaurants bring outdoor elements inside?,Daisy Dukes Express,0
Which restaurants bring outdoor elements inside?,Piccola Gelateria,1
Which restaurants bring outdoor elements inside?,Gumbo Ya-Ya,0
Which restaurants bring outdoor elements inside?,We Dat's Chicken and Shrimp,0
Which restaurants bring outdoor elements inside?,Brothers Food Mart,0
Which restaurants bring outdoor elements inside?,Copper Monkey Grill,1
Which restaurants bring outdoor elements inside?,Angelo Brocato,0
Which restaurants bring outdoor elements inside?,Two Chicks Café - CBD,0
Which restaurants bring outdoor elements inside?,Old Absinthe House,1
Which restaurants bring outdoor elements inside?,World Famous N'awlins Cafe & Spice Emporium,0
Which restaurants bring outdoor elements inside?,Drago's Seafood Restaurant,0
Which restaurants bring outdoor elements inside?,Melba's,0
Which restaurants bring outdoor elements inside?,Shawarma on the Go,0
Which restaurants bring outdoor elements inside?,Liberty Cheesesteaks,0
Which restaurants bring outdoor elements inside?,Daisy Dukes Cafe,0
Which restaurants bring outdoor elements inside?,IHOP,0
Which restaurants bring outdoor elements inside?,Steamboat Natchez,2
Which restaurants bring outdoor elements inside?,La Boulangerie,0
Which restaurants bring outdoor elements inside?,Dave & Buster's,0
Which restaurants bring outdoor elements inside?,Gene's PO-Boys,0
Which restaurants bring outdoor elements inside?,NOLA Poboys,0
Which restaurants bring outdoor elements inside?,The Original Italian Pie,0
Which restaurants bring outdoor elements inside?,Three Legged Dog,0
Which restaurants bring outdoor elements inside?,Magazine Pizza,0
Which restaurants bring outdoor elements inside?,Daisy Mae's Southern Fried Chicken & Breakfast,0
Which restaurants bring outdoor elements inside?,Crescent City Pizza Works,0
Which restaurants bring outdoor elements inside?,Vieux Carre Pizza,0
Which restaurants bring outdoor elements inside?,Holy Crepes!,2
Which restaurants bring outdoor elements inside?,Paddlewheeler Creole Queen,0
Which restaurants bring outdoor elements inside?,Central Grocery & Deli,0
Which restaurants bring outdoor elements inside?,French Quarter Phantoms,0
Where can I find dining with a distinct style?,Louisiana Bistro,3
Where can I find dining with a distinct style?,Stella!,3
Where can I find dining with a distinct style?,Brigtsen's Restaurant,3
Where can I find dining with a distinct style?,Restaurant August,3
Where can I find dining with a distinct style?,Restaurant R'evolution,3
Where can I find dining with a distinct style?,Coquette,3
Where can I find dining with a distinct style?,Green Goddess,3
Where can I find dining with a distinct style?,Booty's Street Food,3
Where can I find dining with a distinct style?,Upperline,3
Where can I find dining with a distinct style?,Cafe Degas,3
Where can I find dining with a distinct style?,The American Sector,2
Where can I find dining with a distinct style?,Bayona,3
Where can I find dining with a distinct style?,Dick & Jenny's,3
Where can I find dining with a distinct style?,K-Paul's Louisiana Kitchen,3
Where can I find dining with a distinct style?,The Gallery Venue at Tomas Bistro,3
Where can I find dining with a distinct style?,Lilette,3
Where can I find dining with a distinct style?,Patois Restaurant,3
Where can I find dining with a distinct style?,Dante's Kitchen,3
Where can I find dining with a distinct style?,SukhoThai,3
Where can I find dining with a distinct style?,Saffron nola,3
Where can I find dining with a distinct style?,Compère Lapin,3
Where can I find dining with a distinct style?,Auction House Market,3
Where can I find dining with a distinct style?,Root,3
Where can I find dining with a distinct style?,Gris-Gris,3
Where can I find dining with a distinct style?,Kin,3
Where can I find dining with a distinct style?,Boucherie,3
Where can I find dining with a distinct style?,La Crepe Nanou,3
Where can I find dining with a distinct style?,Café Amelie,3
Where can I find dining with a distinct style?,Meauxbar,3
Where can I find dining with a distinct style?,Paladar 511,3
Where can I find dining with a distinct style?,Emeril's Delmonico,3
Where can I find dining with a distinct style?,Nirvana Indian Cuisine,2
Where can I find dining with a distinct style?,Clancy's Restaurant,3
Where can I find dining with a distinct style?,The Grill,3
Where can I find dining with a distinct style?,Chophouse New Orleans,3
Where can I find dining with a distinct style?,Arnaud's Restaurant,3
Where can I find dining with a distinct style?,Cochon,3
Where can I find dining with a distinct style?,Restaurant Rebirth,3
Where can I find dining with a distinct style?,Jacques-Imo's Cafe,3
Where can I find dining with a distinct style?,The Camellia Grill,3
Where can I find dining with a distinct style?,Cavan,3
Where can I find dining with a distinct style?,Herbsaint,3
Where can I find dining with a distinct style?,La Petite Grocery,3
Where can I find dining with a distinct style?,Vessel NOLA,3
Where can I find dining with a distinct style?,Muriel's Jackson Square,3
Where can I find dining with a distinct style?,Dooky Chase's Restaurant,3
Where can I find dining with a distinct style?,Shaya,3
Where can I find dining with a distinct style?,Maypop Restaurant,3
Where can I find dining with a distinct style?,Cowbell,3
Where can I find dining with a distinct style?,Antoine's Restaurant,3
Where can I find dining with a distinct style?,Irene's,3
Where can I find dining with a distinct style?,Commander's Palace,3
Where can I find dining with a distinct style?,SoBou,3
Where can I find dining with a distinct style?,High Hat Cafe,3
Where can I find dining with a distinct style?,Tujague's Restaurant,3
Where can I find dining with a distinct style?,Eat New Orleans,3
Where can I find dining with a distinct style?,Mizado Latin Kitchen,3
Where can I find dining with a distinct style?,Ye Olde College Inn,3
Where can I find dining with a distinct style?,Rebellion Bar & Urban Kitchen,3
Where can I find dining with a distinct style?,Tableau,3
Where can I find dining with a distinct style?,Trinity Restaurant New Orleans,3
Where can I find dining with a distinct style?,La Thai Uptown,3
Where can I find dining with a distinct style?,Galatoire's Restaurant,3
Where can I find dining with a distinct style?,Jack Rose,3
Where can I find dining with a distinct style?,The Court of Two Sisters,3
Where can I find dining with a distinct style?,Criollo Restaurant,3
Where can I find dining with a distinct style?,Tommy's Cuisine,3
Where can I find dining with a distinct style?,Josephine Estelle,3
Where can I find dining with a distinct style?,Cafe Abyssinia,3
Where can I find dining with a distinct style?,N 7,3
Where can I find dining with a distinct style?,Palace Café,3
Where can I find dining with a distinct style?,Ralph's on the Park,3
Where can I find dining with a distinct style?,Little Korea BBQ,3
Where can I find dining with a distinct style?,Atchafalaya Restaurant,3
Where can I find dining with a distinct style?,The Pelican Club,3
Where can I find dining with a distinct style?,Galatoire's 33 Bar & Steak,3
Where can I find dining with a distinct style?,Meril,3
Where can I find dining with a distinct style?,Angeline,3
Where can I find dining with a distinct style?,Mr John's Steakhouse,3
Where can I find dining with a distinct style?,Annunciation,2
Where can I find dining with a distinct style?,La Boca,3
Where can I find dining with a distinct style?,St Roch Market,3
Where can I find dining with a distinct style?,Gyu-Kaku Japanese BBQ,3
Where can I find dining with a distinct style?,Borgne,2
Where can I find dining with a distinct style?,Briquette,3
Where can I find dining with a distinct style?,Cafe Sbisa,3
Where can I find dining with a distinct style?,Brown Butter Southern Kitchen & Bar,3
Where can I find dining with a distinct style?,Vincent's Italian Cuisine,3
Where can I find dining with a distinct style?,Juan's Flying Burrito,3
Where can I find dining with a distinct style?,El Gato Negro,3
Where can I find dining with a distinct style?,The Delachaise,3
Where can I find dining with a distinct style?,Crescent City Steak House,3
Where can I find dining with a distinct style?,Dat Dog,3
Where can I find dining with a distinct style?,Sylvain,3
Where can I find dining with a distinct style?,The Steakhouse,3
Where can I find dining with a distinct style?,The Bombay Club,3
Where can I find dining with a distinct style?,Ruby Slipper Cafe,3
Where can I find dining with a distinct style?,Red's Chinese,3
Where can I find dining with a distinct style?,Justine,3
Where can I find dining with a distinct style?,The Tasting Room,3
Recommend a place that changes the dining experience throughout the meal.,Louisiana Bistro,3
Recommend a place that changes the dining experience throughout the meal.,Stella!,3
Recommend a place that changes the dining experience throughout the meal.,Restaurant August,2
Recommend a place that changes the dining experience throughout the meal.,Coquette,3
Recommend a place that changes the dining experience throughout the meal.,Brigtsen's Restaurant,1
Recommend a place that changes the dining experience throughout the meal.,Restaurant R'evolution,3
Recommend a place that changes the dining experience throughout the meal.,Green Goddess,2
Recommend a place that changes the dining experience throughout the meal.,Bayona,2
Recommend a place that changes the dining experience throughout the meal.,Gris-Gris,3
Recommend a place that changes the dining experience throughout the meal.,Booty's Street Food,2
Recommend a place that changes the dining experience throughout the meal.,Compère Lapin,2
Recommend a place that changes the dining experience throughout the meal.,New Orleans School of Cooking,3
Recommend a place that changes the dining experience throughout the meal.,Root,3
Recommend a place that changes the dining experience throughout the meal.,Lilette,1
Recommend a place that changes the dining experience throughout the meal.,Josephine Estelle,1
Recommend a place that changes the dining experience throughout the meal.,Dick & Jenny's,1
Recommend a place that changes the dining experience throughout the meal.,K-Paul's Louisiana Kitchen,2
Recommend a place that changes the dining experience throughout the meal.,Jacques-Imo's Cafe,3
Recommend a place that changes the dining experience throughout the meal.,Boucherie,2
Recommend a place that changes the dining experience throughout the meal.,Paladar 511,2
Recommend a place that changes the dining experience throughout the meal.,Kin,3
Recommend a place that changes the dining experience throughout the meal.,The Gallery Venue at Tomas Bistro,1
Recommend a place that changes the dining experience throughout the meal.,Herbsaint,2
Recommend a place that changes the dining experience throughout the meal.,La Petite Grocery,2
Recommend a place that changes the dining experience throughout the meal.,Meauxbar,2
Recommend a place that changes the dining experience throughout the meal.,Cafe Degas,2
Recommend a place that changes the dining experience throughout the meal.,Sofia,2
Recommend a place that changes the dining experience throughout the meal.,Upperline,2
Recommend a place that changes the dining experience throughout the meal.,Café Amelie,2
Recommend a place that changes the dining experience throughout the meal.,Emeril's Delmonico,3
Recommend a place that changes the dining experience throughout the meal.,Patois Restaurant,2
Recommend a place that changes the dining experience throughout the meal.,Trinity Restaurant New Orleans,3
Recommend a place that changes the dining experience throughout the meal.,Brown Butter Southern Kitchen & Bar,1
Recommend a place that changes the dining experience throughout the meal.,Vessel NOLA,2
Recommend a place that changes the dining experience throughout the meal.,Gyu-Kaku Japanese BBQ,3
Recommend a place that changes the dining experience throughout the meal.,Dooky Chase's Restaurant,1
Recommend a place that changes the dining experience throughout the meal.,Dante's Kitchen,1
Recommend a place that changes the dining experience throughout the meal.,Saffron nola,3
Recommend a place that changes the dining experience throughout the meal.,Cochon,2
Recommend a place that changes the dining experience throughout the meal.,Restaurant Rebirth,1
Recommend a place that changes the dining experience throughout the meal.,Clancy's Restaurant,1
Recommend a place that changes the dining experience throughout the meal.,Cowbell,0
Recommend a place that changes the dining experience throughout the meal.,Mr John's Steakhouse,1
Recommend a place that changes the dining experience throughout the meal.,Annunciation,1
Recommend a place that changes the dining experience throughout the meal.,Criollo Restaurant,2
Recommend a place that changes the dining experience throughout the meal.,Cavan,1
Recommend a place that changes the dining experience throughout the meal.,Irene's,2
Recommend a place that changes the dining experience throughout the meal.,Chophouse New Orleans,1
Recommend a place that changes the dining experience throughout the meal.,Maypop Restaurant,3
Recommend a place that changes the dining experience throughout the meal.,Muriel's Jackson Square,2
Recommend a place that changes the dining experience throughout the meal.,The Steakhouse,1
Recommend a place that changes the dining experience throughout the meal.,Vincent's Italian Cuisine,1
Recommend a place that changes the dining experience throughout the meal.,Shaya,3
Recommend a place that changes the dining experience throughout the meal.,Meril,2
Recommend a place that changes the dining experience throughout the meal.,Toups Meatery,1
Recommend a place that changes the dining experience throughout the meal.,The American Sector,1
Recommend a place that changes the dining experience throughout the meal.,Commander's Palace,3
Recommend a place that changes the dining experience throughout the meal.,Nirvana Indian Cuisine,2
Recommend a place that changes the dining experience throughout the meal.,SukhoThai,1
Recommend a place that changes the dining experience throughout the meal.,The Court of Two Sisters,3
Recommend a place that changes the dining experience throughout the meal.,SoBou,2
Recommend a place that changes the dining experience throughout the meal.,Ye Olde College Inn,1
Recommend a place that changes the dining experience throughout the meal.,Adolfo's,2
Recommend a place that changes the dining experience throughout the meal.,Jack Rose,2
Recommend a place that changes the dining experience throughout the meal.,Eat New Orleans,1
Recommend a place that changes the dining experience throughout the meal.,GW Fins,2
Recommend a place that changes the dining experience throughout the meal.,Ralph's on the Park,1
Recommend a place that changes the dining experience throughout the meal.,Landry's Seafood House,1
Recommend a place that changes the dining experience throughout the meal.,Tableau,1
Recommend a place that changes the dining experience throughout the meal.,Tommy's Cuisine,2
Recommend a place that changes the dining experience throughout the meal.,Ruby Slipper Cafe,2
Recommend a place that changes the dining experience throughout the meal.,Wayfare,2
Recommend a place that changes the dining experience throughout the meal.,The Tasting Room,2
Recommend a place that changes the dining experience throughout the meal.,Angeline,1
Recommend a place that changes the dining experience throughout the meal.,La Boca,2
Recommend a place that changes the dining experience throughout the meal.,Tujague's Restaurant,2
Recommend a place that changes the dining experience throughout the meal.,Palace Café,2
Recommend a place that changes the dining experience throughout the meal.,Justine,3
Recommend a place that changes the dining experience throughout the meal.,Boswell's Jamaican Grill,1
Recommend a place that changes the dining experience throughout the meal.,Atchafalaya Restaurant,2
Recommend a place that changes the dining experience throughout the meal.,Galatoire's 33 Bar & Steak,1
Recommend a place that changes the dining experience throughout the meal.,Briquette,1
Recommend a place that changes the dining experience throughout the meal.,Little Korea BBQ,2
Recommend a place that changes the dining experience throughout the meal.,La Crepe Nanou,1
Recommend a place that changes the dining experience throughout the meal.,The Pelican Club,2
Recommend a place that changes the dining experience throughout the meal.,N 7,3
Recommend a place that changes the dining experience throughout the meal.,Borgne,0
Recommend a place that changes the dining experience throughout the meal.,Galatoire's Restaurant,3
Recommend a place that changes the dining experience throughout the meal.,Saba,2
Recommend a place that changes the dining experience throughout the meal.,DTB,3
Recommend a place that changes the dining experience throughout the meal.,The Italian Barrel,1
Recommend a place that changes the dining experience throughout the meal.,NOLA Restaurant,2
Recommend a place that changes the dining experience throughout the meal.,Cafe Sbisa,1
Recommend a place that changes the dining experience throughout the meal.,Arabella Casa Di Pasta,1
Recommend a place that changes the dining experience throughout the meal.,The Grill,3
Recommend a place that changes the dining experience throughout the meal.,Cafe Abyssinia,3
Recommend a place that changes the dining experience throughout the meal.,Red Fish Grill,1
Recommend a place that changes the dining experience throughout the meal.,High Hat Cafe,1
Recommend a place that changes the dining experience throughout the meal.,Heard Dat Kitchen,1
Recommend a place that changes the dining experience throughout the meal.,Charcoal's Gourmet Burger Bar,1
Recommend a place that changes the dining experience throughout the meal.,Brennan's,3
Recommend a place that changes the dining experience throughout the meal.,Pêche,2
Recommend a place that changes the dining experience throughout the meal.,Emeril's ,2
Recommend a place that changes the dining experience throughout the meal.,Rib Room,1
Recommend a place that changes the dining experience throughout the meal.,Salon by Sucré,2
Recommend a place that changes the dining experience throughout the meal.,Red Dog Diner,2
Recommend a place that changes the dining experience throughout the meal.,Desi Vega's Steakhouse,1
Recommend a place that changes the dining experience throughout the meal.,Mr. B's Bistro,1
Recommend a place that changes the dining experience throughout the meal.,Juan's Flying Burrito,1
Recommend a place that changes the dining experience throughout the meal.,Mayas,1
Recommend a place that changes the dining experience throughout the meal.,Rebellion Bar & Urban Kitchen,1
Recommend a place that changes the dining experience throughout the meal.,El Gato Negro,1
Recommend a place that changes the dining experience throughout the meal.,Arnaud's Restaurant,2
Recommend a place that changes the dining experience throughout the meal.,GG's Dine-O-Rama,1
Recommend a place that changes the dining experience throughout the meal.,Apolline Restaurant,1
Recommend a place that changes the dining experience throughout the meal.,Salú Bistro and Bar,1
Recommend a place that changes the dining experience throughout the meal.,Lola's,1
Recommend a place that changes the dining experience throughout the meal.,Sylvain,1
Recommend a place that changes the dining experience throughout the meal.,The Bombay Club,2
Recommend a place that changes the dining experience throughout the meal.,Café Adelaide,1
Recommend a place that changes the dining experience throughout the meal.,McClure's,1
Recommend a place that changes the dining experience throughout the meal.,Toast,1
Recommend a place that changes the dining experience throughout the meal.,Sneaky Pickle,2
Recommend a place that changes the dining experience throughout the meal.,Copper Vine,1
Recommend a place that changes the dining experience throughout the meal.,Kingfish,1
Recommend a place that changes the dining experience throughout the meal.,The Camellia Grill,3
Recommend a place that changes the dining experience throughout the meal.,Tito's Ceviche & Pisco,2
Recommend a place that changes the dining experience throughout the meal.,New Orleans Hamburger & Seafood Co,0
Recommend a place that changes the dining experience throughout the meal.,Brennan's Restaurant,3
Recommend a place that changes the dining experience throughout the meal.,La Thai Uptown,1
Recommend a place that changes the dining experience throughout the meal.,Fogo de Chão Brazilian Steakhouse,3
Recommend a place that changes the dining experience throughout the meal.,Legacy Kitchen's Craft Tavern,1
Recommend a place that changes the dining experience throughout the meal.,Mizado Latin Kitchen,2
Recommend a place that changes the dining experience throughout the meal.,Another Broken Egg Cafe,1
Recommend a place that changes the dining experience throughout the meal.,Cochon Butcher,1
Recommend a place that changes the dining experience throughout the meal.,Sassafras Restaurant,0
Recommend a place that changes the dining experience throughout the meal.,1000 Figs,1
Recommend a place that changes the dining experience throughout the meal.,Dickie Brennan's Steakhouse,1
Recommend a place that changes the dining experience throughout the meal.,Lula Restaurant Distillery,2
Recommend a place that changes the dining experience throughout the meal.,Marcello's Restaurant & Wine Bar,1
Recommend a place that changes the dining experience throughout the meal.,Bennachin Restaurant,2
Recommend a place that changes the dining experience throughout the meal.,Mopho,1
Recommend a place that changes the dining experience throughout the meal.,Red's Chinese,3
Recommend a place that changes the dining experience throughout the meal.,Antoine's Restaurant,3
Recommend a place that changes the dining experience throughout the meal.,Crescent City Steak House,2
Recommend a place that changes the dining experience throughout the meal.,Copeland's Cheesecake Bistro,0
Recommend a place that changes the dining experience throughout the meal.,Trenasse,1
Recommend a place that changes the dining experience throughout the meal.,Capdeville,1
Recommend a place that changes the dining experience throughout the meal.,Carmo,2
Recommend a place that changes the dining experience throughout the meal.,Ruth's Chris Steak House,0
Recommend a place that changes the dining experience throughout the meal.,Santa Fe,0
Recommend a place that changes the dining experience throughout the meal.,Nolé,2
Recommend a place that changes the dining experience throughout the meal.,Ba Chi Canteen,2
Recommend a place that changes the dining experience throughout the meal.,Vacherie,1
Recommend a place that changes the dining experience throughout the meal.,Noodle & Pie,1
Recommend a place that changes the dining experience throughout the meal.,biscuit & buns on banks,1
Recommend a place that changes the dining experience throughout the meal.,Doris Metropolitan,2
Recommend a place that changes the dining experience throughout the meal.,Three Muses,2
Recommend a place that changes the dining experience throughout the meal.,Li'l Dizzy's Cafe,1
Recommend a place that changes the dining experience throughout the meal.,HORN'S EATERY,1
Recommend a place that changes the dining experience throughout the meal.,Flamingo A-Go-Go,1
Recommend a place that changes the dining experience throughout the meal.,Katie's Restaurant & Bar,2
Recommend a place that changes the dining experience throughout the meal.,Orleans Grapevine Wine Bar & Bistro,1
Recommend a place that changes the dining experience throughout the meal.,Slice Pizzeria,1
Recommend a place that changes the dining experience throughout the meal.,Bearcat CBD,1
Recommend a place that changes the dining experience throughout the meal.,Milk Bar,2
Recommend a place that changes the dining experience throughout the meal.,Mona's Cafe,1
Recommend a place that changes the dining experience throughout the meal.,Satsuma Café,1
Recommend a place that changes the dining experience throughout the meal.,The Marigny Brasserie,1
Recommend a place that changes the dining experience throughout the meal.,Squeal,1
Recommend a place that changes the dining experience throughout the meal.,Mint Modern Vietnamese Bistro & Bar,2
Recommend a place that changes the dining experience throughout the meal.,Please-U-Restaurant,0
Recommend a place that changes the dining experience throughout the meal.,Deanie's Seafood,0
Recommend a place that changes the dining experience throughout the meal.,Bon Ton Cafe,1
Recommend a place that changes the dining experience throughout the meal.,Pascal's Manale,1
Recommend a place that changes the dining experience throughout the meal.,Ignatius' Rue de La Course Coffeehouse,0
Recommend a place that changes the dining experience throughout the meal.,The Joint,0
Recommend a place that changes the dining experience throughout the meal.,Chartres House,1
Recommend a place that changes the dining experience throughout the meal.,Café at The Square,1
Recommend a place that changes the dining experience throughout the meal.,Saint Lawrence,2
Recommend a place that changes the dining experience throughout the meal.,Gumbo Shop,0
Recommend a place that changes the dining experience throughout the meal.,Broussard's,2
Recommend a place that changes the dining experience throughout the meal.,Houston's Restaurant,1
Recommend a place that changes the dining experience throughout the meal.,Dat Dog,3
Recommend a place that changes the dining experience throughout the meal.,Domenica,1
Recommend a place that changes the dining experience throughout the meal.,The Praline Connection,0
Recommend a place that changes the dining experience throughout the meal.,Bearcat Cafe,1
Recommend a place that changes the dining experience throughout the meal.,The Delachaise,2
Recommend a place that changes the dining experience throughout the meal.,The Original Pierre Maspero's,0
Recommend a place that changes the dining experience throughout the meal.,Joey K's Restaurant & Bar,0
Recommend a place that changes the dining experience throughout the meal.,Venezia Restaurant,0
Recommend a place that changes the dining experience throughout the meal.,The Munch Factory,1
Recommend a place that changes the dining experience throughout the meal.,Bakery Bar,2
Recommend a place that changes the dining experience throughout the meal.,Auction House Market,2
Recommend a place that changes the dining experience throughout the meal.,Russell's Marina Grill,1
Recommend a place that changes the dining experience throughout the meal.,Elizabeth's Restaurant,2
Recommend a place that changes the dining experience throughout the meal.,Port Of Call,0
Recommend a place that changes the dining experience throughout the meal.,New Orleans Creole Cookery,1
Recommend a place that changes the dining experience throughout the meal.,Ancora,1
Recommend a place that changes the dining experience throughout the meal.,Blue Oak BBQ,1
Recommend a place that changes the dining experience throughout the meal.,Mandina's Restaurant,0
Recommend a place that changes the dining experience throughout the meal.,Curio,1
Recommend a place that changes the dining experience throughout the meal.,CellarDoor,1
Recommend a place that changes the dining experience throughout the meal.,Red Gravy,2
Recommend a place that changes the dining experience throughout the meal.,Huck Finn's Cafe,0
Recommend a place that changes the dining experience throughout the meal.,Frey Smoked Meat,1
Recommend a place that changes the dining experience throughout the meal.,The Irish House,2
Recommend a place that changes the dining experience throughout the meal.,Angeli on Decatur,1
Recommend a place that changes the dining experience throughout the meal.,Crescent City Brewhouse,1
Recommend a place that changes the dining experience throughout the meal.,Namese,1
Recommend a place that changes the dining experience throughout the meal.,Central City BBQ,0
Recommend a place that changes the dining experience throughout the meal.,The Original French Market Restaurant and Bar,1
Recommend a place that changes the dining experience throughout the meal.,Cane and Table,1
Recommend a place that changes the dining experience throughout the meal.,Seed,0
Recommend a place that changes the dining experience throughout the meal.,Maïs Arepas,1
Recommend a place that changes the dining experience throughout the meal.,Felix's Restaurant & Oyster Bar,1
Recommend a place that changes the dining experience throughout the meal.,Mona Lisa Restaurant,2
Recommend a place that changes the dining experience throughout the meal.,Liberty Cheesesteaks,0
Recommend a place that changes the dining experience throughout the meal.,Oceana Grill,1
Recommend a place that changes the dining experience throughout the meal.,St Roch Market,3
Recommend a place that changes the dining experience throughout the meal.,Slim Goodies Diner,1
Recommend a place that changes the dining experience throughout the meal.,Little Gem Saloon,1
Recommend a place that changes the dining experience throughout the meal.,Baru Bistro & Tapas,1
Recommend a place that changes the dining experience throughout the meal.,The Velvet Cactus,2
Recommend a place that changes the dining experience throughout the meal.,Turkey and the Wolf,3
Recommend a place that changes the dining experience throughout the meal.,The Blue Crab Restaurant & Oyster Bar,0
Recommend a place that changes the dining experience throughout the meal.,The Country Club,2
Recommend a place that changes the dining experience throughout the meal.,Sweet Soulfood,1
Recommend a place that changes the dining experience throughout the meal.,Riccobono’s Panola St. Cafe,1
Recommend a place that changes the dining experience throughout the meal.,Basin Seafood & Spirits,1
Recommend a place that changes the dining experience throughout the meal.,Johnny Sanchez,1
Recommend a place that changes the dining experience throughout the meal.,Luke,1
Recommend a place that changes the dining experience throughout the meal.,Evangeline,0
Recommend a place that changes the dining experience throughout the meal.,Estrella Steak & Lobster,0
Recommend a place that changes the dining experience throughout the meal.,Superior Seafood & Oyster Bar,1
Recommend a place that changes the dining experience throughout the meal.,Ugly Dog Saloon & BBQ,1
Recommend a place that changes the dining experience throughout the meal.,Kebab,1
Recommend a place that changes the dining experience throughout the meal.,The Old Coffee Pot Restaurant,1
Recommend a place that changes the dining experience throughout the meal.,Avery's On Tulane,1
Recommend a place that changes the dining experience throughout the meal.,Willa Jean,2
Recommend a place that changes the dining experience throughout the meal.,Pho Bistreaux,1
Recommend a place that changes the dining experience throughout the meal.,Fullblast Brunch,1
Recommend a place that changes the dining experience throughout the meal.,Coop's Place,0
Recommend a place that changes the dining experience throughout the meal.,La Macarena Pupuseria & Latin Cafe,1
Recommend a place that changes the dining experience throughout the meal.,New Orleans Cake Café & Bakery,1
Recommend a place that changes the dining experience throughout the meal.,Louisiana Pizza Kitchen,1
Recommend a place that changes the dining experience throughout the meal.,Dreamy Weenies,1
Recommend a place that changes the dining experience throughout the meal.,Voodoo BBQ & Grill,1
Recommend a place that changes the dining experience throughout the meal.,Majoria's Commerce Restaurant,1
Recommend a place that changes the dining experience throughout the meal.,The Backyard,1
Recommend a place that changes the dining experience throughout the meal.,Walk-On's Sports Bistreaux - New Orleans,0
Recommend a place that changes the dining experience throughout the meal.,Midway Pizza,0
Recommend a place that changes the dining experience throughout the meal.,BOIL Seafood House,1
Recommend a place that changes the dining experience throughout the meal.,Grand Isle,1
Recommend a place that changes the dining experience throughout the meal.,The Company Burger,0
Recommend a place that changes the dining experience throughout the meal.,Bourbon House,1
Recommend a place that changes the dining experience throughout the meal.,Blaze Pizza,2
Recommend a place that changes the dining experience throughout the meal.,Faubourg Bistro,1
Recommend a place that changes the dining experience throughout the meal.,Morrow's,1
Recommend a place that changes the dining experience throughout the meal.,Hobnobber's Variety Bar & Restaurant,0
Recommend a place that changes the dining experience throughout the meal.,Fharmacy Nola,2
Recommend a place that changes the dining experience throughout the meal.,Pizza Domenica,1
Recommend a place that changes the dining experience throughout the meal.,Superior Grill,1
Recommend a place that changes the dining experience throughout the meal.,Del Fuego,1
Recommend a place that changes the dining experience throughout the meal.,Dong Phuong,0
Recommend a place that changes the dining experience throughout the meal.,Bubba Gump Shrimp Co.,2
Recommend a place that changes the dining experience throughout the meal.,Tartine,1
Recommend a place that changes the dining experience throughout the meal.,Casamento's Restaurant,1
Recommend a place that changes the dining experience throughout the meal.,Casa Borrega,2
Recommend a place that changes the dining experience throughout the meal.,Amici,0
Recommend a place that changes the dining experience throughout the meal.,The Governor,1
Recommend a place that changes the dining experience throughout the meal.,Union Kitchen & Union Party Room,0
Recommend a place that changes the dining experience throughout the meal.,Yo Mama's Bar & Grill,0
Recommend a place that changes the dining experience throughout the meal.,Hard Rock Cafe,1
Recommend a place that changes the dining experience throughout the meal.,Mimi's In The Marigny,3
Recommend a place that changes the dining experience throughout the meal.,Pere Antoine Restaurant,0
Recommend a place that changes the dining experience throughout the meal.,Manning's Sports Bar and Grill,1
Recommend a place that changes the dining experience throughout the meal.,Lebanon's Cafe,0
Recommend a place that changes the dining experience throughout the meal.,Magasin Vietnamese Cafe,1
Recommend a place that changes the dining experience throughout the meal.,Diamond Street Bar & Grill,0
Recommend a place that changes the dining experience throughout the meal.,Creole House Restaurant & Oyster Bar,1
Recommend a place that changes the dining experience throughout the meal.,Belle's Diner Nola,1
Recommend a place that changes the dining experience throughout the meal.,Clover Grill,2
Recommend a place that changes the dining experience throughout the meal.,Galliano Restaurant,1
Recommend a place that changes the dining experience throughout the meal.,Gordon Biersch Brewery Restaurant,0
Recommend a place that changes the dining experience throughout the meal.,Saint Cecilia,1
Recommend a place that changes the dining experience throughout the meal.,Beachbum Berry's Latitude 29,2
Recommend a place that changes the dining experience throughout the meal.,Refuel Cafe,0
Recommend a place that changes the dining experience throughout the meal.,Nonna Mia Cafe & Pizzeria,0
Recommend a place that changes the dining experience throughout the meal.,Hoshun Restaurant,2
Recommend a place that changes the dining experience throughout the meal.,Mr Ed's Oyster Bar - Bienville,1
Recommend a place that changes the dining experience throughout the meal.,Cafe Conti,2
Recommend a place that changes the dining experience throughout the meal.,Nacho Mama's Mexican Grill,1
Recommend a place that changes the dining experience throughout the meal.,Taqueria Guerrero,0
Recommend a place that changes the dining experience throughout the meal.,Stanley,0
Recommend a place that changes the dining experience throughout the meal.,Neyow's Creole Cafe,1
Recommend a place that changes the dining experience throughout the meal.,9 Roses Cafe,0
Recommend a place that changes the dining experience throughout the meal.,The Rum House,1
Recommend a place that changes the dining experience throughout the meal.,Cornet,0
Recommend a place that changes the dining experience throughout the meal.,Surrey's Uptown,1
Recommend a place that changes the dining experience throughout the meal.,Mulate's,2
Recommend a place that changes the dining experience throughout the meal.,Surrey's Café & Juice Bar,1
Recommend a place that changes the dining experience throughout the meal.,Down The Hatch,0
Recommend a place that changes the dining experience throughout the meal.,Jimmy J's Cafe,0
Recommend a place that changes the dining experience throughout the meal.,Coulis,2
Recommend a place that changes the dining experience throughout the meal.,Killer Poboys,2
Recommend a place that changes the dining experience throughout the meal.,Pho Tau Bay Restaurant,1
Recommend a place that changes the dining experience throughout the meal.,Cleo's,1
Recommend a place that changes the dining experience throughout the meal.,Warehouse Grille,0
Recommend a place that changes the dining experience throughout the meal.,Coterie Restaurant & Oyster Bar,1
Recommend a place that changes the dining experience throughout the meal.,Cafe Maspero,0
Recommend a place that changes the dining experience throughout the meal.,Seaworthy,1
Recommend a place that changes the dining experience throughout the meal.,Yuki Izakaya,2
Recommend a place that changes the dining experience throughout the meal.,Desire Oyster Bar,1
Recommend a place that changes the dining experience throughout the meal.,Franks Restaurant,0
Recommend a place that changes the dining experience throughout the meal.,Jagerhaus,1
Recommend a place that changes the dining experience throughout the meal.,Royal House,0
Recommend a place that changes the dining experience throughout the meal.,The Trolley Stop Cafe,0
Recommend a place that changes the dining experience throughout the meal.,Welty's Deli and Catering,0
Recommend a place that changes the dining experience throughout the meal.,Pier 424 Seafood Market,1
Recommend a place that changes the dining experience throughout the meal.,Willie's Chicken Shack,0
Recommend a place that changes the dining experience throughout the meal.,The Daily Beet,0
Recommend a place that changes the dining experience throughout the meal.,Fiorella's Cafe,0
Recommend a place that changes the dining experience throughout the meal.,Gus's World Famous Fried Chicken,1
Recommend a place that changes the dining experience throughout the meal.,Snug Harbor Jazz Bistro,2
Recommend a place that changes the dining experience throughout the meal.,Cafe Pontalba,0
Recommend a place that changes the dining experience throughout the meal.,P & G Restaurant & Bar,0
Recommend a place that changes the dining experience throughout the meal.,801 Royal,1
Recommend a place that changes the dining experience throughout the meal.,Two Chicks Cafe,0
Recommend a place that changes the dining experience throughout the meal.,St Charles Tavern,0
Recommend a place that changes the dining experience throughout the meal.,Taqueria Corona,0
Recommend a place that changes the dining experience throughout the meal.,Felipe's Mexican Taqueria - French Quarter,2
Recommend a place that changes the dining experience throughout the meal.,Sake Cafe Uptown,1
Recommend a place that changes the dining experience throughout the meal.,Who Dat Coffee Cafe,0
Recommend a place that changes the dining experience throughout the meal.,La Casita,1
Recommend a place that changes the dining experience throughout the meal.,Fat Boy Pantry,1
Recommend a place that changes the dining experience throughout the meal.,Ernst Cafe,0
Recommend a place that changes the dining experience throughout the meal.,The Halal Guys,0
Recommend a place that changes the dining experience throughout the meal.,French Toast,2
Recommend a place that changes the dining experience throughout the meal.,Cafe Fleur De Lis,1
Recommend a place that changes the dining experience throughout the meal.,Le Bayou Restaurant,1
Recommend a place that changes the dining experience throughout the meal.,Wakin' Bakin',0
Recommend a place that changes the dining experience throughout the meal.,Meals From The Heart Cafe,1
Recommend a place that changes the dining experience throughout the meal.,Olde Nola Cookery,1
Recommend a place that changes the dining experience throughout the meal.,13 Monaghan,0
Recommend a place that changes the dining experience throughout the meal.,Dian Xin,2
Recommend a place that changes the dining experience throughout the meal.,Liuzza's By The Track,0
Recommend a place that changes the dining experience throughout the meal.,Ole Saint,1
Recommend a place that changes the dining experience throughout the meal.,Araña Taqueria y Cantina,1
Recommend a place that changes the dining experience throughout the meal.,Nomiya,1
Recommend a place that changes the dining experience throughout the meal.,The Market Cafe,0
Recommend a place that changes the dining experience throughout the meal.,Parasol's,0
Recommend a place that changes the dining experience throughout the meal.,Buffa's Bar & Restaurant,1
Recommend a place that changes the dining experience throughout the meal.,Streetcar Cafe,1
Recommend a place that changes the dining experience throughout the meal.,Jung's Golden Dragon II,1
Recommend a place that changes the dining experience throughout the meal.,Lilly's Cafe,0
Recommend a place that changes the dining experience throughout the meal.,Dolce Vita Pizzeria,0
Recommend a place that changes the dining experience throughout the meal.,Remoulade,1
Recommend a place that changes the dining experience throughout the meal.,WINO  Wine Institute of New Orleans,3
Recommend a place that changes the dining experience throughout the meal.,Cafe Rose Nicaud,1
Recommend a place that changes the dining experience throughout the meal.,Seither's Seafood,0
Recommend a place that changes the dining experience throughout the meal.,Poke Loa,2
Recommend a place that changes the dining experience throughout the meal.,Little Tokyo Small Plates & Noodle Bar,1
Recommend a place that changes the dining experience throughout the meal.,Willie Mae's Scotch House,1
Recommend a place that changes the dining experience throughout the meal.,Backspace Bar & Kitchen,0
Recommend a place that changes the dining experience throughout the meal.,Mother's Restaurant,0
Recommend a place that changes the dining experience throughout the meal.,Felipe's Mexican Taqueria - Uptown,1
Recommend a place that changes the dining experience throughout the meal.,Chiba,2
Recommend a place that changes the dining experience throughout the meal.,Frankie & Johnny's,0
Recommend a place that changes the dining experience throughout the meal.,Tsunami Sushi,1
Recommend a place that changes the dining experience throughout the meal.,Ninja Restaurant,2
Recommend a place that changes the dining experience throughout the meal.,The Crazy Lobster Bar & Grill,1
Recommend a place that changes the dining experience throughout the meal.,Bayou Burger & Sports Company,0
Recommend a place that changes the dining experience throughout the meal.,Columns,1
Recommend a place that changes the dining experience throughout the meal.,Deja Vu Restaurant & Bar,0
Recommend a place that changes the dining experience throughout the meal.,Ruby Slipper - New Orleans,2
Recommend a place that changes the dining experience throughout the meal.,The Avenue Pub,1
Recommend a place that changes the dining experience throughout the meal.,Lucy's Retired Surfers Bar & Restaurant,1
Recommend a place that changes the dining experience throughout the meal.,Monty's on the Square,1
Recommend a place that changes the dining experience throughout the meal.,Tacos And Beer,1
Recommend a place that changes the dining experience throughout the meal.,Pizza Delicious,2
Recommend a place that changes the dining experience throughout the meal.,Tracey's Original Irish Channel Bar,0
Recommend a place that changes the dining experience throughout the meal.,Victory,1
Recommend a place that changes the dining experience throughout the meal.,Tru Burger,0
Recommend a place that changes the dining experience throughout the meal.,Shawarma on the Go,0
Recommend a place that changes the dining experience throughout the meal.,Cure,2
Recommend a place that changes the dining experience throughout the meal.,Clesi's Restaurant & Catering,1
Recommend a place that changes the dining experience throughout the meal.,Mambo's,2
Recommend a place that changes the dining experience throughout the meal.,Verti Marte,0
Recommend a place that changes the dining experience throughout the meal.,Steamboat Natchez,2
Recommend a place that changes the dining experience throughout the meal.,Bayou Hot Wings,1
Recommend a place that changes the dining experience throughout the meal.,Le Pavillon Hotel,2
Recommend a place that changes the dining experience throughout the meal.,Wood Pizza Bistro and Taphouse,1
Recommend a place that changes the dining experience throughout the meal.,Five Happiness Chinese Restaurant,2
Recommend a place that changes the dining experience throughout the meal.,Tout De Suite Cafe,0
Recommend a place that changes the dining experience throughout the meal.,Saints And Sinners,1
Recommend a place that changes the dining experience throughout the meal.,Napoleon House,1
Recommend a place that changes the dining experience throughout the meal.,Felipe's Mexican Taqueria - Mid City,0
Recommend a place that changes the dining experience throughout the meal.,Cuñada,1
Recommend a place that changes the dining experience throughout the meal.,Mikimoto,1
Recommend a place that changes the dining experience throughout the meal.,Gumbo POT,0
Recommend a place that changes the dining experience throughout the meal.,Mr. Ed's Oyster Bar - St Charles Ave,1
Recommend a place that changes the dining experience throughout the meal.,Crabby Jack's,0
Recommend a place that changes the dining experience throughout the meal.,Rock-n-Saké Bar & Sushi,2
Recommend a place that changes the dining experience throughout the meal.,Mahony's Po-Boys & Seafood,1
Recommend a place that changes the dining experience throughout the meal.,Drago's Seafood Restaurant,1
Recommend a place that changes the dining experience throughout the meal.,The Vintage,1
Recommend a place that changes the dining experience throughout the meal.,The Maison,0
Recommend a place that changes the dining experience throughout the meal.,Daisy Dukes - French Quarter,0
Recommend a place that changes the dining experience throughout the meal.,Daisy Mae's Southern Fried Chicken & Breakfast,1
Recommend a place that changes the dining experience throughout the meal.,Guy's Po Boys,1
Recommend a place that changes the dining experience throughout the meal.,G's Pizza,1
Recommend a place that changes the dining experience throughout the meal.,Mena's Palace,0
Recommend a place that changes the dining experience throughout the meal.,House of Blues New Orleans,1
Recommend a place that changes the dining experience throughout the meal.,Breads on Oak Cafe & Bakery,1
Recommend a place that changes the dining experience throughout the meal.,Reginelli's Pizzeria,0
Recommend a place that changes the dining experience throughout the meal.,Cajun Seafood,1
Recommend a place that changes the dining experience throughout the meal.,Bevi Seafood,1
Recommend a place that changes the dining experience throughout the meal.,Turtle Bay,0
Recommend a place that changes the dining experience throughout the meal.,J's Seafood Dock,1
Recommend a place that changes the dining experience throughout the meal.,Copper Monkey Grill,1
Recommend a place that changes the dining experience throughout the meal.,Gumbo Ya-Ya,0
Recommend a place that changes the dining experience throughout the meal.,HiVolt Coffee,0
Recommend a place that changes the dining experience throughout the meal.,Sucré,2
Recommend a place that changes the dining experience throughout the meal.,"The Ritz-Carlton, New Orleans",1
Recommend a place that changes the dining experience throughout the meal.,Two Chicks Café - CBD,1
Recommend a place that changes the dining experience throughout the meal.,World Famous N'awlins Cafe & Spice Emporium,0
Recommend a place that changes the dining experience throughout the meal.,Gallier Restaurant & Oyster Bar,0
Recommend a place that changes the dining experience throughout the meal.,The Blind Pelican,0
Recommend a place that changes the dining experience throughout the meal.,Attiki Bar and Grill,1
Recommend a place that changes the dining experience throughout the meal.,Parkway Bakery & Tavern,1
Recommend a place that changes the dining experience throughout the meal.,Daisy Dukes Express,0
Recommend a place that changes the dining experience throughout the meal.,Acme Oyster House,2
Recommend a place that changes the dining experience throughout the meal.,Corner Oyster House,1
Recommend a place that changes the dining experience throughout the meal.,Backatown Coffee Parlour,1
Recommend a place that changes the dining experience throughout the meal.,BB King's Blues Club,2
Recommend a place that changes the dining experience throughout the meal.,Mid City Pizza,1
Recommend a place that changes the dining experience throughout the meal.,Asuka Sushi & Hibachi,1
Recommend a place that changes the dining experience throughout the meal.,Daisy Dukes Cafe,0
Recommend a place that changes the dining experience throughout the meal.,Johnny's Po-Boys,0
Recommend a place that changes the dining experience throughout the meal.,The Original Italian Pie,0
Recommend a place that changes the dining experience throughout the meal.,Mahony's Po-Boys & Seafood  - Uptown,1
Recommend a place that changes the dining experience throughout the meal.,Gazebo Cafe,2
Recommend a place that changes the dining experience throughout the meal.,Windsor Court Hotel,1
Recommend a place that changes the dining experience throughout the meal.,The Jimani,0
Recommend a place that changes the dining experience throughout the meal.,IHOP,1
Recommend a place that changes the dining experience throughout the meal.,Krystal,0
Recommend a place that changes the dining experience throughout the meal.,NOLA Poboys,0
Recommend a place that changes the dining experience throughout the meal.,Cafe Envie & Espresso Bar,1
Recommend a place that changes the dining experience throughout the meal.,Arnaud's French 75 Bar,2
Recommend a place that changes the dining experience throughout the meal.,Acme Oyster House - Harrahs,0
Recommend a place that changes the dining experience throughout the meal.,Brothers Food Mart,0
Recommend a place that changes the dining experience throughout the meal.,Domilise Po-Boys & Bar,0
Recommend a place that changes the dining experience throughout the meal.,Sushi Brothers,0
Recommend a place that changes the dining experience throughout the meal.,Bittersweet Confections,0
Recommend a place that changes the dining experience throughout the meal.,Magazine Pizza,0
Recommend a place that changes the dining experience throughout the meal.,Stein's Market and Deli,0
Recommend a place that changes the dining experience throughout the meal.,Gene's PO-Boys,0
Recommend a place that changes the dining experience throughout the meal.,District Donuts Sliders Brew,2
Recommend a place that changes the dining experience throughout the meal.,Cooter Brown's,1
Recommend a place that changes the dining experience throughout the meal.,Merchant,0
Recommend a place that changes the dining experience throughout the meal.,Barcadia,2
Recommend a place that changes the dining experience throughout the meal.,The Howlin' Wolf,1
Recommend a place that changes the dining experience throughout the meal.,Melba's,1
Recommend a place that changes the dining experience throughout the meal.,Cafe Beignet on Bourbon Street,2
Recommend a place that changes the dining experience throughout the meal.,Cajun Mike's Pub & Grub,0
Recommend a place that changes the dining experience throughout the meal.,Pat O'Brien's Courtyard Restaurant,2
Recommend a place that changes the dining experience throughout the meal.,Geisha Sushi Bistro,1
Recommend a place that changes the dining experience throughout the meal.,Origami,1
Recommend a place that changes the dining experience throughout the meal.,Avenue Cafe,0
Recommend a place that changes the dining experience throughout the meal.,La Boulangerie,1
Recommend a place that changes the dining experience throughout the meal.,We Dat's Chicken and Shrimp,0
Recommend a place that changes the dining experience throughout the meal.,Croissant D'Or Patisserie,0
Recommend a place that changes the dining experience throughout the meal.,Dave & Buster's,1
Recommend a place that changes the dining experience throughout the meal.,Morning Call Coffee Stand,1
Recommend a place that changes the dining experience throughout the meal.,Tiki Tolteca,2
Recommend a place that changes the dining experience throughout the meal.,Cafe Beignet on Royal Street,0
Recommend a place that changes the dining experience throughout the meal.,Bamboula's,0
Recommend a place that changes the dining experience throughout the meal.,Cafe Beignet on Decatur Street,2
Recommend a place that changes the dining experience throughout the meal.,Three Legged Dog,1
Recommend a place that changes the dining experience throughout the meal.,The Old No 77 Hotel and Chandlery,2
Recommend a place that changes the dining experience throughout the meal.,Angelo Brocato,2
Recommend a place that changes the dining experience throughout the meal.,Central Grocery & Deli,0
Recommend a place that changes the dining experience throughout the meal.,Crescent City Pizza Works,0
Recommend a place that changes the dining experience throughout the meal.,Hilton New Orleans Riverside,1
Recommend a place that changes the dining experience throughout the meal.,Pat O'Brien’s,2
Recommend a place that changes the dining experience throughout the meal.,New Orleans Marriott,1
Recommend a place that changes the dining experience throughout the meal.,Piccola Gelateria,1
Recommend a place that changes the dining experience throughout the meal.,The Bulldog,0
Recommend a place that changes the dining experience throughout the meal.,Embassy Suites by Hilton New Orleans,1
Recommend a place that changes the dining experience throughout the meal.,W New Orleans - French Quarter,1
Recommend a place that changes the dining experience throughout the meal.,French Truck Coffee,0
Recommend a place that changes the dining experience throughout the meal.,Envie Espresso Bar & Cafe,0
Recommend a place that changes the dining experience throughout the meal.,Sheraton New Orleans Hotel,1
Recommend a place that changes the dining experience throughout the meal.,Rue De La Course,0
Recommend a place that changes the dining experience throughout the meal.,30_90 NOLA,3
Recommend a place that changes the dining experience throughout the meal.,Cafe Negril,2
Recommend a place that changes the dining experience throughout the meal.,Café Du Monde,2
Recommend a place that changes the dining experience throughout the meal.,The American Sports Saloon,0
Recommend a place that changes the dining experience throughout the meal.,Mojo Coffee House,0
Recommend a place that changes the dining experience throughout the meal.,The Jazz Playhouse,2
Recommend a place that changes the dining experience throughout the meal.,Hotel New Orleans Downtown,1
Recommend a place that changes the dining experience throughout the meal.,The Rusty Nail,0
Recommend a place that changes the dining experience throughout the meal.,Paddlewheeler Creole Queen,3
Recommend a place that changes the dining experience throughout the meal.,Royal Sonesta New Orleans,1
Recommend a place that changes the dining experience throughout the meal.,Vieux Carre Pizza,0
Recommend a place that changes the dining experience throughout the meal.,Hot Tin,1
Recommend a place that changes the dining experience throughout the meal.,Revelator Coffee New Orleans,0
Recommend a place that changes the dining experience throughout the meal.,Holy Crepes!,1
Recommend a place that changes the dining experience throughout the meal.,Sazerac Bar,1
Recommend a place that changes the dining experience throughout the meal.,New Orleans Famous Beignets And Coffee,0
Recommend a place that changes the dining experience throughout the meal.,Pirates Alley Cafe,2
Recommend a place that changes the dining experience throughout the meal.,Fritzel's European Jazz Pub,2
Recommend a place that changes the dining experience throughout the meal.,Old Absinthe House,2
Recommend a place that changes the dining experience throughout the meal.,French Quarter Phantoms,0
Where can I eat in a thoughtfully designed space?,Restaurant August,3
Where can I eat in a thoughtfully designed space?,Vessel NOLA,3
Where can I eat in a thoughtfully designed space?,Stella!,3
Where can I eat in a thoughtfully designed space?,Patois Restaurant,3
Where can I eat in a thoughtfully designed space?,Lilette,3
Where can I eat in a thoughtfully designed space?,Auction House Market,3
Where can I eat in a thoughtfully designed space?,Booty's Street Food,3
Where can I eat in a thoughtfully designed space?,Brigtsen's Restaurant,3
Where can I eat in a thoughtfully designed space?,Green Goddess,2
Where can I eat in a thoughtfully designed space?,Bayona,3
Where can I eat in a thoughtfully designed space?,CellarDoor,3
Where can I eat in a thoughtfully designed space?,Restaurant R'evolution,3
Where can I eat in a thoughtfully designed space?,Café Amelie,3
Where can I eat in a thoughtfully designed space?,Boucherie,3
Where can I eat in a thoughtfully designed space?,Muriel's Jackson Square,3
Where can I eat in a thoughtfully designed space?,Jack Rose,3
Where can I eat in a thoughtfully designed space?,Paladar 511,3
Where can I eat in a thoughtfully designed space?,Upperline,3
Where can I eat in a thoughtfully designed space?,Louisiana Bistro,2
Where can I eat in a thoughtfully designed space?,The American Sector,3
Where can I eat in a thoughtfully designed space?,The Tasting Room,3
Where can I eat in a thoughtfully designed space?,Cafe Degas,3
Where can I eat in a thoughtfully designed space?,Crescent City Steak House,3
Where can I eat in a thoughtfully designed space?,Meauxbar,3
Where can I eat in a thoughtfully designed space?,The Bombay Club,3
Where can I eat in a thoughtfully designed space?,Borgne,2
Where can I eat in a thoughtfully designed space?,Dick & Jenny's,3
Where can I eat in a thoughtfully designed space?,Sofia,3
Where can I eat in a thoughtfully designed space?,Josephine Estelle,3
Where can I eat in a thoughtfully designed space?,Cavan,3
Where can I eat in a thoughtfully designed space?,The Court of Two Sisters,3
Where can I eat in a thoughtfully designed space?,Casa Borrega,3
Where can I eat in a thoughtfully designed space?,Saffron nola,3
Where can I eat in a thoughtfully designed space?,Emeril's Delmonico,3
Where can I eat in a thoughtfully designed space?,The Gallery Venue at Tomas Bistro,3
Where can I eat in a thoughtfully designed space?,The Old No 77 Hotel and Chandlery,3
Where can I eat in a thoughtfully designed space?,Mizado Latin Kitchen,3
Where can I eat in a thoughtfully designed space?,Sylvain,3
Where can I eat in a thoughtfully designed space?,Chophouse New Orleans,3
Where can I eat in a thoughtfully designed space?,N 7,3
Where can I eat in a thoughtfully designed space?,Rue De La Course,3
Where can I eat in a thoughtfully designed space?,Justine,3
Where can I eat in a thoughtfully designed space?,La Crepe Nanou,3
Where can I eat in a thoughtfully designed space?,SukhoThai,3
Where can I eat in a thoughtfully designed space?,W New Orleans - French Quarter,2
Where can I eat in a thoughtfully designed space?,Trinity Restaurant New Orleans,3
Where can I eat in a thoughtfully designed space?,Atchafalaya Restaurant,3
Where can I eat in a thoughtfully designed space?,Windsor Court Hotel,3
Where can I eat in a thoughtfully designed space?,Tableau,3
Where can I eat in a thoughtfully designed space?,Commander's Palace,3
Where can I eat in a thoughtfully designed space?,Criollo Restaurant,3
Where can I eat in a thoughtfully designed space?,Irene's,3
Where can I eat in a thoughtfully designed space?,Kin,3
Where can I eat in a thoughtfully designed space?,Root,3
Where can I eat in a thoughtfully designed space?,Dante's Kitchen,3
Where can I eat in a thoughtfully designed space?,Cowbell,3
Where can I eat in a thoughtfully designed space?,Shaya,3
Where can I eat in a thoughtfully designed space?,Clancy's Restaurant,3
Where can I eat in a thoughtfully designed space?,Ralph's on the Park,3
Where can I eat in a thoughtfully designed space?,Palace Café,3
Where can I eat in a thoughtfully designed space?,Satsuma Café,3
Where can I eat in a thoughtfully designed space?,Galatoire's Restaurant,3
Where can I eat in a thoughtfully designed space?,Cafe Sbisa,3
Where can I eat in a thoughtfully designed space?,Coquette,3
Where can I eat in a thoughtfully designed space?,Columns,3
Where can I eat in a thoughtfully designed space?,Gris-Gris,3
Where can I eat in a thoughtfully designed space?,Briquette,3
Where can I eat in a thoughtfully designed space?,Capdeville,3
Where can I eat in a thoughtfully designed space?,Landry's Seafood House,3
Where can I eat in a thoughtfully designed space?,Arnaud's Restaurant,3
Where can I eat in a thoughtfully designed space?,Le Pavillon Hotel,3
Where can I eat in a thoughtfully designed space?,Dat Dog,2
Where can I eat in a thoughtfully designed space?,Vincent's Italian Cuisine,3
Where can I eat in a thoughtfully designed space?,The Pelican Club,3
Where can I eat in a thoughtfully designed space?,K-Paul's Louisiana Kitchen,2
Where can I eat in a thoughtfully designed space?,Mr John's Steakhouse,3
Where can I eat in a thoughtfully designed space?,Tommy's Cuisine,3
Where can I eat in a thoughtfully designed space?,Wayfare,3
Where can I eat in a thoughtfully designed space?,Jacques-Imo's Cafe,3
Where can I eat in a thoughtfully designed space?,La Thai Uptown,3
Where can I eat in a thoughtfully designed space?,Annunciation,3
Where can I eat in a thoughtfully designed space?,Compère Lapin,3
Where can I eat in a thoughtfully designed space?,Yuki Izakaya,3
Where can I eat in a thoughtfully designed space?,Rib Room,2
Where can I eat in a thoughtfully designed space?,Three Muses,3
Where can I eat in a thoughtfully designed space?,Rebellion Bar & Urban Kitchen,3
Where can I eat in a thoughtfully designed space?,Angeline,3
Where can I eat in a thoughtfully designed space?,Cochon,3
Where can I eat in a thoughtfully designed space?,Juan's Flying Burrito,1
Where can I eat in a thoughtfully designed space?,Backatown Coffee Parlour,3
Where can I eat in a thoughtfully designed space?,Galatoire's 33 Bar & Steak,3
Where can I eat in a thoughtfully designed space?,The Grill,3
Where can I eat in a thoughtfully designed space?,Casamento's Restaurant,3
Where can I eat in a thoughtfully designed space?,Hotel New Orleans Downtown,2
Where can I eat in a thoughtfully designed space?,The Delachaise,3
Where can I eat in a thoughtfully designed space?,Ruby Slipper Cafe,2
Where can I eat in a thoughtfully designed space?,Restaurant Rebirth,3
Where can I eat in a thoughtfully designed space?,La Petite Grocery,3
Where can I eat in a thoughtfully designed space?,Noodle & Pie,3
Where can I eat in a thoughtfully designed space?,Snug Harbor Jazz Bistro,2
Where can I eat in a thoughtfully designed space?,Adolfo's,3
Where can I eat in a thoughtfully designed space?,The Marigny Brasserie,2
Where can I eat in a thoughtfully designed space?,SoBou,3
Where can I eat in a thoughtfully designed space?,Doris Metropolitan,3
Where can I eat in a thoughtfully designed space?,Royal Sonesta New Orleans,2
Where can I eat in a thoughtfully designed space?,The Velvet Cactus,3
Where can I eat in a thoughtfully designed space?,Ye Olde College Inn,2
Where can I eat in a thoughtfully designed space?,Herbsaint,2
Where can I eat in a thoughtfully designed space?,Magasin Vietnamese Cafe,3
Where can I eat in a thoughtfully designed space?,The Italian Barrel,3
Where can I eat in a thoughtfully designed space?,Meril,3
Where can I eat in a thoughtfully designed space?,GW Fins,3
Where can I eat in a thoughtfully designed space?,Eat New Orleans,3
Where can I eat in a thoughtfully designed space?,Mopho,3
Where can I eat in a thoughtfully designed space?,"The Ritz-Carlton, New Orleans",3
Where can I eat in a thoughtfully designed space?,Flamingo A-Go-Go,3
Where can I eat in a thoughtfully designed space?,Lola's,3
Where can I eat in a thoughtfully designed space?,Salú Bistro and Bar,3
Where can I eat in a thoughtfully designed space?,Little Tokyo Small Plates & Noodle Bar,2
Where can I eat in a thoughtfully designed space?,Cafe Abyssinia,2
Where can I eat in a thoughtfully designed space?,Santa Fe,2
Where can I eat in a thoughtfully designed space?,Lula Restaurant Distillery,3
Where can I eat in a thoughtfully designed space?,Hot Tin,3
Where can I eat in a thoughtfully designed space?,Salon by Sucré,3
Where can I eat in a thoughtfully designed space?,Maïs Arepas,3
Where can I eat in a thoughtfully designed space?,Little Korea BBQ,2
Where can I eat in a thoughtfully designed space?,Houston's Restaurant,3
Where can I eat in a thoughtfully designed space?,Brennan's,3
Where can I eat in a thoughtfully designed space?,DTB,3
Where can I eat in a thoughtfully designed space?,Superior Seafood & Oyster Bar,2
Where can I eat in a thoughtfully designed space?,Mona's Cafe,1
Where can I eat in a thoughtfully designed space?,The Blue Crab Restaurant & Oyster Bar,2
Where can I eat in a thoughtfully designed space?,Apolline Restaurant,3
Where can I eat in a thoughtfully designed space?,Another Broken Egg Cafe,2
Where can I eat in a thoughtfully designed space?,Desi Vega's Steakhouse,3
Where can I eat in a thoughtfully designed space?,Dickie Brennan's Steakhouse,2
Where can I eat in a thoughtfully designed space?,Charcoal's Gourmet Burger Bar,2
Where can I eat in a thoughtfully designed space?,La Boca,3
Where can I eat in a thoughtfully designed space?,Tujague's Restaurant,2
Where can I eat in a thoughtfully designed space?,1000 Figs,3
Where can I eat in a thoughtfully designed space?,El Gato Negro,1
Where can I eat in a thoughtfully designed space?,The Camellia Grill,2
Where can I eat in a thoughtfully designed space?,St Roch Market,3
Where can I eat in a thoughtfully designed space?,Ignatius' Rue de La Course Coffeehouse,2
Where can I eat in a thoughtfully designed space?,The Maison,3
Where can I eat in a thoughtfully designed space?,Emeril's ,3
Where can I eat in a thoughtfully designed space?,Rock-n-Saké Bar & Sushi,3
Where can I eat in a thoughtfully designed space?,Antoine's Restaurant,2
Where can I eat in a thoughtfully designed space?,Copper Vine,3
Where can I eat in a thoughtfully designed space?,The Country Club,3
Where can I eat in a thoughtfully designed space?,Nirvana Indian Cuisine,2
Where can I eat in a thoughtfully designed space?,Brown Butter Southern Kitchen & Bar,3
Where can I eat in a thoughtfully designed space?,The Steakhouse,1
Where can I eat in a thoughtfully designed space?,Saba,3
Where can I eat in a thoughtfully designed space?,Marcello's Restaurant & Wine Bar,3
Where can I eat in a thoughtfully designed space?,Chiba,3
Where can I eat in a thoughtfully designed space?,Broussard's,3
Where can I eat in a thoughtfully designed space?,New Orleans Hamburger & Seafood Co,2
Where can I eat in a thoughtfully designed space?,Dooky Chase's Restaurant,3
Where can I eat in a thoughtfully designed space?,New Orleans Marriott,2
Where can I eat in a thoughtfully designed space?,Little Gem Saloon,2
Where can I eat in a thoughtfully designed space?,Slice Pizzeria,3
Where can I eat in a thoughtfully designed space?,Red Dog Diner,3
Where can I eat in a thoughtfully designed space?,Sheraton New Orleans Hotel,2
Where can I eat in a thoughtfully designed space?,Baru Bistro & Tapas,3
Where can I eat in a thoughtfully designed space?,Mona Lisa Restaurant,3
Where can I eat in a thoughtfully designed space?,Angeli on Decatur,2
Where can I eat in a thoughtfully designed space?,Tsunami Sushi,3
Where can I eat in a thoughtfully designed space?,Ninja Restaurant,2
Where can I eat in a thoughtfully designed space?,Pizza Domenica,3
Where can I eat in a thoughtfully designed space?,Cure,3
Where can I eat in a thoughtfully designed space?,Heard Dat Kitchen,1
Where can I eat in a thoughtfully designed space?,Sake Cafe Uptown,3
Where can I eat in a thoughtfully designed space?,Estrella Steak & Lobster,1
Where can I eat in a thoughtfully designed space?,Red's Chinese,3
Where can I eat in a thoughtfully designed space?,Napoleon House,3
Where can I eat in a thoughtfully designed space?,Orleans Grapevine Wine Bar & Bistro,3
Where can I eat in a thoughtfully designed space?,Seaworthy,3
Where can I eat in a thoughtfully designed space?,Café at The Square,3
Where can I eat in a thoughtfully designed space?,The Joint,2
Where can I eat in a thoughtfully designed space?,Nolé,3
Where can I eat in a thoughtfully designed space?,Maypop Restaurant,3
Where can I eat in a thoughtfully designed space?,NOLA Restaurant,3
Where can I eat in a thoughtfully designed space?,Brennan's Restaurant,2
Where can I eat in a thoughtfully designed space?,Red Fish Grill,2
Where can I eat in a thoughtfully designed space?,Cane and Table,3
Where can I eat in a thoughtfully designed space?,Arabella Casa Di Pasta,2
Where can I eat in a thoughtfully designed space?,The Rusty Nail,2
Where can I eat in a thoughtfully designed space?,Mayas,2
Where can I eat in a thoughtfully designed space?,HiVolt Coffee,3
Where can I eat in a thoughtfully designed space?,Pêche,3
Where can I eat in a thoughtfully designed space?,Ancora,3
Where can I eat in a thoughtfully designed space?,Mimi's In The Marigny,3
Where can I eat in a thoughtfully designed space?,Chartres House,2
Where can I eat in a thoughtfully designed space?,Pascal's Manale,1
Where can I eat in a thoughtfully designed space?,Wood Pizza Bistro and Taphouse,3
Where can I eat in a thoughtfully designed space?,Fogo de Chão Brazilian Steakhouse,2
Where can I eat in a thoughtfully designed space?,Trenasse,3
Where can I eat in a thoughtfully designed space?,Café Adelaide,2
Where can I eat in a thoughtfully designed space?,Who Dat Coffee Cafe,3
Where can I eat in a thoughtfully designed space?,Riccobono’s Panola St. Cafe,3
Where can I eat in a thoughtfully designed space?,Mojo Coffee House,3
Where can I eat in a thoughtfully designed space?,Felix's Restaurant & Oyster Bar,2
Where can I eat in a thoughtfully designed space?,Bon Ton Cafe,2
Where can I eat in a thoughtfully designed space?,Namese,3
Where can I eat in a thoughtfully designed space?,Milk Bar,2
Where can I eat in a thoughtfully designed space?,Legacy Kitchen's Craft Tavern,3
Where can I eat in a thoughtfully designed space?,Please-U-Restaurant,1
Where can I eat in a thoughtfully designed space?,Mr. B's Bistro,2
Where can I eat in a thoughtfully designed space?,The Backyard,2
Where can I eat in a thoughtfully designed space?,High Hat Cafe,2
Where can I eat in a thoughtfully designed space?,The Howlin' Wolf,1
Where can I eat in a thoughtfully designed space?,The Irish House,2
Where can I eat in a thoughtfully designed space?,Toast,2
Where can I eat in a thoughtfully designed space?,Venezia Restaurant,2
Where can I eat in a thoughtfully designed space?,Nonna Mia Cafe & Pizzeria,3
Where can I eat in a thoughtfully designed space?,The Market Cafe,2
Where can I eat in a thoughtfully designed space?,Del Fuego,3
Where can I eat in a thoughtfully designed space?,The Original French Market Restaurant and Bar,2
Where can I eat in a thoughtfully designed space?,Bearcat Cafe,3
Where can I eat in a thoughtfully designed space?,Bakery Bar,3
Where can I eat in a thoughtfully designed space?,Kingfish,2
Where can I eat in a thoughtfully designed space?,Blaze Pizza,2
Where can I eat in a thoughtfully designed space?,Midway Pizza,2
Where can I eat in a thoughtfully designed space?,Blue Oak BBQ,2
Where can I eat in a thoughtfully designed space?,Tiki Tolteca,3
Where can I eat in a thoughtfully designed space?,Warehouse Grille,2
Where can I eat in a thoughtfully designed space?,The Company Burger,2
Where can I eat in a thoughtfully designed space?,GG's Dine-O-Rama,3
Where can I eat in a thoughtfully designed space?,Gyu-Kaku Japanese BBQ,2
Where can I eat in a thoughtfully designed space?,New Orleans Creole Cookery,2
Where can I eat in a thoughtfully designed space?,Victory,3
Where can I eat in a thoughtfully designed space?,Curio,3
Where can I eat in a thoughtfully designed space?,Domenica,3
Where can I eat in a thoughtfully designed space?,Pho Bistreaux,2
Where can I eat in a thoughtfully designed space?,Bearcat CBD,3
Where can I eat in a thoughtfully designed space?,House of Blues New Orleans,2
Where can I eat in a thoughtfully designed space?,Cafe Pontalba,2
Where can I eat in a thoughtfully designed space?,Embassy Suites by Hilton New Orleans,2
Where can I eat in a thoughtfully designed space?,La Casita,2
Where can I eat in a thoughtfully designed space?,Buffa's Bar & Restaurant,2
Where can I eat in a thoughtfully designed space?,Joey K's Restaurant & Bar,2
Where can I eat in a thoughtfully designed space?,HORN'S EATERY,3
Where can I eat in a thoughtfully designed space?,The Avenue Pub,2
Where can I eat in a thoughtfully designed space?,Amici,3
Where can I eat in a thoughtfully designed space?,biscuit & buns on banks,3
Where can I eat in a thoughtfully designed space?,Saint Lawrence,2
Where can I eat in a thoughtfully designed space?,Port Of Call,2
Where can I eat in a thoughtfully designed space?,Bourbon House,2
Where can I eat in a thoughtfully designed space?,Katie's Restaurant & Bar,2
Where can I eat in a thoughtfully designed space?,Hoshun Restaurant,2
Where can I eat in a thoughtfully designed space?,Beachbum Berry's Latitude 29,3
Where can I eat in a thoughtfully designed space?,Louisiana Pizza Kitchen,2
Where can I eat in a thoughtfully designed space?,Deanie's Seafood,2
Where can I eat in a thoughtfully designed space?,Sushi Brothers,2
Where can I eat in a thoughtfully designed space?,Tito's Ceviche & Pisco,3
Where can I eat in a thoughtfully designed space?,The Vintage,3
Where can I eat in a thoughtfully designed space?,Hobnobber's Variety Bar & Restaurant,1
Where can I eat in a thoughtfully designed space?,Frankie & Johnny's,2
Where can I eat in a thoughtfully designed space?,Squeal,2
Where can I eat in a thoughtfully designed space?,Ruth's Chris Steak House,2
Where can I eat in a thoughtfully designed space?,Arnaud's French 75 Bar,3
Where can I eat in a thoughtfully designed space?,Ernst Cafe,2
Where can I eat in a thoughtfully designed space?,Cafe Envie & Espresso Bar,3
Where can I eat in a thoughtfully designed space?,Crescent City Brewhouse,2
Where can I eat in a thoughtfully designed space?,The Original Pierre Maspero's,2
Where can I eat in a thoughtfully designed space?,The Munch Factory,2
Where can I eat in a thoughtfully designed space?,Toups Meatery,2
Where can I eat in a thoughtfully designed space?,Manning's Sports Bar and Grill,1
Where can I eat in a thoughtfully designed space?,Boswell's Jamaican Grill,1
Where can I eat in a thoughtfully designed space?,Le Bayou Restaurant,2
Where can I eat in a thoughtfully designed space?,Basin Seafood & Spirits,2
Where can I eat in a thoughtfully designed space?,Sneaky Pickle,3
Where can I eat in a thoughtfully designed space?,Cornet,2
Where can I eat in a thoughtfully designed space?,Vacherie,3
Where can I eat in a thoughtfully designed space?,Asuka Sushi & Hibachi,2
Where can I eat in a thoughtfully designed space?,Mint Modern Vietnamese Bistro & Bar,3
Where can I eat in a thoughtfully designed space?,Hilton New Orleans Riverside,1
Where can I eat in a thoughtfully designed space?,Down The Hatch,1
Where can I eat in a thoughtfully designed space?,Cooter Brown's,1
Where can I eat in a thoughtfully designed space?,Carmo,2
Where can I eat in a thoughtfully designed space?,Grand Isle,2
Where can I eat in a thoughtfully designed space?,Saint Cecilia,3
Where can I eat in a thoughtfully designed space?,Sassafras Restaurant,2
Where can I eat in a thoughtfully designed space?,Merchant,3
Where can I eat in a thoughtfully designed space?,Central City BBQ,2
Where can I eat in a thoughtfully designed space?,Evangeline,3
Where can I eat in a thoughtfully designed space?,9 Roses Cafe,2
Where can I eat in a thoughtfully designed space?,Johnny Sanchez,3
Where can I eat in a thoughtfully designed space?,Cafe Maspero,2
Where can I eat in a thoughtfully designed space?,Coop's Place,1
Where can I eat in a thoughtfully designed space?,Willa Jean,3
Where can I eat in a thoughtfully designed space?,Elizabeth's Restaurant,2
Where can I eat in a thoughtfully designed space?,Superior Grill,2
Where can I eat in a thoughtfully designed space?,Royal House,2
Where can I eat in a thoughtfully designed space?,Pizza Delicious,2
Where can I eat in a thoughtfully designed space?,Slim Goodies Diner,2
Where can I eat in a thoughtfully designed space?,Cafe Beignet on Bourbon Street,3
Where can I eat in a thoughtfully designed space?,Turkey and the Wolf,3
Where can I eat in a thoughtfully designed space?,Jagerhaus,1
Where can I eat in a thoughtfully designed space?,Cleo's,2
Where can I eat in a thoughtfully designed space?,Ugly Dog Saloon & BBQ,0
Where can I eat in a thoughtfully designed space?,Mandina's Restaurant,2
Where can I eat in a thoughtfully designed space?,Morrow's,2
Where can I eat in a thoughtfully designed space?,Ba Chi Canteen,2
Where can I eat in a thoughtfully designed space?,Desire Oyster Bar,2
Where can I eat in a thoughtfully designed space?,Bennachin Restaurant,2
Where can I eat in a thoughtfully designed space?,Surrey's Uptown,3
Where can I eat in a thoughtfully designed space?,Origami,3
Where can I eat in a thoughtfully designed space?,Felipe's Mexican Taqueria - Uptown,2
Where can I eat in a thoughtfully designed space?,Backspace Bar & Kitchen,3
Where can I eat in a thoughtfully designed space?,30_90 NOLA,2
Where can I eat in a thoughtfully designed space?,Luke,2
Where can I eat in a thoughtfully designed space?,Majoria's Commerce Restaurant,1
Where can I eat in a thoughtfully designed space?,Walk-On's Sports Bistreaux - New Orleans,2
Where can I eat in a thoughtfully designed space?,The Bulldog,2
Where can I eat in a thoughtfully designed space?,Saints And Sinners,2
Where can I eat in a thoughtfully designed space?,Yo Mama's Bar & Grill,1
Where can I eat in a thoughtfully designed space?,Gallier Restaurant & Oyster Bar,2
Where can I eat in a thoughtfully designed space?,Refuel Cafe,2
Where can I eat in a thoughtfully designed space?,Russell's Marina Grill,2
Where can I eat in a thoughtfully designed space?,Mikimoto,3
Where can I eat in a thoughtfully designed space?,Cochon Butcher,2
Where can I eat in a thoughtfully designed space?,La Macarena Pupuseria & Latin Cafe,2
Where can I eat in a thoughtfully designed space?,Felipe's Mexican Taqueria - Mid City,2
Where can I eat in a thoughtfully designed space?,The Old Coffee Pot Restaurant,2
Where can I eat in a thoughtfully designed space?,The Jazz Playhouse,3
Where can I eat in a thoughtfully designed space?,Turtle Bay,2
Where can I eat in a thoughtfully designed space?,St Charles Tavern,1
Where can I eat in a thoughtfully designed space?,McClure's,2
Where can I eat in a thoughtfully designed space?,The Governor,3
Where can I eat in a thoughtfully designed space?,Copeland's Cheesecake Bistro,2
Where can I eat in a thoughtfully designed space?,Neyow's Creole Cafe,2
Where can I eat in a thoughtfully designed space?,Geisha Sushi Bistro,3
Where can I eat in a thoughtfully designed space?,Hard Rock Cafe,2
Where can I eat in a thoughtfully designed space?,Coterie Restaurant & Oyster Bar,3
Where can I eat in a thoughtfully designed space?,Lebanon's Cafe,2
Where can I eat in a thoughtfully designed space?,Cafe Rose Nicaud,2
Where can I eat in a thoughtfully designed space?,Taqueria Corona,2
Where can I eat in a thoughtfully designed space?,Avery's On Tulane,2
Where can I eat in a thoughtfully designed space?,Parasol's,1
Where can I eat in a thoughtfully designed space?,Red Gravy,2
Where can I eat in a thoughtfully designed space?,Five Happiness Chinese Restaurant,2
Where can I eat in a thoughtfully designed space?,Cafe Conti,2
Where can I eat in a thoughtfully designed space?,Oceana Grill,2
Where can I eat in a thoughtfully designed space?,BB King's Blues Club,2
Where can I eat in a thoughtfully designed space?,Belle's Diner Nola,2
Where can I eat in a thoughtfully designed space?,Taqueria Guerrero,1
Where can I eat in a thoughtfully designed space?,Gazebo Cafe,2
Where can I eat in a thoughtfully designed space?,Mid City Pizza,2
Where can I eat in a thoughtfully designed space?,Pho Tau Bay Restaurant,1
Where can I eat in a thoughtfully designed space?,French Truck Coffee,3
Where can I eat in a thoughtfully designed space?,Barcadia,2
Where can I eat in a thoughtfully designed space?,Frey Smoked Meat,2
Where can I eat in a thoughtfully designed space?,Bamboula's,2
Where can I eat in a thoughtfully designed space?,Diamond Street Bar & Grill,2
Where can I eat in a thoughtfully designed space?,Fullblast Brunch,3
Where can I eat in a thoughtfully designed space?,Pere Antoine Restaurant,2
Where can I eat in a thoughtfully designed space?,The Praline Connection,2
Where can I eat in a thoughtfully designed space?,Seither's Seafood,2
Where can I eat in a thoughtfully designed space?,Gumbo Shop,2
Where can I eat in a thoughtfully designed space?,Huck Finn's Cafe,2
Where can I eat in a thoughtfully designed space?,Creole House Restaurant & Oyster Bar,1
Where can I eat in a thoughtfully designed space?,Ole Saint,2
Where can I eat in a thoughtfully designed space?,Remoulade,2
Where can I eat in a thoughtfully designed space?,Morning Call Coffee Stand,2
Where can I eat in a thoughtfully designed space?,Faubourg Bistro,2
Where can I eat in a thoughtfully designed space?,Fritzel's European Jazz Pub,2
Where can I eat in a thoughtfully designed space?,The Trolley Stop Cafe,1
Where can I eat in a thoughtfully designed space?,Kebab,3
Where can I eat in a thoughtfully designed space?,Dolce Vita Pizzeria,1
Where can I eat in a thoughtfully designed space?,Galliano Restaurant,3
Where can I eat in a thoughtfully designed space?,BOIL Seafood House,2
Where can I eat in a thoughtfully designed space?,Fiorella's Cafe,2
Where can I eat in a thoughtfully designed space?,Mulate's,2
Where can I eat in a thoughtfully designed space?,Nomiya,3
Where can I eat in a thoughtfully designed space?,Sazerac Bar,3
Where can I eat in a thoughtfully designed space?,The Crazy Lobster Bar & Grill,1
Where can I eat in a thoughtfully designed space?,Avenue Cafe,3
Where can I eat in a thoughtfully designed space?,Mr Ed's Oyster Bar - Bienville,2
Where can I eat in a thoughtfully designed space?,Franks Restaurant,1
Where can I eat in a thoughtfully designed space?,Li'l Dizzy's Cafe,2
Where can I eat in a thoughtfully designed space?,Lucy's Retired Surfers Bar & Restaurant,1
Where can I eat in a thoughtfully designed space?,Cafe Negril,2
Where can I eat in a thoughtfully designed space?,Pat O'Brien's Courtyard Restaurant,3
Where can I eat in a thoughtfully designed space?,Dreamy Weenies,3
Where can I eat in a thoughtfully designed space?,Deja Vu Restaurant & Bar,1
Where can I eat in a thoughtfully designed space?,Fharmacy Nola,2
Where can I eat in a thoughtfully designed space?,Killer Poboys,2
Where can I eat in a thoughtfully designed space?,Gordon Biersch Brewery Restaurant,2
Where can I eat in a thoughtfully designed space?,801 Royal,1
Where can I eat in a thoughtfully designed space?,Streetcar Cafe,2
Where can I eat in a thoughtfully designed space?,Liuzza's By The Track,1
Where can I eat in a thoughtfully designed space?,Tartine,2
Where can I eat in a thoughtfully designed space?,P & G Restaurant & Bar,1
Where can I eat in a thoughtfully designed space?,Jung's Golden Dragon II,2
Where can I eat in a thoughtfully designed space?,Attiki Bar and Grill,2
Where can I eat in a thoughtfully designed space?,The Blind Pelican,2
Where can I eat in a thoughtfully designed space?,WINO  Wine Institute of New Orleans,2
Where can I eat in a thoughtfully designed space?,Pat O'Brien’s,2
Where can I eat in a thoughtfully designed space?,Tru Burger,2
Where can I eat in a thoughtfully designed space?,Tracey's Original Irish Channel Bar,1
Where can I eat in a thoughtfully designed space?,Revelator Coffee New Orleans,3
Where can I eat in a thoughtfully designed space?,New Orleans Cake Café & Bakery,2
Where can I eat in a thoughtfully designed space?,Verti Marte,0
Where can I eat in a thoughtfully designed space?,Tout De Suite Cafe,3
Where can I eat in a thoughtfully designed space?,Union Kitchen & Union Party Room,2
Where can I eat in a thoughtfully designed space?,Stanley,3
Where can I eat in a thoughtfully designed space?,Cajun Seafood,0
Where can I eat in a thoughtfully designed space?,13 Monaghan,2
Where can I eat in a thoughtfully designed space?,Araña Taqueria y Cantina,2
Where can I eat in a thoughtfully designed space?,Bayou Burger & Sports Company,1
Where can I eat in a thoughtfully designed space?,Poke Loa,3
Where can I eat in a thoughtfully designed space?,Acme Oyster House - Harrahs,1
Where can I eat in a thoughtfully designed space?,Clesi's Restaurant & Catering,2
Where can I eat in a thoughtfully designed space?,The Rum House,3
Where can I eat in a thoughtfully designed space?,Mambo's,2
Where can I eat in a thoughtfully designed space?,Tacos And Beer,2
Where can I eat in a thoughtfully designed space?,Liberty Cheesesteaks,1
Where can I eat in a thoughtfully designed space?,Fat Boy Pantry,3
Where can I eat in a thoughtfully designed space?,Pirates Alley Cafe,3
Where can I eat in a thoughtfully designed space?,Welty's Deli and Catering,2
Where can I eat in a thoughtfully designed space?,Felipe's Mexican Taqueria - French Quarter,2
Where can I eat in a thoughtfully designed space?,The Jimani,1
Where can I eat in a thoughtfully designed space?,The Daily Beet,3
Where can I eat in a thoughtfully designed space?,Bevi Seafood,1
Where can I eat in a thoughtfully designed space?,Crabby Jack's,2
Where can I eat in a thoughtfully designed space?,Jimmy J's Cafe,2
Where can I eat in a thoughtfully designed space?,Clover Grill,0
Where can I eat in a thoughtfully designed space?,Bayou Hot Wings,1
Where can I eat in a thoughtfully designed space?,Cafe Beignet on Royal Street,2
Where can I eat in a thoughtfully designed space?,Voodoo BBQ & Grill,1
Where can I eat in a thoughtfully designed space?,Wakin' Bakin',2
Where can I eat in a thoughtfully designed space?,Sweet Soulfood,1
Where can I eat in a thoughtfully designed space?,Seed,3
Where can I eat in a thoughtfully designed space?,Drago's Seafood Restaurant,1
Where can I eat in a thoughtfully designed space?,Pier 424 Seafood Market,1
Where can I eat in a thoughtfully designed space?,Acme Oyster House,1
Where can I eat in a thoughtfully designed space?,Mr. Ed's Oyster Bar - St Charles Ave,1
Where can I eat in a thoughtfully designed space?,Domilise Po-Boys & Bar,0
Where can I eat in a thoughtfully designed space?,Bubba Gump Shrimp Co.,2
Where can I eat in a thoughtfully designed space?,Cafe Fleur De Lis,2
Where can I eat in a thoughtfully designed space?,Cajun Mike's Pub & Grub,1
Where can I eat in a thoughtfully designed space?,Nacho Mama's Mexican Grill,1
Where can I eat in a thoughtfully designed space?,Surrey's Café & Juice Bar,3
Where can I eat in a thoughtfully designed space?,Lilly's Cafe,2
Where can I eat in a thoughtfully designed space?,Dian Xin,2
Where can I eat in a thoughtfully designed space?,G's Pizza,2
Where can I eat in a thoughtfully designed space?,Cafe Beignet on Decatur Street,2
Where can I eat in a thoughtfully designed space?,Olde Nola Cookery,2
Where can I eat in a thoughtfully designed space?,Willie's Chicken Shack,0
Where can I eat in a thoughtfully designed space?,The American Sports Saloon,1
Where can I eat in a thoughtfully designed space?,Stein's Market and Deli,2
Where can I eat in a thoughtfully designed space?,Coulis,2
Where can I eat in a thoughtfully designed space?,Dong Phuong,1
Where can I eat in a thoughtfully designed space?,Corner Oyster House,1
Where can I eat in a thoughtfully designed space?,Two Chicks Cafe,3
Where can I eat in a thoughtfully designed space?,Steamboat Natchez,3
Where can I eat in a thoughtfully designed space?,Mother's Restaurant,1
Where can I eat in a thoughtfully designed space?,Mahony's Po-Boys & Seafood,2
Where can I eat in a thoughtfully designed space?,Parkway Bakery & Tavern,1
Where can I eat in a thoughtfully designed space?,J's Seafood Dock,1
Where can I eat in a thoughtfully designed space?,Gus's World Famous Fried Chicken,2
Where can I eat in a thoughtfully designed space?,Reginelli's Pizzeria,1
Where can I eat in a thoughtfully designed space?,Cuñada,3
Where can I eat in a thoughtfully designed space?,Krystal,0
Where can I eat in a thoughtfully designed space?,Three Legged Dog,2
Where can I eat in a thoughtfully designed space?,Ruby Slipper - New Orleans,2
Where can I eat in a thoughtfully designed space?,Mena's Palace,2
Where can I eat in a thoughtfully designed space?,French Toast,3
Where can I eat in a thoughtfully designed space?,Willie Mae's Scotch House,1
Where can I eat in a thoughtfully designed space?,Envie Espresso Bar & Cafe,3
Where can I eat in a thoughtfully designed space?,NOLA Poboys,1
Where can I eat in a thoughtfully designed space?,The Halal Guys,0
Where can I eat in a thoughtfully designed space?,Gumbo POT,1
Where can I eat in a thoughtfully designed space?,Sucré,3
Where can I eat in a thoughtfully designed space?,New Orleans School of Cooking,1
Where can I eat in a thoughtfully designed space?,District Donuts Sliders Brew,3
Where can I eat in a thoughtfully designed space?,Guy's Po Boys,1
Where can I eat in a thoughtfully designed space?,Johnny's Po-Boys,0
Where can I eat in a thoughtfully designed space?,Meals From The Heart Cafe,2
Where can I eat in a thoughtfully designed space?,Daisy Dukes - French Quarter,1
Where can I eat in a thoughtfully designed space?,Shawarma on the Go,0
Where can I eat in a thoughtfully designed space?,Copper Monkey Grill,1
Where can I eat in a thoughtfully designed space?,Breads on Oak Cafe & Bakery,3
Where can I eat in a thoughtfully designed space?,Mahony's Po-Boys & Seafood  - Uptown,2
Where can I eat in a thoughtfully designed space?,Gumbo Ya-Ya,1
Where can I eat in a thoughtfully designed space?,IHOP,0
Where can I eat in a thoughtfully designed space?,Dave & Buster's,0
Where can I eat in a thoughtfully designed space?,Croissant D'Or Patisserie,3
Where can I eat in a thoughtfully designed space?,Monty's on the Square,2
Where can I eat in a thoughtfully designed space?,Daisy Dukes Express,1
Where can I eat in a thoughtfully designed space?,We Dat's Chicken and Shrimp,1
Where can I eat in a thoughtfully designed space?,Café Du Monde,1
Where can I eat in a thoughtfully designed space?,The Original Italian Pie,0
Where can I eat in a thoughtfully designed space?,Two Chicks Café - CBD,3
Where can I eat in a thoughtfully designed space?,Old Absinthe House,2
Where can I eat in a thoughtfully designed space?,La Boulangerie,2
Where can I eat in a thoughtfully designed space?,Melba's,2
Where can I eat in a thoughtfully designed space?,Gene's PO-Boys,0
Where can I eat in a thoughtfully designed space?,Daisy Mae's Southern Fried Chicken & Breakfast,2
Where can I eat in a thoughtfully designed space?,Crescent City Pizza Works,0
Where can I eat in a thoughtfully designed space?,Magazine Pizza,1
Where can I eat in a thoughtfully designed space?,Piccola Gelateria,3
Where can I eat in a thoughtfully designed space?,Daisy Dukes Cafe,1
Where can I eat in a thoughtfully designed space?,Brothers Food Mart,0
Where can I eat in a thoughtfully designed space?,World Famous N'awlins Cafe & Spice Emporium,1
Where can I eat in a thoughtfully designed space?,Bittersweet Confections,3
Where can I eat in a thoughtfully designed space?,Vieux Carre Pizza,1
Where can I eat in a thoughtfully designed space?,New Orleans Famous Beignets And Coffee,1
Where can I eat in a thoughtfully designed space?,Angelo Brocato,3
Where can I eat in a thoughtfully designed space?,Paddlewheeler Creole Queen,2
Where can I eat in a thoughtfully designed space?,Central Grocery & Deli,0
Where can I eat in a thoughtfully designed space?,Holy Crepes!,2
Where can I eat in a thoughtfully designed space?,French Quarter Phantoms,0
What are good restaurants for a casual weeknight dinner?,Bayona,2
What are good restaurants for a casual weeknight dinner?,Lilette,3
What are good restaurants for a casual weeknight dinner?,Patois Restaurant,3
What are good restaurants for a casual weeknight dinner?,La Petite Grocery,3
What are good restaurants for a casual weeknight dinner?,Mona's Cafe,3
What are good restaurants for a casual weeknight dinner?,Stella!,2
What are good restaurants for a casual weeknight dinner?,Brigtsen's Restaurant,3
What are good restaurants for a casual weeknight dinner?,Louisiana Bistro,2
What are good restaurants for a casual weeknight dinner?,Slice Pizzeria,3
What are good restaurants for a casual weeknight dinner?,El Gato Negro,2
What are good restaurants for a casual weeknight dinner?,Vincent's Italian Cuisine,3
What are good restaurants for a casual weeknight dinner?,Clancy's Restaurant,3
What are good restaurants for a casual weeknight dinner?,Juan's Flying Burrito,3
What are good restaurants for a casual weeknight dinner?,Salú Bistro and Bar,3
What are good restaurants for a casual weeknight dinner?,Café at The Square,2
What are good restaurants for a casual weeknight dinner?,Upperline,2
What are good restaurants for a casual weeknight dinner?,Ruby Slipper Cafe,2
What are good restaurants for a casual weeknight dinner?,Green Goddess,3
What are good restaurants for a casual weeknight dinner?,Café Amelie,3
What are good restaurants for a casual weeknight dinner?,Herbsaint,2
What are good restaurants for a casual weeknight dinner?,La Crepe Nanou,2
What are good restaurants for a casual weeknight dinner?,Eat New Orleans,2
What are good restaurants for a casual weeknight dinner?,Satsuma Café,3
What are good restaurants for a casual weeknight dinner?,Dick & Jenny's,3
What are good restaurants for a casual weeknight dinner?,Tommy's Cuisine,2
What are good restaurants for a casual weeknight dinner?,SukhoThai,3
What are good restaurants for a casual weeknight dinner?,Cafe Degas,3
What are good restaurants for a casual weeknight dinner?,Coquette,3
What are good restaurants for a casual weeknight dinner?,Paladar 511,3
What are good restaurants for a casual weeknight dinner?,Riccobono’s Panola St. Cafe,3
What are good restaurants for a casual weeknight dinner?,New Orleans Hamburger & Seafood Co,2
What are good restaurants for a casual weeknight dinner?,Angeli on Decatur,2
What are good restaurants for a casual weeknight dinner?,Mizado Latin Kitchen,2
What are good restaurants for a casual weeknight dinner?,Taqueria Guerrero,3
What are good restaurants for a casual weeknight dinner?,High Hat Cafe,3
What are good restaurants for a casual weeknight dinner?,Superior Grill,3
What are good restaurants for a casual weeknight dinner?,The Grill,3
What are good restaurants for a casual weeknight dinner?,La Boca,3
What are good restaurants for a casual weeknight dinner?,Slim Goodies Diner,3
What are good restaurants for a casual weeknight dinner?,Compère Lapin,3
What are good restaurants for a casual weeknight dinner?,St Roch Market,3
What are good restaurants for a casual weeknight dinner?,Taqueria Corona,3
What are good restaurants for a casual weeknight dinner?,Wayfare,2
What are good restaurants for a casual weeknight dinner?,Ye Olde College Inn,2
What are good restaurants for a casual weeknight dinner?,Dante's Kitchen,3
What are good restaurants for a casual weeknight dinner?,Louisiana Pizza Kitchen,3
What are good restaurants for a casual weeknight dinner?,Katie's Restaurant & Bar,2
What are good restaurants for a casual weeknight dinner?,Booty's Street Food,2
What are good restaurants for a casual weeknight dinner?,Sofia,3
What are good restaurants for a casual weeknight dinner?,Another Broken Egg Cafe,2
What are good restaurants for a casual weeknight dinner?,K-Paul's Louisiana Kitchen,2
What are good restaurants for a casual weeknight dinner?,Cafe Maspero,2
What are good restaurants for a casual weeknight dinner?,The Italian Barrel,3
What are good restaurants for a casual weeknight dinner?,Please-U-Restaurant,3
What are good restaurants for a casual weeknight dinner?,Restaurant August,1
What are good restaurants for a casual weeknight dinner?,N 7,2
What are good restaurants for a casual weeknight dinner?,Nirvana Indian Cuisine,2
What are good restaurants for a casual weeknight dinner?,Josephine Estelle,2
What are good restaurants for a casual weeknight dinner?,La Casita,3
What are good restaurants for a casual weeknight dinner?,Irene's,2
What are good restaurants for a casual weeknight dinner?,Lola's,3
What are good restaurants for a casual weeknight dinner?,GG's Dine-O-Rama,2
What are good restaurants for a casual weeknight dinner?,Lebanon's Cafe,3
What are good restaurants for a casual weeknight dinner?,Saffron nola,2
What are good restaurants for a casual weeknight dinner?,Venezia Restaurant,3
What are good restaurants for a casual weeknight dinner?,Marcello's Restaurant & Wine Bar,3
What are good restaurants for a casual weeknight dinner?,Russell's Marina Grill,3
What are good restaurants for a casual weeknight dinner?,St Charles Tavern,2
What are good restaurants for a casual weeknight dinner?,Meauxbar,3
What are good restaurants for a casual weeknight dinner?,Nonna Mia Cafe & Pizzeria,3
What are good restaurants for a casual weeknight dinner?,Restaurant R'evolution,2
What are good restaurants for a casual weeknight dinner?,Criollo Restaurant,2
What are good restaurants for a casual weeknight dinner?,Brown Butter Southern Kitchen & Bar,2
What are good restaurants for a casual weeknight dinner?,Felipe's Mexican Taqueria - Uptown,3
What are good restaurants for a casual weeknight dinner?,The Camellia Grill,3
What are good restaurants for a casual weeknight dinner?,Auction House Market,3
What are good restaurants for a casual weeknight dinner?,Galatoire's Restaurant,1
What are good restaurants for a casual weeknight dinner?,Gris-Gris,3
What are good restaurants for a casual weeknight dinner?,Arabella Casa Di Pasta,3
What are good restaurants for a casual weeknight dinner?,Majoria's Commerce Restaurant,3
What are good restaurants for a casual weeknight dinner?,Felipe's Mexican Taqueria - French Quarter,3
What are good restaurants for a casual weeknight dinner?,Welty's Deli and Catering,3
What are good restaurants for a casual weeknight dinner?,Borgne,2
What are good restaurants for a casual weeknight dinner?,Sake Cafe Uptown,2
What are good restaurants for a casual weeknight dinner?,Adolfo's,3
What are good restaurants for a casual weeknight dinner?,Mandina's Restaurant,3
What are good restaurants for a casual weeknight dinner?,Muriel's Jackson Square,2
What are good restaurants for a casual weeknight dinner?,Cowbell,3
What are good restaurants for a casual weeknight dinner?,The Velvet Cactus,3
What are good restaurants for a casual weeknight dinner?,Santa Fe,2
What are good restaurants for a casual weeknight dinner?,Dooky Chase's Restaurant,2
What are good restaurants for a casual weeknight dinner?,Amici,2
What are good restaurants for a casual weeknight dinner?,Briquette,2
What are good restaurants for a casual weeknight dinner?,Five Happiness Chinese Restaurant,2
What are good restaurants for a casual weeknight dinner?,Cleo's,3
What are good restaurants for a casual weeknight dinner?,Sassafras Restaurant,2
What are good restaurants for a casual weeknight dinner?,HORN'S EATERY,3
What are good restaurants for a casual weeknight dinner?,Toast,3
What are good restaurants for a casual weeknight dinner?,Boucherie,3
What are good restaurants for a casual weeknight dinner?,Saint Lawrence,3
What are good restaurants for a casual weeknight dinner?,Del Fuego,2
What are good restaurants for a casual weeknight dinner?,Chophouse New Orleans,2
What are good restaurants for a casual weeknight dinner?,Atchafalaya Restaurant,2
What are good restaurants for a casual weeknight dinner?,Landry's Seafood House,2
What are good restaurants for a casual weeknight dinner?,Trinity Restaurant New Orleans,2
What are good restaurants for a casual weeknight dinner?,La Thai Uptown,2
What are good restaurants for a casual weeknight dinner?,Apolline Restaurant,2
What are good restaurants for a casual weeknight dinner?,Houston's Restaurant,2
What are good restaurants for a casual weeknight dinner?,The Delachaise,2
What are good restaurants for a casual weeknight dinner?,Jacques-Imo's Cafe,3
What are good restaurants for a casual weeknight dinner?,Kin,3
What are good restaurants for a casual weeknight dinner?,Port Of Call,3
What are good restaurants for a casual weeknight dinner?,Midway Pizza,2
What are good restaurants for a casual weeknight dinner?,The Company Burger,3
What are good restaurants for a casual weeknight dinner?,Mr John's Steakhouse,2
What are good restaurants for a casual weeknight dinner?,Capdeville,3
What are good restaurants for a casual weeknight dinner?,The Trolley Stop Cafe,2
What are good restaurants for a casual weeknight dinner?,The Pelican Club,2
What are good restaurants for a casual weeknight dinner?,Shaya,3
What are good restaurants for a casual weeknight dinner?,The Gallery Venue at Tomas Bistro,2
What are good restaurants for a casual weeknight dinner?,Angeline,3
What are good restaurants for a casual weeknight dinner?,Nolé,2
What are good restaurants for a casual weeknight dinner?,Mona Lisa Restaurant,2
What are good restaurants for a casual weeknight dinner?,Sylvain,3
What are good restaurants for a casual weeknight dinner?,The Marigny Brasserie,2
What are good restaurants for a casual weeknight dinner?,The American Sector,2
What are good restaurants for a casual weeknight dinner?,Sneaky Pickle,3
What are good restaurants for a casual weeknight dinner?,Bon Ton Cafe,2
What are good restaurants for a casual weeknight dinner?,The Court of Two Sisters,2
What are good restaurants for a casual weeknight dinner?,The Munch Factory,3
What are good restaurants for a casual weeknight dinner?,Mayas,3
What are good restaurants for a casual weeknight dinner?,Restaurant Rebirth,3
What are good restaurants for a casual weeknight dinner?,Ignatius' Rue de La Course Coffeehouse,2
What are good restaurants for a casual weeknight dinner?,Vacherie,2
What are good restaurants for a casual weeknight dinner?,Cochon,3
What are good restaurants for a casual weeknight dinner?,Pizza Delicious,3
What are good restaurants for a casual weeknight dinner?,Willie's Chicken Shack,3
What are good restaurants for a casual weeknight dinner?,Palace Café,2
What are good restaurants for a casual weeknight dinner?,1000 Figs,3
What are good restaurants for a casual weeknight dinner?,Commander's Palace,2
What are good restaurants for a casual weeknight dinner?,Dickie Brennan's Steakhouse,2
What are good restaurants for a casual weeknight dinner?,Baru Bistro & Tapas,2
What are good restaurants for a casual weeknight dinner?,Root,2
What are good restaurants for a casual weeknight dinner?,Elizabeth's Restaurant,3
What are good restaurants for a casual weeknight dinner?,Joey K's Restaurant & Bar,3
What are good restaurants for a casual weeknight dinner?,Crescent City Steak House,2
What are good restaurants for a casual weeknight dinner?,Galatoire's 33 Bar & Steak,2
What are good restaurants for a casual weeknight dinner?,Annunciation,2
What are good restaurants for a casual weeknight dinner?,Cochon Butcher,3
What are good restaurants for a casual weeknight dinner?,Hoshun Restaurant,2
What are good restaurants for a casual weeknight dinner?,Emeril's Delmonico,2
What are good restaurants for a casual weeknight dinner?,Chartres House,2
What are good restaurants for a casual weeknight dinner?,Ancora,3
What are good restaurants for a casual weeknight dinner?,Tujague's Restaurant,2
What are good restaurants for a casual weeknight dinner?,P & G Restaurant & Bar,3
What are good restaurants for a casual weeknight dinner?,Avery's On Tulane,3
What are good restaurants for a casual weeknight dinner?,GW Fins,2
What are good restaurants for a casual weeknight dinner?,Legacy Kitchen's Craft Tavern,3
What are good restaurants for a casual weeknight dinner?,Tableau,3
What are good restaurants for a casual weeknight dinner?,Arnaud's Restaurant,2
What are good restaurants for a casual weeknight dinner?,Heard Dat Kitchen,3
What are good restaurants for a casual weeknight dinner?,Maypop Restaurant,2
What are good restaurants for a casual weeknight dinner?,Meril,2
What are good restaurants for a casual weeknight dinner?,Tacos And Beer,2
What are good restaurants for a casual weeknight dinner?,The Bombay Club,2
What are good restaurants for a casual weeknight dinner?,Luke,2
What are good restaurants for a casual weeknight dinner?,Jack Rose,3
What are good restaurants for a casual weeknight dinner?,Antoine's Restaurant,1
What are good restaurants for a casual weeknight dinner?,Down The Hatch,2
What are good restaurants for a casual weeknight dinner?,Ralph's on the Park,2
What are good restaurants for a casual weeknight dinner?,Buffa's Bar & Restaurant,3
What are good restaurants for a casual weeknight dinner?,Mena's Palace,2
What are good restaurants for a casual weeknight dinner?,Cavan,2
What are good restaurants for a casual weeknight dinner?,Brothers Food Mart,3
What are good restaurants for a casual weeknight dinner?,Vessel NOLA,3
What are good restaurants for a casual weeknight dinner?,Red Dog Diner,3
What are good restaurants for a casual weeknight dinner?,Huck Finn's Cafe,2
What are good restaurants for a casual weeknight dinner?,Red Gravy,2
What are good restaurants for a casual weeknight dinner?,Basin Seafood & Spirits,2
What are good restaurants for a casual weeknight dinner?,Milk Bar,3
What are good restaurants for a casual weeknight dinner?,SoBou,2
What are good restaurants for a casual weeknight dinner?,Dat Dog,3
What are good restaurants for a casual weeknight dinner?,Refuel Cafe,3
What are good restaurants for a casual weeknight dinner?,Coulis,2
What are good restaurants for a casual weeknight dinner?,Bennachin Restaurant,2
What are good restaurants for a casual weeknight dinner?,Rib Room,2
What are good restaurants for a casual weeknight dinner?,Curio,3
What are good restaurants for a casual weeknight dinner?,Casa Borrega,3
What are good restaurants for a casual weeknight dinner?,The Tasting Room,2
What are good restaurants for a casual weeknight dinner?,McClure's,3
What are good restaurants for a casual weeknight dinner?,Ugly Dog Saloon & BBQ,2
What are good restaurants for a casual weeknight dinner?,Coop's Place,3
What are good restaurants for a casual weeknight dinner?,Mr. B's Bistro,3
What are good restaurants for a casual weeknight dinner?,NOLA Restaurant,2
What are good restaurants for a casual weeknight dinner?,Pêche,3
What are good restaurants for a casual weeknight dinner?,13 Monaghan,2
What are good restaurants for a casual weeknight dinner?,The Praline Connection,2
What are good restaurants for a casual weeknight dinner?,Fiorella's Cafe,2
What are good restaurants for a casual weeknight dinner?,Clover Grill,2
What are good restaurants for a casual weeknight dinner?,The Steakhouse,2
What are good restaurants for a casual weeknight dinner?,Pizza Domenica,3
What are good restaurants for a casual weeknight dinner?,Tartine,3
What are good restaurants for a casual weeknight dinner?,Frankie & Johnny's,2
What are good restaurants for a casual weeknight dinner?,Walk-On's Sports Bistreaux - New Orleans,2
What are good restaurants for a casual weeknight dinner?,Justine,3
What are good restaurants for a casual weeknight dinner?,Tout De Suite Cafe,2
What are good restaurants for a casual weeknight dinner?,Brennan's Restaurant,1
What are good restaurants for a casual weeknight dinner?,Orleans Grapevine Wine Bar & Bistro,3
What are good restaurants for a casual weeknight dinner?,Charcoal's Gourmet Burger Bar,2
What are good restaurants for a casual weeknight dinner?,Cafe Pontalba,2
What are good restaurants for a casual weeknight dinner?,The Original Pierre Maspero's,3
What are good restaurants for a casual weeknight dinner?,Superior Seafood & Oyster Bar,2
What are good restaurants for a casual weeknight dinner?,Little Korea BBQ,2
What are good restaurants for a casual weeknight dinner?,Mint Modern Vietnamese Bistro & Bar,2
What are good restaurants for a casual weeknight dinner?,Verti Marte,3
What are good restaurants for a casual weeknight dinner?,Gyu-Kaku Japanese BBQ,3
What are good restaurants for a casual weeknight dinner?,Johnny Sanchez,3
What are good restaurants for a casual weeknight dinner?,Reginelli's Pizzeria,3
What are good restaurants for a casual weeknight dinner?,Li'l Dizzy's Cafe,3
What are good restaurants for a casual weeknight dinner?,The Original French Market Restaurant and Bar,2
What are good restaurants for a casual weeknight dinner?,The Market Cafe,2
What are good restaurants for a casual weeknight dinner?,Boswell's Jamaican Grill,2
What are good restaurants for a casual weeknight dinner?,Cafe Abyssinia,2
What are good restaurants for a casual weeknight dinner?,Fogo de Chão Brazilian Steakhouse,2
What are good restaurants for a casual weeknight dinner?,The Joint,3
What are good restaurants for a casual weeknight dinner?,Rebellion Bar & Urban Kitchen,2
What are good restaurants for a casual weeknight dinner?,Lucy's Retired Surfers Bar & Restaurant,2
What are good restaurants for a casual weeknight dinner?,Trenasse,2
What are good restaurants for a casual weeknight dinner?,Red Fish Grill,2
What are good restaurants for a casual weeknight dinner?,Hobnobber's Variety Bar & Restaurant,3
What are good restaurants for a casual weeknight dinner?,New Orleans Cake Café & Bakery,2
What are good restaurants for a casual weeknight dinner?,Ruth's Chris Steak House,1
What are good restaurants for a casual weeknight dinner?,CellarDoor,2
What are good restaurants for a casual weeknight dinner?,Deanie's Seafood,3
What are good restaurants for a casual weeknight dinner?,Café Adelaide,2
What are good restaurants for a casual weeknight dinner?,Coterie Restaurant & Oyster Bar,2
What are good restaurants for a casual weeknight dinner?,New Orleans Creole Cookery,2
What are good restaurants for a casual weeknight dinner?,Yuki Izakaya,2
What are good restaurants for a casual weeknight dinner?,Nacho Mama's Mexican Grill,2
What are good restaurants for a casual weeknight dinner?,Domenica,3
What are good restaurants for a casual weeknight dinner?,Pascal's Manale,3
What are good restaurants for a casual weeknight dinner?,Ba Chi Canteen,3
What are good restaurants for a casual weeknight dinner?,Tsunami Sushi,3
What are good restaurants for a casual weeknight dinner?,Estrella Steak & Lobster,2
What are good restaurants for a casual weeknight dinner?,Snug Harbor Jazz Bistro,2
What are good restaurants for a casual weeknight dinner?,Stanley,3
What are good restaurants for a casual weeknight dinner?,Doris Metropolitan,2
What are good restaurants for a casual weeknight dinner?,Daisy Dukes - French Quarter,2
What are good restaurants for a casual weeknight dinner?,Cafe Sbisa,2
What are good restaurants for a casual weeknight dinner?,Jagerhaus,3
What are good restaurants for a casual weeknight dinner?,Carmo,3
What are good restaurants for a casual weeknight dinner?,The Old Coffee Pot Restaurant,2
What are good restaurants for a casual weeknight dinner?,Tito's Ceviche & Pisco,3
What are good restaurants for a casual weeknight dinner?,Gordon Biersch Brewery Restaurant,2
What are good restaurants for a casual weeknight dinner?,Emeril's ,2
What are good restaurants for a casual weeknight dinner?,Surrey's Uptown,3
What are good restaurants for a casual weeknight dinner?,Copeland's Cheesecake Bistro,1
What are good restaurants for a casual weeknight dinner?,Asuka Sushi & Hibachi,3
What are good restaurants for a casual weeknight dinner?,Mopho,2
What are good restaurants for a casual weeknight dinner?,Galliano Restaurant,3
What are good restaurants for a casual weeknight dinner?,Noodle & Pie,2
What are good restaurants for a casual weeknight dinner?,Deja Vu Restaurant & Bar,2
What are good restaurants for a casual weeknight dinner?,Araña Taqueria y Cantina,2
What are good restaurants for a casual weeknight dinner?,Columns,3
What are good restaurants for a casual weeknight dinner?,Oceana Grill,2
What are good restaurants for a casual weeknight dinner?,Felix's Restaurant & Oyster Bar,2
What are good restaurants for a casual weeknight dinner?,Maïs Arepas,3
What are good restaurants for a casual weeknight dinner?,The Irish House,2
What are good restaurants for a casual weeknight dinner?,Beachbum Berry's Latitude 29,3
What are good restaurants for a casual weeknight dinner?,Jung's Golden Dragon II,2
What are good restaurants for a casual weeknight dinner?,Stein's Market and Deli,3
What are good restaurants for a casual weeknight dinner?,Le Bayou Restaurant,3
What are good restaurants for a casual weeknight dinner?,Sushi Brothers,3
What are good restaurants for a casual weeknight dinner?,Ole Saint,2
What are good restaurants for a casual weeknight dinner?,Diamond Street Bar & Grill,3
What are good restaurants for a casual weeknight dinner?,Lula Restaurant Distillery,2
What are good restaurants for a casual weeknight dinner?,Saint Cecilia,2
What are good restaurants for a casual weeknight dinner?,Cafe Beignet on Bourbon Street,2
What are good restaurants for a casual weeknight dinner?,The Backyard,3
What are good restaurants for a casual weeknight dinner?,La Macarena Pupuseria & Latin Cafe,2
What are good restaurants for a casual weeknight dinner?,The Rum House,3
What are good restaurants for a casual weeknight dinner?,Little Tokyo Small Plates & Noodle Bar,2
What are good restaurants for a casual weeknight dinner?,Saba,3
What are good restaurants for a casual weeknight dinner?,The Avenue Pub,3
What are good restaurants for a casual weeknight dinner?,Chiba,3
What are good restaurants for a casual weeknight dinner?,Rock-n-Saké Bar & Sushi,2
What are good restaurants for a casual weeknight dinner?,Pere Antoine Restaurant,1
What are good restaurants for a casual weeknight dinner?,Streetcar Cafe,2
What are good restaurants for a casual weeknight dinner?,Three Muses,3
What are good restaurants for a casual weeknight dinner?,Remoulade,3
What are good restaurants for a casual weeknight dinner?,Magasin Vietnamese Cafe,3
What are good restaurants for a casual weeknight dinner?,Namese,3
What are good restaurants for a casual weeknight dinner?,Bearcat CBD,3
What are good restaurants for a casual weeknight dinner?,Hard Rock Cafe,2
What are good restaurants for a casual weeknight dinner?,Desi Vega's Steakhouse,2
What are good restaurants for a casual weeknight dinner?,Seaworthy,3
What are good restaurants for a casual weeknight dinner?,Cafe Conti,2
What are good restaurants for a casual weeknight dinner?,Neyow's Creole Cafe,2
What are good restaurants for a casual weeknight dinner?,Blaze Pizza,3
What are good restaurants for a casual weeknight dinner?,Copper Vine,3
What are good restaurants for a casual weeknight dinner?,Voodoo BBQ & Grill,3
What are good restaurants for a casual weeknight dinner?,DTB,3
What are good restaurants for a casual weeknight dinner?,Jimmy J's Cafe,3
What are good restaurants for a casual weeknight dinner?,Cafe Rose Nicaud,3
What are good restaurants for a casual weeknight dinner?,Salon by Sucré,2
What are good restaurants for a casual weeknight dinner?,Mid City Pizza,3
What are good restaurants for a casual weeknight dinner?,Squeal,2
What are good restaurants for a casual weeknight dinner?,Kingfish,2
What are good restaurants for a casual weeknight dinner?,The Daily Beet,3
What are good restaurants for a casual weeknight dinner?,Red's Chinese,2
What are good restaurants for a casual weeknight dinner?,Crescent City Brewhouse,2
What are good restaurants for a casual weeknight dinner?,Crabby Jack's,3
What are good restaurants for a casual weeknight dinner?,Warehouse Grille,2
What are good restaurants for a casual weeknight dinner?,Desire Oyster Bar,3
What are good restaurants for a casual weeknight dinner?,Liuzza's By The Track,3
What are good restaurants for a casual weeknight dinner?,Cane and Table,2
What are good restaurants for a casual weeknight dinner?,Casamento's Restaurant,2
What are good restaurants for a casual weeknight dinner?,Blue Oak BBQ,3
What are good restaurants for a casual weeknight dinner?,Who Dat Coffee Cafe,3
What are good restaurants for a casual weeknight dinner?,Bayou Hot Wings,3
What are good restaurants for a casual weeknight dinner?,Cornet,2
What are good restaurants for a casual weeknight dinner?,biscuit & buns on banks,2
What are good restaurants for a casual weeknight dinner?,Dian Xin,3
What are good restaurants for a casual weeknight dinner?,Broussard's,2
What are good restaurants for a casual weeknight dinner?,Dong Phuong,3
What are good restaurants for a casual weeknight dinner?,Lilly's Cafe,3
What are good restaurants for a casual weeknight dinner?,Felipe's Mexican Taqueria - Mid City,3
What are good restaurants for a casual weeknight dinner?,Meals From The Heart Cafe,2
What are good restaurants for a casual weeknight dinner?,Yo Mama's Bar & Grill,3
What are good restaurants for a casual weeknight dinner?,Cooter Brown's,3
What are good restaurants for a casual weeknight dinner?,Ruby Slipper - New Orleans,2
What are good restaurants for a casual weeknight dinner?,Cafe Fleur De Lis,3
What are good restaurants for a casual weeknight dinner?,Surrey's Café & Juice Bar,2
What are good restaurants for a casual weeknight dinner?,Dolce Vita Pizzeria,3
What are good restaurants for a casual weeknight dinner?,Gumbo Shop,2
What are good restaurants for a casual weeknight dinner?,Willa Jean,3
What are good restaurants for a casual weeknight dinner?,Pho Tau Bay Restaurant,3
What are good restaurants for a casual weeknight dinner?,Wakin' Bakin',2
What are good restaurants for a casual weeknight dinner?,Faubourg Bistro,3
What are good restaurants for a casual weeknight dinner?,Creole House Restaurant & Oyster Bar,2
What are good restaurants for a casual weeknight dinner?,Flamingo A-Go-Go,2
What are good restaurants for a casual weeknight dinner?,Mikimoto,3
What are good restaurants for a casual weeknight dinner?,The Country Club,2
What are good restaurants for a casual weeknight dinner?,Evangeline,2
What are good restaurants for a casual weeknight dinner?,Grand Isle,2
What are good restaurants for a casual weeknight dinner?,Turkey and the Wolf,3
What are good restaurants for a casual weeknight dinner?,Brennan's,2
What are good restaurants for a casual weeknight dinner?,Cuñada,3
What are good restaurants for a casual weeknight dinner?,Fullblast Brunch,3
What are good restaurants for a casual weeknight dinner?,Turtle Bay,2
What are good restaurants for a casual weeknight dinner?,Ninja Restaurant,2
What are good restaurants for a casual weeknight dinner?,The Blue Crab Restaurant & Oyster Bar,2
What are good restaurants for a casual weeknight dinner?,Franks Restaurant,2
What are good restaurants for a casual weeknight dinner?,Manning's Sports Bar and Grill,2
What are good restaurants for a casual weeknight dinner?,Parkway Bakery & Tavern,3
What are good restaurants for a casual weeknight dinner?,Cajun Seafood,3
What are good restaurants for a casual weeknight dinner?,Mimi's In The Marigny,3
What are good restaurants for a casual weeknight dinner?,Bourbon House,2
What are good restaurants for a casual weeknight dinner?,Willie Mae's Scotch House,3
What are good restaurants for a casual weeknight dinner?,Two Chicks Cafe,2
What are good restaurants for a casual weeknight dinner?,Toups Meatery,2
What are good restaurants for a casual weeknight dinner?,Wood Pizza Bistro and Taphouse,2
What are good restaurants for a casual weeknight dinner?,9 Roses Cafe,3
What are good restaurants for a casual weeknight dinner?,Morrow's,2
What are good restaurants for a casual weeknight dinner?,The Vintage,3
What are good restaurants for a casual weeknight dinner?,G's Pizza,3
What are good restaurants for a casual weeknight dinner?,Victory,3
What are good restaurants for a casual weeknight dinner?,Mulate's,2
What are good restaurants for a casual weeknight dinner?,Pho Bistreaux,3
What are good restaurants for a casual weeknight dinner?,Bearcat Cafe,3
What are good restaurants for a casual weeknight dinner?,Tru Burger,3
What are good restaurants for a casual weeknight dinner?,Cafe Beignet on Royal Street,2
What are good restaurants for a casual weeknight dinner?,Merchant,3
What are good restaurants for a casual weeknight dinner?,Origami,2
What are good restaurants for a casual weeknight dinner?,801 Royal,2
What are good restaurants for a casual weeknight dinner?,Acme Oyster House,2
What are good restaurants for a casual weeknight dinner?,Cafe Beignet on Decatur Street,2
What are good restaurants for a casual weeknight dinner?,Belle's Diner Nola,2
What are good restaurants for a casual weeknight dinner?,Avenue Cafe,2
What are good restaurants for a casual weeknight dinner?,Cafe Envie & Espresso Bar,3
What are good restaurants for a casual weeknight dinner?,Poke Loa,3
What are good restaurants for a casual weeknight dinner?,Shawarma on the Go,3
What are good restaurants for a casual weeknight dinner?,Fharmacy Nola,3
What are good restaurants for a casual weeknight dinner?,Central City BBQ,3
What are good restaurants for a casual weeknight dinner?,Mother's Restaurant,2
What are good restaurants for a casual weeknight dinner?,Ernst Cafe,2
What are good restaurants for a casual weeknight dinner?,The Governor,3
What are good restaurants for a casual weeknight dinner?,Seither's Seafood,3
What are good restaurants for a casual weeknight dinner?,Kebab,2
What are good restaurants for a casual weeknight dinner?,Gazebo Cafe,2
What are good restaurants for a casual weeknight dinner?,Tracey's Original Irish Channel Bar,2
What are good restaurants for a casual weeknight dinner?,Guy's Po Boys,3
What are good restaurants for a casual weeknight dinner?,Morning Call Coffee Stand,2
What are good restaurants for a casual weeknight dinner?,Union Kitchen & Union Party Room,2
What are good restaurants for a casual weeknight dinner?,Frey Smoked Meat,2
What are good restaurants for a casual weeknight dinner?,Vieux Carre Pizza,3
What are good restaurants for a casual weeknight dinner?,The Jimani,2
What are good restaurants for a casual weeknight dinner?,Little Gem Saloon,2
What are good restaurants for a casual weeknight dinner?,Attiki Bar and Grill,2
What are good restaurants for a casual weeknight dinner?,Johnny's Po-Boys,2
What are good restaurants for a casual weeknight dinner?,Gus's World Famous Fried Chicken,3
What are good restaurants for a casual weeknight dinner?,Royal House,2
What are good restaurants for a casual weeknight dinner?,Mr Ed's Oyster Bar - Bienville,3
What are good restaurants for a casual weeknight dinner?,Backspace Bar & Kitchen,3
What are good restaurants for a casual weeknight dinner?,Monty's on the Square,2
What are good restaurants for a casual weeknight dinner?,Geisha Sushi Bistro,2
What are good restaurants for a casual weeknight dinner?,Hilton New Orleans Riverside,2
What are good restaurants for a casual weeknight dinner?,J's Seafood Dock,2
What are good restaurants for a casual weeknight dinner?,Mahony's Po-Boys & Seafood  - Uptown,2
What are good restaurants for a casual weeknight dinner?,The Halal Guys,3
What are good restaurants for a casual weeknight dinner?,Drago's Seafood Restaurant,2
What are good restaurants for a casual weeknight dinner?,Bayou Burger & Sports Company,2
What are good restaurants for a casual weeknight dinner?,"The Ritz-Carlton, New Orleans",1
What are good restaurants for a casual weeknight dinner?,The Original Italian Pie,2
What are good restaurants for a casual weeknight dinner?,Magazine Pizza,2
What are good restaurants for a casual weeknight dinner?,Le Pavillon Hotel,2
What are good restaurants for a casual weeknight dinner?,The Crazy Lobster Bar & Grill,2
What are good restaurants for a casual weeknight dinner?,The Blind Pelican,2
What are good restaurants for a casual weeknight dinner?,Olde Nola Cookery,2
What are good restaurants for a casual weeknight dinner?,Cure,2
What are good restaurants for a casual weeknight dinner?,The Maison,2
What are good restaurants for a casual weeknight dinner?,Napoleon House,2
What are good restaurants for a casual weeknight dinner?,Parasol's,3
What are good restaurants for a casual weeknight dinner?,Bubba Gump Shrimp Co.,2
What are good restaurants for a casual weeknight dinner?,Domilise Po-Boys & Bar,3
What are good restaurants for a casual weeknight dinner?,Daisy Dukes Cafe,2
What are good restaurants for a casual weeknight dinner?,New Orleans Famous Beignets And Coffee,2
What are good restaurants for a casual weeknight dinner?,Gallier Restaurant & Oyster Bar,2
What are good restaurants for a casual weeknight dinner?,Seed,3
What are good restaurants for a casual weeknight dinner?,Clesi's Restaurant & Catering,3
What are good restaurants for a casual weeknight dinner?,Fat Boy Pantry,3
What are good restaurants for a casual weeknight dinner?,Cajun Mike's Pub & Grub,3
What are good restaurants for a casual weeknight dinner?,BOIL Seafood House,2
What are good restaurants for a casual weeknight dinner?,Mahony's Po-Boys & Seafood,2
What are good restaurants for a casual weeknight dinner?,WINO  Wine Institute of New Orleans,2
What are good restaurants for a casual weeknight dinner?,Killer Poboys,3
What are good restaurants for a casual weeknight dinner?,Mr. Ed's Oyster Bar - St Charles Ave,2
What are good restaurants for a casual weeknight dinner?,Sweet Soulfood,3
What are good restaurants for a casual weeknight dinner?,Daisy Dukes Express,2
What are good restaurants for a casual weeknight dinner?,Café Du Monde,2
What are good restaurants for a casual weeknight dinner?,Gumbo POT,1
What are good restaurants for a casual weeknight dinner?,Mambo's,3
What are good restaurants for a casual weeknight dinner?,Krystal,2
What are good restaurants for a casual weeknight dinner?,Dreamy Weenies,3
What are good restaurants for a casual weeknight dinner?,The Old No 77 Hotel and Chandlery,2
What are good restaurants for a casual weeknight dinner?,Pier 424 Seafood Market,2
What are good restaurants for a casual weeknight dinner?,French Toast,3
What are good restaurants for a casual weeknight dinner?,Bevi Seafood,3
What are good restaurants for a casual weeknight dinner?,Croissant D'Or Patisserie,2
What are good restaurants for a casual weeknight dinner?,Windsor Court Hotel,2
What are good restaurants for a casual weeknight dinner?,Backatown Coffee Parlour,2
What are good restaurants for a casual weeknight dinner?,Nomiya,3
What are good restaurants for a casual weeknight dinner?,Saints And Sinners,2
What are good restaurants for a casual weeknight dinner?,The Howlin' Wolf,2
What are good restaurants for a casual weeknight dinner?,Crescent City Pizza Works,3
What are good restaurants for a casual weeknight dinner?,New Orleans Marriott,2
What are good restaurants for a casual weeknight dinner?,Bakery Bar,3
What are good restaurants for a casual weeknight dinner?,Central Grocery & Deli,2
What are good restaurants for a casual weeknight dinner?,Corner Oyster House,1
What are good restaurants for a casual weeknight dinner?,HiVolt Coffee,2
What are good restaurants for a casual weeknight dinner?,Gene's PO-Boys,3
What are good restaurants for a casual weeknight dinner?,W New Orleans - French Quarter,2
What are good restaurants for a casual weeknight dinner?,The Bulldog,3
What are good restaurants for a casual weeknight dinner?,Liberty Cheesesteaks,2
What are good restaurants for a casual weeknight dinner?,Embassy Suites by Hilton New Orleans,2
What are good restaurants for a casual weeknight dinner?,Barcadia,2
What are good restaurants for a casual weeknight dinner?,Hotel New Orleans Downtown,1
What are good restaurants for a casual weeknight dinner?,Copper Monkey Grill,3
What are good restaurants for a casual weeknight dinner?,The Rusty Nail,3
What are good restaurants for a casual weeknight dinner?,30_90 NOLA,3
What are good restaurants for a casual weeknight dinner?,Royal Sonesta New Orleans,2
What are good restaurants for a casual weeknight dinner?,Gumbo Ya-Ya,2
What are good restaurants for a casual weeknight dinner?,Melba's,2
What are good restaurants for a casual weeknight dinner?,Cafe Negril,3
What are good restaurants for a casual weeknight dinner?,Two Chicks Café - CBD,2
What are good restaurants for a casual weeknight dinner?,Sheraton New Orleans Hotel,2
What are good restaurants for a casual weeknight dinner?,Arnaud's French 75 Bar,2
What are good restaurants for a casual weeknight dinner?,Breads on Oak Cafe & Bakery,2
What are good restaurants for a casual weeknight dinner?,Daisy Mae's Southern Fried Chicken & Breakfast,2
What are good restaurants for a casual weeknight dinner?,Acme Oyster House - Harrahs,2
What are good restaurants for a casual weeknight dinner?,Hot Tin,2
What are good restaurants for a casual weeknight dinner?,Rue De La Course,2
What are good restaurants for a casual weeknight dinner?,French Truck Coffee,2
What are good restaurants for a casual weeknight dinner?,Angelo Brocato,2
What are good restaurants for a casual weeknight dinner?,Envie Espresso Bar & Cafe,2
What are good restaurants for a casual weeknight dinner?,BB King's Blues Club,2
What are good restaurants for a casual weeknight dinner?,Bamboula's,2
What are good restaurants for a casual weeknight dinner?,NOLA Poboys,3
What are good restaurants for a casual weeknight dinner?,We Dat's Chicken and Shrimp,2
What are good restaurants for a casual weeknight dinner?,Pat O'Brien's Courtyard Restaurant,2
What are good restaurants for a casual weeknight dinner?,New Orleans School of Cooking,2
What are good restaurants for a casual weeknight dinner?,House of Blues New Orleans,2
What are good restaurants for a casual weeknight dinner?,World Famous N'awlins Cafe & Spice Emporium,2
What are good restaurants for a casual weeknight dinner?,Tiki Tolteca,2
What are good restaurants for a casual weeknight dinner?,The American Sports Saloon,2
What are good restaurants for a casual weeknight dinner?,District Donuts Sliders Brew,3
What are good restaurants for a casual weeknight dinner?,IHOP,2
What are good restaurants for a casual weeknight dinner?,Mojo Coffee House,2
What are good restaurants for a casual weeknight dinner?,La Boulangerie,2
What are good restaurants for a casual weeknight dinner?,The Jazz Playhouse,2
What are good restaurants for a casual weeknight dinner?,Steamboat Natchez,2
What are good restaurants for a casual weeknight dinner?,Pat O'Brien’s,2
What are good restaurants for a casual weeknight dinner?,Sucré,2
What are good restaurants for a casual weeknight dinner?,Pirates Alley Cafe,2
What are good restaurants for a casual weeknight dinner?,Three Legged Dog,2
What are good restaurants for a casual weeknight dinner?,Dave & Buster's,2
What are good restaurants for a casual weeknight dinner?,Bittersweet Confections,2
What are good restaurants for a casual weeknight dinner?,Sazerac Bar,2
What are good restaurants for a casual weeknight dinner?,Fritzel's European Jazz Pub,2
What are good restaurants for a casual weeknight dinner?,Piccola Gelateria,2
What are good restaurants for a casual weeknight dinner?,Revelator Coffee New Orleans,1
What are good restaurants for a casual weeknight dinner?,Old Absinthe House,2
What are good restaurants for a casual weeknight dinner?,Holy Crepes!,3
What are good restaurants for a casual weeknight dinner?,Paddlewheeler Creole Queen,2
What are good restaurants for a casual weeknight dinner?,French Quarter Phantoms,0
