Query,Restaurant,Relevance Score
Suggest a place with varied seating options.,The Rusty Nail,3
Suggest a place with varied seating options.,Columns,3
Suggest a place with varied seating options.,The Bulldog,3
Suggest a place with varied seating options.,Hot Tin,2
Suggest a place with varied seating options.,Café Amelie,3
Suggest a place with varied seating options.,Green Goddess,3
Suggest a place with varied seating options.,W New Orleans - French Quarter,2
Suggest a place with varied seating options.,Satsuma Café,2
Suggest a place with varied seating options.,Windsor Court Hotel,2
Suggest a place with varied seating options.,The Tasting Room,2
Suggest a place with varied seating options.,The Court of Two Sisters,3
Suggest a place with varied seating options.,The Delachaise,3
Suggest a place with varied seating options.,Cure,3
Suggest a place with varied seating options.,Auction House Market,3
Suggest a place with varied seating options.,Backatown Coffee Parlour,3
Suggest a place with varied seating options.,Copper Vine,3
Suggest a place with varied seating options.,Sylvain,2
Suggest a place with varied seating options.,CellarDoor,3
Suggest a place with varied seating options.,Who Dat Coffee Cafe,3
Suggest a place with varied seating options.,Victory,3
Suggest a place with varied seating options.,Wood Pizza Bistro and Taphouse,3
Suggest a place with varied seating options.,New Orleans Marriott,2
Suggest a place with varied seating options.,"The Ritz-Carlton, New Orleans",3
Suggest a place with varied seating options.,Dat Dog,3
Suggest a place with varied seating options.,The Avenue Pub,3
Suggest a place with varied seating options.,The Country Club,3
Suggest a place with varied seating options.,Royal Sonesta New Orleans,2
Suggest a place with varied seating options.,Le Pavillon Hotel,1
Suggest a place with varied seating options.,Lilette,3
Suggest a place with varied seating options.,Flamingo A-Go-Go,3
Suggest a place with varied seating options.,The Bombay Club,3
Suggest a place with varied seating options.,The Velvet Cactus,3
Suggest a place with varied seating options.,Bakery Bar,3
Suggest a place with varied seating options.,Rue De La Course,3
Suggest a place with varied seating options.,Hotel New Orleans Downtown,1
Suggest a place with varied seating options.,Mojo Coffee House,3
Suggest a place with varied seating options.,Cane and Table,3
Suggest a place with varied seating options.,Landry's Seafood House,3
Suggest a place with varied seating options.,N 7,3
Suggest a place with varied seating options.,Patois Restaurant,2
Suggest a place with varied seating options.,Kin,2
Suggest a place with varied seating options.,The Joint,2
Suggest a place with varied seating options.,Cafe Degas,2
Suggest a place with varied seating options.,Sheraton New Orleans Hotel,2
Suggest a place with varied seating options.,Santa Fe,3
Suggest a place with varied seating options.,The Backyard,2
Suggest a place with varied seating options.,Cafe Beignet on Bourbon Street,3
Suggest a place with varied seating options.,Jack Rose,2
Suggest a place with varied seating options.,Dick & Jenny's,2
Suggest a place with varied seating options.,Cooter Brown's,3
Suggest a place with varied seating options.,The Howlin' Wolf,2
Suggest a place with varied seating options.,Salú Bistro and Bar,2
Suggest a place with varied seating options.,Mona's Cafe,2
Suggest a place with varied seating options.,Cafe Beignet on Royal Street,3
Suggest a place with varied seating options.,1000 Figs,2
Suggest a place with varied seating options.,Ralph's on the Park,2
Suggest a place with varied seating options.,Dante's Kitchen,3
Suggest a place with varied seating options.,Another Broken Egg Cafe,2
Suggest a place with varied seating options.,Shaya,2
Suggest a place with varied seating options.,The Maison,3
Suggest a place with varied seating options.,The Vintage,3
Suggest a place with varied seating options.,Ruby Slipper Cafe,2
Suggest a place with varied seating options.,The Camellia Grill,1
Suggest a place with varied seating options.,Brigtsen's Restaurant,2
Suggest a place with varied seating options.,Vessel NOLA,2
Suggest a place with varied seating options.,Cafe Envie & Espresso Bar,3
Suggest a place with varied seating options.,Bayona,2
Suggest a place with varied seating options.,Warehouse Grille,3
Suggest a place with varied seating options.,Pat O'Brien’s,3
Suggest a place with varied seating options.,Juan's Flying Burrito,2
Suggest a place with varied seating options.,Stella!,2
Suggest a place with varied seating options.,Cowbell,2
Suggest a place with varied seating options.,Orleans Grapevine Wine Bar & Bistro,2
Suggest a place with varied seating options.,Bearcat CBD,3
Suggest a place with varied seating options.,Capdeville,2
Suggest a place with varied seating options.,La Crepe Nanou,2
Suggest a place with varied seating options.,La Casita,2
Suggest a place with varied seating options.,Clancy's Restaurant,2
Suggest a place with varied seating options.,Meauxbar,2
Suggest a place with varied seating options.,Gazebo Cafe,3
Suggest a place with varied seating options.,Down The Hatch,3
Suggest a place with varied seating options.,Toast,2
Suggest a place with varied seating options.,Restaurant August,2
Suggest a place with varied seating options.,Surrey's Uptown,3
Suggest a place with varied seating options.,Beachbum Berry's Latitude 29,2
Suggest a place with varied seating options.,Boucherie,2
Suggest a place with varied seating options.,Hilton New Orleans Riverside,1
Suggest a place with varied seating options.,Tiki Tolteca,2
Suggest a place with varied seating options.,Ugly Dog Saloon & BBQ,2
Suggest a place with varied seating options.,Pizza Domenica,2
Suggest a place with varied seating options.,Mimi's In The Marigny,3
Suggest a place with varied seating options.,Sake Cafe Uptown,2
Suggest a place with varied seating options.,Tableau,3
Suggest a place with varied seating options.,Embassy Suites by Hilton New Orleans,2
Suggest a place with varied seating options.,St Roch Market,3
Suggest a place with varied seating options.,Irene's,2
Suggest a place with varied seating options.,Atchafalaya Restaurant,2
Suggest a place with varied seating options.,Turtle Bay,2
Suggest a place with varied seating options.,Morning Call Coffee Stand,2
Suggest a place with varied seating options.,Avenue Cafe,3
Suggest a place with varied seating options.,Angeline,2
Suggest a place with varied seating options.,Paladar 511,3
Suggest a place with varied seating options.,Mizado Latin Kitchen,3
Suggest a place with varied seating options.,WINO  Wine Institute of New Orleans,2
Suggest a place with varied seating options.,The Old No 77 Hotel and Chandlery,1
Suggest a place with varied seating options.,The Blue Crab Restaurant & Oyster Bar,2
Suggest a place with varied seating options.,Coquette,2
Suggest a place with varied seating options.,Three Muses,2
Suggest a place with varied seating options.,The Grill,3
Suggest a place with varied seating options.,Yuki Izakaya,2
Suggest a place with varied seating options.,The Italian Barrel,2
Suggest a place with varied seating options.,Napoleon House,3
Suggest a place with varied seating options.,Barcadia,2
Suggest a place with varied seating options.,Cornet,2
Suggest a place with varied seating options.,Slice Pizzeria,2
Suggest a place with varied seating options.,Commander's Palace,2
Suggest a place with varied seating options.,Pirates Alley Cafe,3
Suggest a place with varied seating options.,Snug Harbor Jazz Bistro,2
Suggest a place with varied seating options.,Herbsaint,2
Suggest a place with varied seating options.,Gris-Gris,3
Suggest a place with varied seating options.,Cafe Rose Nicaud,2
Suggest a place with varied seating options.,Ernst Cafe,2
Suggest a place with varied seating options.,Muriel's Jackson Square,3
Suggest a place with varied seating options.,Restaurant R'evolution,2
Suggest a place with varied seating options.,Café at The Square,2
Suggest a place with varied seating options.,The American Sector,2
Suggest a place with varied seating options.,Palace Café,3
Suggest a place with varied seating options.,Nonna Mia Cafe & Pizzeria,3
Suggest a place with varied seating options.,Apolline Restaurant,2
Suggest a place with varied seating options.,SukhoThai,1
Suggest a place with varied seating options.,Louisiana Bistro,1
Suggest a place with varied seating options.,Jacques-Imo's Cafe,2
Suggest a place with varied seating options.,The Marigny Brasserie,2
Suggest a place with varied seating options.,Tracey's Original Irish Channel Bar,2
Suggest a place with varied seating options.,Manning's Sports Bar and Grill,2
Suggest a place with varied seating options.,La Petite Grocery,2
Suggest a place with varied seating options.,Red Dog Diner,2
Suggest a place with varied seating options.,Central City BBQ,2
Suggest a place with varied seating options.,Tout De Suite Cafe,2
Suggest a place with varied seating options.,French Truck Coffee,3
Suggest a place with varied seating options.,Baru Bistro & Tapas,2
Suggest a place with varied seating options.,The Gallery Venue at Tomas Bistro,2
Suggest a place with varied seating options.,Del Fuego,3
Suggest a place with varied seating options.,El Gato Negro,2
Suggest a place with varied seating options.,Saba,2
Suggest a place with varied seating options.,Booty's Street Food,2
Suggest a place with varied seating options.,Wayfare,2
Suggest a place with varied seating options.,The Pelican Club,2
Suggest a place with varied seating options.,Slim Goodies Diner,2
Suggest a place with varied seating options.,Blue Oak BBQ,3
Suggest a place with varied seating options.,Charcoal's Gourmet Burger Bar,2
Suggest a place with varied seating options.,Saffron nola,2
Suggest a place with varied seating options.,Riccobono’s Panola St. Cafe,2
Suggest a place with varied seating options.,Salon by Sucré,2
Suggest a place with varied seating options.,Magasin Vietnamese Cafe,2
Suggest a place with varied seating options.,New Orleans Cake Café & Bakery,2
Suggest a place with varied seating options.,Arnaud's French 75 Bar,3
Suggest a place with varied seating options.,HiVolt Coffee,3
Suggest a place with varied seating options.,McClure's,2
Suggest a place with varied seating options.,Walk-On's Sports Bistreaux - New Orleans,2
Suggest a place with varied seating options.,The Jazz Playhouse,2
Suggest a place with varied seating options.,Sazerac Bar,2
Suggest a place with varied seating options.,Josephine Estelle,1
Suggest a place with varied seating options.,Refuel Cafe,2
Suggest a place with varied seating options.,Root,2
Suggest a place with varied seating options.,Cafe Abyssinia,2
Suggest a place with varied seating options.,Crescent City Brewhouse,2
Suggest a place with varied seating options.,New Orleans Hamburger & Seafood Co,3
Suggest a place with varied seating options.,Rock-n-Saké Bar & Sushi,2
Suggest a place with varied seating options.,Tommy's Cuisine,2
Suggest a place with varied seating options.,Galatoire's Restaurant,2
Suggest a place with varied seating options.,Buffa's Bar & Restaurant,2
Suggest a place with varied seating options.,GG's Dine-O-Rama,2
Suggest a place with varied seating options.,Upperline,2
Suggest a place with varied seating options.,SoBou,2
Suggest a place with varied seating options.,Lebanon's Cafe,2
Suggest a place with varied seating options.,Nomiya,2
Suggest a place with varied seating options.,Lula Restaurant Distillery,2
Suggest a place with varied seating options.,Coop's Place,2
Suggest a place with varied seating options.,Cavan,2
Suggest a place with varied seating options.,Elizabeth's Restaurant,2
Suggest a place with varied seating options.,Lucy's Retired Surfers Bar & Restaurant,2
Suggest a place with varied seating options.,Little Gem Saloon,2
Suggest a place with varied seating options.,Vincent's Italian Cuisine,2
Suggest a place with varied seating options.,Trinity Restaurant New Orleans,2
Suggest a place with varied seating options.,Nolé,3
Suggest a place with varied seating options.,Milk Bar,2
Suggest a place with varied seating options.,Mopho,2
Suggest a place with varied seating options.,Backspace Bar & Kitchen,2
Suggest a place with varied seating options.,Eat New Orleans,2
Suggest a place with varied seating options.,Squeal,1
Suggest a place with varied seating options.,Chartres House,3
Suggest a place with varied seating options.,Casa Borrega,2
Suggest a place with varied seating options.,biscuit & buns on banks,1
Suggest a place with varied seating options.,K-Paul's Louisiana Kitchen,2
Suggest a place with varied seating options.,Restaurant Rebirth,2
Suggest a place with varied seating options.,Rib Room,2
Suggest a place with varied seating options.,Bearcat Cafe,2
Suggest a place with varied seating options.,Fritzel's European Jazz Pub,2
Suggest a place with varied seating options.,Little Tokyo Small Plates & Noodle Bar,2
Suggest a place with varied seating options.,La Thai Uptown,2
Suggest a place with varied seating options.,Sofia,2
Suggest a place with varied seating options.,Annunciation,2
Suggest a place with varied seating options.,Heard Dat Kitchen,2
Suggest a place with varied seating options.,Cochon,2
Suggest a place with varied seating options.,Gyu-Kaku Japanese BBQ,2
Suggest a place with varied seating options.,Emeril's Delmonico,2
Suggest a place with varied seating options.,Midway Pizza,2
Suggest a place with varied seating options.,The Jimani,1
Suggest a place with varied seating options.,Vacherie,2
Suggest a place with varied seating options.,Maïs Arepas,2
Suggest a place with varied seating options.,Namese,3
Suggest a place with varied seating options.,Borgne,1
Suggest a place with varied seating options.,Crescent City Steak House,3
Suggest a place with varied seating options.,Tujague's Restaurant,2
Suggest a place with varied seating options.,Criollo Restaurant,2
Suggest a place with varied seating options.,Arnaud's Restaurant,2
Suggest a place with varied seating options.,Justine,2
Suggest a place with varied seating options.,Café Adelaide,2
Suggest a place with varied seating options.,Cafe Sbisa,2
Suggest a place with varied seating options.,Russell's Marina Grill,2
Suggest a place with varied seating options.,Evangeline,2
Suggest a place with varied seating options.,Briquette,2
Suggest a place with varied seating options.,Port Of Call,2
Suggest a place with varied seating options.,Superior Seafood & Oyster Bar,2
Suggest a place with varied seating options.,Ye Olde College Inn,2
Suggest a place with varied seating options.,Lola's,1
Suggest a place with varied seating options.,Pat O'Brien's Courtyard Restaurant,2
Suggest a place with varied seating options.,Katie's Restaurant & Bar,2
Suggest a place with varied seating options.,The Irish House,2
Suggest a place with varied seating options.,Kingfish,2
Suggest a place with varied seating options.,Curio,3
Suggest a place with varied seating options.,Brennan's Restaurant,2
Suggest a place with varied seating options.,Café Du Monde,2
Suggest a place with varied seating options.,Broussard's,2
Suggest a place with varied seating options.,Brennan's,2
Suggest a place with varied seating options.,Pêche,2
Suggest a place with varied seating options.,New Orleans Creole Cookery,3
Suggest a place with varied seating options.,St Charles Tavern,2
Suggest a place with varied seating options.,Tartine,2
Suggest a place with varied seating options.,Mr John's Steakhouse,1
Suggest a place with varied seating options.,Felipe's Mexican Taqueria - Mid City,3
Suggest a place with varied seating options.,Saint Lawrence,1
Suggest a place with varied seating options.,Yo Mama's Bar & Grill,2
Suggest a place with varied seating options.,Tito's Ceviche & Pisco,2
Suggest a place with varied seating options.,Compère Lapin,2
Suggest a place with varied seating options.,High Hat Cafe,1
Suggest a place with varied seating options.,Galatoire's 33 Bar & Steak,2
Suggest a place with varied seating options.,Attiki Bar and Grill,2
Suggest a place with varied seating options.,Noodle & Pie,1
Suggest a place with varied seating options.,Amici,2
Suggest a place with varied seating options.,House of Blues New Orleans,2
Suggest a place with varied seating options.,Seaworthy,2
Suggest a place with varied seating options.,Bamboula's,2
Suggest a place with varied seating options.,Willa Jean,2
Suggest a place with varied seating options.,Merchant,3
Suggest a place with varied seating options.,Chophouse New Orleans,2
Suggest a place with varied seating options.,Hoshun Restaurant,2
Suggest a place with varied seating options.,Dickie Brennan's Steakhouse,2
Suggest a place with varied seating options.,The American Sports Saloon,2
Suggest a place with varied seating options.,Angeli on Decatur,1
Suggest a place with varied seating options.,Adolfo's,2
Suggest a place with varied seating options.,Houston's Restaurant,2
Suggest a place with varied seating options.,Parasol's,1
Suggest a place with varied seating options.,Marcello's Restaurant & Wine Bar,2
Suggest a place with varied seating options.,Red Fish Grill,1
Suggest a place with varied seating options.,Superior Grill,3
Suggest a place with varied seating options.,Nirvana Indian Cuisine,2
Suggest a place with varied seating options.,30_90 NOLA,2
Suggest a place with varied seating options.,HORN'S EATERY,2
Suggest a place with varied seating options.,Deanie's Seafood,2
Suggest a place with varied seating options.,Rebellion Bar & Urban Kitchen,2
Suggest a place with varied seating options.,The Market Cafe,2
Suggest a place with varied seating options.,Bayou Hot Wings,1
Suggest a place with varied seating options.,Ignatius' Rue de La Course Coffeehouse,2
Suggest a place with varied seating options.,Felipe's Mexican Taqueria - Uptown,3
Suggest a place with varied seating options.,Majoria's Commerce Restaurant,2
Suggest a place with varied seating options.,Domenica,2
Suggest a place with varied seating options.,Fullblast Brunch,2
Suggest a place with varied seating options.,Felix's Restaurant & Oyster Bar,2
Suggest a place with varied seating options.,Saint Cecilia,2
Suggest a place with varied seating options.,Mr. B's Bistro,1
Suggest a place with varied seating options.,13 Monaghan,2
Suggest a place with varied seating options.,DTB,3
Suggest a place with varied seating options.,Cafe Pontalba,2
Suggest a place with varied seating options.,Ole Saint,2
Suggest a place with varied seating options.,Cajun Mike's Pub & Grub,1
Suggest a place with varied seating options.,Ruth's Chris Steak House,2
Suggest a place with varied seating options.,Bennachin Restaurant,1
Suggest a place with varied seating options.,Cafe Conti,1
Suggest a place with varied seating options.,Legacy Kitchen's Craft Tavern,2
Suggest a place with varied seating options.,Ancora,2
Suggest a place with varied seating options.,Mayas,2
Suggest a place with varied seating options.,Hobnobber's Variety Bar & Restaurant,2
Suggest a place with varied seating options.,Huck Finn's Cafe,1
Suggest a place with varied seating options.,Basin Seafood & Spirits,2
Suggest a place with varied seating options.,Killer Poboys,1
Suggest a place with varied seating options.,Louisiana Pizza Kitchen,2
Suggest a place with varied seating options.,Wakin' Bakin',2
Suggest a place with varied seating options.,Brown Butter Southern Kitchen & Bar,2
Suggest a place with varied seating options.,Carmo,2
Suggest a place with varied seating options.,Mid City Pizza,2
Suggest a place with varied seating options.,Frey Smoked Meat,2
Suggest a place with varied seating options.,New Orleans Famous Beignets And Coffee,3
Suggest a place with varied seating options.,Crabby Jack's,2
Suggest a place with varied seating options.,Surrey's Café & Juice Bar,2
Suggest a place with varied seating options.,Le Bayou Restaurant,2
Suggest a place with varied seating options.,Emeril's ,2
Suggest a place with varied seating options.,Cafe Negril,2
Suggest a place with varied seating options.,Pizza Delicious,2
Suggest a place with varied seating options.,The Blind Pelican,2
Suggest a place with varied seating options.,Cafe Maspero,1
Suggest a place with varied seating options.,Dooky Chase's Restaurant,1
Suggest a place with varied seating options.,Tsunami Sushi,3
Suggest a place with varied seating options.,Voodoo BBQ & Grill,2
Suggest a place with varied seating options.,The Trolley Stop Cafe,1
Suggest a place with varied seating options.,Deja Vu Restaurant & Bar,1
Suggest a place with varied seating options.,Fogo de Chão Brazilian Steakhouse,1
Suggest a place with varied seating options.,Cleo's,1
Suggest a place with varied seating options.,Revelator Coffee New Orleans,2
Suggest a place with varied seating options.,NOLA Restaurant,2
Suggest a place with varied seating options.,Toups Meatery,1
Suggest a place with varied seating options.,Coulis,2
Suggest a place with varied seating options.,Maypop Restaurant,1
Suggest a place with varied seating options.,Blaze Pizza,2
Suggest a place with varied seating options.,The Old Coffee Pot Restaurant,2
Suggest a place with varied seating options.,Stanley,1
Suggest a place with varied seating options.,Grand Isle,2
Suggest a place with varied seating options.,The Governor,2
Suggest a place with varied seating options.,Sneaky Pickle,2
Suggest a place with varied seating options.,Jimmy J's Cafe,1
Suggest a place with varied seating options.,Cafe Beignet on Decatur Street,2
Suggest a place with varied seating options.,Doris Metropolitan,2
Suggest a place with varied seating options.,Chiba,2
Suggest a place with varied seating options.,Welty's Deli and Catering,1
Suggest a place with varied seating options.,GW Fins,2
Suggest a place with varied seating options.,The Rum House,2
Suggest a place with varied seating options.,Desi Vega's Steakhouse,2
Suggest a place with varied seating options.,Antoine's Restaurant,2
Suggest a place with varied seating options.,Meril,2
Suggest a place with varied seating options.,Estrella Steak & Lobster,1
Suggest a place with varied seating options.,Boswell's Jamaican Grill,2
Suggest a place with varied seating options.,Li'l Dizzy's Cafe,1
Suggest a place with varied seating options.,Envie Espresso Bar & Cafe,2
Suggest a place with varied seating options.,Arabella Casa Di Pasta,2
Suggest a place with varied seating options.,Red's Chinese,2
Suggest a place with varied seating options.,Ba Chi Canteen,2
Suggest a place with varied seating options.,Casamento's Restaurant,0
Suggest a place with varied seating options.,Sushi Brothers,2
Suggest a place with varied seating options.,Little Korea BBQ,1
Suggest a place with varied seating options.,Joey K's Restaurant & Bar,1
Suggest a place with varied seating options.,Please-U-Restaurant,2
Suggest a place with varied seating options.,The Steakhouse,2
Suggest a place with varied seating options.,Luke,1
Suggest a place with varied seating options.,Pascal's Manale,1
Suggest a place with varied seating options.,P & G Restaurant & Bar,1
Suggest a place with varied seating options.,Mint Modern Vietnamese Bistro & Bar,1
Suggest a place with varied seating options.,Mona Lisa Restaurant,0
Suggest a place with varied seating options.,Pho Bistreaux,2
Suggest a place with varied seating options.,Liuzza's By The Track,2
Suggest a place with varied seating options.,Hard Rock Cafe,1
Suggest a place with varied seating options.,Two Chicks Cafe,1
Suggest a place with varied seating options.,Gumbo Shop,2
Suggest a place with varied seating options.,Mandina's Restaurant,1
Suggest a place with varied seating options.,Desire Oyster Bar,2
Suggest a place with varied seating options.,Royal House,2
Suggest a place with varied seating options.,Bon Ton Cafe,1
Suggest a place with varied seating options.,The Original Pierre Maspero's,2
Suggest a place with varied seating options.,Ninja Restaurant,2
Suggest a place with varied seating options.,Stein's Market and Deli,2
Suggest a place with varied seating options.,Cafe Fleur De Lis,1
Suggest a place with varied seating options.,The Daily Beet,3
Suggest a place with varied seating options.,Tacos And Beer,2
Suggest a place with varied seating options.,Bourbon House,2
Suggest a place with varied seating options.,Trenasse,1
Suggest a place with varied seating options.,9 Roses Cafe,3
Suggest a place with varied seating options.,Gordon Biersch Brewery Restaurant,2
Suggest a place with varied seating options.,The Original French Market Restaurant and Bar,2
Suggest a place with varied seating options.,Morrow's,1
Suggest a place with varied seating options.,Diamond Street Bar & Grill,1
Suggest a place with varied seating options.,Saints And Sinners,2
Suggest a place with varied seating options.,Parkway Bakery & Tavern,2
Suggest a place with varied seating options.,Pere Antoine Restaurant,2
Suggest a place with varied seating options.,Faubourg Bistro,1
Suggest a place with varied seating options.,Origami,2
Suggest a place with varied seating options.,The Company Burger,2
Suggest a place with varied seating options.,The Munch Factory,2
Suggest a place with varied seating options.,La Boca,1
Suggest a place with varied seating options.,Croissant D'Or Patisserie,3
Suggest a place with varied seating options.,Mena's Palace,2
Suggest a place with varied seating options.,Frankie & Johnny's,2
Suggest a place with varied seating options.,Araña Taqueria y Cantina,2
Suggest a place with varied seating options.,Copeland's Cheesecake Bistro,2
Suggest a place with varied seating options.,Red Gravy,1
Suggest a place with varied seating options.,Neyow's Creole Cafe,2
Suggest a place with varied seating options.,Taqueria Corona,1
Suggest a place with varied seating options.,Mahony's Po-Boys & Seafood  - Uptown,2
Suggest a place with varied seating options.,Verti Marte,1
Suggest a place with varied seating options.,Five Happiness Chinese Restaurant,3
Suggest a place with varied seating options.,Avery's On Tulane,2
Suggest a place with varied seating options.,Lilly's Cafe,1
Suggest a place with varied seating options.,Fat Boy Pantry,2
Suggest a place with varied seating options.,Asuka Sushi & Hibachi,2
Suggest a place with varied seating options.,Domilise Po-Boys & Bar,2
Suggest a place with varied seating options.,The Praline Connection,1
Suggest a place with varied seating options.,Cochon Butcher,2
Suggest a place with varied seating options.,Geisha Sushi Bistro,2
Suggest a place with varied seating options.,Willie's Chicken Shack,1
Suggest a place with varied seating options.,801 Royal,2
Suggest a place with varied seating options.,Clover Grill,1
Suggest a place with varied seating options.,Guy's Po Boys,1
Suggest a place with varied seating options.,Sweet Soulfood,1
Suggest a place with varied seating options.,Streetcar Cafe,2
Suggest a place with varied seating options.,Venezia Restaurant,2
Suggest a place with varied seating options.,Dave & Buster's,1
Suggest a place with varied seating options.,Jagerhaus,1
Suggest a place with varied seating options.,BB King's Blues Club,2
Suggest a place with varied seating options.,Mambo's,3
Suggest a place with varied seating options.,Felipe's Mexican Taqueria - French Quarter,2
Suggest a place with varied seating options.,Shawarma on the Go,2
Suggest a place with varied seating options.,BOIL Seafood House,2
Suggest a place with varied seating options.,Steamboat Natchez,2
Suggest a place with varied seating options.,Coterie Restaurant & Oyster Bar,3
Suggest a place with varied seating options.,Kebab,2
Suggest a place with varied seating options.,Cajun Seafood,1
Suggest a place with varied seating options.,G's Pizza,2
Suggest a place with varied seating options.,The Crazy Lobster Bar & Grill,1
Suggest a place with varied seating options.,Breads on Oak Cafe & Bakery,2
Suggest a place with varied seating options.,Acme Oyster House,1
Suggest a place with varied seating options.,District Donuts Sliders Brew,2
Suggest a place with varied seating options.,Old Absinthe House,2
Suggest a place with varied seating options.,Bayou Burger & Sports Company,2
Suggest a place with varied seating options.,Belle's Diner Nola,1
Suggest a place with varied seating options.,Sassafras Restaurant,1
Suggest a place with varied seating options.,Ruby Slipper - New Orleans,2
Suggest a place with varied seating options.,Fiorella's Cafe,2
Suggest a place with varied seating options.,La Macarena Pupuseria & Latin Cafe,1
Suggest a place with varied seating options.,Pho Tau Bay Restaurant,2
Suggest a place with varied seating options.,Union Kitchen & Union Party Room,2
Suggest a place with varied seating options.,Gumbo POT,2
Suggest a place with varied seating options.,Bubba Gump Shrimp Co.,1
Suggest a place with varied seating options.,Johnny's Po-Boys,2
Suggest a place with varied seating options.,Meals From The Heart Cafe,2
Suggest a place with varied seating options.,Seither's Seafood,2
Suggest a place with varied seating options.,Galliano Restaurant,2
Suggest a place with varied seating options.,Turkey and the Wolf,1
Suggest a place with varied seating options.,Mikimoto,1
Suggest a place with varied seating options.,Seed,2
Suggest a place with varied seating options.,Gallier Restaurant & Oyster Bar,0
Suggest a place with varied seating options.,Acme Oyster House - Harrahs,1
Suggest a place with varied seating options.,Reginelli's Pizzeria,2
Suggest a place with varied seating options.,Mother's Restaurant,2
Suggest a place with varied seating options.,Dian Xin,1
Suggest a place with varied seating options.,Copper Monkey Grill,1
Suggest a place with varied seating options.,Poke Loa,0
Suggest a place with varied seating options.,French Toast,2
Suggest a place with varied seating options.,Daisy Dukes - French Quarter,1
Suggest a place with varied seating options.,Franks Restaurant,2
Suggest a place with varied seating options.,Dreamy Weenies,2
Suggest a place with varied seating options.,Mulate's,1
Suggest a place with varied seating options.,Three Legged Dog,0
Suggest a place with varied seating options.,Bevi Seafood,2
Suggest a place with varied seating options.,Corner Oyster House,1
Suggest a place with varied seating options.,Nacho Mama's Mexican Grill,1
Suggest a place with varied seating options.,Mr. Ed's Oyster Bar - St Charles Ave,2
Suggest a place with varied seating options.,Fharmacy Nola,2
Suggest a place with varied seating options.,Oceana Grill,2
Suggest a place with varied seating options.,Johnny Sanchez,1
Suggest a place with varied seating options.,Remoulade,1
Suggest a place with varied seating options.,Dolce Vita Pizzeria,1
Suggest a place with varied seating options.,Tru Burger,3
Suggest a place with varied seating options.,Clesi's Restaurant & Catering,2
Suggest a place with varied seating options.,Bittersweet Confections,2
Suggest a place with varied seating options.,Two Chicks Café - CBD,2
Suggest a place with varied seating options.,Mahony's Po-Boys & Seafood,1
Suggest a place with varied seating options.,Daisy Dukes Express,1
Suggest a place with varied seating options.,Krystal,1
Suggest a place with varied seating options.,J's Seafood Dock,2
Suggest a place with varied seating options.,New Orleans School of Cooking,2
Suggest a place with varied seating options.,Olde Nola Cookery,2
Suggest a place with varied seating options.,Brothers Food Mart,0
Suggest a place with varied seating options.,Jung's Golden Dragon II,1
Suggest a place with varied seating options.,Monty's on the Square,2
Suggest a place with varied seating options.,Drago's Seafood Restaurant,2
Suggest a place with varied seating options.,Vieux Carre Pizza,1
Suggest a place with varied seating options.,Taqueria Guerrero,0
Suggest a place with varied seating options.,Sucré,3
Suggest a place with varied seating options.,Gene's PO-Boys,0
Suggest a place with varied seating options.,Pier 424 Seafood Market,0
Suggest a place with varied seating options.,Willie Mae's Scotch House,2
Suggest a place with varied seating options.,Gumbo Ya-Ya,2
Suggest a place with varied seating options.,La Boulangerie,3
Suggest a place with varied seating options.,Cuñada,1
Suggest a place with varied seating options.,The Halal Guys,1
Suggest a place with varied seating options.,Dong Phuong,0
Suggest a place with varied seating options.,Crescent City Pizza Works,2
Suggest a place with varied seating options.,We Dat's Chicken and Shrimp,2
Suggest a place with varied seating options.,Mr Ed's Oyster Bar - Bienville,2
Suggest a place with varied seating options.,Creole House Restaurant & Oyster Bar,2
Suggest a place with varied seating options.,Angelo Brocato,3
Suggest a place with varied seating options.,Magazine Pizza,1
Suggest a place with varied seating options.,Piccola Gelateria,3
Suggest a place with varied seating options.,Liberty Cheesesteaks,1
Suggest a place with varied seating options.,Melba's,1
Suggest a place with varied seating options.,NOLA Poboys,2
Suggest a place with varied seating options.,Gus's World Famous Fried Chicken,1
Suggest a place with varied seating options.,Daisy Dukes Cafe,1
Suggest a place with varied seating options.,Paddlewheeler Creole Queen,2
Suggest a place with varied seating options.,Daisy Mae's Southern Fried Chicken & Breakfast,0
Suggest a place with varied seating options.,IHOP,1
Suggest a place with varied seating options.,The Original Italian Pie,1
Suggest a place with varied seating options.,World Famous N'awlins Cafe & Spice Emporium,1
Suggest a place with varied seating options.,Central Grocery & Deli,2
Suggest a place with varied seating options.,Holy Crepes!,2
Suggest a place with varied seating options.,French Quarter Phantoms,0
Where can I find restaurants that support local producers?,Louisiana Bistro,2
Where can I find restaurants that support local producers?,Sneaky Pickle,3
Where can I find restaurants that support local producers?,Mona's Cafe,1
Where can I find restaurants that support local producers?,Green Goddess,2
Where can I find restaurants that support local producers?,Bennachin Restaurant,1
Where can I find restaurants that support local producers?,New Orleans School of Cooking,2
Where can I find restaurants that support local producers?,Seed,2
Where can I find restaurants that support local producers?,Bayona,2
Where can I find restaurants that support local producers?,Brigtsen's Restaurant,3
Where can I find restaurants that support local producers?,La Macarena Pupuseria & Latin Cafe,1
Where can I find restaurants that support local producers?,Root,2
Where can I find restaurants that support local producers?,Cafe Abyssinia,1
Where can I find restaurants that support local producers?,St Roch Market,3
Where can I find restaurants that support local producers?,Dreamy Weenies,1
Where can I find restaurants that support local producers?,Patois Restaurant,3
Where can I find restaurants that support local producers?,Sweet Soulfood,1
Where can I find restaurants that support local producers?,Carmo,2
Where can I find restaurants that support local producers?,Juan's Flying Burrito,2
Where can I find restaurants that support local producers?,Restaurant August,2
Where can I find restaurants that support local producers?,El Gato Negro,1
Where can I find restaurants that support local producers?,Stella!,1
Where can I find restaurants that support local producers?,Satsuma Café,3
Where can I find restaurants that support local producers?,Booty's Street Food,2
Where can I find restaurants that support local producers?,Coquette,3
Where can I find restaurants that support local producers?,Dante's Kitchen,3
Where can I find restaurants that support local producers?,Dat Dog,1
Where can I find restaurants that support local producers?,Gris-Gris,1
Where can I find restaurants that support local producers?,SukhoThai,0
Where can I find restaurants that support local producers?,Cowbell,2
Where can I find restaurants that support local producers?,Dick & Jenny's,1
Where can I find restaurants that support local producers?,K-Paul's Louisiana Kitchen,1
Where can I find restaurants that support local producers?,Toups Meatery,2
Where can I find restaurants that support local producers?,The Praline Connection,0
Where can I find restaurants that support local producers?,13 Monaghan,2
Where can I find restaurants that support local producers?,Gyu-Kaku Japanese BBQ,0
Where can I find restaurants that support local producers?,Slim Goodies Diner,1
Where can I find restaurants that support local producers?,Auction House Market,2
Where can I find restaurants that support local producers?,Eat New Orleans,1
Where can I find restaurants that support local producers?,1000 Figs,2
Where can I find restaurants that support local producers?,The Grill,0
Where can I find restaurants that support local producers?,Little Korea BBQ,0
Where can I find restaurants that support local producers?,Breads on Oak Cafe & Bakery,3
Where can I find restaurants that support local producers?,Compère Lapin,1
Where can I find restaurants that support local producers?,Ruby Slipper Cafe,0
Where can I find restaurants that support local producers?,Sassafras Restaurant,1
Where can I find restaurants that support local producers?,Herbsaint,2
Where can I find restaurants that support local producers?,New Orleans Hamburger & Seafood Co,0
Where can I find restaurants that support local producers?,Arabella Casa Di Pasta,0
Where can I find restaurants that support local producers?,GG's Dine-O-Rama,1
Where can I find restaurants that support local producers?,Wayfare,1
Where can I find restaurants that support local producers?,Vincent's Italian Cuisine,1
Where can I find restaurants that support local producers?,Taqueria Guerrero,0
Where can I find restaurants that support local producers?,Slice Pizzeria,1
Where can I find restaurants that support local producers?,Charcoal's Gourmet Burger Bar,1
Where can I find restaurants that support local producers?,Bearcat Cafe,3
Where can I find restaurants that support local producers?,High Hat Cafe,2
Where can I find restaurants that support local producers?,Cleo's,1
Where can I find restaurants that support local producers?,La Petite Grocery,2
Where can I find restaurants that support local producers?,The Halal Guys,0
Where can I find restaurants that support local producers?,Angeli on Decatur,0
Where can I find restaurants that support local producers?,Upperline,1
Where can I find restaurants that support local producers?,Adolfo's,0
Where can I find restaurants that support local producers?,Meals From The Heart Cafe,2
Where can I find restaurants that support local producers?,Lebanon's Cafe,1
Where can I find restaurants that support local producers?,The American Sector,1
Where can I find restaurants that support local producers?,Please-U-Restaurant,1
Where can I find restaurants that support local producers?,McClure's,2
Where can I find restaurants that support local producers?,The Company Burger,1
Where can I find restaurants that support local producers?,Kin,1
Where can I find restaurants that support local producers?,Paladar 511,1
Where can I find restaurants that support local producers?,Restaurant Rebirth,0
Where can I find restaurants that support local producers?,Lola's,2
Where can I find restaurants that support local producers?,La Boca,0
Where can I find restaurants that support local producers?,Shaya,1
Where can I find restaurants that support local producers?,Dong Phuong,1
Where can I find restaurants that support local producers?,Jacques-Imo's Cafe,1
Where can I find restaurants that support local producers?,Lilette,0
Where can I find restaurants that support local producers?,Felipe's Mexican Taqueria - French Quarter,0
Where can I find restaurants that support local producers?,Ignatius' Rue de La Course Coffeehouse,1
Where can I find restaurants that support local producers?,Heard Dat Kitchen,1
Where can I find restaurants that support local producers?,The Munch Factory,0
Where can I find restaurants that support local producers?,Ye Olde College Inn,3
Where can I find restaurants that support local producers?,Maïs Arepas,1
Where can I find restaurants that support local producers?,Boswell's Jamaican Grill,0
Where can I find restaurants that support local producers?,Willie's Chicken Shack,0
Where can I find restaurants that support local producers?,The Gallery Venue at Tomas Bistro,1
Where can I find restaurants that support local producers?,Another Broken Egg Cafe,1
Where can I find restaurants that support local producers?,Emeril's Delmonico,1
Where can I find restaurants that support local producers?,Joey K's Restaurant & Bar,1
Where can I find restaurants that support local producers?,Crescent City Steak House,2
Where can I find restaurants that support local producers?,The Camellia Grill,0
Where can I find restaurants that support local producers?,Lilly's Cafe,0
Where can I find restaurants that support local producers?,Ba Chi Canteen,1
Where can I find restaurants that support local producers?,Angeline,2
Where can I find restaurants that support local producers?,Landry's Seafood House,0
Where can I find restaurants that support local producers?,Chophouse New Orleans,0
Where can I find restaurants that support local producers?,Irene's,0
Where can I find restaurants that support local producers?,Chartres House,1
Where can I find restaurants that support local producers?,Venezia Restaurant,0
Where can I find restaurants that support local producers?,Riccobono’s Panola St. Cafe,1
Where can I find restaurants that support local producers?,Nirvana Indian Cuisine,0
Where can I find restaurants that support local producers?,Salú Bistro and Bar,1
Where can I find restaurants that support local producers?,Louisiana Pizza Kitchen,1
Where can I find restaurants that support local producers?,Saffron nola,2
Where can I find restaurants that support local producers?,Saint Lawrence,2
Where can I find restaurants that support local producers?,Red Gravy,2
Where can I find restaurants that support local producers?,Clover Grill,0
Where can I find restaurants that support local producers?,Toast,1
Where can I find restaurants that support local producers?,Ancora,3
Where can I find restaurants that support local producers?,Kebab,3
Where can I find restaurants that support local producers?,Briquette,0
Where can I find restaurants that support local producers?,Blaze Pizza,1
Where can I find restaurants that support local producers?,Cafe Maspero,0
Where can I find restaurants that support local producers?,Refuel Cafe,2
Where can I find restaurants that support local producers?,Copeland's Cheesecake Bistro,0
Where can I find restaurants that support local producers?,Coop's Place,0
Where can I find restaurants that support local producers?,Meauxbar,2
Where can I find restaurants that support local producers?,Red's Chinese,0
Where can I find restaurants that support local producers?,The Italian Barrel,0
Where can I find restaurants that support local producers?,Majoria's Commerce Restaurant,1
Where can I find restaurants that support local producers?,Felipe's Mexican Taqueria - Uptown,0
Where can I find restaurants that support local producers?,Cajun Seafood,0
Where can I find restaurants that support local producers?,Cochon,2
Where can I find restaurants that support local producers?,Nacho Mama's Mexican Grill,0
Where can I find restaurants that support local producers?,Bearcat CBD,2
Where can I find restaurants that support local producers?,Mint Modern Vietnamese Bistro & Bar,0
Where can I find restaurants that support local producers?,Taqueria Corona,0
Where can I find restaurants that support local producers?,The Steakhouse,1
Where can I find restaurants that support local producers?,Restaurant R'evolution,1
Where can I find restaurants that support local producers?,Boucherie,1
Where can I find restaurants that support local producers?,Russell's Marina Grill,1
Where can I find restaurants that support local producers?,Squeal,1
Where can I find restaurants that support local producers?,biscuit & buns on banks,1
Where can I find restaurants that support local producers?,Annunciation,1
Where can I find restaurants that support local producers?,Pho Bistreaux,0
Where can I find restaurants that support local producers?,Café Amelie,2
Where can I find restaurants that support local producers?,Meril,2
Where can I find restaurants that support local producers?,Muriel's Jackson Square,1
Where can I find restaurants that support local producers?,Mr John's Steakhouse,0
Where can I find restaurants that support local producers?,Tujague's Restaurant,1
Where can I find restaurants that support local producers?,New Orleans Cake Café & Bakery,2
Where can I find restaurants that support local producers?,N 7,1
Where can I find restaurants that support local producers?,Vacherie,2
Where can I find restaurants that support local producers?,P & G Restaurant & Bar,1
Where can I find restaurants that support local producers?,Cochon Butcher,2
Where can I find restaurants that support local producers?,Maypop Restaurant,1
Where can I find restaurants that support local producers?,HORN'S EATERY,1
Where can I find restaurants that support local producers?,Liberty Cheesesteaks,0
Where can I find restaurants that support local producers?,Gumbo Shop,1
Where can I find restaurants that support local producers?,New Orleans Creole Cookery,0
Where can I find restaurants that support local producers?,Hobnobber's Variety Bar & Restaurant,1
Where can I find restaurants that support local producers?,Superior Grill,0
Where can I find restaurants that support local producers?,Café at The Square,1
Where can I find restaurants that support local producers?,Welty's Deli and Catering,1
Where can I find restaurants that support local producers?,Brown Butter Southern Kitchen & Bar,2
Where can I find restaurants that support local producers?,Namese,1
Where can I find restaurants that support local producers?,Clancy's Restaurant,1
Where can I find restaurants that support local producers?,Mizado Latin Kitchen,1
Where can I find restaurants that support local producers?,Mopho,2
Where can I find restaurants that support local producers?,Voodoo BBQ & Grill,0
Where can I find restaurants that support local producers?,Marcello's Restaurant & Wine Bar,1
Where can I find restaurants that support local producers?,Josephine Estelle,1
Where can I find restaurants that support local producers?,Rebellion Bar & Urban Kitchen,1
Where can I find restaurants that support local producers?,The Irish House,0
Where can I find restaurants that support local producers?,Brennan's Restaurant,1
Where can I find restaurants that support local producers?,The Trolley Stop Cafe,1
Where can I find restaurants that support local producers?,The Pelican Club,1
Where can I find restaurants that support local producers?,Avery's On Tulane,2
Where can I find restaurants that support local producers?,Cafe Degas,1
Where can I find restaurants that support local producers?,Atchafalaya Restaurant,2
Where can I find restaurants that support local producers?,The Backyard,1
Where can I find restaurants that support local producers?,Capdeville,1
Where can I find restaurants that support local producers?,NOLA Restaurant,1
Where can I find restaurants that support local producers?,Emeril's ,1
Where can I find restaurants that support local producers?,Galatoire's Restaurant,0
Where can I find restaurants that support local producers?,Elizabeth's Restaurant,2
Where can I find restaurants that support local producers?,Saba,1
Where can I find restaurants that support local producers?,Dooky Chase's Restaurant,0
Where can I find restaurants that support local producers?,Johnny Sanchez,1
Where can I find restaurants that support local producers?,Santa Fe,0
Where can I find restaurants that support local producers?,Del Fuego,1
Where can I find restaurants that support local producers?,9 Roses Cafe,0
Where can I find restaurants that support local producers?,Sofia,0
Where can I find restaurants that support local producers?,Trinity Restaurant New Orleans,2
Where can I find restaurants that support local producers?,Desi Vega's Steakhouse,0
Where can I find restaurants that support local producers?,Dickie Brennan's Steakhouse,0
Where can I find restaurants that support local producers?,Nolé,1
Where can I find restaurants that support local producers?,Pizza Delicious,1
Where can I find restaurants that support local producers?,Pho Tau Bay Restaurant,0
Where can I find restaurants that support local producers?,The Daily Beet,3
Where can I find restaurants that support local producers?,Port Of Call,0
Where can I find restaurants that support local producers?,DTB,2
Where can I find restaurants that support local producers?,Surrey's Uptown,1
Where can I find restaurants that support local producers?,The Marigny Brasserie,0
Where can I find restaurants that support local producers?,Mayas,0
Where can I find restaurants that support local producers?,Brothers Food Mart,0
Where can I find restaurants that support local producers?,Noodle & Pie,0
Where can I find restaurants that support local producers?,Franks Restaurant,1
Where can I find restaurants that support local producers?,Red Fish Grill,1
Where can I find restaurants that support local producers?,The Old Coffee Pot Restaurant,1
Where can I find restaurants that support local producers?,Wakin' Bakin',1
Where can I find restaurants that support local producers?,Red Dog Diner,1
Where can I find restaurants that support local producers?,Commander's Palace,2
Where can I find restaurants that support local producers?,Mimi's In The Marigny,1
Where can I find restaurants that support local producers?,Shawarma on the Go,1
Where can I find restaurants that support local producers?,Cavan,1
Where can I find restaurants that support local producers?,Down The Hatch,1
Where can I find restaurants that support local producers?,Copper Vine,1
Where can I find restaurants that support local producers?,Houston's Restaurant,0
Where can I find restaurants that support local producers?,Mandina's Restaurant,1
Where can I find restaurants that support local producers?,Cafe Rose Nicaud,2
Where can I find restaurants that support local producers?,Magasin Vietnamese Cafe,0
Where can I find restaurants that support local producers?,Blue Oak BBQ,0
Where can I find restaurants that support local producers?,Tito's Ceviche & Pisco,1
Where can I find restaurants that support local producers?,Criollo Restaurant,2
Where can I find restaurants that support local producers?,Ralph's on the Park,1
Where can I find restaurants that support local producers?,Apolline Restaurant,1
Where can I find restaurants that support local producers?,Fiorella's Cafe,0
Where can I find restaurants that support local producers?,La Thai Uptown,0
Where can I find restaurants that support local producers?,Pêche,2
Where can I find restaurants that support local producers?,Central City BBQ,0
Where can I find restaurants that support local producers?,Borgne,2
Where can I find restaurants that support local producers?,Doris Metropolitan,1
Where can I find restaurants that support local producers?,Ruth's Chris Steak House,0
Where can I find restaurants that support local producers?,Coulis,1
Where can I find restaurants that support local producers?,Poke Loa,1
Where can I find restaurants that support local producers?,Verti Marte,0
Where can I find restaurants that support local producers?,Surrey's Café & Juice Bar,0
Where can I find restaurants that support local producers?,Mr. B's Bistro,0
Where can I find restaurants that support local producers?,Tout De Suite Cafe,1
Where can I find restaurants that support local producers?,GW Fins,1
Where can I find restaurants that support local producers?,Fogo de Chão Brazilian Steakhouse,0
Where can I find restaurants that support local producers?,Katie's Restaurant & Bar,1
Where can I find restaurants that support local producers?,Bon Ton Cafe,2
Where can I find restaurants that support local producers?,Frankie & Johnny's,2
Where can I find restaurants that support local producers?,The Velvet Cactus,1
Where can I find restaurants that support local producers?,Sylvain,1
Where can I find restaurants that support local producers?,The Original Pierre Maspero's,0
Where can I find restaurants that support local producers?,Nonna Mia Cafe & Pizzeria,1
Where can I find restaurants that support local producers?,Ugly Dog Saloon & BBQ,1
Where can I find restaurants that support local producers?,World Famous N'awlins Cafe & Spice Emporium,0
Where can I find restaurants that support local producers?,Rib Room,0
Where can I find restaurants that support local producers?,Sake Cafe Uptown,0
Where can I find restaurants that support local producers?,Three Muses,0
Where can I find restaurants that support local producers?,Fat Boy Pantry,0
Where can I find restaurants that support local producers?,Tru Burger,0
Where can I find restaurants that support local producers?,Cafe Sbisa,1
Where can I find restaurants that support local producers?,Flamingo A-Go-Go,1
Where can I find restaurants that support local producers?,Fullblast Brunch,0
Where can I find restaurants that support local producers?,Brennan's,1
Where can I find restaurants that support local producers?,Palace Café,2
Where can I find restaurants that support local producers?,St Charles Tavern,0
Where can I find restaurants that support local producers?,Legacy Kitchen's Craft Tavern,1
Where can I find restaurants that support local producers?,La Casita,1
Where can I find restaurants that support local producers?,La Crepe Nanou,0
Where can I find restaurants that support local producers?,Vessel NOLA,1
Where can I find restaurants that support local producers?,Tommy's Cuisine,0
Where can I find restaurants that support local producers?,Creole House Restaurant & Oyster Bar,1
Where can I find restaurants that support local producers?,The Joint,0
Where can I find restaurants that support local producers?,Oceana Grill,0
Where can I find restaurants that support local producers?,Gordon Biersch Brewery Restaurant,0
Where can I find restaurants that support local producers?,The Tasting Room,1
Where can I find restaurants that support local producers?,Cafe Fleur De Lis,0
Where can I find restaurants that support local producers?,Milk Bar,1
Where can I find restaurants that support local producers?,Arnaud's Restaurant,1
Where can I find restaurants that support local producers?,Gus's World Famous Fried Chicken,0
Where can I find restaurants that support local producers?,Warehouse Grille,1
Where can I find restaurants that support local producers?,Café Adelaide,1
Where can I find restaurants that support local producers?,Huck Finn's Cafe,1
Where can I find restaurants that support local producers?,Jagerhaus,0
Where can I find restaurants that support local producers?,Mena's Palace,0
Where can I find restaurants that support local producers?,Lula Restaurant Distillery,1
Where can I find restaurants that support local producers?,The Delachaise,0
Where can I find restaurants that support local producers?,Li'l Dizzy's Cafe,2
Where can I find restaurants that support local producers?,Pascal's Manale,1
Where can I find restaurants that support local producers?,Hoshun Restaurant,0
Where can I find restaurants that support local producers?,Wood Pizza Bistro and Taphouse,2
Where can I find restaurants that support local producers?,Basin Seafood & Spirits,2
Where can I find restaurants that support local producers?,SoBou,1
Where can I find restaurants that support local producers?,Tableau,1
Where can I find restaurants that support local producers?,Fharmacy Nola,2
Where can I find restaurants that support local producers?,The Governor,1
Where can I find restaurants that support local producers?,Neyow's Creole Cafe,0
Where can I find restaurants that support local producers?,Killer Poboys,2
Where can I find restaurants that support local producers?,The Original French Market Restaurant and Bar,2
Where can I find restaurants that support local producers?,Jung's Golden Dragon II,0
Where can I find restaurants that support local producers?,Two Chicks Cafe,2
Where can I find restaurants that support local producers?,Mulate's,0
Where can I find restaurants that support local producers?,Cuñada,1
Where can I find restaurants that support local producers?,Crescent City Brewhouse,0
Where can I find restaurants that support local producers?,Cafe Pontalba,0
Where can I find restaurants that support local producers?,Turkey and the Wolf,1
Where can I find restaurants that support local producers?,Felipe's Mexican Taqueria - Mid City,0
Where can I find restaurants that support local producers?,Estrella Steak & Lobster,0
Where can I find restaurants that support local producers?,Galatoire's 33 Bar & Steak,0
Where can I find restaurants that support local producers?,Baru Bistro & Tapas,1
Where can I find restaurants that support local producers?,Stanley,1
Where can I find restaurants that support local producers?,Evangeline,2
Where can I find restaurants that support local producers?,Mona Lisa Restaurant,1
Where can I find restaurants that support local producers?,Dolce Vita Pizzeria,0
Where can I find restaurants that support local producers?,Salon by Sucré,1
Where can I find restaurants that support local producers?,Tartine,2
Where can I find restaurants that support local producers?,Galliano Restaurant,0
Where can I find restaurants that support local producers?,Pere Antoine Restaurant,0
Where can I find restaurants that support local producers?,Amici,1
Where can I find restaurants that support local producers?,Felix's Restaurant & Oyster Bar,0
Where can I find restaurants that support local producers?,Casa Borrega,1
Where can I find restaurants that support local producers?,Seither's Seafood,2
Where can I find restaurants that support local producers?,Orleans Grapevine Wine Bar & Bistro,0
Where can I find restaurants that support local producers?,BOIL Seafood House,0
Where can I find restaurants that support local producers?,Mother's Restaurant,0
Where can I find restaurants that support local producers?,Midway Pizza,1
Where can I find restaurants that support local producers?,Morrow's,0
Where can I find restaurants that support local producers?,Curio,1
Where can I find restaurants that support local producers?,CellarDoor,0
Where can I find restaurants that support local producers?,Buffa's Bar & Restaurant,1
Where can I find restaurants that support local producers?,Clesi's Restaurant & Catering,0
Where can I find restaurants that support local producers?,Tacos And Beer,0
Where can I find restaurants that support local producers?,Frey Smoked Meat,2
Where can I find restaurants that support local producers?,Five Happiness Chinese Restaurant,0
Where can I find restaurants that support local producers?,Belle's Diner Nola,0
Where can I find restaurants that support local producers?,Le Bayou Restaurant,1
Where can I find restaurants that support local producers?,Diamond Street Bar & Grill,1
Where can I find restaurants that support local producers?,Dian Xin,0
Where can I find restaurants that support local producers?,Deanie's Seafood,0
Where can I find restaurants that support local producers?,Reginelli's Pizzeria,1
Where can I find restaurants that support local producers?,The Market Cafe,1
Where can I find restaurants that support local producers?,Saint Cecilia,1
Where can I find restaurants that support local producers?,Justine,0
Where can I find restaurants that support local producers?,Remoulade,0
Where can I find restaurants that support local producers?,G's Pizza,0
Where can I find restaurants that support local producers?,Trenasse,1
Where can I find restaurants that support local producers?,Antoine's Restaurant,0
Where can I find restaurants that support local producers?,The Court of Two Sisters,1
Where can I find restaurants that support local producers?,Willie Mae's Scotch House,2
Where can I find restaurants that support local producers?,Superior Seafood & Oyster Bar,1
Where can I find restaurants that support local producers?,Manning's Sports Bar and Grill,0
Where can I find restaurants that support local producers?,Cornet,1
Where can I find restaurants that support local producers?,Bubba Gump Shrimp Co.,0
Where can I find restaurants that support local producers?,Mid City Pizza,1
Where can I find restaurants that support local producers?,Luke,3
Where can I find restaurants that support local producers?,Faubourg Bistro,0
Where can I find restaurants that support local producers?,Mikimoto,0
Where can I find restaurants that support local producers?,Walk-On's Sports Bistreaux - New Orleans,0
Where can I find restaurants that support local producers?,Domenica,1
Where can I find restaurants that support local producers?,Ninja Restaurant,0
Where can I find restaurants that support local producers?,Ole Saint,2
Where can I find restaurants that support local producers?,The Original Italian Pie,0
Where can I find restaurants that support local producers?,Kingfish,2
Where can I find restaurants that support local producers?,Daisy Dukes - French Quarter,0
Where can I find restaurants that support local producers?,Little Tokyo Small Plates & Noodle Bar,0
Where can I find restaurants that support local producers?,HiVolt Coffee,2
Where can I find restaurants that support local producers?,Pizza Domenica,1
Where can I find restaurants that support local producers?,The Avenue Pub,1
Where can I find restaurants that support local producers?,Grand Isle,2
Where can I find restaurants that support local producers?,Willa Jean,1
Where can I find restaurants that support local producers?,Melba's,0
Where can I find restaurants that support local producers?,Liuzza's By The Track,1
Where can I find restaurants that support local producers?,Stein's Market and Deli,1
Where can I find restaurants that support local producers?,Jack Rose,0
Where can I find restaurants that support local producers?,Avenue Cafe,1
Where can I find restaurants that support local producers?,801 Royal,0
Where can I find restaurants that support local producers?,Hard Rock Cafe,0
Where can I find restaurants that support local producers?,Sushi Brothers,1
Where can I find restaurants that support local producers?,Bayou Burger & Sports Company,0
Where can I find restaurants that support local producers?,Olde Nola Cookery,0
Where can I find restaurants that support local producers?,Union Kitchen & Union Party Room,1
Where can I find restaurants that support local producers?,Gumbo POT,0
Where can I find restaurants that support local producers?,Ernst Cafe,1
Where can I find restaurants that support local producers?,Jimmy J's Cafe,0
Where can I find restaurants that support local producers?,Streetcar Cafe,0
Where can I find restaurants that support local producers?,The Country Club,1
Where can I find restaurants that support local producers?,Ruby Slipper - New Orleans,0
Where can I find restaurants that support local producers?,Origami,0
Where can I find restaurants that support local producers?,The Rum House,1
Where can I find restaurants that support local producers?,The Blue Crab Restaurant & Oyster Bar,1
Where can I find restaurants that support local producers?,Gumbo Ya-Ya,0
Where can I find restaurants that support local producers?,Guy's Po Boys,1
Where can I find restaurants that support local producers?,Mr Ed's Oyster Bar - Bienville,1
Where can I find restaurants that support local producers?,Bevi Seafood,3
Where can I find restaurants that support local producers?,Pier 424 Seafood Market,1
Where can I find restaurants that support local producers?,Attiki Bar and Grill,0
Where can I find restaurants that support local producers?,Cafe Conti,1
Where can I find restaurants that support local producers?,Tsunami Sushi,0
Where can I find restaurants that support local producers?,Tracey's Original Irish Channel Bar,0
Where can I find restaurants that support local producers?,Yo Mama's Bar & Grill,0
Where can I find restaurants that support local producers?,J's Seafood Dock,1
Where can I find restaurants that support local producers?,Crabby Jack's,0
Where can I find restaurants that support local producers?,Casamento's Restaurant,2
Where can I find restaurants that support local producers?,Araña Taqueria y Cantina,0
Where can I find restaurants that support local producers?,Broussard's,1
Where can I find restaurants that support local producers?,Coterie Restaurant & Oyster Bar,1
Where can I find restaurants that support local producers?,The Crazy Lobster Bar & Grill,0
Where can I find restaurants that support local producers?,Bayou Hot Wings,0
Where can I find restaurants that support local producers?,Lucy's Retired Surfers Bar & Restaurant,0
Where can I find restaurants that support local producers?,IHOP,0
Where can I find restaurants that support local producers?,Who Dat Coffee Cafe,1
Where can I find restaurants that support local producers?,Rock-n-Saké Bar & Sushi,0
Where can I find restaurants that support local producers?,Daisy Dukes Cafe,0
Where can I find restaurants that support local producers?,Yuki Izakaya,0
Where can I find restaurants that support local producers?,Nomiya,0
Where can I find restaurants that support local producers?,The Bombay Club,0
Where can I find restaurants that support local producers?,Cane and Table,0
Where can I find restaurants that support local producers?,Little Gem Saloon,1
Where can I find restaurants that support local producers?,Chiba,0
Where can I find restaurants that support local producers?,Daisy Mae's Southern Fried Chicken & Breakfast,1
Where can I find restaurants that support local producers?,Mahony's Po-Boys & Seafood  - Uptown,0
Where can I find restaurants that support local producers?,Deja Vu Restaurant & Bar,0
Where can I find restaurants that support local producers?,Bourbon House,1
Where can I find restaurants that support local producers?,Johnny's Po-Boys,1
Where can I find restaurants that support local producers?,Gazebo Cafe,0
Where can I find restaurants that support local producers?,Beachbum Berry's Latitude 29,0
Where can I find restaurants that support local producers?,We Dat's Chicken and Shrimp,0
Where can I find restaurants that support local producers?,Gene's PO-Boys,1
Where can I find restaurants that support local producers?,Domilise Po-Boys & Bar,1
Where can I find restaurants that support local producers?,Parkway Bakery & Tavern,1
Where can I find restaurants that support local producers?,Monty's on the Square,1
Where can I find restaurants that support local producers?,Parasol's,1
Where can I find restaurants that support local producers?,Saints And Sinners,1
Where can I find restaurants that support local producers?,Asuka Sushi & Hibachi,0
Where can I find restaurants that support local producers?,Geisha Sushi Bistro,0
Where can I find restaurants that support local producers?,Krystal,0
Where can I find restaurants that support local producers?,French Toast,1
Where can I find restaurants that support local producers?,Central Grocery & Deli,2
Where can I find restaurants that support local producers?,Magazine Pizza,1
Where can I find restaurants that support local producers?,Mahony's Po-Boys & Seafood,1
Where can I find restaurants that support local producers?,Snug Harbor Jazz Bistro,0
Where can I find restaurants that support local producers?,Royal House,2
Where can I find restaurants that support local producers?,Merchant,0
Where can I find restaurants that support local producers?,Daisy Dukes Express,0
Where can I find restaurants that support local producers?,Mr. Ed's Oyster Bar - St Charles Ave,1
Where can I find restaurants that support local producers?,Corner Oyster House,0
Where can I find restaurants that support local producers?,Desire Oyster Bar,1
Where can I find restaurants that support local producers?,District Donuts Sliders Brew,1
Where can I find restaurants that support local producers?,WINO  Wine Institute of New Orleans,1
Where can I find restaurants that support local producers?,Turtle Bay,0
Where can I find restaurants that support local producers?,Cafe Envie & Espresso Bar,1
Where can I find restaurants that support local producers?,NOLA Poboys,1
Where can I find restaurants that support local producers?,Mambo's,1
Where can I find restaurants that support local producers?,Two Chicks Café - CBD,1
Where can I find restaurants that support local producers?,Holy Crepes!,1
Where can I find restaurants that support local producers?,The Howlin' Wolf,1
Where can I find restaurants that support local producers?,Bakery Bar,1
Where can I find restaurants that support local producers?,Backatown Coffee Parlour,2
Where can I find restaurants that support local producers?,Drago's Seafood Restaurant,0
Where can I find restaurants that support local producers?,The Jimani,0
Where can I find restaurants that support local producers?,Gallier Restaurant & Oyster Bar,1
Where can I find restaurants that support local producers?,Copper Monkey Grill,0
Where can I find restaurants that support local producers?,Cooter Brown's,1
Where can I find restaurants that support local producers?,Crescent City Pizza Works,0
Where can I find restaurants that support local producers?,Croissant D'Or Patisserie,0
Where can I find restaurants that support local producers?,The Blind Pelican,1
Where can I find restaurants that support local producers?,Seaworthy,1
Where can I find restaurants that support local producers?,Backspace Bar & Kitchen,1
Where can I find restaurants that support local producers?,House of Blues New Orleans,1
Where can I find restaurants that support local producers?,La Boulangerie,0
Where can I find restaurants that support local producers?,The Maison,0
Where can I find restaurants that support local producers?,BB King's Blues Club,0
Where can I find restaurants that support local producers?,Columns,0
Where can I find restaurants that support local producers?,Vieux Carre Pizza,0
Where can I find restaurants that support local producers?,Acme Oyster House,1
Where can I find restaurants that support local producers?,Morning Call Coffee Stand,0
Where can I find restaurants that support local producers?,Cajun Mike's Pub & Grub,1
Where can I find restaurants that support local producers?,Victory,0
Where can I find restaurants that support local producers?,Acme Oyster House - Harrahs,0
Where can I find restaurants that support local producers?,The Bulldog,2
Where can I find restaurants that support local producers?,Dave & Buster's,0
Where can I find restaurants that support local producers?,Cure,0
Where can I find restaurants that support local producers?,Napoleon House,0
Where can I find restaurants that support local producers?,Sucré,0
Where can I find restaurants that support local producers?,Three Legged Dog,1
Where can I find restaurants that support local producers?,Angelo Brocato,0
Where can I find restaurants that support local producers?,Pat O'Brien's Courtyard Restaurant,0
Where can I find restaurants that support local producers?,The Vintage,0
Where can I find restaurants that support local producers?,Bittersweet Confections,0
Where can I find restaurants that support local producers?,Cafe Negril,0
Where can I find restaurants that support local producers?,Barcadia,0
Where can I find restaurants that support local producers?,Envie Espresso Bar & Cafe,1
Where can I find restaurants that support local producers?,Cafe Beignet on Bourbon Street,0
Where can I find restaurants that support local producers?,Cafe Beignet on Royal Street,0
Where can I find restaurants that support local producers?,Piccola Gelateria,1
Where can I find restaurants that support local producers?,30_90 NOLA,1
Where can I find restaurants that support local producers?,Bamboula's,0
Where can I find restaurants that support local producers?,Cafe Beignet on Decatur Street,0
Where can I find restaurants that support local producers?,The Rusty Nail,1
Where can I find restaurants that support local producers?,"The Ritz-Carlton, New Orleans",1
Where can I find restaurants that support local producers?,French Truck Coffee,1
Where can I find restaurants that support local producers?,Steamboat Natchez,0
Where can I find restaurants that support local producers?,Mojo Coffee House,3
Where can I find restaurants that support local producers?,Pat O'Brien’s,0
Where can I find restaurants that support local producers?,The American Sports Saloon,0
Where can I find restaurants that support local producers?,Arnaud's French 75 Bar,0
Where can I find restaurants that support local producers?,Rue De La Course,0
Where can I find restaurants that support local producers?,Windsor Court Hotel,1
Where can I find restaurants that support local producers?,Embassy Suites by Hilton New Orleans,0
Where can I find restaurants that support local producers?,Revelator Coffee New Orleans,1
Where can I find restaurants that support local producers?,Café Du Monde,0
Where can I find restaurants that support local producers?,Le Pavillon Hotel,1
Where can I find restaurants that support local producers?,Hilton New Orleans Riverside,0
Where can I find restaurants that support local producers?,New Orleans Famous Beignets And Coffee,0
Where can I find restaurants that support local producers?,New Orleans Marriott,1
Where can I find restaurants that support local producers?,Pirates Alley Cafe,0
Where can I find restaurants that support local producers?,Tiki Tolteca,0
Where can I find restaurants that support local producers?,W New Orleans - French Quarter,1
Where can I find restaurants that support local producers?,Sheraton New Orleans Hotel,0
Where can I find restaurants that support local producers?,The Old No 77 Hotel and Chandlery,2
Where can I find restaurants that support local producers?,The Jazz Playhouse,0
Where can I find restaurants that support local producers?,Royal Sonesta New Orleans,0
Where can I find restaurants that support local producers?,Hotel New Orleans Downtown,0
Where can I find restaurants that support local producers?,Old Absinthe House,0
Where can I find restaurants that support local producers?,Fritzel's European Jazz Pub,0
Where can I find restaurants that support local producers?,Sazerac Bar,0
Where can I find restaurants that support local producers?,Hot Tin,0
Where can I find restaurants that support local producers?,Paddlewheeler Creole Queen,0
Where can I find restaurants that support local producers?,French Quarter Phantoms,0
What dining spots balance modern and traditional approaches?,Louisiana Bistro,3
What dining spots balance modern and traditional approaches?,Stella!,2
What dining spots balance modern and traditional approaches?,Brigtsen's Restaurant,3
What dining spots balance modern and traditional approaches?,Cafe Degas,3
What dining spots balance modern and traditional approaches?,Restaurant August,3
What dining spots balance modern and traditional approaches?,Coquette,3
What dining spots balance modern and traditional approaches?,Booty's Street Food,2
What dining spots balance modern and traditional approaches?,Bayona,3
What dining spots balance modern and traditional approaches?,Restaurant R'evolution,3
What dining spots balance modern and traditional approaches?,Dante's Kitchen,3
What dining spots balance modern and traditional approaches?,Green Goddess,2
What dining spots balance modern and traditional approaches?,Root,3
What dining spots balance modern and traditional approaches?,Upperline,2
What dining spots balance modern and traditional approaches?,The American Sector,2
What dining spots balance modern and traditional approaches?,Paladar 511,3
What dining spots balance modern and traditional approaches?,Compère Lapin,3
What dining spots balance modern and traditional approaches?,The Gallery Venue at Tomas Bistro,2
What dining spots balance modern and traditional approaches?,Patois Restaurant,2
What dining spots balance modern and traditional approaches?,Lilette,2
What dining spots balance modern and traditional approaches?,Crescent City Steak House,2
What dining spots balance modern and traditional approaches?,Dick & Jenny's,2
What dining spots balance modern and traditional approaches?,Vincent's Italian Cuisine,2
What dining spots balance modern and traditional approaches?,La Petite Grocery,3
What dining spots balance modern and traditional approaches?,High Hat Cafe,2
What dining spots balance modern and traditional approaches?,La Crepe Nanou,2
What dining spots balance modern and traditional approaches?,Meauxbar,2
What dining spots balance modern and traditional approaches?,Chophouse New Orleans,2
What dining spots balance modern and traditional approaches?,Kin,3
What dining spots balance modern and traditional approaches?,Mr John's Steakhouse,2
What dining spots balance modern and traditional approaches?,K-Paul's Louisiana Kitchen,2
What dining spots balance modern and traditional approaches?,Café Amelie,2
What dining spots balance modern and traditional approaches?,Cochon,3
What dining spots balance modern and traditional approaches?,Ye Olde College Inn,2
What dining spots balance modern and traditional approaches?,Saffron nola,3
What dining spots balance modern and traditional approaches?,Vessel NOLA,3
What dining spots balance modern and traditional approaches?,Clancy's Restaurant,3
What dining spots balance modern and traditional approaches?,Herbsaint,3
What dining spots balance modern and traditional approaches?,Gris-Gris,3
What dining spots balance modern and traditional approaches?,Cavan,2
What dining spots balance modern and traditional approaches?,Boucherie,2
What dining spots balance modern and traditional approaches?,The Grill,2
What dining spots balance modern and traditional approaches?,Maypop Restaurant,3
What dining spots balance modern and traditional approaches?,Irene's,2
What dining spots balance modern and traditional approaches?,Brown Butter Southern Kitchen & Bar,2
What dining spots balance modern and traditional approaches?,La Boca,2
What dining spots balance modern and traditional approaches?,SoBou,3
What dining spots balance modern and traditional approaches?,Trinity Restaurant New Orleans,3
What dining spots balance modern and traditional approaches?,Mizado Latin Kitchen,3
What dining spots balance modern and traditional approaches?,Tommy's Cuisine,2
What dining spots balance modern and traditional approaches?,Sofia,3
What dining spots balance modern and traditional approaches?,Emeril's Delmonico,2
What dining spots balance modern and traditional approaches?,Restaurant Rebirth,2
What dining spots balance modern and traditional approaches?,Ruby Slipper Cafe,2
What dining spots balance modern and traditional approaches?,Josephine Estelle,2
What dining spots balance modern and traditional approaches?,Angeline,2
What dining spots balance modern and traditional approaches?,Doris Metropolitan,2
What dining spots balance modern and traditional approaches?,Tujague's Restaurant,2
What dining spots balance modern and traditional approaches?,Criollo Restaurant,2
What dining spots balance modern and traditional approaches?,Jacques-Imo's Cafe,2
What dining spots balance modern and traditional approaches?,Eat New Orleans,2
What dining spots balance modern and traditional approaches?,Antoine's Restaurant,2
What dining spots balance modern and traditional approaches?,The Steakhouse,2
What dining spots balance modern and traditional approaches?,Arnaud's Restaurant,3
What dining spots balance modern and traditional approaches?,The Camellia Grill,2
What dining spots balance modern and traditional approaches?,Muriel's Jackson Square,2
What dining spots balance modern and traditional approaches?,Adolfo's,2
What dining spots balance modern and traditional approaches?,Salú Bistro and Bar,2
What dining spots balance modern and traditional approaches?,SukhoThai,2
What dining spots balance modern and traditional approaches?,Cowbell,2
What dining spots balance modern and traditional approaches?,Mona's Cafe,2
What dining spots balance modern and traditional approaches?,Shaya,3
What dining spots balance modern and traditional approaches?,Dooky Chase's Restaurant,2
What dining spots balance modern and traditional approaches?,Justine,2
What dining spots balance modern and traditional approaches?,Galatoire's Restaurant,3
What dining spots balance modern and traditional approaches?,GG's Dine-O-Rama,2
What dining spots balance modern and traditional approaches?,N 7,2
What dining spots balance modern and traditional approaches?,Arabella Casa Di Pasta,2
What dining spots balance modern and traditional approaches?,Rebellion Bar & Urban Kitchen,2
What dining spots balance modern and traditional approaches?,Galatoire's 33 Bar & Steak,2
What dining spots balance modern and traditional approaches?,The Italian Barrel,3
What dining spots balance modern and traditional approaches?,Wayfare,2
What dining spots balance modern and traditional approaches?,Annunciation,2
What dining spots balance modern and traditional approaches?,Jack Rose,3
What dining spots balance modern and traditional approaches?,Mint Modern Vietnamese Bistro & Bar,3
What dining spots balance modern and traditional approaches?,Auction House Market,3
What dining spots balance modern and traditional approaches?,Nirvana Indian Cuisine,2
What dining spots balance modern and traditional approaches?,Gyu-Kaku Japanese BBQ,2
What dining spots balance modern and traditional approaches?,The Court of Two Sisters,2
What dining spots balance modern and traditional approaches?,The Pelican Club,2
What dining spots balance modern and traditional approaches?,DTB,3
What dining spots balance modern and traditional approaches?,Tableau,2
What dining spots balance modern and traditional approaches?,Noodle & Pie,2
What dining spots balance modern and traditional approaches?,Commander's Palace,2
What dining spots balance modern and traditional approaches?,Meril,2
What dining spots balance modern and traditional approaches?,Sylvain,3
What dining spots balance modern and traditional approaches?,Mopho,3
What dining spots balance modern and traditional approaches?,GW Fins,2
What dining spots balance modern and traditional approaches?,Baru Bistro & Tapas,2
What dining spots balance modern and traditional approaches?,The Bombay Club,2
What dining spots balance modern and traditional approaches?,Pêche,2
What dining spots balance modern and traditional approaches?,The Tasting Room,2
What dining spots balance modern and traditional approaches?,Ignatius' Rue de La Course Coffeehouse,2
What dining spots balance modern and traditional approaches?,Red Dog Diner,2
What dining spots balance modern and traditional approaches?,Borgne,2
What dining spots balance modern and traditional approaches?,Lola's,2
What dining spots balance modern and traditional approaches?,Briquette,2
What dining spots balance modern and traditional approaches?,Atchafalaya Restaurant,3
What dining spots balance modern and traditional approaches?,Ralph's on the Park,2
What dining spots balance modern and traditional approaches?,Palace Café,2
What dining spots balance modern and traditional approaches?,Tito's Ceviche & Pisco,2
What dining spots balance modern and traditional approaches?,Bon Ton Cafe,2
What dining spots balance modern and traditional approaches?,Desi Vega's Steakhouse,2
What dining spots balance modern and traditional approaches?,The Delachaise,2
What dining spots balance modern and traditional approaches?,El Gato Negro,2
What dining spots balance modern and traditional approaches?,Dickie Brennan's Steakhouse,2
What dining spots balance modern and traditional approaches?,Little Korea BBQ,2
What dining spots balance modern and traditional approaches?,Satsuma Café,2
What dining spots balance modern and traditional approaches?,Rib Room,2
What dining spots balance modern and traditional approaches?,Sneaky Pickle,2
What dining spots balance modern and traditional approaches?,Heard Dat Kitchen,2
What dining spots balance modern and traditional approaches?,Saint Lawrence,2
What dining spots balance modern and traditional approaches?,Elizabeth's Restaurant,2
What dining spots balance modern and traditional approaches?,Venezia Restaurant,2
What dining spots balance modern and traditional approaches?,Please-U-Restaurant,2
What dining spots balance modern and traditional approaches?,Red's Chinese,3
What dining spots balance modern and traditional approaches?,Apolline Restaurant,2
What dining spots balance modern and traditional approaches?,HORN'S EATERY,2
What dining spots balance modern and traditional approaches?,Cochon Butcher,2
What dining spots balance modern and traditional approaches?,Toast,2
What dining spots balance modern and traditional approaches?,Mayas,2
What dining spots balance modern and traditional approaches?,Vacherie,2
What dining spots balance modern and traditional approaches?,Cafe Abyssinia,2
What dining spots balance modern and traditional approaches?,Salon by Sucré,2
What dining spots balance modern and traditional approaches?,Toups Meatery,3
What dining spots balance modern and traditional approaches?,Capdeville,2
What dining spots balance modern and traditional approaches?,Saba,3
What dining spots balance modern and traditional approaches?,Boswell's Jamaican Grill,1
What dining spots balance modern and traditional approaches?,Landry's Seafood House,1
What dining spots balance modern and traditional approaches?,Marcello's Restaurant & Wine Bar,2
What dining spots balance modern and traditional approaches?,Brennan's Restaurant,2
What dining spots balance modern and traditional approaches?,Bennachin Restaurant,2
What dining spots balance modern and traditional approaches?,Carmo,2
What dining spots balance modern and traditional approaches?,Another Broken Egg Cafe,2
What dining spots balance modern and traditional approaches?,Juan's Flying Burrito,2
What dining spots balance modern and traditional approaches?,St Roch Market,3
What dining spots balance modern and traditional approaches?,1000 Figs,2
What dining spots balance modern and traditional approaches?,Trenasse,2
What dining spots balance modern and traditional approaches?,New Orleans School of Cooking,3
What dining spots balance modern and traditional approaches?,Three Muses,3
What dining spots balance modern and traditional approaches?,Lula Restaurant Distillery,2
What dining spots balance modern and traditional approaches?,Santa Fe,2
What dining spots balance modern and traditional approaches?,Broussard's,2
What dining spots balance modern and traditional approaches?,Copper Vine,3
What dining spots balance modern and traditional approaches?,Russell's Marina Grill,2
What dining spots balance modern and traditional approaches?,New Orleans Hamburger & Seafood Co,1
What dining spots balance modern and traditional approaches?,Red Fish Grill,2
What dining spots balance modern and traditional approaches?,Mandina's Restaurant,2
What dining spots balance modern and traditional approaches?,Emeril's ,2
What dining spots balance modern and traditional approaches?,Café at The Square,2
What dining spots balance modern and traditional approaches?,Cafe Sbisa,2
What dining spots balance modern and traditional approaches?,NOLA Restaurant,2
What dining spots balance modern and traditional approaches?,The Munch Factory,2
What dining spots balance modern and traditional approaches?,Legacy Kitchen's Craft Tavern,2
What dining spots balance modern and traditional approaches?,Kingfish,2
What dining spots balance modern and traditional approaches?,Fogo de Chão Brazilian Steakhouse,2
What dining spots balance modern and traditional approaches?,Lebanon's Cafe,2
What dining spots balance modern and traditional approaches?,Jagerhaus,2
What dining spots balance modern and traditional approaches?,Katie's Restaurant & Bar,2
What dining spots balance modern and traditional approaches?,Angeli on Decatur,2
What dining spots balance modern and traditional approaches?,Sassafras Restaurant,1
What dining spots balance modern and traditional approaches?,Nolé,2
What dining spots balance modern and traditional approaches?,Mimi's In The Marigny,2
What dining spots balance modern and traditional approaches?,CellarDoor,2
What dining spots balance modern and traditional approaches?,Ba Chi Canteen,3
What dining spots balance modern and traditional approaches?,Basin Seafood & Spirits,2
What dining spots balance modern and traditional approaches?,Mr. B's Bistro,2
What dining spots balance modern and traditional approaches?,Yuki Izakaya,2
What dining spots balance modern and traditional approaches?,Pho Bistreaux,2
What dining spots balance modern and traditional approaches?,Bearcat CBD,2
What dining spots balance modern and traditional approaches?,Namese,2
What dining spots balance modern and traditional approaches?,Maïs Arepas,3
What dining spots balance modern and traditional approaches?,Fullblast Brunch,2
What dining spots balance modern and traditional approaches?,Ruth's Chris Steak House,2
What dining spots balance modern and traditional approaches?,Pascal's Manale,2
What dining spots balance modern and traditional approaches?,The Country Club,2
What dining spots balance modern and traditional approaches?,Charcoal's Gourmet Burger Bar,2
What dining spots balance modern and traditional approaches?,biscuit & buns on banks,2
What dining spots balance modern and traditional approaches?,Café Adelaide,2
What dining spots balance modern and traditional approaches?,Johnny Sanchez,3
What dining spots balance modern and traditional approaches?,The Praline Connection,2
What dining spots balance modern and traditional approaches?,Dat Dog,2
What dining spots balance modern and traditional approaches?,The Original Pierre Maspero's,2
What dining spots balance modern and traditional approaches?,Riccobono’s Panola St. Cafe,2
What dining spots balance modern and traditional approaches?,Taqueria Guerrero,2
What dining spots balance modern and traditional approaches?,Orleans Grapevine Wine Bar & Bistro,2
What dining spots balance modern and traditional approaches?,La Thai Uptown,2
What dining spots balance modern and traditional approaches?,Slim Goodies Diner,2
What dining spots balance modern and traditional approaches?,Luke,2
What dining spots balance modern and traditional approaches?,The Original French Market Restaurant and Bar,2
What dining spots balance modern and traditional approaches?,Cane and Table,3
What dining spots balance modern and traditional approaches?,Casamento's Restaurant,2
What dining spots balance modern and traditional approaches?,Magasin Vietnamese Cafe,3
What dining spots balance modern and traditional approaches?,Turkey and the Wolf,3
What dining spots balance modern and traditional approaches?,The Marigny Brasserie,2
What dining spots balance modern and traditional approaches?,The Old Coffee Pot Restaurant,2
What dining spots balance modern and traditional approaches?,Belle's Diner Nola,2
What dining spots balance modern and traditional approaches?,Joey K's Restaurant & Bar,2
What dining spots balance modern and traditional approaches?,Brennan's,3
What dining spots balance modern and traditional approaches?,Dong Phuong,2
What dining spots balance modern and traditional approaches?,Curio,2
What dining spots balance modern and traditional approaches?,Coulis,3
What dining spots balance modern and traditional approaches?,New Orleans Cake Café & Bakery,2
What dining spots balance modern and traditional approaches?,Pho Tau Bay Restaurant,2
What dining spots balance modern and traditional approaches?,Tartine,2
What dining spots balance modern and traditional approaches?,Slice Pizzeria,2
What dining spots balance modern and traditional approaches?,Majoria's Commerce Restaurant,2
What dining spots balance modern and traditional approaches?,New Orleans Creole Cookery,2
What dining spots balance modern and traditional approaches?,Saint Cecilia,2
What dining spots balance modern and traditional approaches?,Kebab,2
What dining spots balance modern and traditional approaches?,Cafe Conti,2
What dining spots balance modern and traditional approaches?,McClure's,2
What dining spots balance modern and traditional approaches?,La Macarena Pupuseria & Latin Cafe,2
What dining spots balance modern and traditional approaches?,Hobnobber's Variety Bar & Restaurant,1
What dining spots balance modern and traditional approaches?,Mona Lisa Restaurant,2
What dining spots balance modern and traditional approaches?,The Velvet Cactus,2
What dining spots balance modern and traditional approaches?,The Company Burger,2
What dining spots balance modern and traditional approaches?,Domenica,2
What dining spots balance modern and traditional approaches?,Li'l Dizzy's Cafe,2
What dining spots balance modern and traditional approaches?,Liberty Cheesesteaks,2
What dining spots balance modern and traditional approaches?,Bearcat Cafe,2
What dining spots balance modern and traditional approaches?,Port Of Call,2
What dining spots balance modern and traditional approaches?,Louisiana Pizza Kitchen,2
What dining spots balance modern and traditional approaches?,Cafe Maspero,1
What dining spots balance modern and traditional approaches?,Chartres House,2
What dining spots balance modern and traditional approaches?,Beachbum Berry's Latitude 29,2
What dining spots balance modern and traditional approaches?,Ancora,3
What dining spots balance modern and traditional approaches?,Superior Grill,2
What dining spots balance modern and traditional approaches?,Superior Seafood & Oyster Bar,2
What dining spots balance modern and traditional approaches?,Clover Grill,2
What dining spots balance modern and traditional approaches?,Milk Bar,2
What dining spots balance modern and traditional approaches?,Deanie's Seafood,2
What dining spots balance modern and traditional approaches?,Fharmacy Nola,3
What dining spots balance modern and traditional approaches?,9 Roses Cafe,2
What dining spots balance modern and traditional approaches?,Red Gravy,2
What dining spots balance modern and traditional approaches?,Union Kitchen & Union Party Room,2
What dining spots balance modern and traditional approaches?,Coop's Place,2
What dining spots balance modern and traditional approaches?,Casa Borrega,3
What dining spots balance modern and traditional approaches?,Estrella Steak & Lobster,1
What dining spots balance modern and traditional approaches?,Avery's On Tulane,2
What dining spots balance modern and traditional approaches?,Warehouse Grille,2
What dining spots balance modern and traditional approaches?,The Joint,2
What dining spots balance modern and traditional approaches?,Willa Jean,2
What dining spots balance modern and traditional approaches?,Oceana Grill,2
What dining spots balance modern and traditional approaches?,Houston's Restaurant,2
What dining spots balance modern and traditional approaches?,Gumbo Shop,2
What dining spots balance modern and traditional approaches?,The Irish House,1
What dining spots balance modern and traditional approaches?,Refuel Cafe,2
What dining spots balance modern and traditional approaches?,13 Monaghan,2
What dining spots balance modern and traditional approaches?,Hoshun Restaurant,2
What dining spots balance modern and traditional approaches?,Cleo's,2
What dining spots balance modern and traditional approaches?,P & G Restaurant & Bar,2
What dining spots balance modern and traditional approaches?,Galliano Restaurant,2
What dining spots balance modern and traditional approaches?,Copeland's Cheesecake Bistro,1
What dining spots balance modern and traditional approaches?,Stanley,2
What dining spots balance modern and traditional approaches?,Ugly Dog Saloon & BBQ,1
What dining spots balance modern and traditional approaches?,Felix's Restaurant & Oyster Bar,1
What dining spots balance modern and traditional approaches?,Huck Finn's Cafe,1
What dining spots balance modern and traditional approaches?,Sake Cafe Uptown,2
What dining spots balance modern and traditional approaches?,Faubourg Bistro,2
What dining spots balance modern and traditional approaches?,Killer Poboys,3
What dining spots balance modern and traditional approaches?,Blue Oak BBQ,2
What dining spots balance modern and traditional approaches?,Evangeline,2
What dining spots balance modern and traditional approaches?,Tout De Suite Cafe,1
What dining spots balance modern and traditional approaches?,Felipe's Mexican Taqueria - French Quarter,2
What dining spots balance modern and traditional approaches?,Frankie & Johnny's,2
What dining spots balance modern and traditional approaches?,Cafe Fleur De Lis,2
What dining spots balance modern and traditional approaches?,Chiba,2
What dining spots balance modern and traditional approaches?,Buffa's Bar & Restaurant,2
What dining spots balance modern and traditional approaches?,Del Fuego,2
What dining spots balance modern and traditional approaches?,Two Chicks Cafe,2
What dining spots balance modern and traditional approaches?,Flamingo A-Go-Go,1
What dining spots balance modern and traditional approaches?,Nomiya,2
What dining spots balance modern and traditional approaches?,Jung's Golden Dragon II,2
What dining spots balance modern and traditional approaches?,Surrey's Uptown,2
What dining spots balance modern and traditional approaches?,Midway Pizza,2
What dining spots balance modern and traditional approaches?,Seaworthy,2
What dining spots balance modern and traditional approaches?,Taqueria Corona,1
What dining spots balance modern and traditional approaches?,Tsunami Sushi,2
What dining spots balance modern and traditional approaches?,The Halal Guys,2
What dining spots balance modern and traditional approaches?,Down The Hatch,1
What dining spots balance modern and traditional approaches?,Bakery Bar,3
What dining spots balance modern and traditional approaches?,Bourbon House,1
What dining spots balance modern and traditional approaches?,Crescent City Brewhouse,2
What dining spots balance modern and traditional approaches?,Lilly's Cafe,2
What dining spots balance modern and traditional approaches?,Seed,2
What dining spots balance modern and traditional approaches?,Cure,2
What dining spots balance modern and traditional approaches?,St Charles Tavern,1
What dining spots balance modern and traditional approaches?,Desire Oyster Bar,2
What dining spots balance modern and traditional approaches?,Grand Isle,2
What dining spots balance modern and traditional approaches?,Pizza Domenica,2
What dining spots balance modern and traditional approaches?,Central City BBQ,2
What dining spots balance modern and traditional approaches?,Surrey's Café & Juice Bar,2
What dining spots balance modern and traditional approaches?,Cafe Pontalba,2
What dining spots balance modern and traditional approaches?,Coterie Restaurant & Oyster Bar,2
What dining spots balance modern and traditional approaches?,Squeal,2
What dining spots balance modern and traditional approaches?,Creole House Restaurant & Oyster Bar,2
What dining spots balance modern and traditional approaches?,Fiorella's Cafe,1
What dining spots balance modern and traditional approaches?,The Trolley Stop Cafe,2
What dining spots balance modern and traditional approaches?,La Casita,2
What dining spots balance modern and traditional approaches?,Voodoo BBQ & Grill,2
What dining spots balance modern and traditional approaches?,Yo Mama's Bar & Grill,2
What dining spots balance modern and traditional approaches?,Arnaud's French 75 Bar,3
What dining spots balance modern and traditional approaches?,Dreamy Weenies,2
What dining spots balance modern and traditional approaches?,Felipe's Mexican Taqueria - Uptown,2
What dining spots balance modern and traditional approaches?,Welty's Deli and Catering,2
What dining spots balance modern and traditional approaches?,Hard Rock Cafe,1
What dining spots balance modern and traditional approaches?,Ninja Restaurant,2
What dining spots balance modern and traditional approaches?,Jimmy J's Cafe,2
What dining spots balance modern and traditional approaches?,Little Gem Saloon,2
What dining spots balance modern and traditional approaches?,Willie's Chicken Shack,1
What dining spots balance modern and traditional approaches?,The Blue Crab Restaurant & Oyster Bar,1
What dining spots balance modern and traditional approaches?,Amici,1
What dining spots balance modern and traditional approaches?,The Avenue Pub,2
What dining spots balance modern and traditional approaches?,Deja Vu Restaurant & Bar,0
What dining spots balance modern and traditional approaches?,The Vintage,2
What dining spots balance modern and traditional approaches?,Mr Ed's Oyster Bar - Bienville,2
What dining spots balance modern and traditional approaches?,The Market Cafe,2
What dining spots balance modern and traditional approaches?,Ole Saint,2
What dining spots balance modern and traditional approaches?,The Backyard,2
What dining spots balance modern and traditional approaches?,Walk-On's Sports Bistreaux - New Orleans,1
What dining spots balance modern and traditional approaches?,Gordon Biersch Brewery Restaurant,2
What dining spots balance modern and traditional approaches?,Little Tokyo Small Plates & Noodle Bar,2
What dining spots balance modern and traditional approaches?,Cornet,2
What dining spots balance modern and traditional approaches?,Araña Taqueria y Cantina,2
What dining spots balance modern and traditional approaches?,Liuzza's By The Track,2
What dining spots balance modern and traditional approaches?,Verti Marte,1
What dining spots balance modern and traditional approaches?,Neyow's Creole Cafe,2
What dining spots balance modern and traditional approaches?,Wakin' Bakin',2
What dining spots balance modern and traditional approaches?,Victory,2
What dining spots balance modern and traditional approaches?,Snug Harbor Jazz Bistro,2
What dining spots balance modern and traditional approaches?,French Toast,2
What dining spots balance modern and traditional approaches?,Five Happiness Chinese Restaurant,2
What dining spots balance modern and traditional approaches?,Cafe Rose Nicaud,2
What dining spots balance modern and traditional approaches?,Streetcar Cafe,2
What dining spots balance modern and traditional approaches?,Rock-n-Saké Bar & Sushi,2
What dining spots balance modern and traditional approaches?,Columns,2
What dining spots balance modern and traditional approaches?,Pizza Delicious,2
What dining spots balance modern and traditional approaches?,Mena's Palace,2
What dining spots balance modern and traditional approaches?,Mikimoto,2
What dining spots balance modern and traditional approaches?,Napoleon House,2
What dining spots balance modern and traditional approaches?,BOIL Seafood House,2
What dining spots balance modern and traditional approaches?,Backspace Bar & Kitchen,2
What dining spots balance modern and traditional approaches?,Remoulade,2
What dining spots balance modern and traditional approaches?,Gus's World Famous Fried Chicken,2
What dining spots balance modern and traditional approaches?,Poke Loa,1
What dining spots balance modern and traditional approaches?,Frey Smoked Meat,2
What dining spots balance modern and traditional approaches?,Fat Boy Pantry,2
What dining spots balance modern and traditional approaches?,Pere Antoine Restaurant,1
What dining spots balance modern and traditional approaches?,Cuñada,2
What dining spots balance modern and traditional approaches?,Sweet Soulfood,3
What dining spots balance modern and traditional approaches?,Dian Xin,2
What dining spots balance modern and traditional approaches?,Diamond Street Bar & Grill,2
What dining spots balance modern and traditional approaches?,Franks Restaurant,1
What dining spots balance modern and traditional approaches?,Nacho Mama's Mexican Grill,1
What dining spots balance modern and traditional approaches?,The Governor,2
What dining spots balance modern and traditional approaches?,The Daily Beet,2
What dining spots balance modern and traditional approaches?,801 Royal,2
What dining spots balance modern and traditional approaches?,Meals From The Heart Cafe,2
What dining spots balance modern and traditional approaches?,Le Bayou Restaurant,2
What dining spots balance modern and traditional approaches?,Ruby Slipper - New Orleans,2
What dining spots balance modern and traditional approaches?,Seither's Seafood,2
What dining spots balance modern and traditional approaches?,Mulate's,2
What dining spots balance modern and traditional approaches?,J's Seafood Dock,2
What dining spots balance modern and traditional approaches?,WINO  Wine Institute of New Orleans,2
What dining spots balance modern and traditional approaches?,Tru Burger,2
What dining spots balance modern and traditional approaches?,Shawarma on the Go,2
What dining spots balance modern and traditional approaches?,Royal House,2
What dining spots balance modern and traditional approaches?,The Rum House,2
What dining spots balance modern and traditional approaches?,Who Dat Coffee Cafe,2
What dining spots balance modern and traditional approaches?,Crabby Jack's,2
What dining spots balance modern and traditional approaches?,Croissant D'Or Patisserie,2
What dining spots balance modern and traditional approaches?,Morrow's,2
What dining spots balance modern and traditional approaches?,Asuka Sushi & Hibachi,2
What dining spots balance modern and traditional approaches?,Nonna Mia Cafe & Pizzeria,2
What dining spots balance modern and traditional approaches?,Ernst Cafe,1
What dining spots balance modern and traditional approaches?,Olde Nola Cookery,2
What dining spots balance modern and traditional approaches?,Dolce Vita Pizzeria,2
What dining spots balance modern and traditional approaches?,Blaze Pizza,2
What dining spots balance modern and traditional approaches?,Parasol's,2
What dining spots balance modern and traditional approaches?,Domilise Po-Boys & Bar,2
What dining spots balance modern and traditional approaches?,Lucy's Retired Surfers Bar & Restaurant,0
What dining spots balance modern and traditional approaches?,Guy's Po Boys,2
What dining spots balance modern and traditional approaches?,Manning's Sports Bar and Grill,1
What dining spots balance modern and traditional approaches?,Pier 424 Seafood Market,1
What dining spots balance modern and traditional approaches?,Bayou Hot Wings,1
What dining spots balance modern and traditional approaches?,Mother's Restaurant,2
What dining spots balance modern and traditional approaches?,Stein's Market and Deli,2
What dining spots balance modern and traditional approaches?,Tracey's Original Irish Channel Bar,1
What dining spots balance modern and traditional approaches?,Saints And Sinners,2
What dining spots balance modern and traditional approaches?,Cajun Seafood,2
What dining spots balance modern and traditional approaches?,Cooter Brown's,1
What dining spots balance modern and traditional approaches?,Daisy Dukes - French Quarter,1
What dining spots balance modern and traditional approaches?,Bubba Gump Shrimp Co.,1
What dining spots balance modern and traditional approaches?,Attiki Bar and Grill,2
What dining spots balance modern and traditional approaches?,Gallier Restaurant & Oyster Bar,2
What dining spots balance modern and traditional approaches?,Monty's on the Square,2
What dining spots balance modern and traditional approaches?,Clesi's Restaurant & Catering,2
What dining spots balance modern and traditional approaches?,Merchant,2
What dining spots balance modern and traditional approaches?,Felipe's Mexican Taqueria - Mid City,2
What dining spots balance modern and traditional approaches?,Sushi Brothers,2
What dining spots balance modern and traditional approaches?,Le Pavillon Hotel,2
What dining spots balance modern and traditional approaches?,Turtle Bay,1
What dining spots balance modern and traditional approaches?,The Crazy Lobster Bar & Grill,1
What dining spots balance modern and traditional approaches?,Mambo's,2
What dining spots balance modern and traditional approaches?,Tacos And Beer,1
What dining spots balance modern and traditional approaches?,Willie Mae's Scotch House,2
What dining spots balance modern and traditional approaches?,Breads on Oak Cafe & Bakery,2
What dining spots balance modern and traditional approaches?,District Donuts Sliders Brew,2
What dining spots balance modern and traditional approaches?,The Maison,2
What dining spots balance modern and traditional approaches?,Bevi Seafood,2
What dining spots balance modern and traditional approaches?,Drago's Seafood Restaurant,2
What dining spots balance modern and traditional approaches?,Acme Oyster House,2
What dining spots balance modern and traditional approaches?,HiVolt Coffee,2
What dining spots balance modern and traditional approaches?,La Boulangerie,1
What dining spots balance modern and traditional approaches?,Gazebo Cafe,2
What dining spots balance modern and traditional approaches?,Wood Pizza Bistro and Taphouse,2
What dining spots balance modern and traditional approaches?,Mid City Pizza,2
What dining spots balance modern and traditional approaches?,Mahony's Po-Boys & Seafood,2
What dining spots balance modern and traditional approaches?,Parkway Bakery & Tavern,2
What dining spots balance modern and traditional approaches?,Bayou Burger & Sports Company,1
What dining spots balance modern and traditional approaches?,World Famous N'awlins Cafe & Spice Emporium,1
What dining spots balance modern and traditional approaches?,Copper Monkey Grill,2
What dining spots balance modern and traditional approaches?,Mahony's Po-Boys & Seafood  - Uptown,2
What dining spots balance modern and traditional approaches?,House of Blues New Orleans,2
What dining spots balance modern and traditional approaches?,Reginelli's Pizzeria,2
What dining spots balance modern and traditional approaches?,Origami,2
What dining spots balance modern and traditional approaches?,The Jimani,1
What dining spots balance modern and traditional approaches?,Brothers Food Mart,1
What dining spots balance modern and traditional approaches?,Two Chicks Café - CBD,2
What dining spots balance modern and traditional approaches?,Mr. Ed's Oyster Bar - St Charles Ave,2
What dining spots balance modern and traditional approaches?,Cafe Beignet on Bourbon Street,2
What dining spots balance modern and traditional approaches?,Cafe Envie & Espresso Bar,2
What dining spots balance modern and traditional approaches?,Geisha Sushi Bistro,2
What dining spots balance modern and traditional approaches?,"The Ritz-Carlton, New Orleans",2
What dining spots balance modern and traditional approaches?,Johnny's Po-Boys,2
What dining spots balance modern and traditional approaches?,Cajun Mike's Pub & Grub,1
What dining spots balance modern and traditional approaches?,G's Pizza,2
What dining spots balance modern and traditional approaches?,Daisy Mae's Southern Fried Chicken & Breakfast,2
What dining spots balance modern and traditional approaches?,Windsor Court Hotel,2
What dining spots balance modern and traditional approaches?,Krystal,0
What dining spots balance modern and traditional approaches?,NOLA Poboys,2
What dining spots balance modern and traditional approaches?,Cafe Beignet on Decatur Street,2
What dining spots balance modern and traditional approaches?,Cafe Beignet on Royal Street,2
What dining spots balance modern and traditional approaches?,Gumbo POT,1
What dining spots balance modern and traditional approaches?,Backatown Coffee Parlour,2
What dining spots balance modern and traditional approaches?,Corner Oyster House,0
What dining spots balance modern and traditional approaches?,Acme Oyster House - Harrahs,1
What dining spots balance modern and traditional approaches?,Daisy Dukes Express,1
What dining spots balance modern and traditional approaches?,The Blind Pelican,1
What dining spots balance modern and traditional approaches?,Gene's PO-Boys,2
What dining spots balance modern and traditional approaches?,Tiki Tolteca,2
What dining spots balance modern and traditional approaches?,Sucré,2
What dining spots balance modern and traditional approaches?,Daisy Dukes Cafe,1
What dining spots balance modern and traditional approaches?,Avenue Cafe,2
What dining spots balance modern and traditional approaches?,The Howlin' Wolf,2
What dining spots balance modern and traditional approaches?,Melba's,1
What dining spots balance modern and traditional approaches?,30_90 NOLA,2
What dining spots balance modern and traditional approaches?,Cafe Negril,2
What dining spots balance modern and traditional approaches?,Morning Call Coffee Stand,2
What dining spots balance modern and traditional approaches?,Sazerac Bar,3
What dining spots balance modern and traditional approaches?,Gumbo Ya-Ya,1
What dining spots balance modern and traditional approaches?,Steamboat Natchez,2
What dining spots balance modern and traditional approaches?,Pat O'Brien's Courtyard Restaurant,1
What dining spots balance modern and traditional approaches?,The Rusty Nail,2
What dining spots balance modern and traditional approaches?,BB King's Blues Club,1
What dining spots balance modern and traditional approaches?,The Old No 77 Hotel and Chandlery,3
What dining spots balance modern and traditional approaches?,Central Grocery & Deli,2
What dining spots balance modern and traditional approaches?,Magazine Pizza,1
What dining spots balance modern and traditional approaches?,The Original Italian Pie,2
What dining spots balance modern and traditional approaches?,Barcadia,2
What dining spots balance modern and traditional approaches?,Bittersweet Confections,2
What dining spots balance modern and traditional approaches?,W New Orleans - French Quarter,2
What dining spots balance modern and traditional approaches?,The Bulldog,1
What dining spots balance modern and traditional approaches?,Angelo Brocato,2
What dining spots balance modern and traditional approaches?,We Dat's Chicken and Shrimp,1
What dining spots balance modern and traditional approaches?,Three Legged Dog,1
What dining spots balance modern and traditional approaches?,New Orleans Famous Beignets And Coffee,2
What dining spots balance modern and traditional approaches?,Crescent City Pizza Works,1
What dining spots balance modern and traditional approaches?,Hot Tin,2
What dining spots balance modern and traditional approaches?,Envie Espresso Bar & Cafe,2
What dining spots balance modern and traditional approaches?,Embassy Suites by Hilton New Orleans,1
What dining spots balance modern and traditional approaches?,Bamboula's,1
What dining spots balance modern and traditional approaches?,Rue De La Course,2
What dining spots balance modern and traditional approaches?,Piccola Gelateria,2
What dining spots balance modern and traditional approaches?,New Orleans Marriott,2
What dining spots balance modern and traditional approaches?,Café Du Monde,2
What dining spots balance modern and traditional approaches?,Pat O'Brien’s,2
What dining spots balance modern and traditional approaches?,Pirates Alley Cafe,1
What dining spots balance modern and traditional approaches?,The Jazz Playhouse,2
What dining spots balance modern and traditional approaches?,IHOP,1
What dining spots balance modern and traditional approaches?,Hilton New Orleans Riverside,1
What dining spots balance modern and traditional approaches?,The American Sports Saloon,1
What dining spots balance modern and traditional approaches?,Hotel New Orleans Downtown,2
What dining spots balance modern and traditional approaches?,Mojo Coffee House,2
What dining spots balance modern and traditional approaches?,Royal Sonesta New Orleans,2
What dining spots balance modern and traditional approaches?,French Truck Coffee,2
What dining spots balance modern and traditional approaches?,Sheraton New Orleans Hotel,2
What dining spots balance modern and traditional approaches?,Vieux Carre Pizza,2
What dining spots balance modern and traditional approaches?,Revelator Coffee New Orleans,2
What dining spots balance modern and traditional approaches?,Old Absinthe House,2
What dining spots balance modern and traditional approaches?,Holy Crepes!,2
What dining spots balance modern and traditional approaches?,Dave & Buster's,1
What dining spots balance modern and traditional approaches?,Fritzel's European Jazz Pub,2
What dining spots balance modern and traditional approaches?,Paddlewheeler Creole Queen,2
What dining spots balance modern and traditional approaches?,French Quarter Phantoms,0
Where can I eat where presentation matters?,Sake Cafe Uptown,3
Where can I eat where presentation matters?,Tsunami Sushi,3
Where can I eat where presentation matters?,Rock-n-Saké Bar & Sushi,3
Where can I eat where presentation matters?,Mikimoto,2
Where can I eat where presentation matters?,Chiba,2
Where can I eat where presentation matters?,Sushi Brothers,2
Where can I eat where presentation matters?,Ninja Restaurant,2
Where can I eat where presentation matters?,Asuka Sushi & Hibachi,3
Where can I eat where presentation matters?,Geisha Sushi Bistro,3
Where can I eat where presentation matters?,Stella!,3
Where can I eat where presentation matters?,Origami,3
Where can I eat where presentation matters?,Booty's Street Food,2
Where can I eat where presentation matters?,Louisiana Bistro,3
Where can I eat where presentation matters?,Sucré,3
Where can I eat where presentation matters?,Hoshun Restaurant,2
Where can I eat where presentation matters?,Salon by Sucré,3
Where can I eat where presentation matters?,Yuki Izakaya,2
Where can I eat where presentation matters?,Auction House Market,3
Where can I eat where presentation matters?,Root,3
Where can I eat where presentation matters?,Juan's Flying Burrito,1
Where can I eat where presentation matters?,Restaurant August,3
Where can I eat where presentation matters?,Little Tokyo Small Plates & Noodle Bar,2
Where can I eat where presentation matters?,Coquette,3
Where can I eat where presentation matters?,Bayona,3
Where can I eat where presentation matters?,SukhoThai,2
Where can I eat where presentation matters?,Paladar 511,3
Where can I eat where presentation matters?,Wayfare,3
Where can I eat where presentation matters?,Kin,3
Where can I eat where presentation matters?,Saffron nola,3
Where can I eat where presentation matters?,Green Goddess,3
Where can I eat where presentation matters?,Sofia,3
Where can I eat where presentation matters?,The American Sector,2
Where can I eat where presentation matters?,Meril,3
Where can I eat where presentation matters?,Noodle & Pie,2
Where can I eat where presentation matters?,Mizado Latin Kitchen,2
Where can I eat where presentation matters?,The Gallery Venue at Tomas Bistro,2
Where can I eat where presentation matters?,El Gato Negro,2
Where can I eat where presentation matters?,Maypop Restaurant,3
Where can I eat where presentation matters?,Cafe Degas,3
Where can I eat where presentation matters?,Brigtsen's Restaurant,3
Where can I eat where presentation matters?,Compère Lapin,3
Where can I eat where presentation matters?,Boucherie,3
Where can I eat where presentation matters?,Saba,3
Where can I eat where presentation matters?,Cowbell,3
Where can I eat where presentation matters?,Meauxbar,3
Where can I eat where presentation matters?,GW Fins,3
Where can I eat where presentation matters?,La Petite Grocery,3
Where can I eat where presentation matters?,Rebellion Bar & Urban Kitchen,2
Where can I eat where presentation matters?,Dick & Jenny's,3
Where can I eat where presentation matters?,Satsuma Café,3
Where can I eat where presentation matters?,SoBou,3
Where can I eat where presentation matters?,Josephine Estelle,3
Where can I eat where presentation matters?,Shaya,3
Where can I eat where presentation matters?,Adolfo's,2
Where can I eat where presentation matters?,Bakery Bar,3
Where can I eat where presentation matters?,Ba Chi Canteen,2
Where can I eat where presentation matters?,Lilette,3
Where can I eat where presentation matters?,Restaurant R'evolution,3
Where can I eat where presentation matters?,Three Muses,2
Where can I eat where presentation matters?,Gyu-Kaku Japanese BBQ,3
Where can I eat where presentation matters?,La Boca,3
Where can I eat where presentation matters?,Emeril's ,3
Where can I eat where presentation matters?,Nirvana Indian Cuisine,2
Where can I eat where presentation matters?,Salú Bistro and Bar,2
Where can I eat where presentation matters?,Trinity Restaurant New Orleans,3
Where can I eat where presentation matters?,Arabella Casa Di Pasta,2
Where can I eat where presentation matters?,Gris-Gris,3
Where can I eat where presentation matters?,Herbsaint,3
Where can I eat where presentation matters?,Baru Bistro & Tapas,2
Where can I eat where presentation matters?,Capdeville,2
Where can I eat where presentation matters?,Mayas,3
Where can I eat where presentation matters?,Emeril's Delmonico,3
Where can I eat where presentation matters?,K-Paul's Louisiana Kitchen,2
Where can I eat where presentation matters?,N 7,3
Where can I eat where presentation matters?,Cavan,3
Where can I eat where presentation matters?,Dante's Kitchen,2
Where can I eat where presentation matters?,Tito's Ceviche & Pisco,3
Where can I eat where presentation matters?,Café Amelie,3
Where can I eat where presentation matters?,Patois Restaurant,3
Where can I eat where presentation matters?,The Tasting Room,3
Where can I eat where presentation matters?,Cochon,2
Where can I eat where presentation matters?,Carmo,3
Where can I eat where presentation matters?,Borgne,2
Where can I eat where presentation matters?,Nolé,2
Where can I eat where presentation matters?,Milk Bar,2
Where can I eat where presentation matters?,The Velvet Cactus,2
Where can I eat where presentation matters?,McClure's,1
Where can I eat where presentation matters?,Little Korea BBQ,2
Where can I eat where presentation matters?,Restaurant Rebirth,3
Where can I eat where presentation matters?,High Hat Cafe,2
Where can I eat where presentation matters?,Santa Fe,2
Where can I eat where presentation matters?,Brown Butter Southern Kitchen & Bar,3
Where can I eat where presentation matters?,St Roch Market,2
Where can I eat where presentation matters?,Superior Grill,1
Where can I eat where presentation matters?,The Steakhouse,2
Where can I eat where presentation matters?,Clancy's Restaurant,3
Where can I eat where presentation matters?,Cochon Butcher,2
Where can I eat where presentation matters?,GG's Dine-O-Rama,2
Where can I eat where presentation matters?,Jack Rose,3
Where can I eat where presentation matters?,Del Fuego,2
Where can I eat where presentation matters?,Pêche,2
Where can I eat where presentation matters?,Tommy's Cuisine,3
Where can I eat where presentation matters?,Felipe's Mexican Taqueria - Uptown,1
Where can I eat where presentation matters?,Vessel NOLA,3
Where can I eat where presentation matters?,Slice Pizzeria,1
Where can I eat where presentation matters?,Dat Dog,2
Where can I eat where presentation matters?,1000 Figs,3
Where can I eat where presentation matters?,Sylvain,2
Where can I eat where presentation matters?,Criollo Restaurant,2
Where can I eat where presentation matters?,Johnny Sanchez,3
Where can I eat where presentation matters?,The Delachaise,2
Where can I eat where presentation matters?,Ruby Slipper Cafe,3
Where can I eat where presentation matters?,The Company Burger,2
Where can I eat where presentation matters?,Eat New Orleans,2
Where can I eat where presentation matters?,Heard Dat Kitchen,3
Where can I eat where presentation matters?,Upperline,3
Where can I eat where presentation matters?,Vincent's Italian Cuisine,2
Where can I eat where presentation matters?,Marcello's Restaurant & Wine Bar,3
Where can I eat where presentation matters?,The Bombay Club,3
Where can I eat where presentation matters?,Beachbum Berry's Latitude 29,3
Where can I eat where presentation matters?,Angeli on Decatur,1
Where can I eat where presentation matters?,Taqueria Guerrero,1
Where can I eat where presentation matters?,DTB,3
Where can I eat where presentation matters?,Lula Restaurant Distillery,2
Where can I eat where presentation matters?,Chophouse New Orleans,3
Where can I eat where presentation matters?,Palace Café,3
Where can I eat where presentation matters?,Jacques-Imo's Cafe,2
Where can I eat where presentation matters?,Boswell's Jamaican Grill,1
Where can I eat where presentation matters?,Fogo de Chão Brazilian Steakhouse,3
Where can I eat where presentation matters?,Irene's,2
Where can I eat where presentation matters?,Nomiya,3
Where can I eat where presentation matters?,Galatoire's 33 Bar & Steak,3
Where can I eat where presentation matters?,Briquette,3
Where can I eat where presentation matters?,Katie's Restaurant & Bar,2
Where can I eat where presentation matters?,The Grill,2
Where can I eat where presentation matters?,Cane and Table,3
Where can I eat where presentation matters?,Red Dog Diner,3
Where can I eat where presentation matters?,Ye Olde College Inn,2
Where can I eat where presentation matters?,Kebab,2
Where can I eat where presentation matters?,Angeline,3
Where can I eat where presentation matters?,Ralph's on the Park,3
Where can I eat where presentation matters?,La Thai Uptown,3
Where can I eat where presentation matters?,Trenasse,3
Where can I eat where presentation matters?,Felipe's Mexican Taqueria - French Quarter,1
Where can I eat where presentation matters?,Landry's Seafood House,2
Where can I eat where presentation matters?,CellarDoor,3
Where can I eat where presentation matters?,Mint Modern Vietnamese Bistro & Bar,3
Where can I eat where presentation matters?,Saint Lawrence,2
Where can I eat where presentation matters?,District Donuts Sliders Brew,3
Where can I eat where presentation matters?,Casa Borrega,3
Where can I eat where presentation matters?,Sneaky Pickle,2
Where can I eat where presentation matters?,Mopho,2
Where can I eat where presentation matters?,Mona's Cafe,2
Where can I eat where presentation matters?,Doris Metropolitan,3
Where can I eat where presentation matters?,Charcoal's Gourmet Burger Bar,2
Where can I eat where presentation matters?,Toups Meatery,3
Where can I eat where presentation matters?,Red's Chinese,2
Where can I eat where presentation matters?,New Orleans Hamburger & Seafood Co,2
Where can I eat where presentation matters?,Annunciation,2
Where can I eat where presentation matters?,Maïs Arepas,3
Where can I eat where presentation matters?,The Pelican Club,3
Where can I eat where presentation matters?,La Crepe Nanou,3
Where can I eat where presentation matters?,Red Fish Grill,2
Where can I eat where presentation matters?,Atchafalaya Restaurant,3
Where can I eat where presentation matters?,The Italian Barrel,3
Where can I eat where presentation matters?,Taqueria Corona,0
Where can I eat where presentation matters?,Mr John's Steakhouse,3
Where can I eat where presentation matters?,New Orleans School of Cooking,2
Where can I eat where presentation matters?,Muriel's Jackson Square,3
Where can I eat where presentation matters?,Copper Vine,3
Where can I eat where presentation matters?,Dooky Chase's Restaurant,3
Where can I eat where presentation matters?,Mr. B's Bistro,3
Where can I eat where presentation matters?,Desi Vega's Steakhouse,3
Where can I eat where presentation matters?,Domenica,2
Where can I eat where presentation matters?,La Casita,2
Where can I eat where presentation matters?,Café Adelaide,2
Where can I eat where presentation matters?,Kingfish,3
Where can I eat where presentation matters?,Cure,3
Where can I eat where presentation matters?,The Joint,0
Where can I eat where presentation matters?,Rib Room,2
Where can I eat where presentation matters?,Cafe Sbisa,3
Where can I eat where presentation matters?,Faubourg Bistro,2
Where can I eat where presentation matters?,Jagerhaus,2
Where can I eat where presentation matters?,Venezia Restaurant,2
Where can I eat where presentation matters?,Felipe's Mexican Taqueria - Mid City,1
Where can I eat where presentation matters?,Galatoire's Restaurant,2
Where can I eat where presentation matters?,Sassafras Restaurant,1
Where can I eat where presentation matters?,Turkey and the Wolf,3
Where can I eat where presentation matters?,Ancora,3
Where can I eat where presentation matters?,Commander's Palace,3
Where can I eat where presentation matters?,Yo Mama's Bar & Grill,2
Where can I eat where presentation matters?,The Court of Two Sisters,3
Where can I eat where presentation matters?,Mona Lisa Restaurant,2
Where can I eat where presentation matters?,Curio,3
Where can I eat where presentation matters?,Cafe Abyssinia,1
Where can I eat where presentation matters?,NOLA Restaurant,2
Where can I eat where presentation matters?,Araña Taqueria y Cantina,3
Where can I eat where presentation matters?,Luke,3
Where can I eat where presentation matters?,La Macarena Pupuseria & Latin Cafe,2
Where can I eat where presentation matters?,Basin Seafood & Spirits,2
Where can I eat where presentation matters?,Café at The Square,2
Where can I eat where presentation matters?,Tableau,3
Where can I eat where presentation matters?,Superior Seafood & Oyster Bar,2
Where can I eat where presentation matters?,Dickie Brennan's Steakhouse,3
Where can I eat where presentation matters?,Orleans Grapevine Wine Bar & Bistro,2
Where can I eat where presentation matters?,Victory,3
Where can I eat where presentation matters?,Houston's Restaurant,2
Where can I eat where presentation matters?,Vacherie,2
Where can I eat where presentation matters?,Dong Phuong,1
Where can I eat where presentation matters?,Bearcat Cafe,3
Where can I eat where presentation matters?,The Camellia Grill,2
Where can I eat where presentation matters?,Louisiana Pizza Kitchen,2
Where can I eat where presentation matters?,Mimi's In The Marigny,3
Where can I eat where presentation matters?,Willa Jean,3
Where can I eat where presentation matters?,Crescent City Steak House,2
Where can I eat where presentation matters?,Brennan's Restaurant,3
Where can I eat where presentation matters?,Felix's Restaurant & Oyster Bar,2
Where can I eat where presentation matters?,New Orleans Cake Café & Bakery,2
Where can I eat where presentation matters?,Tujague's Restaurant,2
Where can I eat where presentation matters?,Justine,3
Where can I eat where presentation matters?,Crescent City Brewhouse,2
Where can I eat where presentation matters?,Antoine's Restaurant,3
Where can I eat where presentation matters?,Bon Ton Cafe,3
Where can I eat where presentation matters?,Ugly Dog Saloon & BBQ,0
Where can I eat where presentation matters?,Nacho Mama's Mexican Grill,1
Where can I eat where presentation matters?,Central City BBQ,1
Where can I eat where presentation matters?,The Praline Connection,1
Where can I eat where presentation matters?,Jung's Golden Dragon II,2
Where can I eat where presentation matters?,Pho Bistreaux,2
Where can I eat where presentation matters?,Another Broken Egg Cafe,2
Where can I eat where presentation matters?,Poke Loa,3
Where can I eat where presentation matters?,Squeal,2
Where can I eat where presentation matters?,Namese,2
Where can I eat where presentation matters?,The Munch Factory,2
Where can I eat where presentation matters?,Apolline Restaurant,3
Where can I eat where presentation matters?,Flamingo A-Go-Go,2
Where can I eat where presentation matters?,Cuñada,2
Where can I eat where presentation matters?,Arnaud's Restaurant,3
Where can I eat where presentation matters?,Tartine,2
Where can I eat where presentation matters?,Ignatius' Rue de La Course Coffeehouse,2
Where can I eat where presentation matters?,Stein's Market and Deli,1
Where can I eat where presentation matters?,Fharmacy Nola,2
Where can I eat where presentation matters?,Legacy Kitchen's Craft Tavern,2
Where can I eat where presentation matters?,Sweet Soulfood,2
Where can I eat where presentation matters?,Pascal's Manale,1
Where can I eat where presentation matters?,Lola's,2
Where can I eat where presentation matters?,Grand Isle,2
Where can I eat where presentation matters?,Toast,3
Where can I eat where presentation matters?,Gumbo Shop,2
Where can I eat where presentation matters?,The Avenue Pub,1
Where can I eat where presentation matters?,Seaworthy,3
Where can I eat where presentation matters?,Elizabeth's Restaurant,2
Where can I eat where presentation matters?,Neyow's Creole Cafe,1
Where can I eat where presentation matters?,Hobnobber's Variety Bar & Restaurant,1
Where can I eat where presentation matters?,Bearcat CBD,2
Where can I eat where presentation matters?,Seed,3
Where can I eat where presentation matters?,Gordon Biersch Brewery Restaurant,1
Where can I eat where presentation matters?,The Rum House,2
Where can I eat where presentation matters?,The Marigny Brasserie,2
Where can I eat where presentation matters?,Down The Hatch,1
Where can I eat where presentation matters?,Saint Cecilia,3
Where can I eat where presentation matters?,13 Monaghan,2
Where can I eat where presentation matters?,Desire Oyster Bar,2
Where can I eat where presentation matters?,Frey Smoked Meat,2
Where can I eat where presentation matters?,The Halal Guys,1
Where can I eat where presentation matters?,Oceana Grill,2
Where can I eat where presentation matters?,Midway Pizza,1
Where can I eat where presentation matters?,Deanie's Seafood,1
Where can I eat where presentation matters?,Bennachin Restaurant,2
Where can I eat where presentation matters?,Russell's Marina Grill,2
Where can I eat where presentation matters?,Copeland's Cheesecake Bistro,1
Where can I eat where presentation matters?,The Irish House,1
Where can I eat where presentation matters?,Brennan's,3
Where can I eat where presentation matters?,Magasin Vietnamese Cafe,3
Where can I eat where presentation matters?,Cleo's,3
Where can I eat where presentation matters?,Casamento's Restaurant,0
Where can I eat where presentation matters?,The Original French Market Restaurant and Bar,1
Where can I eat where presentation matters?,Riccobono’s Panola St. Cafe,2
Where can I eat where presentation matters?,Dreamy Weenies,2
Where can I eat where presentation matters?,The Country Club,3
Where can I eat where presentation matters?,Port Of Call,2
Where can I eat where presentation matters?,Huck Finn's Cafe,1
Where can I eat where presentation matters?,Pizza Delicious,2
Where can I eat where presentation matters?,Blue Oak BBQ,1
Where can I eat where presentation matters?,The Daily Beet,3
Where can I eat where presentation matters?,Hard Rock Cafe,2
Where can I eat where presentation matters?,Amici,2
Where can I eat where presentation matters?,Pizza Domenica,2
Where can I eat where presentation matters?,Ruth's Chris Steak House,3
Where can I eat where presentation matters?,Fat Boy Pantry,1
Where can I eat where presentation matters?,Voodoo BBQ & Grill,1
Where can I eat where presentation matters?,The Vintage,3
Where can I eat where presentation matters?,Coop's Place,1
Where can I eat where presentation matters?,The Original Pierre Maspero's,2
Where can I eat where presentation matters?,Evangeline,3
Where can I eat where presentation matters?,Dolce Vita Pizzeria,2
Where can I eat where presentation matters?,HORN'S EATERY,3
Where can I eat where presentation matters?,Broussard's,3
Where can I eat where presentation matters?,Slim Goodies Diner,1
Where can I eat where presentation matters?,Blaze Pizza,2
Where can I eat where presentation matters?,Warehouse Grille,1
Where can I eat where presentation matters?,Joey K's Restaurant & Bar,0
Where can I eat where presentation matters?,Surrey's Café & Juice Bar,2
Where can I eat where presentation matters?,Walk-On's Sports Bistreaux - New Orleans,1
Where can I eat where presentation matters?,Buffa's Bar & Restaurant,1
Where can I eat where presentation matters?,Little Gem Saloon,2
Where can I eat where presentation matters?,New Orleans Creole Cookery,2
Where can I eat where presentation matters?,Cafe Maspero,0
Where can I eat where presentation matters?,Backspace Bar & Kitchen,1
Where can I eat where presentation matters?,Ole Saint,2
Where can I eat where presentation matters?,Chartres House,1
Where can I eat where presentation matters?,Refuel Cafe,2
Where can I eat where presentation matters?,Welty's Deli and Catering,1
Where can I eat where presentation matters?,Pho Tau Bay Restaurant,1
Where can I eat where presentation matters?,Dian Xin,2
Where can I eat where presentation matters?,The Backyard,1
Where can I eat where presentation matters?,Coulis,2
Where can I eat where presentation matters?,Avery's On Tulane,2
Where can I eat where presentation matters?,Killer Poboys,2
Where can I eat where presentation matters?,Fullblast Brunch,2
Where can I eat where presentation matters?,Galliano Restaurant,3
Where can I eat where presentation matters?,biscuit & buns on banks,2
Where can I eat where presentation matters?,Ernst Cafe,1
Where can I eat where presentation matters?,Lucy's Retired Surfers Bar & Restaurant,1
Where can I eat where presentation matters?,Tacos And Beer,1
Where can I eat where presentation matters?,WINO  Wine Institute of New Orleans,2
Where can I eat where presentation matters?,Diamond Street Bar & Grill,1
Where can I eat where presentation matters?,The Blue Crab Restaurant & Oyster Bar,2
Where can I eat where presentation matters?,Cafe Conti,3
Where can I eat where presentation matters?,Surrey's Uptown,3
Where can I eat where presentation matters?,Union Kitchen & Union Party Room,2
Where can I eat where presentation matters?,HiVolt Coffee,2
Where can I eat where presentation matters?,Parasol's,1
Where can I eat where presentation matters?,Tiki Tolteca,3
Where can I eat where presentation matters?,Tout De Suite Cafe,1
Where can I eat where presentation matters?,Two Chicks Cafe,2
Where can I eat where presentation matters?,Cornet,2
Where can I eat where presentation matters?,Mandina's Restaurant,1
Where can I eat where presentation matters?,Who Dat Coffee Cafe,2
Where can I eat where presentation matters?,Bourbon House,2
Where can I eat where presentation matters?,Liuzza's By The Track,1
Where can I eat where presentation matters?,Lebanon's Cafe,2
Where can I eat where presentation matters?,St Charles Tavern,0
Where can I eat where presentation matters?,Cafe Envie & Espresso Bar,1
Where can I eat where presentation matters?,The Governor,2
Where can I eat where presentation matters?,Please-U-Restaurant,0
Where can I eat where presentation matters?,Wakin' Bakin',1
Where can I eat where presentation matters?,Nonna Mia Cafe & Pizzeria,2
Where can I eat where presentation matters?,Li'l Dizzy's Cafe,1
Where can I eat where presentation matters?,Tru Burger,1
Where can I eat where presentation matters?,Bubba Gump Shrimp Co.,2
Where can I eat where presentation matters?,Pere Antoine Restaurant,1
Where can I eat where presentation matters?,Majoria's Commerce Restaurant,1
Where can I eat where presentation matters?,Turtle Bay,1
Where can I eat where presentation matters?,Morrow's,2
Where can I eat where presentation matters?,Mulate's,2
Where can I eat where presentation matters?,801 Royal,2
Where can I eat where presentation matters?,9 Roses Cafe,2
Where can I eat where presentation matters?,Five Happiness Chinese Restaurant,2
Where can I eat where presentation matters?,Reginelli's Pizzeria,1
Where can I eat where presentation matters?,Bayou Hot Wings,1
Where can I eat where presentation matters?,Cooter Brown's,0
Where can I eat where presentation matters?,Creole House Restaurant & Oyster Bar,2
Where can I eat where presentation matters?,Willie's Chicken Shack,1
Where can I eat where presentation matters?,Verti Marte,0
Where can I eat where presentation matters?,Cafe Fleur De Lis,2
Where can I eat where presentation matters?,The Old Coffee Pot Restaurant,1
Where can I eat where presentation matters?,Red Gravy,2
Where can I eat where presentation matters?,Remoulade,2
Where can I eat where presentation matters?,Meals From The Heart Cafe,2
Where can I eat where presentation matters?,Frankie & Johnny's,1
Where can I eat where presentation matters?,Coterie Restaurant & Oyster Bar,2
Where can I eat where presentation matters?,Cafe Pontalba,1
Where can I eat where presentation matters?,Mr Ed's Oyster Bar - Bienville,2
Where can I eat where presentation matters?,The Jimani,1
Where can I eat where presentation matters?,Seither's Seafood,3
Where can I eat where presentation matters?,Wood Pizza Bistro and Taphouse,1
Where can I eat where presentation matters?,Piccola Gelateria,3
Where can I eat where presentation matters?,Lilly's Cafe,1
Where can I eat where presentation matters?,Estrella Steak & Lobster,2
Where can I eat where presentation matters?,Deja Vu Restaurant & Bar,1
Where can I eat where presentation matters?,Tracey's Original Irish Channel Bar,0
Where can I eat where presentation matters?,Snug Harbor Jazz Bistro,1
Where can I eat where presentation matters?,Breads on Oak Cafe & Bakery,2
Where can I eat where presentation matters?,Angelo Brocato,3
Where can I eat where presentation matters?,Streetcar Cafe,2
Where can I eat where presentation matters?,Columns,3
Where can I eat where presentation matters?,Gallier Restaurant & Oyster Bar,2
Where can I eat where presentation matters?,Royal House,3
Where can I eat where presentation matters?,P & G Restaurant & Bar,1
Where can I eat where presentation matters?,Clover Grill,1
Where can I eat where presentation matters?,Liberty Cheesesteaks,1
Where can I eat where presentation matters?,Jimmy J's Cafe,1
Where can I eat where presentation matters?,Belle's Diner Nola,1
Where can I eat where presentation matters?,Manning's Sports Bar and Grill,1
Where can I eat where presentation matters?,Avenue Cafe,2
Where can I eat where presentation matters?,The Howlin' Wolf,1
Where can I eat where presentation matters?,BOIL Seafood House,2
Where can I eat where presentation matters?,Bittersweet Confections,3
Where can I eat where presentation matters?,Copper Monkey Grill,1
Where can I eat where presentation matters?,Stanley,3
Where can I eat where presentation matters?,Pier 424 Seafood Market,1
Where can I eat where presentation matters?,Cafe Rose Nicaud,2
Where can I eat where presentation matters?,The Trolley Stop Cafe,1
Where can I eat where presentation matters?,Cafe Beignet on Royal Street,2
Where can I eat where presentation matters?,Drago's Seafood Restaurant,1
Where can I eat where presentation matters?,J's Seafood Dock,2
Where can I eat where presentation matters?,Merchant,3
Where can I eat where presentation matters?,Bayou Burger & Sports Company,1
Where can I eat where presentation matters?,Crabby Jack's,1
Where can I eat where presentation matters?,Shawarma on the Go,0
Where can I eat where presentation matters?,Mid City Pizza,2
Where can I eat where presentation matters?,Le Bayou Restaurant,2
Where can I eat where presentation matters?,Le Pavillon Hotel,2
Where can I eat where presentation matters?,Arnaud's French 75 Bar,3
Where can I eat where presentation matters?,Krystal,0
Where can I eat where presentation matters?,Acme Oyster House - Harrahs,1
Where can I eat where presentation matters?,Clesi's Restaurant & Catering,2
Where can I eat where presentation matters?,Backatown Coffee Parlour,2
Where can I eat where presentation matters?,Olde Nola Cookery,1
Where can I eat where presentation matters?,House of Blues New Orleans,2
Where can I eat where presentation matters?,Gus's World Famous Fried Chicken,0
Where can I eat where presentation matters?,Sazerac Bar,3
Where can I eat where presentation matters?,Cajun Mike's Pub & Grub,0
Where can I eat where presentation matters?,G's Pizza,1
Where can I eat where presentation matters?,Cafe Beignet on Decatur Street,2
Where can I eat where presentation matters?,The Market Cafe,1
Where can I eat where presentation matters?,Cajun Seafood,1
Where can I eat where presentation matters?,Saints And Sinners,1
Where can I eat where presentation matters?,Cafe Beignet on Bourbon Street,1
Where can I eat where presentation matters?,Mr. Ed's Oyster Bar - St Charles Ave,1
Where can I eat where presentation matters?,La Boulangerie,2
Where can I eat where presentation matters?,Napoleon House,2
Where can I eat where presentation matters?,World Famous N'awlins Cafe & Spice Emporium,1
Where can I eat where presentation matters?,Barcadia,1
Where can I eat where presentation matters?,Gazebo Cafe,2
Where can I eat where presentation matters?,Magazine Pizza,2
Where can I eat where presentation matters?,French Toast,3
Where can I eat where presentation matters?,The Crazy Lobster Bar & Grill,2
Where can I eat where presentation matters?,Mother's Restaurant,0
Where can I eat where presentation matters?,Fiorella's Cafe,1
Where can I eat where presentation matters?,Acme Oyster House,1
Where can I eat where presentation matters?,The Blind Pelican,1
Where can I eat where presentation matters?,Attiki Bar and Grill,2
Where can I eat where presentation matters?,Mambo's,2
Where can I eat where presentation matters?,Monty's on the Square,2
Where can I eat where presentation matters?,Morning Call Coffee Stand,1
Where can I eat where presentation matters?,Domilise Po-Boys & Bar,0
Where can I eat where presentation matters?,Mena's Palace,0
Where can I eat where presentation matters?,Guy's Po Boys,1
Where can I eat where presentation matters?,Corner Oyster House,1
Where can I eat where presentation matters?,Mahony's Po-Boys & Seafood,2
Where can I eat where presentation matters?,The Bulldog,0
Where can I eat where presentation matters?,"The Ritz-Carlton, New Orleans",2
Where can I eat where presentation matters?,Franks Restaurant,1
Where can I eat where presentation matters?,New Orleans Famous Beignets And Coffee,1
Where can I eat where presentation matters?,Mojo Coffee House,2
Where can I eat where presentation matters?,The Original Italian Pie,1
Where can I eat where presentation matters?,Gumbo POT,1
Where can I eat where presentation matters?,Ruby Slipper - New Orleans,2
Where can I eat where presentation matters?,Daisy Dukes - French Quarter,1
Where can I eat where presentation matters?,The Maison,2
Where can I eat where presentation matters?,Envie Espresso Bar & Cafe,2
Where can I eat where presentation matters?,Mahony's Po-Boys & Seafood  - Uptown,1
Where can I eat where presentation matters?,Bevi Seafood,2
Where can I eat where presentation matters?,Gene's PO-Boys,0
Where can I eat where presentation matters?,Parkway Bakery & Tavern,1
Where can I eat where presentation matters?,NOLA Poboys,1
Where can I eat where presentation matters?,Cafe Negril,1
Where can I eat where presentation matters?,Rue De La Course,2
Where can I eat where presentation matters?,Crescent City Pizza Works,1
Where can I eat where presentation matters?,Café Du Monde,2
Where can I eat where presentation matters?,We Dat's Chicken and Shrimp,2
Where can I eat where presentation matters?,Windsor Court Hotel,3
Where can I eat where presentation matters?,Melba's,1
Where can I eat where presentation matters?,Two Chicks Café - CBD,2
Where can I eat where presentation matters?,Croissant D'Or Patisserie,3
Where can I eat where presentation matters?,Daisy Dukes Cafe,0
Where can I eat where presentation matters?,Johnny's Po-Boys,0
Where can I eat where presentation matters?,French Truck Coffee,1
Where can I eat where presentation matters?,The Rusty Nail,1
Where can I eat where presentation matters?,Revelator Coffee New Orleans,2
Where can I eat where presentation matters?,Gumbo Ya-Ya,1
Where can I eat where presentation matters?,Hot Tin,3
Where can I eat where presentation matters?,Central Grocery & Deli,0
Where can I eat where presentation matters?,Willie Mae's Scotch House,1
Where can I eat where presentation matters?,Brothers Food Mart,0
Where can I eat where presentation matters?,Pirates Alley Cafe,2
Where can I eat where presentation matters?,Daisy Dukes Express,1
Where can I eat where presentation matters?,New Orleans Marriott,2
Where can I eat where presentation matters?,Pat O'Brien's Courtyard Restaurant,2
Where can I eat where presentation matters?,30_90 NOLA,1
Where can I eat where presentation matters?,Three Legged Dog,1
Where can I eat where presentation matters?,BB King's Blues Club,1
Where can I eat where presentation matters?,Vieux Carre Pizza,0
Where can I eat where presentation matters?,Hotel New Orleans Downtown,2
Where can I eat where presentation matters?,Bamboula's,2
Where can I eat where presentation matters?,Pat O'Brien’s,1
Where can I eat where presentation matters?,The American Sports Saloon,0
Where can I eat where presentation matters?,The Jazz Playhouse,2
Where can I eat where presentation matters?,IHOP,0
Where can I eat where presentation matters?,The Old No 77 Hotel and Chandlery,2
Where can I eat where presentation matters?,Steamboat Natchez,1
Where can I eat where presentation matters?,Sheraton New Orleans Hotel,2
Where can I eat where presentation matters?,Hilton New Orleans Riverside,1
Where can I eat where presentation matters?,W New Orleans - French Quarter,2
Where can I eat where presentation matters?,Embassy Suites by Hilton New Orleans,1
Where can I eat where presentation matters?,Daisy Mae's Southern Fried Chicken & Breakfast,1
Where can I eat where presentation matters?,Royal Sonesta New Orleans,2
Where can I eat where presentation matters?,Old Absinthe House,1
Where can I eat where presentation matters?,Holy Crepes!,3
Where can I eat where presentation matters?,Dave & Buster's,0
Where can I eat where presentation matters?,Fritzel's European Jazz Pub,0
Where can I eat where presentation matters?,Paddlewheeler Creole Queen,1
Where can I eat where presentation matters?,French Quarter Phantoms,0
Which restaurants offer some tableside service?,Louisiana Bistro,2
Which restaurants offer some tableside service?,Root,2
Which restaurants offer some tableside service?,Patois Restaurant,1
Which restaurants offer some tableside service?,Milk Bar,0
Which restaurants offer some tableside service?,Wayfare,2
Which restaurants offer some tableside service?,Dick & Jenny's,2
Which restaurants offer some tableside service?,Stella!,2
Which restaurants offer some tableside service?,New Orleans Hamburger & Seafood Co,1
Which restaurants offer some tableside service?,Josephine Estelle,2
Which restaurants offer some tableside service?,Slice Pizzeria,2
Which restaurants offer some tableside service?,Gumbo Shop,1
Which restaurants offer some tableside service?,Toups Meatery,0
Which restaurants offer some tableside service?,Dooky Chase's Restaurant,1
Which restaurants offer some tableside service?,Bayona,1
Which restaurants offer some tableside service?,El Gato Negro,2
Which restaurants offer some tableside service?,Clancy's Restaurant,2
Which restaurants offer some tableside service?,Gyu-Kaku Japanese BBQ,3
Which restaurants offer some tableside service?,Avery's On Tulane,2
Which restaurants offer some tableside service?,La Petite Grocery,1
Which restaurants offer some tableside service?,GG's Dine-O-Rama,2
Which restaurants offer some tableside service?,Restaurant R'evolution,3
Which restaurants offer some tableside service?,Tommy's Cuisine,2
Which restaurants offer some tableside service?,Brigtsen's Restaurant,2
Which restaurants offer some tableside service?,Lilette,1
Which restaurants offer some tableside service?,The Court of Two Sisters,2
Which restaurants offer some tableside service?,Saffron nola,0
Which restaurants offer some tableside service?,Boucherie,2
Which restaurants offer some tableside service?,Eat New Orleans,1
Which restaurants offer some tableside service?,Cafe Degas,1
Which restaurants offer some tableside service?,Salú Bistro and Bar,2
Which restaurants offer some tableside service?,Atchafalaya Restaurant,1
Which restaurants offer some tableside service?,DTB,2
Which restaurants offer some tableside service?,The Gallery Venue at Tomas Bistro,2
Which restaurants offer some tableside service?,La Boca,2
Which restaurants offer some tableside service?,Fogo de Chão Brazilian Steakhouse,3
Which restaurants offer some tableside service?,Gris-Gris,2
Which restaurants offer some tableside service?,Paladar 511,0
Which restaurants offer some tableside service?,The Steakhouse,0
Which restaurants offer some tableside service?,Irene's,3
Which restaurants offer some tableside service?,The American Sector,1
Which restaurants offer some tableside service?,High Hat Cafe,0
Which restaurants offer some tableside service?,Coquette,1
Which restaurants offer some tableside service?,Mizado Latin Kitchen,3
Which restaurants offer some tableside service?,Jacques-Imo's Cafe,1
Which restaurants offer some tableside service?,1000 Figs,0
Which restaurants offer some tableside service?,Mr John's Steakhouse,3
Which restaurants offer some tableside service?,Red Fish Grill,1
Which restaurants offer some tableside service?,McClure's,0
Which restaurants offer some tableside service?,Café Amelie,2
Which restaurants offer some tableside service?,Herbsaint,2
Which restaurants offer some tableside service?,Sassafras Restaurant,0
Which restaurants offer some tableside service?,Pêche,1
Which restaurants offer some tableside service?,Palace Café,2
Which restaurants offer some tableside service?,Cowbell,2
Which restaurants offer some tableside service?,Saba,2
Which restaurants offer some tableside service?,Rib Room,2
Which restaurants offer some tableside service?,Adolfo's,1
Which restaurants offer some tableside service?,Ruby Slipper Cafe,0
Which restaurants offer some tableside service?,Juan's Flying Burrito,2
Which restaurants offer some tableside service?,Chophouse New Orleans,2
Which restaurants offer some tableside service?,Cochon Butcher,0
Which restaurants offer some tableside service?,Landry's Seafood House,1
Which restaurants offer some tableside service?,Capdeville,1
Which restaurants offer some tableside service?,Mr. B's Bistro,2
Which restaurants offer some tableside service?,Emeril's Delmonico,3
Which restaurants offer some tableside service?,K-Paul's Louisiana Kitchen,2
Which restaurants offer some tableside service?,Dante's Kitchen,1
Which restaurants offer some tableside service?,Nirvana Indian Cuisine,0
Which restaurants offer some tableside service?,Vincent's Italian Cuisine,2
Which restaurants offer some tableside service?,Emeril's ,1
Which restaurants offer some tableside service?,Restaurant August,1
Which restaurants offer some tableside service?,Brown Butter Southern Kitchen & Bar,1
Which restaurants offer some tableside service?,Katie's Restaurant & Bar,0
Which restaurants offer some tableside service?,Cafe Sbisa,2
Which restaurants offer some tableside service?,The Grill,3
Which restaurants offer some tableside service?,Brennan's Restaurant,3
Which restaurants offer some tableside service?,Charcoal's Gourmet Burger Bar,2
Which restaurants offer some tableside service?,Cochon,1
Which restaurants offer some tableside service?,Copeland's Cheesecake Bistro,1
Which restaurants offer some tableside service?,Tableau,2
Which restaurants offer some tableside service?,Baru Bistro & Tapas,0
Which restaurants offer some tableside service?,The Camellia Grill,2
Which restaurants offer some tableside service?,Meril,1
Which restaurants offer some tableside service?,Galatoire's Restaurant,2
Which restaurants offer some tableside service?,Criollo Restaurant,2
Which restaurants offer some tableside service?,Compère Lapin,1
Which restaurants offer some tableside service?,Arabella Casa Di Pasta,2
Which restaurants offer some tableside service?,P & G Restaurant & Bar,1
Which restaurants offer some tableside service?,Ye Olde College Inn,2
Which restaurants offer some tableside service?,Jack Rose,2
Which restaurants offer some tableside service?,Borgne,2
Which restaurants offer some tableside service?,Upperline,2
Which restaurants offer some tableside service?,Restaurant Rebirth,2
Which restaurants offer some tableside service?,Apolline Restaurant,2
Which restaurants offer some tableside service?,Li'l Dizzy's Cafe,2
Which restaurants offer some tableside service?,Vessel NOLA,0
Which restaurants offer some tableside service?,Muriel's Jackson Square,2
Which restaurants offer some tableside service?,Green Goddess,2
Which restaurants offer some tableside service?,Majoria's Commerce Restaurant,0
Which restaurants offer some tableside service?,Café Adelaide,1
Which restaurants offer some tableside service?,Sylvain,0
Which restaurants offer some tableside service?,The Tasting Room,0
Which restaurants offer some tableside service?,SoBou,2
Which restaurants offer some tableside service?,The Italian Barrel,0
Which restaurants offer some tableside service?,Ralph's on the Park,2
Which restaurants offer some tableside service?,Galatoire's 33 Bar & Steak,1
Which restaurants offer some tableside service?,Toast,1
Which restaurants offer some tableside service?,Tujague's Restaurant,2
Which restaurants offer some tableside service?,Copper Vine,2
Which restaurants offer some tableside service?,Cafe Abyssinia,2
Which restaurants offer some tableside service?,Noodle & Pie,1
Which restaurants offer some tableside service?,The Delachaise,1
Which restaurants offer some tableside service?,Crescent City Steak House,2
Which restaurants offer some tableside service?,NOLA Restaurant,2
Which restaurants offer some tableside service?,Ugly Dog Saloon & BBQ,1
Which restaurants offer some tableside service?,Meauxbar,1
Which restaurants offer some tableside service?,Sofia,2
Which restaurants offer some tableside service?,Angeline,2
Which restaurants offer some tableside service?,Brennan's,3
Which restaurants offer some tableside service?,Kin,1
Which restaurants offer some tableside service?,SukhoThai,3
Which restaurants offer some tableside service?,Santa Fe,1
Which restaurants offer some tableside service?,Angeli on Decatur,1
Which restaurants offer some tableside service?,Auction House Market,2
Which restaurants offer some tableside service?,Three Muses,0
Which restaurants offer some tableside service?,The Pelican Club,1
Which restaurants offer some tableside service?,Superior Seafood & Oyster Bar,1
Which restaurants offer some tableside service?,Pascal's Manale,2
Which restaurants offer some tableside service?,Trenasse,1
Which restaurants offer some tableside service?,Deanie's Seafood,0
Which restaurants offer some tableside service?,Mona's Cafe,1
Which restaurants offer some tableside service?,GW Fins,2
Which restaurants offer some tableside service?,Casamento's Restaurant,1
Which restaurants offer some tableside service?,Mayas,2
Which restaurants offer some tableside service?,Squeal,2
Which restaurants offer some tableside service?,Voodoo BBQ & Grill,1
Which restaurants offer some tableside service?,Cavan,1
Which restaurants offer some tableside service?,Orleans Grapevine Wine Bar & Bistro,1
Which restaurants offer some tableside service?,Liberty Cheesesteaks,0
Which restaurants offer some tableside service?,The Joint,1
Which restaurants offer some tableside service?,Maypop Restaurant,2
Which restaurants offer some tableside service?,Booty's Street Food,1
Which restaurants offer some tableside service?,Faubourg Bistro,0
Which restaurants offer some tableside service?,The Munch Factory,1
Which restaurants offer some tableside service?,Marcello's Restaurant & Wine Bar,2
Which restaurants offer some tableside service?,Yo Mama's Bar & Grill,2
Which restaurants offer some tableside service?,Little Korea BBQ,3
Which restaurants offer some tableside service?,Trinity Restaurant New Orleans,2
Which restaurants offer some tableside service?,Desi Vega's Steakhouse,1
Which restaurants offer some tableside service?,Nolé,0
Which restaurants offer some tableside service?,Crescent City Brewhouse,2
Which restaurants offer some tableside service?,Luke,2
Which restaurants offer some tableside service?,Bubba Gump Shrimp Co.,2
Which restaurants offer some tableside service?,Tartine,1
Which restaurants offer some tableside service?,Domenica,2
Which restaurants offer some tableside service?,Boswell's Jamaican Grill,0
Which restaurants offer some tableside service?,Felix's Restaurant & Oyster Bar,2
Which restaurants offer some tableside service?,Briquette,1
Which restaurants offer some tableside service?,Curio,1
Which restaurants offer some tableside service?,Little Gem Saloon,1
Which restaurants offer some tableside service?,Dickie Brennan's Steakhouse,1
Which restaurants offer some tableside service?,Blue Oak BBQ,0
Which restaurants offer some tableside service?,The Company Burger,0
Which restaurants offer some tableside service?,Liuzza's By The Track,2
Which restaurants offer some tableside service?,Annunciation,1
Which restaurants offer some tableside service?,Commander's Palace,3
Which restaurants offer some tableside service?,Ruth's Chris Steak House,2
Which restaurants offer some tableside service?,Diamond Street Bar & Grill,2
Which restaurants offer some tableside service?,Willa Jean,0
Which restaurants offer some tableside service?,Café at The Square,2
Which restaurants offer some tableside service?,Shaya,1
Which restaurants offer some tableside service?,The Praline Connection,1
Which restaurants offer some tableside service?,Hobnobber's Variety Bar & Restaurant,1
Which restaurants offer some tableside service?,Vacherie,2
Which restaurants offer some tableside service?,Felipe's Mexican Taqueria - Uptown,0
Which restaurants offer some tableside service?,La Crepe Nanou,2
Which restaurants offer some tableside service?,Welty's Deli and Catering,1
Which restaurants offer some tableside service?,The Velvet Cactus,1
Which restaurants offer some tableside service?,Red Dog Diner,3
Which restaurants offer some tableside service?,Cafe Maspero,0
Which restaurants offer some tableside service?,Legacy Kitchen's Craft Tavern,1
Which restaurants offer some tableside service?,Another Broken Egg Cafe,1
Which restaurants offer some tableside service?,Grand Isle,0
Which restaurants offer some tableside service?,Chartres House,0
Which restaurants offer some tableside service?,Lola's,1
Which restaurants offer some tableside service?,Rebellion Bar & Urban Kitchen,2
Which restaurants offer some tableside service?,Coop's Place,1
Which restaurants offer some tableside service?,Port Of Call,1
Which restaurants offer some tableside service?,Saint Lawrence,2
Which restaurants offer some tableside service?,Doris Metropolitan,2
Which restaurants offer some tableside service?,Satsuma Café,1
Which restaurants offer some tableside service?,Crabby Jack's,2
Which restaurants offer some tableside service?,Houston's Restaurant,1
Which restaurants offer some tableside service?,Carmo,2
Which restaurants offer some tableside service?,Salon by Sucré,1
Which restaurants offer some tableside service?,Broussard's,2
Which restaurants offer some tableside service?,13 Monaghan,1
Which restaurants offer some tableside service?,Russell's Marina Grill,1
Which restaurants offer some tableside service?,Cane and Table,0
Which restaurants offer some tableside service?,Central City BBQ,1
Which restaurants offer some tableside service?,Red Gravy,1
Which restaurants offer some tableside service?,biscuit & buns on banks,1
Which restaurants offer some tableside service?,Killer Poboys,0
Which restaurants offer some tableside service?,The Original Pierre Maspero's,2
Which restaurants offer some tableside service?,N 7,0
Which restaurants offer some tableside service?,Arnaud's Restaurant,3
Which restaurants offer some tableside service?,Stanley,2
Which restaurants offer some tableside service?,Mopho,0
Which restaurants offer some tableside service?,Turkey and the Wolf,1
Which restaurants offer some tableside service?,La Macarena Pupuseria & Latin Cafe,1
Which restaurants offer some tableside service?,The Bombay Club,1
Which restaurants offer some tableside service?,Superior Grill,1
Which restaurants offer some tableside service?,Ba Chi Canteen,2
Which restaurants offer some tableside service?,St Roch Market,1
Which restaurants offer some tableside service?,The Backyard,0
Which restaurants offer some tableside service?,Antoine's Restaurant,2
Which restaurants offer some tableside service?,Frey Smoked Meat,1
Which restaurants offer some tableside service?,Oceana Grill,1
Which restaurants offer some tableside service?,Louisiana Pizza Kitchen,1
Which restaurants offer some tableside service?,La Thai Uptown,0
Which restaurants offer some tableside service?,The Old Coffee Pot Restaurant,1
Which restaurants offer some tableside service?,Bon Ton Cafe,2
Which restaurants offer some tableside service?,Cleo's,0
Which restaurants offer some tableside service?,Saint Cecilia,0
Which restaurants offer some tableside service?,Hard Rock Cafe,2
Which restaurants offer some tableside service?,Flamingo A-Go-Go,2
Which restaurants offer some tableside service?,Mr Ed's Oyster Bar - Bienville,1
Which restaurants offer some tableside service?,Felipe's Mexican Taqueria - French Quarter,2
Which restaurants offer some tableside service?,Down The Hatch,1
Which restaurants offer some tableside service?,Amici,2
Which restaurants offer some tableside service?,Nacho Mama's Mexican Grill,1
Which restaurants offer some tableside service?,Huck Finn's Cafe,1
Which restaurants offer some tableside service?,Galliano Restaurant,1
Which restaurants offer some tableside service?,Kingfish,2
Which restaurants offer some tableside service?,Midway Pizza,2
Which restaurants offer some tableside service?,Kebab,0
Which restaurants offer some tableside service?,The Original French Market Restaurant and Bar,1
Which restaurants offer some tableside service?,The Blue Crab Restaurant & Oyster Bar,1
Which restaurants offer some tableside service?,New Orleans Cake Café & Bakery,2
Which restaurants offer some tableside service?,Sake Cafe Uptown,1
Which restaurants offer some tableside service?,Mother's Restaurant,2
Which restaurants offer some tableside service?,Lula Restaurant Distillery,2
Which restaurants offer some tableside service?,Willie's Chicken Shack,0
Which restaurants offer some tableside service?,Pizza Domenica,3
Which restaurants offer some tableside service?,Frankie & Johnny's,2
Which restaurants offer some tableside service?,Neyow's Creole Cafe,0
Which restaurants offer some tableside service?,Chiba,2
Which restaurants offer some tableside service?,Verti Marte,0
Which restaurants offer some tableside service?,Fullblast Brunch,1
Which restaurants offer some tableside service?,Venezia Restaurant,1
Which restaurants offer some tableside service?,Taqueria Corona,0
Which restaurants offer some tableside service?,Desire Oyster Bar,0
Which restaurants offer some tableside service?,Ignatius' Rue de La Course Coffeehouse,2
Which restaurants offer some tableside service?,Justine,0
Which restaurants offer some tableside service?,New Orleans Creole Cookery,0
Which restaurants offer some tableside service?,Mulate's,1
Which restaurants offer some tableside service?,Pho Bistreaux,0
Which restaurants offer some tableside service?,Del Fuego,2
Which restaurants offer some tableside service?,Mint Modern Vietnamese Bistro & Bar,0
Which restaurants offer some tableside service?,Joey K's Restaurant & Bar,2
Which restaurants offer some tableside service?,The Governor,1
Which restaurants offer some tableside service?,Walk-On's Sports Bistreaux - New Orleans,2
Which restaurants offer some tableside service?,Basin Seafood & Spirits,1
Which restaurants offer some tableside service?,Tsunami Sushi,1
Which restaurants offer some tableside service?,Cornet,2
Which restaurants offer some tableside service?,Parkway Bakery & Tavern,0
Which restaurants offer some tableside service?,Tito's Ceviche & Pisco,2
Which restaurants offer some tableside service?,Le Bayou Restaurant,1
Which restaurants offer some tableside service?,Drago's Seafood Restaurant,1
Which restaurants offer some tableside service?,Little Tokyo Small Plates & Noodle Bar,1
Which restaurants offer some tableside service?,Ole Saint,2
Which restaurants offer some tableside service?,Parasol's,1
Which restaurants offer some tableside service?,Gumbo Ya-Ya,0
Which restaurants offer some tableside service?,Please-U-Restaurant,1
Which restaurants offer some tableside service?,Evangeline,2
Which restaurants offer some tableside service?,Bourbon House,1
Which restaurants offer some tableside service?,Elizabeth's Restaurant,0
Which restaurants offer some tableside service?,HORN'S EATERY,0
Which restaurants offer some tableside service?,The Marigny Brasserie,2
Which restaurants offer some tableside service?,Mandina's Restaurant,1
Which restaurants offer some tableside service?,Creole House Restaurant & Oyster Bar,2
Which restaurants offer some tableside service?,Gumbo POT,0
Which restaurants offer some tableside service?,Acme Oyster House - Harrahs,1
Which restaurants offer some tableside service?,Jimmy J's Cafe,0
Which restaurants offer some tableside service?,Blaze Pizza,1
Which restaurants offer some tableside service?,Coterie Restaurant & Oyster Bar,0
Which restaurants offer some tableside service?,Felipe's Mexican Taqueria - Mid City,1
Which restaurants offer some tableside service?,Taqueria Guerrero,0
Which restaurants offer some tableside service?,The Trolley Stop Cafe,0
Which restaurants offer some tableside service?,Riccobono’s Panola St. Cafe,1
Which restaurants offer some tableside service?,Lebanon's Cafe,0
Which restaurants offer some tableside service?,Bearcat CBD,0
Which restaurants offer some tableside service?,Maïs Arepas,0
Which restaurants offer some tableside service?,Gallier Restaurant & Oyster Bar,1
Which restaurants offer some tableside service?,Cafe Fleur De Lis,1
Which restaurants offer some tableside service?,Refuel Cafe,1
Which restaurants offer some tableside service?,Franks Restaurant,1
Which restaurants offer some tableside service?,Surrey's Uptown,1
Which restaurants offer some tableside service?,St Charles Tavern,0
Which restaurants offer some tableside service?,Ninja Restaurant,2
Which restaurants offer some tableside service?,Dong Phuong,0
Which restaurants offer some tableside service?,Warehouse Grille,2
Which restaurants offer some tableside service?,The Halal Guys,0
Which restaurants offer some tableside service?,Coulis,1
Which restaurants offer some tableside service?,Mimi's In The Marigny,1
Which restaurants offer some tableside service?,Johnny Sanchez,0
Which restaurants offer some tableside service?,Red's Chinese,1
Which restaurants offer some tableside service?,Morrow's,0
Which restaurants offer some tableside service?,Dat Dog,1
Which restaurants offer some tableside service?,Bennachin Restaurant,1
Which restaurants offer some tableside service?,Cafe Pontalba,1
Which restaurants offer some tableside service?,Surrey's Café & Juice Bar,1
Which restaurants offer some tableside service?,Belle's Diner Nola,1
Which restaurants offer some tableside service?,Tru Burger,0
Which restaurants offer some tableside service?,Tout De Suite Cafe,0
Which restaurants offer some tableside service?,Acme Oyster House,1
Which restaurants offer some tableside service?,Pere Antoine Restaurant,0
Which restaurants offer some tableside service?,Clover Grill,2
Which restaurants offer some tableside service?,Guy's Po Boys,1
Which restaurants offer some tableside service?,Ernst Cafe,2
Which restaurants offer some tableside service?,Gordon Biersch Brewery Restaurant,1
Which restaurants offer some tableside service?,Sneaky Pickle,0
Which restaurants offer some tableside service?,Hoshun Restaurant,2
Which restaurants offer some tableside service?,801 Royal,2
Which restaurants offer some tableside service?,Ancora,3
Which restaurants offer some tableside service?,Mikimoto,1
Which restaurants offer some tableside service?,Estrella Steak & Lobster,1
Which restaurants offer some tableside service?,Johnny's Po-Boys,0
Which restaurants offer some tableside service?,Yuki Izakaya,1
Which restaurants offer some tableside service?,The Irish House,1
Which restaurants offer some tableside service?,Tracey's Original Irish Channel Bar,0
Which restaurants offer some tableside service?,Royal House,2
Which restaurants offer some tableside service?,Cooter Brown's,0
Which restaurants offer some tableside service?,Columns,1
Which restaurants offer some tableside service?,Gazebo Cafe,3
Which restaurants offer some tableside service?,Seaworthy,0
Which restaurants offer some tableside service?,Cajun Seafood,0
Which restaurants offer some tableside service?,Wakin' Bakin',1
Which restaurants offer some tableside service?,Seed,0
Which restaurants offer some tableside service?,Manning's Sports Bar and Grill,1
Which restaurants offer some tableside service?,Olde Nola Cookery,1
Which restaurants offer some tableside service?,Two Chicks Cafe,2
Which restaurants offer some tableside service?,New Orleans School of Cooking,0
Which restaurants offer some tableside service?,Copper Monkey Grill,1
Which restaurants offer some tableside service?,La Casita,1
Which restaurants offer some tableside service?,Mona Lisa Restaurant,1
Which restaurants offer some tableside service?,Bakery Bar,1
Which restaurants offer some tableside service?,Namese,0
Which restaurants offer some tableside service?,Monty's on the Square,1
Which restaurants offer some tableside service?,Buffa's Bar & Restaurant,1
Which restaurants offer some tableside service?,Union Kitchen & Union Party Room,2
Which restaurants offer some tableside service?,Jagerhaus,2
Which restaurants offer some tableside service?,Pier 424 Seafood Market,1
Which restaurants offer some tableside service?,Streetcar Cafe,2
Which restaurants offer some tableside service?,Mahony's Po-Boys & Seafood  - Uptown,2
Which restaurants offer some tableside service?,Bayou Hot Wings,1
Which restaurants offer some tableside service?,Seither's Seafood,1
Which restaurants offer some tableside service?,Remoulade,0
Which restaurants offer some tableside service?,Mr. Ed's Oyster Bar - St Charles Ave,1
Which restaurants offer some tableside service?,Bearcat Cafe,2
Which restaurants offer some tableside service?,Shawarma on the Go,2
Which restaurants offer some tableside service?,Fiorella's Cafe,1
Which restaurants offer some tableside service?,Fat Boy Pantry,0
Which restaurants offer some tableside service?,The Avenue Pub,0
Which restaurants offer some tableside service?,Stein's Market and Deli,1
Which restaurants offer some tableside service?,Slim Goodies Diner,2
Which restaurants offer some tableside service?,Origami,0
Which restaurants offer some tableside service?,Nomiya,1
Which restaurants offer some tableside service?,Central Grocery & Deli,1
Which restaurants offer some tableside service?,The Country Club,1
Which restaurants offer some tableside service?,Fharmacy Nola,0
Which restaurants offer some tableside service?,Heard Dat Kitchen,2
Which restaurants offer some tableside service?,CellarDoor,0
Which restaurants offer some tableside service?,J's Seafood Dock,2
Which restaurants offer some tableside service?,Le Pavillon Hotel,1
Which restaurants offer some tableside service?,Mambo's,2
Which restaurants offer some tableside service?,Sushi Brothers,2
Which restaurants offer some tableside service?,BOIL Seafood House,2
Which restaurants offer some tableside service?,Pho Tau Bay Restaurant,1
Which restaurants offer some tableside service?,Mahony's Po-Boys & Seafood,2
Which restaurants offer some tableside service?,Cafe Rose Nicaud,2
Which restaurants offer some tableside service?,The Crazy Lobster Bar & Grill,0
Which restaurants offer some tableside service?,Daisy Dukes Cafe,2
Which restaurants offer some tableside service?,The Market Cafe,0
Which restaurants offer some tableside service?,Domilise Po-Boys & Bar,0
Which restaurants offer some tableside service?,Reginelli's Pizzeria,2
Which restaurants offer some tableside service?,NOLA Poboys,0
Which restaurants offer some tableside service?,Daisy Dukes - French Quarter,0
Which restaurants offer some tableside service?,Ruby Slipper - New Orleans,0
Which restaurants offer some tableside service?,Nonna Mia Cafe & Pizzeria,2
Which restaurants offer some tableside service?,Magasin Vietnamese Cafe,1
Which restaurants offer some tableside service?,Casa Borrega,2
Which restaurants offer some tableside service?,Gus's World Famous Fried Chicken,3
Which restaurants offer some tableside service?,Wood Pizza Bistro and Taphouse,0
Which restaurants offer some tableside service?,The Rum House,0
Which restaurants offer some tableside service?,Pizza Delicious,1
Which restaurants offer some tableside service?,Mena's Palace,0
Which restaurants offer some tableside service?,Corner Oyster House,0
Which restaurants offer some tableside service?,Cafe Conti,2
Which restaurants offer some tableside service?,Bevi Seafood,1
Which restaurants offer some tableside service?,Backspace Bar & Kitchen,0
Which restaurants offer some tableside service?,Araña Taqueria y Cantina,0
Which restaurants offer some tableside service?,9 Roses Cafe,0
Which restaurants offer some tableside service?,WINO  Wine Institute of New Orleans,1
Which restaurants offer some tableside service?,Dian Xin,1
Which restaurants offer some tableside service?,French Toast,1
Which restaurants offer some tableside service?,Sweet Soulfood,0
Which restaurants offer some tableside service?,Meals From The Heart Cafe,1
Which restaurants offer some tableside service?,Saints And Sinners,1
Which restaurants offer some tableside service?,The Blind Pelican,0
Which restaurants offer some tableside service?,Cajun Mike's Pub & Grub,1
Which restaurants offer some tableside service?,Bayou Burger & Sports Company,0
Which restaurants offer some tableside service?,World Famous N'awlins Cafe & Spice Emporium,0
Which restaurants offer some tableside service?,Lilly's Cafe,1
Which restaurants offer some tableside service?,The Jimani,0
Which restaurants offer some tableside service?,Lucy's Retired Surfers Bar & Restaurant,0
Which restaurants offer some tableside service?,Cuñada,0
Which restaurants offer some tableside service?,Jung's Golden Dragon II,2
Which restaurants offer some tableside service?,The Daily Beet,0
Which restaurants offer some tableside service?,Victory,0
Which restaurants offer some tableside service?,Cure,3
Which restaurants offer some tableside service?,Dolce Vita Pizzeria,1
Which restaurants offer some tableside service?,Geisha Sushi Bistro,0
Which restaurants offer some tableside service?,Clesi's Restaurant & Catering,0
Which restaurants offer some tableside service?,Gene's PO-Boys,0
Which restaurants offer some tableside service?,Rock-n-Saké Bar & Sushi,2
Which restaurants offer some tableside service?,Deja Vu Restaurant & Bar,0
Which restaurants offer some tableside service?,Merchant,1
Which restaurants offer some tableside service?,Attiki Bar and Grill,2
Which restaurants offer some tableside service?,Beachbum Berry's Latitude 29,3
Which restaurants offer some tableside service?,Krystal,0
Which restaurants offer some tableside service?,Tacos And Beer,2
Which restaurants offer some tableside service?,Asuka Sushi & Hibachi,2
Which restaurants offer some tableside service?,Melba's,0
Which restaurants offer some tableside service?,Napoleon House,2
Which restaurants offer some tableside service?,Turtle Bay,0
Which restaurants offer some tableside service?,The Vintage,1
Which restaurants offer some tableside service?,Daisy Mae's Southern Fried Chicken & Breakfast,2
Which restaurants offer some tableside service?,Snug Harbor Jazz Bistro,1
Which restaurants offer some tableside service?,District Donuts Sliders Brew,0
Which restaurants offer some tableside service?,Who Dat Coffee Cafe,0
Which restaurants offer some tableside service?,Poke Loa,0
Which restaurants offer some tableside service?,Willie Mae's Scotch House,0
Which restaurants offer some tableside service?,Breads on Oak Cafe & Bakery,0
Which restaurants offer some tableside service?,Mid City Pizza,1
Which restaurants offer some tableside service?,G's Pizza,0
Which restaurants offer some tableside service?,Dreamy Weenies,1
Which restaurants offer some tableside service?,The Original Italian Pie,0
Which restaurants offer some tableside service?,Five Happiness Chinese Restaurant,0
Which restaurants offer some tableside service?,Brothers Food Mart,0
Which restaurants offer some tableside service?,Daisy Dukes Express,1
Which restaurants offer some tableside service?,Two Chicks Café - CBD,2
Which restaurants offer some tableside service?,Barcadia,1
Which restaurants offer some tableside service?,BB King's Blues Club,1
Which restaurants offer some tableside service?,Cafe Envie & Espresso Bar,0
Which restaurants offer some tableside service?,Magazine Pizza,0
Which restaurants offer some tableside service?,We Dat's Chicken and Shrimp,0
Which restaurants offer some tableside service?,IHOP,0
Which restaurants offer some tableside service?,The Maison,1
Which restaurants offer some tableside service?,House of Blues New Orleans,1
Which restaurants offer some tableside service?,Avenue Cafe,0
Which restaurants offer some tableside service?,Pat O'Brien's Courtyard Restaurant,2
Which restaurants offer some tableside service?,Steamboat Natchez,0
Which restaurants offer some tableside service?,Sucré,1
Which restaurants offer some tableside service?,"The Ritz-Carlton, New Orleans",1
Which restaurants offer some tableside service?,La Boulangerie,1
Which restaurants offer some tableside service?,Arnaud's French 75 Bar,2
Which restaurants offer some tableside service?,Cafe Beignet on Royal Street,1
Which restaurants offer some tableside service?,HiVolt Coffee,0
Which restaurants offer some tableside service?,The Howlin' Wolf,1
Which restaurants offer some tableside service?,Windsor Court Hotel,2
Which restaurants offer some tableside service?,Hilton New Orleans Riverside,1
Which restaurants offer some tableside service?,Crescent City Pizza Works,0
Which restaurants offer some tableside service?,Backatown Coffee Parlour,0
Which restaurants offer some tableside service?,Bittersweet Confections,0
Which restaurants offer some tableside service?,Cafe Beignet on Bourbon Street,0
Which restaurants offer some tableside service?,Morning Call Coffee Stand,2
Which restaurants offer some tableside service?,Dave & Buster's,2
Which restaurants offer some tableside service?,Bamboula's,1
Which restaurants offer some tableside service?,Vieux Carre Pizza,0
Which restaurants offer some tableside service?,Envie Espresso Bar & Cafe,0
Which restaurants offer some tableside service?,Angelo Brocato,0
Which restaurants offer some tableside service?,30_90 NOLA,1
Which restaurants offer some tableside service?,Cafe Beignet on Decatur Street,0
Which restaurants offer some tableside service?,Three Legged Dog,0
Which restaurants offer some tableside service?,Pat O'Brien’s,0
Which restaurants offer some tableside service?,Café Du Monde,2
Which restaurants offer some tableside service?,The American Sports Saloon,0
Which restaurants offer some tableside service?,Croissant D'Or Patisserie,1
Which restaurants offer some tableside service?,Embassy Suites by Hilton New Orleans,0
Which restaurants offer some tableside service?,Pirates Alley Cafe,2
Which restaurants offer some tableside service?,Piccola Gelateria,1
Which restaurants offer some tableside service?,New Orleans Marriott,1
Which restaurants offer some tableside service?,New Orleans Famous Beignets And Coffee,2
Which restaurants offer some tableside service?,Tiki Tolteca,2
Which restaurants offer some tableside service?,The Bulldog,0
Which restaurants offer some tableside service?,Sazerac Bar,2
Which restaurants offer some tableside service?,W New Orleans - French Quarter,1
Which restaurants offer some tableside service?,French Truck Coffee,0
Which restaurants offer some tableside service?,Rue De La Course,0
Which restaurants offer some tableside service?,Holy Crepes!,1
Which restaurants offer some tableside service?,Cafe Negril,1
Which restaurants offer some tableside service?,Mojo Coffee House,1
Which restaurants offer some tableside service?,The Rusty Nail,1
Which restaurants offer some tableside service?,Sheraton New Orleans Hotel,1
Which restaurants offer some tableside service?,The Old No 77 Hotel and Chandlery,1
Which restaurants offer some tableside service?,The Jazz Playhouse,2
Which restaurants offer some tableside service?,Royal Sonesta New Orleans,1
Which restaurants offer some tableside service?,Hotel New Orleans Downtown,1
Which restaurants offer some tableside service?,Hot Tin,1
Which restaurants offer some tableside service?,Paddlewheeler Creole Queen,0
Which restaurants offer some tableside service?,Revelator Coffee New Orleans,0
Which restaurants offer some tableside service?,Old Absinthe House,0
Which restaurants offer some tableside service?,Fritzel's European Jazz Pub,1
Which restaurants offer some tableside service?,French Quarter Phantoms,0
Where can I find dining with a touch of entertainment?,Stella!,2
Where can I find dining with a touch of entertainment?,Three Muses,3
Where can I find dining with a touch of entertainment?,Snug Harbor Jazz Bistro,3
Where can I find dining with a touch of entertainment?,The Court of Two Sisters,3
Where can I find dining with a touch of entertainment?,Louisiana Bistro,3
Where can I find dining with a touch of entertainment?,The Bombay Club,3
Where can I find dining with a touch of entertainment?,Little Tokyo Small Plates & Noodle Bar,3
Where can I find dining with a touch of entertainment?,Bayona,1
Where can I find dining with a touch of entertainment?,The Howlin' Wolf,3
Where can I find dining with a touch of entertainment?,Restaurant R'evolution,2
Where can I find dining with a touch of entertainment?,Irene's,3
Where can I find dining with a touch of entertainment?,The Maison,3
Where can I find dining with a touch of entertainment?,Brigtsen's Restaurant,0
Where can I find dining with a touch of entertainment?,Arnaud's Restaurant,3
Where can I find dining with a touch of entertainment?,Lilette,1
Where can I find dining with a touch of entertainment?,Little Gem Saloon,3
Where can I find dining with a touch of entertainment?,Green Goddess,2
Where can I find dining with a touch of entertainment?,The Delachaise,2
Where can I find dining with a touch of entertainment?,Landry's Seafood House,2
Where can I find dining with a touch of entertainment?,Clancy's Restaurant,1
Where can I find dining with a touch of entertainment?,Coquette,0
Where can I find dining with a touch of entertainment?,Walk-On's Sports Bistreaux - New Orleans,3
Where can I find dining with a touch of entertainment?,Chophouse New Orleans,3
Where can I find dining with a touch of entertainment?,Vessel NOLA,3
Where can I find dining with a touch of entertainment?,House of Blues New Orleans,3
Where can I find dining with a touch of entertainment?,Criollo Restaurant,2
Where can I find dining with a touch of entertainment?,Ralph's on the Park,2
Where can I find dining with a touch of entertainment?,Dick & Jenny's,2
Where can I find dining with a touch of entertainment?,Auction House Market,3
Where can I find dining with a touch of entertainment?,Jacques-Imo's Cafe,2
Where can I find dining with a touch of entertainment?,Mimi's In The Marigny,3
Where can I find dining with a touch of entertainment?,Salú Bistro and Bar,2
Where can I find dining with a touch of entertainment?,The Pelican Club,2
Where can I find dining with a touch of entertainment?,Café Amelie,2
Where can I find dining with a touch of entertainment?,The Camellia Grill,3
Where can I find dining with a touch of entertainment?,Muriel's Jackson Square,3
Where can I find dining with a touch of entertainment?,Atchafalaya Restaurant,3
Where can I find dining with a touch of entertainment?,Tableau,3
Where can I find dining with a touch of entertainment?,The Marigny Brasserie,3
Where can I find dining with a touch of entertainment?,Upperline,2
Where can I find dining with a touch of entertainment?,Galatoire's Restaurant,3
Where can I find dining with a touch of entertainment?,Commander's Palace,3
Where can I find dining with a touch of entertainment?,Jack Rose,3
Where can I find dining with a touch of entertainment?,Restaurant August,1
Where can I find dining with a touch of entertainment?,The Grill,3
Where can I find dining with a touch of entertainment?,Boucherie,1
Where can I find dining with a touch of entertainment?,The Gallery Venue at Tomas Bistro,2
Where can I find dining with a touch of entertainment?,Galatoire's 33 Bar & Steak,2
Where can I find dining with a touch of entertainment?,The Tasting Room,1
Where can I find dining with a touch of entertainment?,Buffa's Bar & Restaurant,3
Where can I find dining with a touch of entertainment?,The American Sector,2
Where can I find dining with a touch of entertainment?,Tommy's Cuisine,3
Where can I find dining with a touch of entertainment?,The Country Club,3
Where can I find dining with a touch of entertainment?,Kin,2
Where can I find dining with a touch of entertainment?,K-Paul's Louisiana Kitchen,2
Where can I find dining with a touch of entertainment?,Palace Café,3
Where can I find dining with a touch of entertainment?,La Crepe Nanou,2
Where can I find dining with a touch of entertainment?,Columns,2
Where can I find dining with a touch of entertainment?,Emeril's Delmonico,2
Where can I find dining with a touch of entertainment?,Gris-Gris,2
Where can I find dining with a touch of entertainment?,Herbsaint,2
Where can I find dining with a touch of entertainment?,Meauxbar,2
Where can I find dining with a touch of entertainment?,N 7,3
Where can I find dining with a touch of entertainment?,Booty's Street Food,3
Where can I find dining with a touch of entertainment?,Cooter Brown's,3
Where can I find dining with a touch of entertainment?,Manning's Sports Bar and Grill,3
Where can I find dining with a touch of entertainment?,Dooky Chase's Restaurant,2
Where can I find dining with a touch of entertainment?,Briquette,1
Where can I find dining with a touch of entertainment?,Barcadia,3
Where can I find dining with a touch of entertainment?,Patois Restaurant,2
Where can I find dining with a touch of entertainment?,Cavan,2
Where can I find dining with a touch of entertainment?,New Orleans Hamburger & Seafood Co,2
Where can I find dining with a touch of entertainment?,Cafe Degas,2
Where can I find dining with a touch of entertainment?,Red Fish Grill,2
Where can I find dining with a touch of entertainment?,La Petite Grocery,1
Where can I find dining with a touch of entertainment?,Root,3
Where can I find dining with a touch of entertainment?,Mizado Latin Kitchen,3
Where can I find dining with a touch of entertainment?,Eat New Orleans,2
Where can I find dining with a touch of entertainment?,Ye Olde College Inn,2
Where can I find dining with a touch of entertainment?,Borgne,1
Where can I find dining with a touch of entertainment?,Paladar 511,2
Where can I find dining with a touch of entertainment?,Josephine Estelle,2
Where can I find dining with a touch of entertainment?,Mr John's Steakhouse,2
Where can I find dining with a touch of entertainment?,Adolfo's,3
Where can I find dining with a touch of entertainment?,El Gato Negro,2
Where can I find dining with a touch of entertainment?,The Rusty Nail,3
Where can I find dining with a touch of entertainment?,Trinity Restaurant New Orleans,3
Where can I find dining with a touch of entertainment?,Juan's Flying Burrito,2
Where can I find dining with a touch of entertainment?,Dickie Brennan's Steakhouse,2
Where can I find dining with a touch of entertainment?,Annunciation,2
Where can I find dining with a touch of entertainment?,Cafe Sbisa,3
Where can I find dining with a touch of entertainment?,Vincent's Italian Cuisine,2
Where can I find dining with a touch of entertainment?,Ruby Slipper Cafe,1
Where can I find dining with a touch of entertainment?,The Steakhouse,2
Where can I find dining with a touch of entertainment?,Antoine's Restaurant,2
Where can I find dining with a touch of entertainment?,The Market Cafe,3
Where can I find dining with a touch of entertainment?,St Roch Market,2
Where can I find dining with a touch of entertainment?,Bakery Bar,3
Where can I find dining with a touch of entertainment?,La Boca,2
Where can I find dining with a touch of entertainment?,Santa Fe,3
Where can I find dining with a touch of entertainment?,Cowbell,1
Where can I find dining with a touch of entertainment?,Steamboat Natchez,3
Where can I find dining with a touch of entertainment?,Compère Lapin,2
Where can I find dining with a touch of entertainment?,SoBou,3
Where can I find dining with a touch of entertainment?,Tujague's Restaurant,2
Where can I find dining with a touch of entertainment?,Meril,3
Where can I find dining with a touch of entertainment?,Sylvain,2
Where can I find dining with a touch of entertainment?,Pêche,1
Where can I find dining with a touch of entertainment?,Justine,3
Where can I find dining with a touch of entertainment?,Baru Bistro & Tapas,2
Where can I find dining with a touch of entertainment?,High Hat Cafe,1
Where can I find dining with a touch of entertainment?,Copper Vine,2
Where can I find dining with a touch of entertainment?,Crescent City Brewhouse,3
Where can I find dining with a touch of entertainment?,Victory,2
Where can I find dining with a touch of entertainment?,Capdeville,3
Where can I find dining with a touch of entertainment?,Deanie's Seafood,1
Where can I find dining with a touch of entertainment?,Mayas,2
Where can I find dining with a touch of entertainment?,Nolé,3
Where can I find dining with a touch of entertainment?,Dante's Kitchen,2
Where can I find dining with a touch of entertainment?,Restaurant Rebirth,2
Where can I find dining with a touch of entertainment?,Shaya,1
Where can I find dining with a touch of entertainment?,Houston's Restaurant,3
Where can I find dining with a touch of entertainment?,The Velvet Cactus,3
Where can I find dining with a touch of entertainment?,Down The Hatch,2
Where can I find dining with a touch of entertainment?,Rib Room,2
Where can I find dining with a touch of entertainment?,GW Fins,0
Where can I find dining with a touch of entertainment?,The Jazz Playhouse,3
Where can I find dining with a touch of entertainment?,Angeline,2
Where can I find dining with a touch of entertainment?,Kingfish,2
Where can I find dining with a touch of entertainment?,Yuki Izakaya,3
Where can I find dining with a touch of entertainment?,Superior Grill,2
Where can I find dining with a touch of entertainment?,Emeril's ,2
Where can I find dining with a touch of entertainment?,Saffron nola,2
Where can I find dining with a touch of entertainment?,Katie's Restaurant & Bar,1
Where can I find dining with a touch of entertainment?,Cochon,1
Where can I find dining with a touch of entertainment?,Wayfare,1
Where can I find dining with a touch of entertainment?,Ugly Dog Saloon & BBQ,2
Where can I find dining with a touch of entertainment?,CellarDoor,2
Where can I find dining with a touch of entertainment?,Cure,2
Where can I find dining with a touch of entertainment?,Cornet,3
Where can I find dining with a touch of entertainment?,Sofia,2
Where can I find dining with a touch of entertainment?,La Thai Uptown,2
Where can I find dining with a touch of entertainment?,Ruth's Chris Steak House,1
Where can I find dining with a touch of entertainment?,The Irish House,3
Where can I find dining with a touch of entertainment?,SukhoThai,2
Where can I find dining with a touch of entertainment?,Dat Dog,3
Where can I find dining with a touch of entertainment?,Flamingo A-Go-Go,3
Where can I find dining with a touch of entertainment?,Mr. B's Bistro,3
Where can I find dining with a touch of entertainment?,Orleans Grapevine Wine Bar & Bistro,3
Where can I find dining with a touch of entertainment?,Brown Butter Southern Kitchen & Bar,2
Where can I find dining with a touch of entertainment?,Legacy Kitchen's Craft Tavern,2
Where can I find dining with a touch of entertainment?,Lula Restaurant Distillery,2
Where can I find dining with a touch of entertainment?,The Italian Barrel,1
Where can I find dining with a touch of entertainment?,New Orleans Creole Cookery,3
Where can I find dining with a touch of entertainment?,Boswell's Jamaican Grill,1
Where can I find dining with a touch of entertainment?,Cane and Table,2
Where can I find dining with a touch of entertainment?,Broussard's,3
Where can I find dining with a touch of entertainment?,Estrella Steak & Lobster,3
Where can I find dining with a touch of entertainment?,Nirvana Indian Cuisine,1
Where can I find dining with a touch of entertainment?,Lola's,1
Where can I find dining with a touch of entertainment?,NOLA Restaurant,2
Where can I find dining with a touch of entertainment?,Café Adelaide,2
Where can I find dining with a touch of entertainment?,Gyu-Kaku Japanese BBQ,3
Where can I find dining with a touch of entertainment?,Superior Seafood & Oyster Bar,2
Where can I find dining with a touch of entertainment?,The Jimani,3
Where can I find dining with a touch of entertainment?,Gazebo Cafe,3
Where can I find dining with a touch of entertainment?,Apolline Restaurant,1
Where can I find dining with a touch of entertainment?,Beachbum Berry's Latitude 29,3
Where can I find dining with a touch of entertainment?,Saint Lawrence,1
Where can I find dining with a touch of entertainment?,Charcoal's Gourmet Burger Bar,1
Where can I find dining with a touch of entertainment?,Saints And Sinners,3
Where can I find dining with a touch of entertainment?,Slice Pizzeria,2
Where can I find dining with a touch of entertainment?,Lucy's Retired Surfers Bar & Restaurant,3
Where can I find dining with a touch of entertainment?,30_90 NOLA,3
Where can I find dining with a touch of entertainment?,Rock-n-Saké Bar & Sushi,3
Where can I find dining with a touch of entertainment?,Pascal's Manale,1
Where can I find dining with a touch of entertainment?,Chartres House,2
Where can I find dining with a touch of entertainment?,The Backyard,3
Where can I find dining with a touch of entertainment?,The Avenue Pub,2
Where can I find dining with a touch of entertainment?,Rebellion Bar & Urban Kitchen,2
Where can I find dining with a touch of entertainment?,Fogo de Chão Brazilian Steakhouse,2
Where can I find dining with a touch of entertainment?,Marcello's Restaurant & Wine Bar,2
Where can I find dining with a touch of entertainment?,Tracey's Original Irish Channel Bar,3
Where can I find dining with a touch of entertainment?,St Charles Tavern,2
Where can I find dining with a touch of entertainment?,Bamboula's,3
Where can I find dining with a touch of entertainment?,Le Bayou Restaurant,2
Where can I find dining with a touch of entertainment?,DTB,3
Where can I find dining with a touch of entertainment?,Brennan's Restaurant,2
Where can I find dining with a touch of entertainment?,Cafe Abyssinia,2
Where can I find dining with a touch of entertainment?,Desi Vega's Steakhouse,2
Where can I find dining with a touch of entertainment?,Bon Ton Cafe,0
Where can I find dining with a touch of entertainment?,The Blue Crab Restaurant & Oyster Bar,2
Where can I find dining with a touch of entertainment?,The Joint,2
Where can I find dining with a touch of entertainment?,Casa Borrega,3
Where can I find dining with a touch of entertainment?,1000 Figs,1
Where can I find dining with a touch of entertainment?,Yo Mama's Bar & Grill,3
Where can I find dining with a touch of entertainment?,Turtle Bay,2
Where can I find dining with a touch of entertainment?,Ernst Cafe,1
Where can I find dining with a touch of entertainment?,Bourbon House,2
Where can I find dining with a touch of entertainment?,Café at The Square,1
Where can I find dining with a touch of entertainment?,La Casita,2
Where can I find dining with a touch of entertainment?,WINO  Wine Institute of New Orleans,2
Where can I find dining with a touch of entertainment?,BB King's Blues Club,3
Where can I find dining with a touch of entertainment?,Cafe Negril,3
Where can I find dining with a touch of entertainment?,Ole Saint,2
Where can I find dining with a touch of entertainment?,Huck Finn's Cafe,2
Where can I find dining with a touch of entertainment?,The Original French Market Restaurant and Bar,2
Where can I find dining with a touch of entertainment?,Windsor Court Hotel,2
Where can I find dining with a touch of entertainment?,Vacherie,1
Where can I find dining with a touch of entertainment?,Toups Meatery,1
Where can I find dining with a touch of entertainment?,GG's Dine-O-Rama,1
Where can I find dining with a touch of entertainment?,Heard Dat Kitchen,2
Where can I find dining with a touch of entertainment?,Hard Rock Cafe,3
Where can I find dining with a touch of entertainment?,Doris Metropolitan,1
Where can I find dining with a touch of entertainment?,Mulate's,3
Where can I find dining with a touch of entertainment?,Saba,2
Where can I find dining with a touch of entertainment?,Crescent City Steak House,2
Where can I find dining with a touch of entertainment?,Le Pavillon Hotel,2
Where can I find dining with a touch of entertainment?,Another Broken Egg Cafe,1
Where can I find dining with a touch of entertainment?,Li'l Dizzy's Cafe,2
Where can I find dining with a touch of entertainment?,Avery's On Tulane,1
Where can I find dining with a touch of entertainment?,McClure's,2
Where can I find dining with a touch of entertainment?,Coop's Place,2
Where can I find dining with a touch of entertainment?,Slim Goodies Diner,2
Where can I find dining with a touch of entertainment?,Desire Oyster Bar,2
Where can I find dining with a touch of entertainment?,Cajun Mike's Pub & Grub,2
Where can I find dining with a touch of entertainment?,Mandina's Restaurant,1
Where can I find dining with a touch of entertainment?,Salon by Sucré,2
Where can I find dining with a touch of entertainment?,Russell's Marina Grill,1
Where can I find dining with a touch of entertainment?,Maypop Restaurant,1
Where can I find dining with a touch of entertainment?,Seaworthy,2
Where can I find dining with a touch of entertainment?,Voodoo BBQ & Grill,1
Where can I find dining with a touch of entertainment?,Joey K's Restaurant & Bar,2
Where can I find dining with a touch of entertainment?,Angeli on Decatur,2
Where can I find dining with a touch of entertainment?,Sake Cafe Uptown,2
Where can I find dining with a touch of entertainment?,Trenasse,2
Where can I find dining with a touch of entertainment?,Deja Vu Restaurant & Bar,2
Where can I find dining with a touch of entertainment?,Hobnobber's Variety Bar & Restaurant,2
Where can I find dining with a touch of entertainment?,Arabella Casa Di Pasta,1
Where can I find dining with a touch of entertainment?,Felix's Restaurant & Oyster Bar,2
Where can I find dining with a touch of entertainment?,Backspace Bar & Kitchen,3
Where can I find dining with a touch of entertainment?,Arnaud's French 75 Bar,3
Where can I find dining with a touch of entertainment?,Evangeline,2
Where can I find dining with a touch of entertainment?,Toast,1
Where can I find dining with a touch of entertainment?,Port Of Call,2
Where can I find dining with a touch of entertainment?,Cafe Pontalba,2
Where can I find dining with a touch of entertainment?,The Bulldog,2
Where can I find dining with a touch of entertainment?,Little Korea BBQ,2
Where can I find dining with a touch of entertainment?,13 Monaghan,2
Where can I find dining with a touch of entertainment?,HORN'S EATERY,2
Where can I find dining with a touch of entertainment?,The Original Pierre Maspero's,2
Where can I find dining with a touch of entertainment?,Squeal,2
Where can I find dining with a touch of entertainment?,Frankie & Johnny's,1
Where can I find dining with a touch of entertainment?,Maïs Arepas,2
Where can I find dining with a touch of entertainment?,The American Sports Saloon,3
Where can I find dining with a touch of entertainment?,Pizza Domenica,1
Where can I find dining with a touch of entertainment?,Liuzza's By The Track,2
Where can I find dining with a touch of entertainment?,Satsuma Café,1
Where can I find dining with a touch of entertainment?,Warehouse Grille,2
Where can I find dining with a touch of entertainment?,Felipe's Mexican Taqueria - French Quarter,1
Where can I find dining with a touch of entertainment?,Diamond Street Bar & Grill,2
Where can I find dining with a touch of entertainment?,Luke,1
Where can I find dining with a touch of entertainment?,Willie's Chicken Shack,2
Where can I find dining with a touch of entertainment?,Brennan's,3
Where can I find dining with a touch of entertainment?,Blue Oak BBQ,2
Where can I find dining with a touch of entertainment?,Milk Bar,1
Where can I find dining with a touch of entertainment?,Curio,2
Where can I find dining with a touch of entertainment?,Faubourg Bistro,2
Where can I find dining with a touch of entertainment?,New Orleans School of Cooking,3
Where can I find dining with a touch of entertainment?,Cafe Maspero,1
Where can I find dining with a touch of entertainment?,Elizabeth's Restaurant,2
Where can I find dining with a touch of entertainment?,Sassafras Restaurant,0
Where can I find dining with a touch of entertainment?,Red Dog Diner,2
Where can I find dining with a touch of entertainment?,Pirates Alley Cafe,3
Where can I find dining with a touch of entertainment?,Taqueria Corona,1
Where can I find dining with a touch of entertainment?,The Munch Factory,2
Where can I find dining with a touch of entertainment?,Mona's Cafe,1
Where can I find dining with a touch of entertainment?,Majoria's Commerce Restaurant,2
Where can I find dining with a touch of entertainment?,"The Ritz-Carlton, New Orleans",3
Where can I find dining with a touch of entertainment?,Basin Seafood & Spirits,2
Where can I find dining with a touch of entertainment?,Gordon Biersch Brewery Restaurant,2
Where can I find dining with a touch of entertainment?,Morrow's,2
Where can I find dining with a touch of entertainment?,Pat O'Brien’s,3
Where can I find dining with a touch of entertainment?,Parasol's,2
Where can I find dining with a touch of entertainment?,Johnny Sanchez,2
Where can I find dining with a touch of entertainment?,Saint Cecilia,2
Where can I find dining with a touch of entertainment?,Who Dat Coffee Cafe,2
Where can I find dining with a touch of entertainment?,Wood Pizza Bistro and Taphouse,2
Where can I find dining with a touch of entertainment?,Casamento's Restaurant,1
Where can I find dining with a touch of entertainment?,Amici,1
Where can I find dining with a touch of entertainment?,Gumbo Shop,1
Where can I find dining with a touch of entertainment?,Please-U-Restaurant,0
Where can I find dining with a touch of entertainment?,Ignatius' Rue de La Course Coffeehouse,1
Where can I find dining with a touch of entertainment?,The Crazy Lobster Bar & Grill,2
Where can I find dining with a touch of entertainment?,Central City BBQ,2
Where can I find dining with a touch of entertainment?,P & G Restaurant & Bar,1
Where can I find dining with a touch of entertainment?,Pier 424 Seafood Market,2
Where can I find dining with a touch of entertainment?,The Praline Connection,2
Where can I find dining with a touch of entertainment?,Red's Chinese,2
Where can I find dining with a touch of entertainment?,The Old Coffee Pot Restaurant,3
Where can I find dining with a touch of entertainment?,Tito's Ceviche & Pisco,2
Where can I find dining with a touch of entertainment?,Del Fuego,1
Where can I find dining with a touch of entertainment?,Grand Isle,1
Where can I find dining with a touch of entertainment?,Noodle & Pie,1
Where can I find dining with a touch of entertainment?,Oceana Grill,1
Where can I find dining with a touch of entertainment?,Bubba Gump Shrimp Co.,2
Where can I find dining with a touch of entertainment?,The Company Burger,1
Where can I find dining with a touch of entertainment?,Coterie Restaurant & Oyster Bar,1
Where can I find dining with a touch of entertainment?,Riccobono’s Panola St. Cafe,1
Where can I find dining with a touch of entertainment?,Cafe Beignet on Bourbon Street,3
Where can I find dining with a touch of entertainment?,Araña Taqueria y Cantina,3
Where can I find dining with a touch of entertainment?,biscuit & buns on banks,1
Where can I find dining with a touch of entertainment?,New Orleans Marriott,2
Where can I find dining with a touch of entertainment?,Midway Pizza,2
Where can I find dining with a touch of entertainment?,801 Royal,2
Where can I find dining with a touch of entertainment?,Tiki Tolteca,3
Where can I find dining with a touch of entertainment?,Domenica,1
Where can I find dining with a touch of entertainment?,Tacos And Beer,2
Where can I find dining with a touch of entertainment?,Clover Grill,2
Where can I find dining with a touch of entertainment?,Hoshun Restaurant,2
Where can I find dining with a touch of entertainment?,The Trolley Stop Cafe,1
Where can I find dining with a touch of entertainment?,Belle's Diner Nola,3
Where can I find dining with a touch of entertainment?,The Blind Pelican,2
Where can I find dining with a touch of entertainment?,Hot Tin,3
Where can I find dining with a touch of entertainment?,Fritzel's European Jazz Pub,3
Where can I find dining with a touch of entertainment?,Louisiana Pizza Kitchen,1
Where can I find dining with a touch of entertainment?,Ancora,1
Where can I find dining with a touch of entertainment?,Bearcat CBD,2
Where can I find dining with a touch of entertainment?,Felipe's Mexican Taqueria - Uptown,2
Where can I find dining with a touch of entertainment?,Mopho,1
Where can I find dining with a touch of entertainment?,Pat O'Brien's Courtyard Restaurant,3
Where can I find dining with a touch of entertainment?,Cochon Butcher,1
Where can I find dining with a touch of entertainment?,Copeland's Cheesecake Bistro,1
Where can I find dining with a touch of entertainment?,Felipe's Mexican Taqueria - Mid City,2
Where can I find dining with a touch of entertainment?,The Governor,2
Where can I find dining with a touch of entertainment?,Acme Oyster House - Harrahs,2
Where can I find dining with a touch of entertainment?,Red Gravy,2
Where can I find dining with a touch of entertainment?,Frey Smoked Meat,2
Where can I find dining with a touch of entertainment?,The Vintage,2
Where can I find dining with a touch of entertainment?,Venezia Restaurant,1
Where can I find dining with a touch of entertainment?,Parkway Bakery & Tavern,1
Where can I find dining with a touch of entertainment?,Galliano Restaurant,2
Where can I find dining with a touch of entertainment?,Copper Monkey Grill,2
Where can I find dining with a touch of entertainment?,Creole House Restaurant & Oyster Bar,2
Where can I find dining with a touch of entertainment?,The Rum House,3
Where can I find dining with a touch of entertainment?,Mona Lisa Restaurant,2
Where can I find dining with a touch of entertainment?,BOIL Seafood House,2
Where can I find dining with a touch of entertainment?,Royal Sonesta New Orleans,3
Where can I find dining with a touch of entertainment?,Royal House,2
Where can I find dining with a touch of entertainment?,Cajun Seafood,1
Where can I find dining with a touch of entertainment?,Fiorella's Cafe,2
Where can I find dining with a touch of entertainment?,Attiki Bar and Grill,3
Where can I find dining with a touch of entertainment?,Fullblast Brunch,2
Where can I find dining with a touch of entertainment?,Bayou Burger & Sports Company,3
Where can I find dining with a touch of entertainment?,Stanley,2
Where can I find dining with a touch of entertainment?,Nonna Mia Cafe & Pizzeria,1
Where can I find dining with a touch of entertainment?,Acme Oyster House,2
Where can I find dining with a touch of entertainment?,Willa Jean,1
Where can I find dining with a touch of entertainment?,Mr Ed's Oyster Bar - Bienville,2
Where can I find dining with a touch of entertainment?,Nacho Mama's Mexican Grill,2
Where can I find dining with a touch of entertainment?,Mambo's,3
Where can I find dining with a touch of entertainment?,Pere Antoine Restaurant,2
Where can I find dining with a touch of entertainment?,Crabby Jack's,1
Where can I find dining with a touch of entertainment?,Olde Nola Cookery,2
Where can I find dining with a touch of entertainment?,New Orleans Cake Café & Bakery,2
Where can I find dining with a touch of entertainment?,Pizza Delicious,0
Where can I find dining with a touch of entertainment?,Neyow's Creole Cafe,3
Where can I find dining with a touch of entertainment?,Taqueria Guerrero,1
Where can I find dining with a touch of entertainment?,Carmo,1
Where can I find dining with a touch of entertainment?,Remoulade,2
Where can I find dining with a touch of entertainment?,Five Happiness Chinese Restaurant,2
Where can I find dining with a touch of entertainment?,Surrey's Uptown,1
Where can I find dining with a touch of entertainment?,Seither's Seafood,1
Where can I find dining with a touch of entertainment?,Tsunami Sushi,2
Where can I find dining with a touch of entertainment?,Nomiya,1
Where can I find dining with a touch of entertainment?,Verti Marte,0
Where can I find dining with a touch of entertainment?,Hilton New Orleans Riverside,2
Where can I find dining with a touch of entertainment?,Magasin Vietnamese Cafe,1
Where can I find dining with a touch of entertainment?,Lebanon's Cafe,1
Where can I find dining with a touch of entertainment?,Cafe Rose Nicaud,1
Where can I find dining with a touch of entertainment?,Namese,2
Where can I find dining with a touch of entertainment?,Union Kitchen & Union Party Room,2
Where can I find dining with a touch of entertainment?,Chiba,2
Where can I find dining with a touch of entertainment?,Killer Poboys,2
Where can I find dining with a touch of entertainment?,Sheraton New Orleans Hotel,2
Where can I find dining with a touch of entertainment?,La Macarena Pupuseria & Latin Cafe,2
Where can I find dining with a touch of entertainment?,Corner Oyster House,2
Where can I find dining with a touch of entertainment?,Tout De Suite Cafe,3
Where can I find dining with a touch of entertainment?,Cuñada,2
Where can I find dining with a touch of entertainment?,Bennachin Restaurant,1
Where can I find dining with a touch of entertainment?,Mint Modern Vietnamese Bistro & Bar,1
Where can I find dining with a touch of entertainment?,Cleo's,0
Where can I find dining with a touch of entertainment?,Bayou Hot Wings,0
Where can I find dining with a touch of entertainment?,Mother's Restaurant,1
Where can I find dining with a touch of entertainment?,Jimmy J's Cafe,1
Where can I find dining with a touch of entertainment?,Daisy Dukes - French Quarter,1
Where can I find dining with a touch of entertainment?,Hotel New Orleans Downtown,2
Where can I find dining with a touch of entertainment?,Cafe Fleur De Lis,0
Where can I find dining with a touch of entertainment?,Domilise Po-Boys & Bar,2
Where can I find dining with a touch of entertainment?,Mahony's Po-Boys & Seafood,1
Where can I find dining with a touch of entertainment?,Gumbo POT,0
Where can I find dining with a touch of entertainment?,Refuel Cafe,1
Where can I find dining with a touch of entertainment?,Jagerhaus,2
Where can I find dining with a touch of entertainment?,Mr. Ed's Oyster Bar - St Charles Ave,2
Where can I find dining with a touch of entertainment?,J's Seafood Dock,3
Where can I find dining with a touch of entertainment?,Bearcat Cafe,1
Where can I find dining with a touch of entertainment?,Clesi's Restaurant & Catering,2
Where can I find dining with a touch of entertainment?,Napoleon House,2
Where can I find dining with a touch of entertainment?,Morning Call Coffee Stand,2
Where can I find dining with a touch of entertainment?,Three Legged Dog,2
Where can I find dining with a touch of entertainment?,Guy's Po Boys,0
Where can I find dining with a touch of entertainment?,Dave & Buster's,3
Where can I find dining with a touch of entertainment?,Gallier Restaurant & Oyster Bar,2
Where can I find dining with a touch of entertainment?,Coulis,0
Where can I find dining with a touch of entertainment?,Kebab,2
Where can I find dining with a touch of entertainment?,Sneaky Pickle,2
Where can I find dining with a touch of entertainment?,Ba Chi Canteen,1
Where can I find dining with a touch of entertainment?,Fat Boy Pantry,1
Where can I find dining with a touch of entertainment?,Pho Tau Bay Restaurant,0
Where can I find dining with a touch of entertainment?,Blaze Pizza,1
Where can I find dining with a touch of entertainment?,Johnny's Po-Boys,1
Where can I find dining with a touch of entertainment?,Mena's Palace,0
Where can I find dining with a touch of entertainment?,Ninja Restaurant,2
Where can I find dining with a touch of entertainment?,Fharmacy Nola,2
Where can I find dining with a touch of entertainment?,Sazerac Bar,3
Where can I find dining with a touch of entertainment?,Drago's Seafood Restaurant,2
Where can I find dining with a touch of entertainment?,Cafe Envie & Espresso Bar,2
Where can I find dining with a touch of entertainment?,Tru Burger,0
Where can I find dining with a touch of entertainment?,The Old No 77 Hotel and Chandlery,2
Where can I find dining with a touch of entertainment?,Streetcar Cafe,1
Where can I find dining with a touch of entertainment?,Surrey's Café & Juice Bar,0
Where can I find dining with a touch of entertainment?,Welty's Deli and Catering,0
Where can I find dining with a touch of entertainment?,Wakin' Bakin',2
Where can I find dining with a touch of entertainment?,Mahony's Po-Boys & Seafood  - Uptown,1
Where can I find dining with a touch of entertainment?,Jung's Golden Dragon II,1
Where can I find dining with a touch of entertainment?,Daisy Dukes Express,2
Where can I find dining with a touch of entertainment?,Bevi Seafood,0
Where can I find dining with a touch of entertainment?,Pho Bistreaux,0
Where can I find dining with a touch of entertainment?,Paddlewheeler Creole Queen,3
Where can I find dining with a touch of entertainment?,Turkey and the Wolf,2
Where can I find dining with a touch of entertainment?,Monty's on the Square,2
Where can I find dining with a touch of entertainment?,Embassy Suites by Hilton New Orleans,2
Where can I find dining with a touch of entertainment?,Sushi Brothers,2
Where can I find dining with a touch of entertainment?,Brothers Food Mart,0
Where can I find dining with a touch of entertainment?,W New Orleans - French Quarter,2
Where can I find dining with a touch of entertainment?,Tartine,0
Where can I find dining with a touch of entertainment?,The Halal Guys,0
Where can I find dining with a touch of entertainment?,Franks Restaurant,0
Where can I find dining with a touch of entertainment?,Two Chicks Cafe,0
Where can I find dining with a touch of entertainment?,Krystal,1
Where can I find dining with a touch of entertainment?,Cafe Conti,0
Where can I find dining with a touch of entertainment?,Dong Phuong,0
Where can I find dining with a touch of entertainment?,Reginelli's Pizzeria,0
Where can I find dining with a touch of entertainment?,Willie Mae's Scotch House,0
Where can I find dining with a touch of entertainment?,Old Absinthe House,2
Where can I find dining with a touch of entertainment?,Mid City Pizza,2
Where can I find dining with a touch of entertainment?,Ruby Slipper - New Orleans,1
Where can I find dining with a touch of entertainment?,Seed,0
Where can I find dining with a touch of entertainment?,Dian Xin,2
Where can I find dining with a touch of entertainment?,Asuka Sushi & Hibachi,3
Where can I find dining with a touch of entertainment?,NOLA Poboys,1
Where can I find dining with a touch of entertainment?,Geisha Sushi Bistro,1
Where can I find dining with a touch of entertainment?,Backatown Coffee Parlour,2
Where can I find dining with a touch of entertainment?,District Donuts Sliders Brew,2
Where can I find dining with a touch of entertainment?,Liberty Cheesesteaks,1
Where can I find dining with a touch of entertainment?,French Toast,2
Where can I find dining with a touch of entertainment?,Gumbo Ya-Ya,1
Where can I find dining with a touch of entertainment?,Dreamy Weenies,2
Where can I find dining with a touch of entertainment?,Cafe Beignet on Decatur Street,3
Where can I find dining with a touch of entertainment?,Stein's Market and Deli,1
Where can I find dining with a touch of entertainment?,Rue De La Course,2
Where can I find dining with a touch of entertainment?,Meals From The Heart Cafe,0
Where can I find dining with a touch of entertainment?,9 Roses Cafe,0
Where can I find dining with a touch of entertainment?,Dolce Vita Pizzeria,0
Where can I find dining with a touch of entertainment?,We Dat's Chicken and Shrimp,1
Where can I find dining with a touch of entertainment?,Sweet Soulfood,0
Where can I find dining with a touch of entertainment?,Poke Loa,0
Where can I find dining with a touch of entertainment?,World Famous N'awlins Cafe & Spice Emporium,2
Where can I find dining with a touch of entertainment?,Gus's World Famous Fried Chicken,1
Where can I find dining with a touch of entertainment?,Mikimoto,0
Where can I find dining with a touch of entertainment?,Lilly's Cafe,0
Where can I find dining with a touch of entertainment?,The Daily Beet,0
Where can I find dining with a touch of entertainment?,HiVolt Coffee,1
Where can I find dining with a touch of entertainment?,IHOP,0
Where can I find dining with a touch of entertainment?,Gene's PO-Boys,1
Where can I find dining with a touch of entertainment?,Origami,1
Where can I find dining with a touch of entertainment?,Daisy Mae's Southern Fried Chicken & Breakfast,1
Where can I find dining with a touch of entertainment?,Mojo Coffee House,1
Where can I find dining with a touch of entertainment?,Avenue Cafe,1
Where can I find dining with a touch of entertainment?,Daisy Dukes Cafe,1
Where can I find dining with a touch of entertainment?,Cafe Beignet on Royal Street,3
Where can I find dining with a touch of entertainment?,Vieux Carre Pizza,1
Where can I find dining with a touch of entertainment?,G's Pizza,2
Where can I find dining with a touch of entertainment?,Café Du Monde,2
Where can I find dining with a touch of entertainment?,Merchant,1
Where can I find dining with a touch of entertainment?,Crescent City Pizza Works,2
Where can I find dining with a touch of entertainment?,Shawarma on the Go,0
Where can I find dining with a touch of entertainment?,Melba's,2
Where can I find dining with a touch of entertainment?,Sucré,1
Where can I find dining with a touch of entertainment?,The Original Italian Pie,0
Where can I find dining with a touch of entertainment?,Magazine Pizza,1
Where can I find dining with a touch of entertainment?,Two Chicks Café - CBD,1
Where can I find dining with a touch of entertainment?,Bittersweet Confections,2
Where can I find dining with a touch of entertainment?,French Truck Coffee,1
Where can I find dining with a touch of entertainment?,Breads on Oak Cafe & Bakery,0
Where can I find dining with a touch of entertainment?,New Orleans Famous Beignets And Coffee,2
Where can I find dining with a touch of entertainment?,Croissant D'Or Patisserie,0
Where can I find dining with a touch of entertainment?,Envie Espresso Bar & Cafe,1
Where can I find dining with a touch of entertainment?,La Boulangerie,1
Where can I find dining with a touch of entertainment?,Piccola Gelateria,1
Where can I find dining with a touch of entertainment?,Central Grocery & Deli,1
Where can I find dining with a touch of entertainment?,Angelo Brocato,2
Where can I find dining with a touch of entertainment?,Revelator Coffee New Orleans,1
Where can I find dining with a touch of entertainment?,French Quarter Phantoms,3
Where can I find dining with a touch of entertainment?,Holy Crepes!,2
Recommend a restaurant for quiet conversation.,Lilette,2
Recommend a restaurant for quiet conversation.,Stella!,3
Recommend a restaurant for quiet conversation.,Restaurant August,3
Recommend a restaurant for quiet conversation.,Bayona,2
Recommend a restaurant for quiet conversation.,Louisiana Bistro,3
Recommend a restaurant for quiet conversation.,Boucherie,1
Recommend a restaurant for quiet conversation.,Clancy's Restaurant,2
Recommend a restaurant for quiet conversation.,Brigtsen's Restaurant,3
Recommend a restaurant for quiet conversation.,Irene's,1
Recommend a restaurant for quiet conversation.,Galatoire's Restaurant,1
Recommend a restaurant for quiet conversation.,Criollo Restaurant,1
Recommend a restaurant for quiet conversation.,Annunciation,2
Recommend a restaurant for quiet conversation.,Patois Restaurant,1
Recommend a restaurant for quiet conversation.,Meauxbar,2
Recommend a restaurant for quiet conversation.,La Crepe Nanou,1
Recommend a restaurant for quiet conversation.,Borgne,1
Recommend a restaurant for quiet conversation.,Josephine Estelle,2
Recommend a restaurant for quiet conversation.,Emeril's Delmonico,2
Recommend a restaurant for quiet conversation.,The Pelican Club,1
Recommend a restaurant for quiet conversation.,Little Tokyo Small Plates & Noodle Bar,0
Recommend a restaurant for quiet conversation.,Commander's Palace,1
Recommend a restaurant for quiet conversation.,Shaya,1
Recommend a restaurant for quiet conversation.,Dick & Jenny's,2
Recommend a restaurant for quiet conversation.,Ruby Slipper Cafe,0
Recommend a restaurant for quiet conversation.,Tommy's Cuisine,2
Recommend a restaurant for quiet conversation.,Café Amelie,3
Recommend a restaurant for quiet conversation.,The Delachaise,1
Recommend a restaurant for quiet conversation.,Mizado Latin Kitchen,1
Recommend a restaurant for quiet conversation.,N 7,3
Recommend a restaurant for quiet conversation.,The Bombay Club,2
Recommend a restaurant for quiet conversation.,Coquette,2
Recommend a restaurant for quiet conversation.,Green Goddess,2
Recommend a restaurant for quiet conversation.,SukhoThai,2
Recommend a restaurant for quiet conversation.,Upperline,3
Recommend a restaurant for quiet conversation.,Juan's Flying Burrito,0
Recommend a restaurant for quiet conversation.,Wayfare,1
Recommend a restaurant for quiet conversation.,Restaurant R'evolution,2
Recommend a restaurant for quiet conversation.,Salú Bistro and Bar,2
Recommend a restaurant for quiet conversation.,Rib Room,1
Recommend a restaurant for quiet conversation.,Vessel NOLA,1
Recommend a restaurant for quiet conversation.,Cafe Degas,3
Recommend a restaurant for quiet conversation.,Slice Pizzeria,1
Recommend a restaurant for quiet conversation.,Chophouse New Orleans,2
Recommend a restaurant for quiet conversation.,Vincent's Italian Cuisine,3
Recommend a restaurant for quiet conversation.,Meril,0
Recommend a restaurant for quiet conversation.,Jacques-Imo's Cafe,0
Recommend a restaurant for quiet conversation.,Booty's Street Food,0
Recommend a restaurant for quiet conversation.,Sylvain,2
Recommend a restaurant for quiet conversation.,Mr John's Steakhouse,0
Recommend a restaurant for quiet conversation.,El Gato Negro,1
Recommend a restaurant for quiet conversation.,Arnaud's Restaurant,1
Recommend a restaurant for quiet conversation.,Muriel's Jackson Square,2
Recommend a restaurant for quiet conversation.,Three Muses,2
Recommend a restaurant for quiet conversation.,The Tasting Room,3
Recommend a restaurant for quiet conversation.,Briquette,2
Recommend a restaurant for quiet conversation.,Cowbell,1
Recommend a restaurant for quiet conversation.,Another Broken Egg Cafe,1
Recommend a restaurant for quiet conversation.,Pizza Domenica,1
Recommend a restaurant for quiet conversation.,Herbsaint,2
Recommend a restaurant for quiet conversation.,La Boca,1
Recommend a restaurant for quiet conversation.,Crescent City Steak House,2
Recommend a restaurant for quiet conversation.,K-Paul's Louisiana Kitchen,1
Recommend a restaurant for quiet conversation.,CellarDoor,2
Recommend a restaurant for quiet conversation.,The Court of Two Sisters,1
Recommend a restaurant for quiet conversation.,The Steakhouse,1
Recommend a restaurant for quiet conversation.,Saffron nola,1
Recommend a restaurant for quiet conversation.,The Gallery Venue at Tomas Bistro,2
Recommend a restaurant for quiet conversation.,Capdeville,1
Recommend a restaurant for quiet conversation.,The Italian Barrel,2
Recommend a restaurant for quiet conversation.,Compère Lapin,2
Recommend a restaurant for quiet conversation.,Kin,1
Recommend a restaurant for quiet conversation.,La Petite Grocery,2
Recommend a restaurant for quiet conversation.,Angeline,2
Recommend a restaurant for quiet conversation.,Trinity Restaurant New Orleans,1
Recommend a restaurant for quiet conversation.,The Grill,0
Recommend a restaurant for quiet conversation.,Charcoal's Gourmet Burger Bar,1
Recommend a restaurant for quiet conversation.,Justine,1
Recommend a restaurant for quiet conversation.,New Orleans Hamburger & Seafood Co,1
Recommend a restaurant for quiet conversation.,Café Adelaide,1
Recommend a restaurant for quiet conversation.,Galatoire's 33 Bar & Steak,1
Recommend a restaurant for quiet conversation.,Columns,1
Recommend a restaurant for quiet conversation.,Tujague's Restaurant,1
Recommend a restaurant for quiet conversation.,Root,1
Recommend a restaurant for quiet conversation.,The Irish House,0
Recommend a restaurant for quiet conversation.,Tableau,2
Recommend a restaurant for quiet conversation.,Cafe Abyssinia,1
Recommend a restaurant for quiet conversation.,Atchafalaya Restaurant,1
Recommend a restaurant for quiet conversation.,Ralph's on the Park,2
Recommend a restaurant for quiet conversation.,Landry's Seafood House,1
Recommend a restaurant for quiet conversation.,Palace Café,1
Recommend a restaurant for quiet conversation.,Nolé,1
Recommend a restaurant for quiet conversation.,Amici,1
Recommend a restaurant for quiet conversation.,The Marigny Brasserie,1
Recommend a restaurant for quiet conversation.,The Camellia Grill,0
Recommend a restaurant for quiet conversation.,Paladar 511,1
Recommend a restaurant for quiet conversation.,La Thai Uptown,1
Recommend a restaurant for quiet conversation.,SoBou,2
Recommend a restaurant for quiet conversation.,Santa Fe,1
Recommend a restaurant for quiet conversation.,The American Sector,1
Recommend a restaurant for quiet conversation.,Houston's Restaurant,2
Recommend a restaurant for quiet conversation.,Ye Olde College Inn,1
Recommend a restaurant for quiet conversation.,Dante's Kitchen,2
Recommend a restaurant for quiet conversation.,Adolfo's,1
Recommend a restaurant for quiet conversation.,Café at The Square,2
Recommend a restaurant for quiet conversation.,Sofia,1
Recommend a restaurant for quiet conversation.,Cochon,1
Recommend a restaurant for quiet conversation.,Little Gem Saloon,0
Recommend a restaurant for quiet conversation.,Toast,1
Recommend a restaurant for quiet conversation.,Cavan,2
Recommend a restaurant for quiet conversation.,Cafe Sbisa,2
Recommend a restaurant for quiet conversation.,Orleans Grapevine Wine Bar & Bistro,3
Recommend a restaurant for quiet conversation.,Superior Seafood & Oyster Bar,1
Recommend a restaurant for quiet conversation.,Jack Rose,1
Recommend a restaurant for quiet conversation.,Mayas,1
Recommend a restaurant for quiet conversation.,Cure,2
Recommend a restaurant for quiet conversation.,Apolline Restaurant,2
Recommend a restaurant for quiet conversation.,Dickie Brennan's Steakhouse,1
Recommend a restaurant for quiet conversation.,St Charles Tavern,1
Recommend a restaurant for quiet conversation.,Antoine's Restaurant,2
Recommend a restaurant for quiet conversation.,Royal Sonesta New Orleans,1
Recommend a restaurant for quiet conversation.,Domenica,1
Recommend a restaurant for quiet conversation.,Emeril's ,1
Recommend a restaurant for quiet conversation.,Lula Restaurant Distillery,1
Recommend a restaurant for quiet conversation.,Pêche,1
Recommend a restaurant for quiet conversation.,Hotel New Orleans Downtown,1
Recommend a restaurant for quiet conversation.,1000 Figs,1
Recommend a restaurant for quiet conversation.,Dat Dog,0
Recommend a restaurant for quiet conversation.,Snug Harbor Jazz Bistro,1
Recommend a restaurant for quiet conversation.,Ancora,1
Recommend a restaurant for quiet conversation.,GW Fins,2
Recommend a restaurant for quiet conversation.,Le Pavillon Hotel,1
Recommend a restaurant for quiet conversation.,Walk-On's Sports Bistreaux - New Orleans,0
Recommend a restaurant for quiet conversation.,Mona's Cafe,2
Recommend a restaurant for quiet conversation.,Marcello's Restaurant & Wine Bar,2
Recommend a restaurant for quiet conversation.,Magasin Vietnamese Cafe,1
Recommend a restaurant for quiet conversation.,Baru Bistro & Tapas,2
Recommend a restaurant for quiet conversation.,W New Orleans - French Quarter,2
Recommend a restaurant for quiet conversation.,NOLA Restaurant,1
Recommend a restaurant for quiet conversation.,Squeal,0
Recommend a restaurant for quiet conversation.,The Velvet Cactus,1
Recommend a restaurant for quiet conversation.,Lola's,1
Recommend a restaurant for quiet conversation.,Milk Bar,1
Recommend a restaurant for quiet conversation.,Satsuma Café,2
Recommend a restaurant for quiet conversation.,Brennan's Restaurant,1
Recommend a restaurant for quiet conversation.,Brennan's,1
Recommend a restaurant for quiet conversation.,Vacherie,1
Recommend a restaurant for quiet conversation.,Eat New Orleans,2
Recommend a restaurant for quiet conversation.,Morrow's,0
Recommend a restaurant for quiet conversation.,Auction House Market,1
Recommend a restaurant for quiet conversation.,Red Fish Grill,1
Recommend a restaurant for quiet conversation.,Cane and Table,2
Recommend a restaurant for quiet conversation.,Deanie's Seafood,0
Recommend a restaurant for quiet conversation.,Brown Butter Southern Kitchen & Bar,1
Recommend a restaurant for quiet conversation.,Down The Hatch,0
Recommend a restaurant for quiet conversation.,Desi Vega's Steakhouse,1
Recommend a restaurant for quiet conversation.,HORN'S EATERY,1
Recommend a restaurant for quiet conversation.,Tacos And Beer,0
Recommend a restaurant for quiet conversation.,Salon by Sucré,3
Recommend a restaurant for quiet conversation.,Flamingo A-Go-Go,0
Recommend a restaurant for quiet conversation.,Windsor Court Hotel,2
Recommend a restaurant for quiet conversation.,"The Ritz-Carlton, New Orleans",2
Recommend a restaurant for quiet conversation.,Gris-Gris,1
Recommend a restaurant for quiet conversation.,Pascal's Manale,1
Recommend a restaurant for quiet conversation.,Kingfish,2
Recommend a restaurant for quiet conversation.,Gyu-Kaku Japanese BBQ,2
Recommend a restaurant for quiet conversation.,Doris Metropolitan,1
Recommend a restaurant for quiet conversation.,Copper Vine,2
Recommend a restaurant for quiet conversation.,Cafe Maspero,0
Recommend a restaurant for quiet conversation.,Sassafras Restaurant,1
Recommend a restaurant for quiet conversation.,La Casita,1
Recommend a restaurant for quiet conversation.,Huck Finn's Cafe,1
Recommend a restaurant for quiet conversation.,Noodle & Pie,1
Recommend a restaurant for quiet conversation.,The Maison,2
Recommend a restaurant for quiet conversation.,The Old No 77 Hotel and Chandlery,1
Recommend a restaurant for quiet conversation.,Restaurant Rebirth,1
Recommend a restaurant for quiet conversation.,Port Of Call,0
Recommend a restaurant for quiet conversation.,Maïs Arepas,1
Recommend a restaurant for quiet conversation.,Fogo de Chão Brazilian Steakhouse,1
Recommend a restaurant for quiet conversation.,Bearcat Cafe,2
Recommend a restaurant for quiet conversation.,Angeli on Decatur,1
Recommend a restaurant for quiet conversation.,Slim Goodies Diner,1
Recommend a restaurant for quiet conversation.,Mopho,1
Recommend a restaurant for quiet conversation.,Cafe Rose Nicaud,2
Recommend a restaurant for quiet conversation.,Sheraton New Orleans Hotel,1
Recommend a restaurant for quiet conversation.,Curio,1
Recommend a restaurant for quiet conversation.,Saba,2
Recommend a restaurant for quiet conversation.,Yuki Izakaya,2
Recommend a restaurant for quiet conversation.,Sake Cafe Uptown,2
Recommend a restaurant for quiet conversation.,Ruth's Chris Steak House,1
Recommend a restaurant for quiet conversation.,Broussard's,2
Recommend a restaurant for quiet conversation.,Arabella Casa Di Pasta,0
Recommend a restaurant for quiet conversation.,Wood Pizza Bistro and Taphouse,1
Recommend a restaurant for quiet conversation.,DTB,3
Recommend a restaurant for quiet conversation.,Beachbum Berry's Latitude 29,1
Recommend a restaurant for quiet conversation.,Katie's Restaurant & Bar,1
Recommend a restaurant for quiet conversation.,Nirvana Indian Cuisine,1
Recommend a restaurant for quiet conversation.,Nonna Mia Cafe & Pizzeria,2
Recommend a restaurant for quiet conversation.,High Hat Cafe,2
Recommend a restaurant for quiet conversation.,Mr. B's Bistro,1
Recommend a restaurant for quiet conversation.,The Blue Crab Restaurant & Oyster Bar,1
Recommend a restaurant for quiet conversation.,Rebellion Bar & Urban Kitchen,1
Recommend a restaurant for quiet conversation.,Casa Borrega,1
Recommend a restaurant for quiet conversation.,Copeland's Cheesecake Bistro,1
Recommend a restaurant for quiet conversation.,Backatown Coffee Parlour,3
Recommend a restaurant for quiet conversation.,Red Dog Diner,1
Recommend a restaurant for quiet conversation.,Felipe's Mexican Taqueria - Uptown,0
Recommend a restaurant for quiet conversation.,Mimi's In The Marigny,1
Recommend a restaurant for quiet conversation.,Estrella Steak & Lobster,2
Recommend a restaurant for quiet conversation.,Del Fuego,1
Recommend a restaurant for quiet conversation.,Bourbon House,1
Recommend a restaurant for quiet conversation.,Midway Pizza,1
Recommend a restaurant for quiet conversation.,Venezia Restaurant,1
Recommend a restaurant for quiet conversation.,Riccobono’s Panola St. Cafe,1
Recommend a restaurant for quiet conversation.,Bon Ton Cafe,1
Recommend a restaurant for quiet conversation.,Felix's Restaurant & Oyster Bar,0
Recommend a restaurant for quiet conversation.,Red Gravy,1
Recommend a restaurant for quiet conversation.,biscuit & buns on banks,0
Recommend a restaurant for quiet conversation.,Toups Meatery,0
Recommend a restaurant for quiet conversation.,Dooky Chase's Restaurant,1
Recommend a restaurant for quiet conversation.,Manning's Sports Bar and Grill,0
Recommend a restaurant for quiet conversation.,GG's Dine-O-Rama,1
Recommend a restaurant for quiet conversation.,Rock-n-Saké Bar & Sushi,0
Recommend a restaurant for quiet conversation.,Seaworthy,1
Recommend a restaurant for quiet conversation.,Victory,1
Recommend a restaurant for quiet conversation.,Superior Grill,0
Recommend a restaurant for quiet conversation.,13 Monaghan,1
Recommend a restaurant for quiet conversation.,Napoleon House,2
Recommend a restaurant for quiet conversation.,Ole Saint,1
Recommend a restaurant for quiet conversation.,Legacy Kitchen's Craft Tavern,1
Recommend a restaurant for quiet conversation.,Boswell's Jamaican Grill,0
Recommend a restaurant for quiet conversation.,New Orleans Creole Cookery,1
Recommend a restaurant for quiet conversation.,Le Bayou Restaurant,0
Recommend a restaurant for quiet conversation.,Mona Lisa Restaurant,2
Recommend a restaurant for quiet conversation.,Fiorella's Cafe,0
Recommend a restaurant for quiet conversation.,Ignatius' Rue de La Course Coffeehouse,2
Recommend a restaurant for quiet conversation.,Chartres House,1
Recommend a restaurant for quiet conversation.,Taqueria Corona,0
Recommend a restaurant for quiet conversation.,The Market Cafe,1
Recommend a restaurant for quiet conversation.,Casamento's Restaurant,0
Recommend a restaurant for quiet conversation.,Russell's Marina Grill,0
Recommend a restaurant for quiet conversation.,Namese,1
Recommend a restaurant for quiet conversation.,Cornet,1
Recommend a restaurant for quiet conversation.,New Orleans Marriott,1
Recommend a restaurant for quiet conversation.,Blaze Pizza,1
Recommend a restaurant for quiet conversation.,Hard Rock Cafe,0
Recommend a restaurant for quiet conversation.,Saint Cecilia,1
Recommend a restaurant for quiet conversation.,Little Korea BBQ,0
Recommend a restaurant for quiet conversation.,Bakery Bar,2
Recommend a restaurant for quiet conversation.,Buffa's Bar & Restaurant,1
Recommend a restaurant for quiet conversation.,The Munch Factory,1
Recommend a restaurant for quiet conversation.,Coop's Place,0
Recommend a restaurant for quiet conversation.,Ninja Restaurant,1
Recommend a restaurant for quiet conversation.,St Roch Market,1
Recommend a restaurant for quiet conversation.,Majoria's Commerce Restaurant,1
Recommend a restaurant for quiet conversation.,Maypop Restaurant,1
Recommend a restaurant for quiet conversation.,Refuel Cafe,1
Recommend a restaurant for quiet conversation.,The Original French Market Restaurant and Bar,0
Recommend a restaurant for quiet conversation.,Please-U-Restaurant,1
Recommend a restaurant for quiet conversation.,Warehouse Grille,1
Recommend a restaurant for quiet conversation.,Embassy Suites by Hilton New Orleans,1
Recommend a restaurant for quiet conversation.,Carmo,2
Recommend a restaurant for quiet conversation.,Saint Lawrence,1
Recommend a restaurant for quiet conversation.,Joey K's Restaurant & Bar,1
Recommend a restaurant for quiet conversation.,Red's Chinese,1
Recommend a restaurant for quiet conversation.,Nomiya,1
Recommend a restaurant for quiet conversation.,Cafe Envie & Espresso Bar,1
Recommend a restaurant for quiet conversation.,Evangeline,3
Recommend a restaurant for quiet conversation.,Gordon Biersch Brewery Restaurant,1
Recommend a restaurant for quiet conversation.,Crescent City Brewhouse,1
Recommend a restaurant for quiet conversation.,Cafe Conti,2
Recommend a restaurant for quiet conversation.,Pere Antoine Restaurant,1
Recommend a restaurant for quiet conversation.,Johnny Sanchez,1
Recommend a restaurant for quiet conversation.,Surrey's Uptown,0
Recommend a restaurant for quiet conversation.,Rue De La Course,3
Recommend a restaurant for quiet conversation.,The Country Club,2
Recommend a restaurant for quiet conversation.,Felipe's Mexican Taqueria - Mid City,0
Recommend a restaurant for quiet conversation.,Mulate's,0
Recommend a restaurant for quiet conversation.,Luke,2
Recommend a restaurant for quiet conversation.,Bearcat CBD,1
Recommend a restaurant for quiet conversation.,Grand Isle,1
Recommend a restaurant for quiet conversation.,Tito's Ceviche & Pisco,1
Recommend a restaurant for quiet conversation.,The Old Coffee Pot Restaurant,0
Recommend a restaurant for quiet conversation.,Nacho Mama's Mexican Grill,0
Recommend a restaurant for quiet conversation.,30_90 NOLA,1
Recommend a restaurant for quiet conversation.,Blue Oak BBQ,0
Recommend a restaurant for quiet conversation.,The Trolley Stop Cafe,0
Recommend a restaurant for quiet conversation.,Willa Jean,1
Recommend a restaurant for quiet conversation.,Ernst Cafe,1
Recommend a restaurant for quiet conversation.,Cleo's,1
Recommend a restaurant for quiet conversation.,Stanley,2
Recommend a restaurant for quiet conversation.,Backspace Bar & Kitchen,1
Recommend a restaurant for quiet conversation.,Who Dat Coffee Cafe,2
Recommend a restaurant for quiet conversation.,The Bulldog,1
Recommend a restaurant for quiet conversation.,The Avenue Pub,1
Recommend a restaurant for quiet conversation.,Trenasse,1
Recommend a restaurant for quiet conversation.,Frey Smoked Meat,0
Recommend a restaurant for quiet conversation.,Bennachin Restaurant,1
Recommend a restaurant for quiet conversation.,The Blind Pelican,0
Recommend a restaurant for quiet conversation.,Louisiana Pizza Kitchen,1
Recommend a restaurant for quiet conversation.,Remoulade,1
Recommend a restaurant for quiet conversation.,Hilton New Orleans Riverside,1
Recommend a restaurant for quiet conversation.,Franks Restaurant,0
Recommend a restaurant for quiet conversation.,Sneaky Pickle,1
Recommend a restaurant for quiet conversation.,Yo Mama's Bar & Grill,1
Recommend a restaurant for quiet conversation.,The Praline Connection,0
Recommend a restaurant for quiet conversation.,Pho Bistreaux,1
Recommend a restaurant for quiet conversation.,Barcadia,0
Recommend a restaurant for quiet conversation.,Mint Modern Vietnamese Bistro & Bar,1
Recommend a restaurant for quiet conversation.,Merchant,2
Recommend a restaurant for quiet conversation.,Coulis,1
Recommend a restaurant for quiet conversation.,The Rusty Nail,2
Recommend a restaurant for quiet conversation.,Royal House,1
Recommend a restaurant for quiet conversation.,Avenue Cafe,3
Recommend a restaurant for quiet conversation.,The Governor,1
Recommend a restaurant for quiet conversation.,La Macarena Pupuseria & Latin Cafe,0
Recommend a restaurant for quiet conversation.,The Jimani,0
Recommend a restaurant for quiet conversation.,Tiki Tolteca,2
Recommend a restaurant for quiet conversation.,Coterie Restaurant & Oyster Bar,1
Recommend a restaurant for quiet conversation.,Lucy's Retired Surfers Bar & Restaurant,0
Recommend a restaurant for quiet conversation.,Cafe Pontalba,0
Recommend a restaurant for quiet conversation.,Ba Chi Canteen,1
Recommend a restaurant for quiet conversation.,Ugly Dog Saloon & BBQ,0
Recommend a restaurant for quiet conversation.,Mojo Coffee House,2
Recommend a restaurant for quiet conversation.,The Howlin' Wolf,0
Recommend a restaurant for quiet conversation.,Mandina's Restaurant,1
Recommend a restaurant for quiet conversation.,801 Royal,1
Recommend a restaurant for quiet conversation.,Hobnobber's Variety Bar & Restaurant,1
Recommend a restaurant for quiet conversation.,The Backyard,2
Recommend a restaurant for quiet conversation.,Tsunami Sushi,1
Recommend a restaurant for quiet conversation.,Sushi Brothers,1
Recommend a restaurant for quiet conversation.,Deja Vu Restaurant & Bar,1
Recommend a restaurant for quiet conversation.,Hoshun Restaurant,1
Recommend a restaurant for quiet conversation.,Desire Oyster Bar,0
Recommend a restaurant for quiet conversation.,The Vintage,2
Recommend a restaurant for quiet conversation.,Felipe's Mexican Taqueria - French Quarter,0
Recommend a restaurant for quiet conversation.,P & G Restaurant & Bar,1
Recommend a restaurant for quiet conversation.,Arnaud's French 75 Bar,2
Recommend a restaurant for quiet conversation.,IHOP,0
Recommend a restaurant for quiet conversation.,WINO  Wine Institute of New Orleans,2
Recommend a restaurant for quiet conversation.,Morning Call Coffee Stand,1
Recommend a restaurant for quiet conversation.,Bamboula's,0
Recommend a restaurant for quiet conversation.,Clover Grill,0
Recommend a restaurant for quiet conversation.,The Company Burger,1
Recommend a restaurant for quiet conversation.,Hot Tin,2
Recommend a restaurant for quiet conversation.,Fullblast Brunch,1
Recommend a restaurant for quiet conversation.,Gumbo Shop,1
Recommend a restaurant for quiet conversation.,Cafe Beignet on Bourbon Street,1
Recommend a restaurant for quiet conversation.,BB King's Blues Club,0
Recommend a restaurant for quiet conversation.,Gazebo Cafe,2
Recommend a restaurant for quiet conversation.,The Jazz Playhouse,1
Recommend a restaurant for quiet conversation.,The Joint,0
Recommend a restaurant for quiet conversation.,Turtle Bay,1
Recommend a restaurant for quiet conversation.,Basin Seafood & Spirits,2
Recommend a restaurant for quiet conversation.,HiVolt Coffee,1
Recommend a restaurant for quiet conversation.,The Original Pierre Maspero's,1
Recommend a restaurant for quiet conversation.,Pier 424 Seafood Market,0
Recommend a restaurant for quiet conversation.,McClure's,1
Recommend a restaurant for quiet conversation.,Gumbo POT,0
Recommend a restaurant for quiet conversation.,Jagerhaus,1
Recommend a restaurant for quiet conversation.,Welty's Deli and Catering,1
Recommend a restaurant for quiet conversation.,Cochon Butcher,0
Recommend a restaurant for quiet conversation.,Mother's Restaurant,0
Recommend a restaurant for quiet conversation.,Bubba Gump Shrimp Co.,0
Recommend a restaurant for quiet conversation.,Attiki Bar and Grill,1
Recommend a restaurant for quiet conversation.,Origami,1
Recommend a restaurant for quiet conversation.,Saints And Sinners,0
Recommend a restaurant for quiet conversation.,Li'l Dizzy's Cafe,1
Recommend a restaurant for quiet conversation.,Lebanon's Cafe,1
Recommend a restaurant for quiet conversation.,The Rum House,1
Recommend a restaurant for quiet conversation.,Gallier Restaurant & Oyster Bar,1
Recommend a restaurant for quiet conversation.,Creole House Restaurant & Oyster Bar,0
Recommend a restaurant for quiet conversation.,The Crazy Lobster Bar & Grill,0
Recommend a restaurant for quiet conversation.,Reginelli's Pizzeria,1
Recommend a restaurant for quiet conversation.,Tracey's Original Irish Channel Bar,0
Recommend a restaurant for quiet conversation.,Dave & Buster's,0
Recommend a restaurant for quiet conversation.,Two Chicks Cafe,1
Recommend a restaurant for quiet conversation.,Avery's On Tulane,0
Recommend a restaurant for quiet conversation.,Elizabeth's Restaurant,1
Recommend a restaurant for quiet conversation.,Cooter Brown's,0
Recommend a restaurant for quiet conversation.,Neyow's Creole Cafe,1
Recommend a restaurant for quiet conversation.,BOIL Seafood House,0
Recommend a restaurant for quiet conversation.,Pizza Delicious,1
Recommend a restaurant for quiet conversation.,Union Kitchen & Union Party Room,1
Recommend a restaurant for quiet conversation.,Stein's Market and Deli,1
Recommend a restaurant for quiet conversation.,Bayou Burger & Sports Company,0
Recommend a restaurant for quiet conversation.,Mid City Pizza,1
Recommend a restaurant for quiet conversation.,House of Blues New Orleans,0
Recommend a restaurant for quiet conversation.,Wakin' Bakin',0
Recommend a restaurant for quiet conversation.,Mikimoto,2
Recommend a restaurant for quiet conversation.,Araña Taqueria y Cantina,0
Recommend a restaurant for quiet conversation.,Cafe Fleur De Lis,1
Recommend a restaurant for quiet conversation.,Pirates Alley Cafe,3
Recommend a restaurant for quiet conversation.,Oceana Grill,1
Recommend a restaurant for quiet conversation.,Drago's Seafood Restaurant,1
Recommend a restaurant for quiet conversation.,Verti Marte,0
Recommend a restaurant for quiet conversation.,Jimmy J's Cafe,1
Recommend a restaurant for quiet conversation.,Dolce Vita Pizzeria,1
Recommend a restaurant for quiet conversation.,Tartine,1
Recommend a restaurant for quiet conversation.,Taqueria Guerrero,0
Recommend a restaurant for quiet conversation.,Tout De Suite Cafe,2
Recommend a restaurant for quiet conversation.,Diamond Street Bar & Grill,1
Recommend a restaurant for quiet conversation.,Voodoo BBQ & Grill,0
Recommend a restaurant for quiet conversation.,Chiba,1
Recommend a restaurant for quiet conversation.,Willie's Chicken Shack,0
Recommend a restaurant for quiet conversation.,Parasol's,0
Recommend a restaurant for quiet conversation.,Frankie & Johnny's,0
Recommend a restaurant for quiet conversation.,Daisy Dukes - French Quarter,0
Recommend a restaurant for quiet conversation.,Turkey and the Wolf,0
Recommend a restaurant for quiet conversation.,Five Happiness Chinese Restaurant,2
Recommend a restaurant for quiet conversation.,Ruby Slipper - New Orleans,0
Recommend a restaurant for quiet conversation.,Tru Burger,1
Recommend a restaurant for quiet conversation.,Acme Oyster House,0
Recommend a restaurant for quiet conversation.,Sazerac Bar,2
Recommend a restaurant for quiet conversation.,9 Roses Cafe,1
Recommend a restaurant for quiet conversation.,Streetcar Cafe,1
Recommend a restaurant for quiet conversation.,Liuzza's By The Track,1
Recommend a restaurant for quiet conversation.,Mr Ed's Oyster Bar - Bienville,1
Recommend a restaurant for quiet conversation.,Mena's Palace,0
Recommend a restaurant for quiet conversation.,Acme Oyster House - Harrahs,0
Recommend a restaurant for quiet conversation.,Central City BBQ,1
Recommend a restaurant for quiet conversation.,New Orleans Cake Café & Bakery,1
Recommend a restaurant for quiet conversation.,Galliano Restaurant,1
Recommend a restaurant for quiet conversation.,Pho Tau Bay Restaurant,1
Recommend a restaurant for quiet conversation.,Seed,1
Recommend a restaurant for quiet conversation.,Cajun Mike's Pub & Grub,0
Recommend a restaurant for quiet conversation.,Corner Oyster House,0
Recommend a restaurant for quiet conversation.,Lilly's Cafe,1
Recommend a restaurant for quiet conversation.,The Original Italian Pie,0
Recommend a restaurant for quiet conversation.,Surrey's Café & Juice Bar,1
Recommend a restaurant for quiet conversation.,G's Pizza,1
Recommend a restaurant for quiet conversation.,French Truck Coffee,2
Recommend a restaurant for quiet conversation.,Pat O'Brien's Courtyard Restaurant,1
Recommend a restaurant for quiet conversation.,Johnny's Po-Boys,0
Recommend a restaurant for quiet conversation.,Mr. Ed's Oyster Bar - St Charles Ave,0
Recommend a restaurant for quiet conversation.,French Toast,1
Recommend a restaurant for quiet conversation.,Heard Dat Kitchen,0
Recommend a restaurant for quiet conversation.,Belle's Diner Nola,1
Recommend a restaurant for quiet conversation.,Killer Poboys,0
Recommend a restaurant for quiet conversation.,Olde Nola Cookery,0
Recommend a restaurant for quiet conversation.,Gumbo Ya-Ya,0
Recommend a restaurant for quiet conversation.,Cafe Negril,0
Recommend a restaurant for quiet conversation.,Dreamy Weenies,0
Recommend a restaurant for quiet conversation.,Cafe Beignet on Royal Street,1
Recommend a restaurant for quiet conversation.,Cuñada,1
Recommend a restaurant for quiet conversation.,Dian Xin,1
Recommend a restaurant for quiet conversation.,Jung's Golden Dragon II,1
Recommend a restaurant for quiet conversation.,Kebab,1
Recommend a restaurant for quiet conversation.,Mahony's Po-Boys & Seafood,0
Recommend a restaurant for quiet conversation.,Seither's Seafood,0
Recommend a restaurant for quiet conversation.,Fharmacy Nola,1
Recommend a restaurant for quiet conversation.,The Daily Beet,1
Recommend a restaurant for quiet conversation.,Pat O'Brien’s,0
Recommend a restaurant for quiet conversation.,Fritzel's European Jazz Pub,0
Recommend a restaurant for quiet conversation.,Faubourg Bistro,0
Recommend a restaurant for quiet conversation.,Magazine Pizza,0
Recommend a restaurant for quiet conversation.,Mahony's Po-Boys & Seafood  - Uptown,0
Recommend a restaurant for quiet conversation.,Fat Boy Pantry,0
Recommend a restaurant for quiet conversation.,Crabby Jack's,0
Recommend a restaurant for quiet conversation.,Monty's on the Square,0
Recommend a restaurant for quiet conversation.,Parkway Bakery & Tavern,0
Recommend a restaurant for quiet conversation.,Liberty Cheesesteaks,0
Recommend a restaurant for quiet conversation.,Daisy Dukes Express,0
Recommend a restaurant for quiet conversation.,Bevi Seafood,0
Recommend a restaurant for quiet conversation.,Geisha Sushi Bistro,1
Recommend a restaurant for quiet conversation.,Asuka Sushi & Hibachi,1
Recommend a restaurant for quiet conversation.,Sweet Soulfood,0
Recommend a restaurant for quiet conversation.,The Halal Guys,0
Recommend a restaurant for quiet conversation.,Cafe Beignet on Decatur Street,1
Recommend a restaurant for quiet conversation.,Dong Phuong,0
Recommend a restaurant for quiet conversation.,Revelator Coffee New Orleans,2
Recommend a restaurant for quiet conversation.,Krystal,0
Recommend a restaurant for quiet conversation.,Guy's Po Boys,0
Recommend a restaurant for quiet conversation.,Domilise Po-Boys & Bar,0
Recommend a restaurant for quiet conversation.,The American Sports Saloon,0
Recommend a restaurant for quiet conversation.,Copper Monkey Grill,1
Recommend a restaurant for quiet conversation.,Daisy Mae's Southern Fried Chicken & Breakfast,0
Recommend a restaurant for quiet conversation.,Café Du Monde,0
Recommend a restaurant for quiet conversation.,Mambo's,0
Recommend a restaurant for quiet conversation.,Bayou Hot Wings,0
Recommend a restaurant for quiet conversation.,Poke Loa,0
Recommend a restaurant for quiet conversation.,Meals From The Heart Cafe,1
Recommend a restaurant for quiet conversation.,Envie Espresso Bar & Cafe,2
Recommend a restaurant for quiet conversation.,Vieux Carre Pizza,0
Recommend a restaurant for quiet conversation.,Central Grocery & Deli,0
Recommend a restaurant for quiet conversation.,Daisy Dukes Cafe,0
Recommend a restaurant for quiet conversation.,NOLA Poboys,0
Recommend a restaurant for quiet conversation.,Shawarma on the Go,0
Recommend a restaurant for quiet conversation.,District Donuts Sliders Brew,1
Recommend a restaurant for quiet conversation.,Cajun Seafood,0
Recommend a restaurant for quiet conversation.,Steamboat Natchez,0
Recommend a restaurant for quiet conversation.,Melba's,0
Recommend a restaurant for quiet conversation.,J's Seafood Dock,0
Recommend a restaurant for quiet conversation.,La Boulangerie,1
Recommend a restaurant for quiet conversation.,Gene's PO-Boys,0
Recommend a restaurant for quiet conversation.,Three Legged Dog,1
Recommend a restaurant for quiet conversation.,Willie Mae's Scotch House,0
Recommend a restaurant for quiet conversation.,Croissant D'Or Patisserie,2
Recommend a restaurant for quiet conversation.,Crescent City Pizza Works,0
Recommend a restaurant for quiet conversation.,Old Absinthe House,2
Recommend a restaurant for quiet conversation.,World Famous N'awlins Cafe & Spice Emporium,0
Recommend a restaurant for quiet conversation.,Two Chicks Café - CBD,1
Recommend a restaurant for quiet conversation.,We Dat's Chicken and Shrimp,0
Recommend a restaurant for quiet conversation.,Sucré,1
Recommend a restaurant for quiet conversation.,Clesi's Restaurant & Catering,0
Recommend a restaurant for quiet conversation.,Breads on Oak Cafe & Bakery,1
Recommend a restaurant for quiet conversation.,Brothers Food Mart,0
Recommend a restaurant for quiet conversation.,Gus's World Famous Fried Chicken,0
Recommend a restaurant for quiet conversation.,New Orleans Famous Beignets And Coffee,0
Recommend a restaurant for quiet conversation.,Bittersweet Confections,1
Recommend a restaurant for quiet conversation.,New Orleans School of Cooking,0
Recommend a restaurant for quiet conversation.,Piccola Gelateria,1
Recommend a restaurant for quiet conversation.,Angelo Brocato,2
Recommend a restaurant for quiet conversation.,Paddlewheeler Creole Queen,0
Recommend a restaurant for quiet conversation.,Holy Crepes!,0
Recommend a restaurant for quiet conversation.,French Quarter Phantoms,0
Where can I dine on food with personal touches?,Louisiana Bistro,3
Where can I dine on food with personal touches?,Stella!,3
Where can I dine on food with personal touches?,Brigtsen's Restaurant,3
Where can I dine on food with personal touches?,Booty's Street Food,2
Where can I dine on food with personal touches?,Coquette,3
Where can I dine on food with personal touches?,Bayona,3
Where can I dine on food with personal touches?,Green Goddess,3
Where can I dine on food with personal touches?,Dick & Jenny's,3
Where can I dine on food with personal touches?,Restaurant August,3
Where can I dine on food with personal touches?,Compère Lapin,3
Where can I dine on food with personal touches?,Cafe Degas,3
Where can I dine on food with personal touches?,Lilette,3
Where can I dine on food with personal touches?,El Gato Negro,2
Where can I dine on food with personal touches?,Root,3
Where can I dine on food with personal touches?,Patois Restaurant,3
Where can I dine on food with personal touches?,Paladar 511,3
Where can I dine on food with personal touches?,K-Paul's Louisiana Kitchen,3
Where can I dine on food with personal touches?,Upperline,3
Where can I dine on food with personal touches?,Gris-Gris,3
Where can I dine on food with personal touches?,La Petite Grocery,3
Where can I dine on food with personal touches?,Dante's Kitchen,3
Where can I dine on food with personal touches?,Meauxbar,3
Where can I dine on food with personal touches?,High Hat Cafe,3
Where can I dine on food with personal touches?,Cowbell,3
Where can I dine on food with personal touches?,Herbsaint,3
Where can I dine on food with personal touches?,Juan's Flying Burrito,2
Where can I dine on food with personal touches?,Maypop Restaurant,3
Where can I dine on food with personal touches?,Kin,3
Where can I dine on food with personal touches?,Wayfare,3
Where can I dine on food with personal touches?,Restaurant R'evolution,3
Where can I dine on food with personal touches?,Sneaky Pickle,3
Where can I dine on food with personal touches?,The Gallery Venue at Tomas Bistro,2
Where can I dine on food with personal touches?,Jacques-Imo's Cafe,3
Where can I dine on food with personal touches?,Chophouse New Orleans,2
Where can I dine on food with personal touches?,Mizado Latin Kitchen,3
Where can I dine on food with personal touches?,The Grill,3
Where can I dine on food with personal touches?,La Boca,3
Where can I dine on food with personal touches?,La Crepe Nanou,3
Where can I dine on food with personal touches?,SukhoThai,2
Where can I dine on food with personal touches?,Boucherie,3
Where can I dine on food with personal touches?,Mona's Cafe,3
Where can I dine on food with personal touches?,Saffron nola,3
Where can I dine on food with personal touches?,Brown Butter Southern Kitchen & Bar,3
Where can I dine on food with personal touches?,Café Amelie,3
Where can I dine on food with personal touches?,Clancy's Restaurant,3
Where can I dine on food with personal touches?,Gyu-Kaku Japanese BBQ,3
Where can I dine on food with personal touches?,Sofia,3
Where can I dine on food with personal touches?,Boswell's Jamaican Grill,3
Where can I dine on food with personal touches?,The American Sector,2
Where can I dine on food with personal touches?,Arabella Casa Di Pasta,3
Where can I dine on food with personal touches?,Shaya,3
Where can I dine on food with personal touches?,Eat New Orleans,3
Where can I dine on food with personal touches?,Josephine Estelle,3
Where can I dine on food with personal touches?,Irene's,3
Where can I dine on food with personal touches?,Taqueria Guerrero,3
Where can I dine on food with personal touches?,The Tasting Room,3
Where can I dine on food with personal touches?,N 7,3
Where can I dine on food with personal touches?,Vincent's Italian Cuisine,3
Where can I dine on food with personal touches?,Meril,3
Where can I dine on food with personal touches?,Dat Dog,3
Where can I dine on food with personal touches?,Cafe Abyssinia,3
Where can I dine on food with personal touches?,Trinity Restaurant New Orleans,3
Where can I dine on food with personal touches?,Slice Pizzeria,2
Where can I dine on food with personal touches?,Cochon,3
Where can I dine on food with personal touches?,Salú Bistro and Bar,2
Where can I dine on food with personal touches?,Nolé,2
Where can I dine on food with personal touches?,SoBou,3
Where can I dine on food with personal touches?,Auction House Market,2
Where can I dine on food with personal touches?,Emeril's Delmonico,3
Where can I dine on food with personal touches?,St Roch Market,2
Where can I dine on food with personal touches?,Ye Olde College Inn,3
Where can I dine on food with personal touches?,New Orleans Hamburger & Seafood Co,2
Where can I dine on food with personal touches?,Little Korea BBQ,2
Where can I dine on food with personal touches?,Adolfo's,3
Where can I dine on food with personal touches?,Ruby Slipper Cafe,3
Where can I dine on food with personal touches?,Cavan,3
Where can I dine on food with personal touches?,Tommy's Cuisine,3
Where can I dine on food with personal touches?,Nirvana Indian Cuisine,2
Where can I dine on food with personal touches?,Jack Rose,3
Where can I dine on food with personal touches?,Dooky Chase's Restaurant,3
Where can I dine on food with personal touches?,Bennachin Restaurant,3
Where can I dine on food with personal touches?,Restaurant Rebirth,3
Where can I dine on food with personal touches?,Heard Dat Kitchen,3
Where can I dine on food with personal touches?,The Camellia Grill,3
Where can I dine on food with personal touches?,Toups Meatery,3
Where can I dine on food with personal touches?,The Delachaise,2
Where can I dine on food with personal touches?,Lola's,3
Where can I dine on food with personal touches?,Vessel NOLA,3
Where can I dine on food with personal touches?,1000 Figs,3
Where can I dine on food with personal touches?,Angeline,3
Where can I dine on food with personal touches?,Carmo,3
Where can I dine on food with personal touches?,Criollo Restaurant,3
Where can I dine on food with personal touches?,Marcello's Restaurant & Wine Bar,3
Where can I dine on food with personal touches?,GG's Dine-O-Rama,2
Where can I dine on food with personal touches?,Tito's Ceviche & Pisco,3
Where can I dine on food with personal touches?,Borgne,2
Where can I dine on food with personal touches?,Mr John's Steakhouse,2
Where can I dine on food with personal touches?,Please-U-Restaurant,3
Where can I dine on food with personal touches?,Red's Chinese,3
Where can I dine on food with personal touches?,New Orleans School of Cooking,3
Where can I dine on food with personal touches?,The Italian Barrel,3
Where can I dine on food with personal touches?,Noodle & Pie,2
Where can I dine on food with personal touches?,DTB,3
Where can I dine on food with personal touches?,Muriel's Jackson Square,3
Where can I dine on food with personal touches?,Annunciation,3
Where can I dine on food with personal touches?,GW Fins,3
Where can I dine on food with personal touches?,Saba,3
Where can I dine on food with personal touches?,The Company Burger,2
Where can I dine on food with personal touches?,Rebellion Bar & Urban Kitchen,3
Where can I dine on food with personal touches?,McClure's,3
Where can I dine on food with personal touches?,Sassafras Restaurant,3
Where can I dine on food with personal touches?,Satsuma Café,3
Where can I dine on food with personal touches?,Mayas,3
Where can I dine on food with personal touches?,Johnny Sanchez,3
Where can I dine on food with personal touches?,Slim Goodies Diner,3
Where can I dine on food with personal touches?,La Thai Uptown,2
Where can I dine on food with personal touches?,Santa Fe,2
Where can I dine on food with personal touches?,Briquette,2
Where can I dine on food with personal touches?,Taqueria Corona,2
Where can I dine on food with personal touches?,The Velvet Cactus,3
Where can I dine on food with personal touches?,Katie's Restaurant & Bar,3
Where can I dine on food with personal touches?,Atchafalaya Restaurant,3
Where can I dine on food with personal touches?,The Steakhouse,2
Where can I dine on food with personal touches?,Red Dog Diner,3
Where can I dine on food with personal touches?,Superior Grill,1
Where can I dine on food with personal touches?,Ralph's on the Park,3
Where can I dine on food with personal touches?,Capdeville,3
Where can I dine on food with personal touches?,Felipe's Mexican Taqueria - French Quarter,2
Where can I dine on food with personal touches?,Cafe Sbisa,3
Where can I dine on food with personal touches?,Sylvain,3
Where can I dine on food with personal touches?,Galatoire's Restaurant,2
Where can I dine on food with personal touches?,La Macarena Pupuseria & Latin Cafe,3
Where can I dine on food with personal touches?,Justine,3
Where can I dine on food with personal touches?,Landry's Seafood House,1
Where can I dine on food with personal touches?,Charcoal's Gourmet Burger Bar,2
Where can I dine on food with personal touches?,Another Broken Egg Cafe,2
Where can I dine on food with personal touches?,Crescent City Steak House,2
Where can I dine on food with personal touches?,The Munch Factory,3
Where can I dine on food with personal touches?,Saint Lawrence,3
Where can I dine on food with personal touches?,Venezia Restaurant,3
Where can I dine on food with personal touches?,Pêche,3
Where can I dine on food with personal touches?,Emeril's ,3
Where can I dine on food with personal touches?,Ignatius' Rue de La Course Coffeehouse,2
Where can I dine on food with personal touches?,Joey K's Restaurant & Bar,2
Where can I dine on food with personal touches?,Café at The Square,2
Where can I dine on food with personal touches?,Tujague's Restaurant,2
Where can I dine on food with personal touches?,Baru Bistro & Tapas,3
Where can I dine on food with personal touches?,Arnaud's Restaurant,3
Where can I dine on food with personal touches?,Louisiana Pizza Kitchen,2
Where can I dine on food with personal touches?,Commander's Palace,3
Where can I dine on food with personal touches?,Avery's On Tulane,3
Where can I dine on food with personal touches?,The Pelican Club,3
Where can I dine on food with personal touches?,Del Fuego,2
Where can I dine on food with personal touches?,Riccobono’s Panola St. Cafe,3
Where can I dine on food with personal touches?,Palace Café,3
Where can I dine on food with personal touches?,HORN'S EATERY,3
Where can I dine on food with personal touches?,NOLA Restaurant,2
Where can I dine on food with personal touches?,Three Muses,3
Where can I dine on food with personal touches?,The Praline Connection,2
Where can I dine on food with personal touches?,Mopho,3
Where can I dine on food with personal touches?,Mint Modern Vietnamese Bistro & Bar,3
Where can I dine on food with personal touches?,The Court of Two Sisters,3
Where can I dine on food with personal touches?,Copper Vine,2
Where can I dine on food with personal touches?,Angeli on Decatur,3
Where can I dine on food with personal touches?,Tableau,3
Where can I dine on food with personal touches?,Maïs Arepas,3
Where can I dine on food with personal touches?,Toast,3
Where can I dine on food with personal touches?,Apolline Restaurant,3
Where can I dine on food with personal touches?,Cochon Butcher,3
Where can I dine on food with personal touches?,Salon by Sucré,3
Where can I dine on food with personal touches?,Lebanon's Cafe,3
Where can I dine on food with personal touches?,Legacy Kitchen's Craft Tavern,3
Where can I dine on food with personal touches?,New Orleans Cake Café & Bakery,3
Where can I dine on food with personal touches?,Vacherie,3
Where can I dine on food with personal touches?,Ba Chi Canteen,3
Where can I dine on food with personal touches?,Trenasse,3
Where can I dine on food with personal touches?,Red Fish Grill,2
Where can I dine on food with personal touches?,Russell's Marina Grill,3
Where can I dine on food with personal touches?,Jagerhaus,3
Where can I dine on food with personal touches?,New Orleans Creole Cookery,2
Where can I dine on food with personal touches?,Houston's Restaurant,2
Where can I dine on food with personal touches?,Mandina's Restaurant,3
Where can I dine on food with personal touches?,Felipe's Mexican Taqueria - Uptown,2
Where can I dine on food with personal touches?,Galatoire's 33 Bar & Steak,2
Where can I dine on food with personal touches?,Casa Borrega,3
Where can I dine on food with personal touches?,The Bombay Club,3
Where can I dine on food with personal touches?,La Casita,3
Where can I dine on food with personal touches?,Orleans Grapevine Wine Bar & Bistro,3
Where can I dine on food with personal touches?,Desi Vega's Steakhouse,3
Where can I dine on food with personal touches?,Antoine's Restaurant,2
Where can I dine on food with personal touches?,Fogo de Chão Brazilian Steakhouse,2
Where can I dine on food with personal touches?,Dickie Brennan's Steakhouse,2
Where can I dine on food with personal touches?,Elizabeth's Restaurant,3
Where can I dine on food with personal touches?,Chartres House,2
Where can I dine on food with personal touches?,Basin Seafood & Spirits,2
Where can I dine on food with personal touches?,Sweet Soulfood,3
Where can I dine on food with personal touches?,Blaze Pizza,3
Where can I dine on food with personal touches?,Seed,3
Where can I dine on food with personal touches?,Milk Bar,3
Where can I dine on food with personal touches?,Lula Restaurant Distillery,3
Where can I dine on food with personal touches?,The Joint,3
Where can I dine on food with personal touches?,Bon Ton Cafe,3
Where can I dine on food with personal touches?,Kebab,3
Where can I dine on food with personal touches?,Mona Lisa Restaurant,3
Where can I dine on food with personal touches?,Dong Phuong,3
Where can I dine on food with personal touches?,Dreamy Weenies,3
Where can I dine on food with personal touches?,Cleo's,3
Where can I dine on food with personal touches?,biscuit & buns on banks,3
Where can I dine on food with personal touches?,Mimi's In The Marigny,3
Where can I dine on food with personal touches?,Red Gravy,3
Where can I dine on food with personal touches?,Rib Room,2
Where can I dine on food with personal touches?,Copeland's Cheesecake Bistro,1
Where can I dine on food with personal touches?,Ancora,3
Where can I dine on food with personal touches?,Faubourg Bistro,3
Where can I dine on food with personal touches?,CellarDoor,2
Where can I dine on food with personal touches?,The Original French Market Restaurant and Bar,2
Where can I dine on food with personal touches?,Doris Metropolitan,3
Where can I dine on food with personal touches?,Namese,2
Where can I dine on food with personal touches?,Majoria's Commerce Restaurant,3
Where can I dine on food with personal touches?,Port Of Call,2
Where can I dine on food with personal touches?,The Original Pierre Maspero's,2
Where can I dine on food with personal touches?,Bearcat Cafe,3
Where can I dine on food with personal touches?,The Irish House,1
Where can I dine on food with personal touches?,Mr. B's Bistro,3
Where can I dine on food with personal touches?,Bearcat CBD,3
Where can I dine on food with personal touches?,Brennan's Restaurant,3
Where can I dine on food with personal touches?,The Backyard,3
Where can I dine on food with personal touches?,Li'l Dizzy's Cafe,3
Where can I dine on food with personal touches?,Central City BBQ,2
Where can I dine on food with personal touches?,Cafe Maspero,2
Where can I dine on food with personal touches?,Domenica,3
Where can I dine on food with personal touches?,Blue Oak BBQ,3
Where can I dine on food with personal touches?,Hoshun Restaurant,2
Where can I dine on food with personal touches?,Gumbo Shop,2
Where can I dine on food with personal touches?,Café Adelaide,2
Where can I dine on food with personal touches?,Deanie's Seafood,2
Where can I dine on food with personal touches?,Sake Cafe Uptown,2
Where can I dine on food with personal touches?,Huck Finn's Cafe,2
Where can I dine on food with personal touches?,Welty's Deli and Catering,3
Where can I dine on food with personal touches?,Squeal,2
Where can I dine on food with personal touches?,Yuki Izakaya,2
Where can I dine on food with personal touches?,Turkey and the Wolf,3
Where can I dine on food with personal touches?,Down The Hatch,2
Where can I dine on food with personal touches?,Nacho Mama's Mexican Grill,2
Where can I dine on food with personal touches?,Oceana Grill,2
Where can I dine on food with personal touches?,Coulis,3
Where can I dine on food with personal touches?,Flamingo A-Go-Go,2
Where can I dine on food with personal touches?,P & G Restaurant & Bar,2
Where can I dine on food with personal touches?,Kingfish,2
Where can I dine on food with personal touches?,The Marigny Brasserie,2
Where can I dine on food with personal touches?,Hobnobber's Variety Bar & Restaurant,3
Where can I dine on food with personal touches?,Fharmacy Nola,3
Where can I dine on food with personal touches?,Midway Pizza,3
Where can I dine on food with personal touches?,Crescent City Brewhouse,2
Where can I dine on food with personal touches?,Coop's Place,3
Where can I dine on food with personal touches?,13 Monaghan,2
Where can I dine on food with personal touches?,Fullblast Brunch,3
Where can I dine on food with personal touches?,Curio,3
Where can I dine on food with personal touches?,Ugly Dog Saloon & BBQ,2
Where can I dine on food with personal touches?,Beachbum Berry's Latitude 29,3
Where can I dine on food with personal touches?,Tartine,3
Where can I dine on food with personal touches?,Jung's Golden Dragon II,2
Where can I dine on food with personal touches?,Clover Grill,2
Where can I dine on food with personal touches?,Creole House Restaurant & Oyster Bar,2
Where can I dine on food with personal touches?,Pascal's Manale,3
Where can I dine on food with personal touches?,Pizza Delicious,2
Where can I dine on food with personal touches?,The Trolley Stop Cafe,2
Where can I dine on food with personal touches?,Brennan's,3
Where can I dine on food with personal touches?,Belle's Diner Nola,3
Where can I dine on food with personal touches?,Willie's Chicken Shack,2
Where can I dine on food with personal touches?,Cane and Table,2
Where can I dine on food with personal touches?,The Old Coffee Pot Restaurant,3
Where can I dine on food with personal touches?,Cuñada,3
Where can I dine on food with personal touches?,Cafe Conti,3
Where can I dine on food with personal touches?,Saint Cecilia,3
Where can I dine on food with personal touches?,Neyow's Creole Cafe,3
Where can I dine on food with personal touches?,Superior Seafood & Oyster Bar,2
Where can I dine on food with personal touches?,Felix's Restaurant & Oyster Bar,2
Where can I dine on food with personal touches?,Araña Taqueria y Cantina,3
Where can I dine on food with personal touches?,The Halal Guys,2
Where can I dine on food with personal touches?,Evangeline,3
Where can I dine on food with personal touches?,Magasin Vietnamese Cafe,2
Where can I dine on food with personal touches?,Yo Mama's Bar & Grill,3
Where can I dine on food with personal touches?,Galliano Restaurant,3
Where can I dine on food with personal touches?,Pho Bistreaux,3
Where can I dine on food with personal touches?,Diamond Street Bar & Grill,2
Where can I dine on food with personal touches?,WINO  Wine Institute of New Orleans,2
Where can I dine on food with personal touches?,Walk-On's Sports Bistreaux - New Orleans,1
Where can I dine on food with personal touches?,Wakin' Bakin',3
Where can I dine on food with personal touches?,Bakery Bar,3
Where can I dine on food with personal touches?,Bayou Hot Wings,2
Where can I dine on food with personal touches?,9 Roses Cafe,2
Where can I dine on food with personal touches?,Ruth's Chris Steak House,2
Where can I dine on food with personal touches?,Gordon Biersch Brewery Restaurant,1
Where can I dine on food with personal touches?,Pizza Domenica,3
Where can I dine on food with personal touches?,Refuel Cafe,3
Where can I dine on food with personal touches?,Cafe Fleur De Lis,3
Where can I dine on food with personal touches?,The Rum House,3
Where can I dine on food with personal touches?,Tsunami Sushi,3
Where can I dine on food with personal touches?,Estrella Steak & Lobster,2
Where can I dine on food with personal touches?,Tacos And Beer,2
Where can I dine on food with personal touches?,Luke,3
Where can I dine on food with personal touches?,Lilly's Cafe,3
Where can I dine on food with personal touches?,Fat Boy Pantry,3
Where can I dine on food with personal touches?,Broussard's,3
Where can I dine on food with personal touches?,Union Kitchen & Union Party Room,2
Where can I dine on food with personal touches?,Grand Isle,2
Where can I dine on food with personal touches?,Felipe's Mexican Taqueria - Mid City,2
Where can I dine on food with personal touches?,Hard Rock Cafe,2
Where can I dine on food with personal touches?,Mikimoto,2
Where can I dine on food with personal touches?,Tout De Suite Cafe,3
Where can I dine on food with personal touches?,Voodoo BBQ & Grill,2
Where can I dine on food with personal touches?,Tru Burger,2
Where can I dine on food with personal touches?,St Charles Tavern,2
Where can I dine on food with personal touches?,Pho Tau Bay Restaurant,2
Where can I dine on food with personal touches?,Frankie & Johnny's,3
Where can I dine on food with personal touches?,The Governor,2
Where can I dine on food with personal touches?,The Blue Crab Restaurant & Oyster Bar,2
Where can I dine on food with personal touches?,Gus's World Famous Fried Chicken,2
Where can I dine on food with personal touches?,Willa Jean,3
Where can I dine on food with personal touches?,Frey Smoked Meat,2
Where can I dine on food with personal touches?,Amici,2
Where can I dine on food with personal touches?,Who Dat Coffee Cafe,3
Where can I dine on food with personal touches?,Cafe Rose Nicaud,2
Where can I dine on food with personal touches?,Liberty Cheesesteaks,2
Where can I dine on food with personal touches?,Ole Saint,2
Where can I dine on food with personal touches?,Coterie Restaurant & Oyster Bar,2
Where can I dine on food with personal touches?,Seaworthy,3
Where can I dine on food with personal touches?,Liuzza's By The Track,3
Where can I dine on food with personal touches?,BOIL Seafood House,2
Where can I dine on food with personal touches?,Streetcar Cafe,2
Where can I dine on food with personal touches?,Dian Xin,3
Where can I dine on food with personal touches?,The Country Club,2
Where can I dine on food with personal touches?,Two Chicks Cafe,3
Where can I dine on food with personal touches?,Buffa's Bar & Restaurant,2
Where can I dine on food with personal touches?,Stanley,3
Where can I dine on food with personal touches?,Casamento's Restaurant,3
Where can I dine on food with personal touches?,Mr Ed's Oyster Bar - Bienville,3
Where can I dine on food with personal touches?,Chiba,3
Where can I dine on food with personal touches?,Fiorella's Cafe,3
Where can I dine on food with personal touches?,Five Happiness Chinese Restaurant,2
Where can I dine on food with personal touches?,Warehouse Grille,2
Where can I dine on food with personal touches?,Cornet,2
Where can I dine on food with personal touches?,Little Tokyo Small Plates & Noodle Bar,2
Where can I dine on food with personal touches?,The Vintage,3
Where can I dine on food with personal touches?,The Daily Beet,3
Where can I dine on food with personal touches?,Surrey's Uptown,3
Where can I dine on food with personal touches?,Dolce Vita Pizzeria,3
Where can I dine on food with personal touches?,Remoulade,2
Where can I dine on food with personal touches?,Le Bayou Restaurant,2
Where can I dine on food with personal touches?,The Avenue Pub,2
Where can I dine on food with personal touches?,Mulate's,2
Where can I dine on food with personal touches?,Verti Marte,3
Where can I dine on food with personal touches?,Little Gem Saloon,2
Where can I dine on food with personal touches?,Morrow's,2
Where can I dine on food with personal touches?,Pere Antoine Restaurant,2
Where can I dine on food with personal touches?,Seither's Seafood,2
Where can I dine on food with personal touches?,Nonna Mia Cafe & Pizzeria,2
Where can I dine on food with personal touches?,Poke Loa,2
Where can I dine on food with personal touches?,Surrey's Café & Juice Bar,3
Where can I dine on food with personal touches?,Cajun Seafood,2
Where can I dine on food with personal touches?,Rock-n-Saké Bar & Sushi,2
Where can I dine on food with personal touches?,The Market Cafe,2
Where can I dine on food with personal touches?,Jimmy J's Cafe,3
Where can I dine on food with personal touches?,Meals From The Heart Cafe,3
Where can I dine on food with personal touches?,Manning's Sports Bar and Grill,0
Where can I dine on food with personal touches?,Killer Poboys,3
Where can I dine on food with personal touches?,Bourbon House,2
Where can I dine on food with personal touches?,Mena's Palace,2
Where can I dine on food with personal touches?,Ninja Restaurant,2
Where can I dine on food with personal touches?,Asuka Sushi & Hibachi,2
Where can I dine on food with personal touches?,G's Pizza,2
Where can I dine on food with personal touches?,Shawarma on the Go,3
Where can I dine on food with personal touches?,Cafe Pontalba,2
Where can I dine on food with personal touches?,Desire Oyster Bar,2
Where can I dine on food with personal touches?,Victory,3
Where can I dine on food with personal touches?,Snug Harbor Jazz Bistro,2
Where can I dine on food with personal touches?,Clesi's Restaurant & Catering,3
Where can I dine on food with personal touches?,Stein's Market and Deli,3
Where can I dine on food with personal touches?,Bubba Gump Shrimp Co.,2
Where can I dine on food with personal touches?,Lucy's Retired Surfers Bar & Restaurant,2
Where can I dine on food with personal touches?,Brothers Food Mart,2
Where can I dine on food with personal touches?,Ernst Cafe,2
Where can I dine on food with personal touches?,Crabby Jack's,2
Where can I dine on food with personal touches?,801 Royal,2
Where can I dine on food with personal touches?,Deja Vu Restaurant & Bar,2
Where can I dine on food with personal touches?,French Toast,3
Where can I dine on food with personal touches?,Nomiya,3
Where can I dine on food with personal touches?,Franks Restaurant,2
Where can I dine on food with personal touches?,Cure,3
Where can I dine on food with personal touches?,Royal House,2
Where can I dine on food with personal touches?,Willie Mae's Scotch House,3
Where can I dine on food with personal touches?,Guy's Po Boys,3
Where can I dine on food with personal touches?,Bayou Burger & Sports Company,2
Where can I dine on food with personal touches?,Monty's on the Square,2
Where can I dine on food with personal touches?,Olde Nola Cookery,3
Where can I dine on food with personal touches?,Daisy Dukes - French Quarter,2
Where can I dine on food with personal touches?,Breads on Oak Cafe & Bakery,3
Where can I dine on food with personal touches?,Mother's Restaurant,2
Where can I dine on food with personal touches?,Tracey's Original Irish Channel Bar,2
Where can I dine on food with personal touches?,Ruby Slipper - New Orleans,3
Where can I dine on food with personal touches?,The Crazy Lobster Bar & Grill,1
Where can I dine on food with personal touches?,Backspace Bar & Kitchen,2
Where can I dine on food with personal touches?,Sushi Brothers,2
Where can I dine on food with personal touches?,Reginelli's Pizzeria,2
Where can I dine on food with personal touches?,World Famous N'awlins Cafe & Spice Emporium,2
Where can I dine on food with personal touches?,Sucré,3
Where can I dine on food with personal touches?,J's Seafood Dock,2
Where can I dine on food with personal touches?,Wood Pizza Bistro and Taphouse,3
Where can I dine on food with personal touches?,Saints And Sinners,2
Where can I dine on food with personal touches?,Pier 424 Seafood Market,1
Where can I dine on food with personal touches?,Cooter Brown's,2
Where can I dine on food with personal touches?,Mid City Pizza,2
Where can I dine on food with personal touches?,Cafe Beignet on Bourbon Street,2
Where can I dine on food with personal touches?,Attiki Bar and Grill,3
Where can I dine on food with personal touches?,Parasol's,2
Where can I dine on food with personal touches?,Bevi Seafood,2
Where can I dine on food with personal touches?,Gallier Restaurant & Oyster Bar,3
Where can I dine on food with personal touches?,Mahony's Po-Boys & Seafood,2
Where can I dine on food with personal touches?,Merchant,3
Where can I dine on food with personal touches?,HiVolt Coffee,2
Where can I dine on food with personal touches?,Columns,2
Where can I dine on food with personal touches?,Parkway Bakery & Tavern,3
Where can I dine on food with personal touches?,Turtle Bay,2
Where can I dine on food with personal touches?,Origami,2
Where can I dine on food with personal touches?,Gazebo Cafe,2
Where can I dine on food with personal touches?,Mambo's,2
Where can I dine on food with personal touches?,Drago's Seafood Restaurant,2
Where can I dine on food with personal touches?,Mr. Ed's Oyster Bar - St Charles Ave,2
Where can I dine on food with personal touches?,Gumbo POT,2
Where can I dine on food with personal touches?,Domilise Po-Boys & Bar,3
Where can I dine on food with personal touches?,Cafe Beignet on Decatur Street,2
Where can I dine on food with personal touches?,Croissant D'Or Patisserie,2
Where can I dine on food with personal touches?,The Maison,2
Where can I dine on food with personal touches?,District Donuts Sliders Brew,3
Where can I dine on food with personal touches?,Avenue Cafe,2
Where can I dine on food with personal touches?,Cafe Envie & Espresso Bar,2
Where can I dine on food with personal touches?,Geisha Sushi Bistro,2
Where can I dine on food with personal touches?,Backatown Coffee Parlour,3
Where can I dine on food with personal touches?,The Original Italian Pie,2
Where can I dine on food with personal touches?,Cafe Beignet on Royal Street,3
Where can I dine on food with personal touches?,Two Chicks Café - CBD,3
Where can I dine on food with personal touches?,Daisy Mae's Southern Fried Chicken & Breakfast,3
Where can I dine on food with personal touches?,Daisy Dukes Cafe,2
Where can I dine on food with personal touches?,Mahony's Po-Boys & Seafood  - Uptown,2
Where can I dine on food with personal touches?,Magazine Pizza,2
Where can I dine on food with personal touches?,The Jimani,2
Where can I dine on food with personal touches?,Acme Oyster House,2
Where can I dine on food with personal touches?,Napoleon House,2
Where can I dine on food with personal touches?,Bittersweet Confections,3
Where can I dine on food with personal touches?,Copper Monkey Grill,2
Where can I dine on food with personal touches?,Gumbo Ya-Ya,3
Where can I dine on food with personal touches?,Krystal,2
Where can I dine on food with personal touches?,Morning Call Coffee Stand,2
Where can I dine on food with personal touches?,Arnaud's French 75 Bar,3
Where can I dine on food with personal touches?,NOLA Poboys,3
Where can I dine on food with personal touches?,The Blind Pelican,2
Where can I dine on food with personal touches?,We Dat's Chicken and Shrimp,2
Where can I dine on food with personal touches?,Johnny's Po-Boys,2
Where can I dine on food with personal touches?,Daisy Dukes Express,2
Where can I dine on food with personal touches?,Cajun Mike's Pub & Grub,3
Where can I dine on food with personal touches?,The Howlin' Wolf,2
Where can I dine on food with personal touches?,Corner Oyster House,1
Where can I dine on food with personal touches?,Gene's PO-Boys,3
Where can I dine on food with personal touches?,Crescent City Pizza Works,2
Where can I dine on food with personal touches?,Barcadia,1
Where can I dine on food with personal touches?,Melba's,2
Where can I dine on food with personal touches?,House of Blues New Orleans,2
Where can I dine on food with personal touches?,IHOP,1
Where can I dine on food with personal touches?,La Boulangerie,2
Where can I dine on food with personal touches?,Le Pavillon Hotel,3
Where can I dine on food with personal touches?,BB King's Blues Club,1
Where can I dine on food with personal touches?,Acme Oyster House - Harrahs,2
Where can I dine on food with personal touches?,"The Ritz-Carlton, New Orleans",2
Where can I dine on food with personal touches?,Angelo Brocato,3
Where can I dine on food with personal touches?,Cafe Negril,3
Where can I dine on food with personal touches?,New Orleans Famous Beignets And Coffee,3
Where can I dine on food with personal touches?,The Bulldog,2
Where can I dine on food with personal touches?,Tiki Tolteca,3
Where can I dine on food with personal touches?,Pat O'Brien's Courtyard Restaurant,2
Where can I dine on food with personal touches?,Piccola Gelateria,3
Where can I dine on food with personal touches?,Steamboat Natchez,1
Where can I dine on food with personal touches?,Café Du Monde,2
Where can I dine on food with personal touches?,Envie Espresso Bar & Cafe,2
Where can I dine on food with personal touches?,Vieux Carre Pizza,2
Where can I dine on food with personal touches?,Central Grocery & Deli,2
Where can I dine on food with personal touches?,Windsor Court Hotel,2
Where can I dine on food with personal touches?,30_90 NOLA,2
Where can I dine on food with personal touches?,Holy Crepes!,3
Where can I dine on food with personal touches?,Three Legged Dog,2
Where can I dine on food with personal touches?,The Rusty Nail,2
Where can I dine on food with personal touches?,Bamboula's,2
Where can I dine on food with personal touches?,Hilton New Orleans Riverside,2
Where can I dine on food with personal touches?,French Truck Coffee,2
Where can I dine on food with personal touches?,Pat O'Brien’s,1
Where can I dine on food with personal touches?,Mojo Coffee House,2
Where can I dine on food with personal touches?,Embassy Suites by Hilton New Orleans,3
Where can I dine on food with personal touches?,The Old No 77 Hotel and Chandlery,3
Where can I dine on food with personal touches?,The Jazz Playhouse,2
Where can I dine on food with personal touches?,Rue De La Course,2
Where can I dine on food with personal touches?,New Orleans Marriott,2
Where can I dine on food with personal touches?,The American Sports Saloon,0
Where can I dine on food with personal touches?,W New Orleans - French Quarter,1
Where can I dine on food with personal touches?,Revelator Coffee New Orleans,2
Where can I dine on food with personal touches?,Dave & Buster's,0
Where can I dine on food with personal touches?,Sheraton New Orleans Hotel,1
Where can I dine on food with personal touches?,Sazerac Bar,2
Where can I dine on food with personal touches?,Pirates Alley Cafe,2
Where can I dine on food with personal touches?,Royal Sonesta New Orleans,2
Where can I dine on food with personal touches?,Hotel New Orleans Downtown,2
Where can I dine on food with personal touches?,Hot Tin,2
Where can I dine on food with personal touches?,Fritzel's European Jazz Pub,1
Where can I dine on food with personal touches?,Old Absinthe House,2
Where can I dine on food with personal touches?,Paddlewheeler Creole Queen,2
Where can I dine on food with personal touches?,French Quarter Phantoms,0
What restaurants use unexpected ingredients well?,Louisiana Bistro,3
What restaurants use unexpected ingredients well?,Root,3
What restaurants use unexpected ingredients well?,Stella!,3
What restaurants use unexpected ingredients well?,Green Goddess,3
What restaurants use unexpected ingredients well?,Restaurant August,3
What restaurants use unexpected ingredients well?,Coquette,3
What restaurants use unexpected ingredients well?,Bennachin Restaurant,2
What restaurants use unexpected ingredients well?,Dat Dog,3
What restaurants use unexpected ingredients well?,Sneaky Pickle,3
What restaurants use unexpected ingredients well?,Bayona,3
What restaurants use unexpected ingredients well?,Booty's Street Food,2
What restaurants use unexpected ingredients well?,Compère Lapin,3
What restaurants use unexpected ingredients well?,Seed,2
What restaurants use unexpected ingredients well?,Carmo,3
What restaurants use unexpected ingredients well?,Nirvana Indian Cuisine,2
What restaurants use unexpected ingredients well?,Dante's Kitchen,3
What restaurants use unexpected ingredients well?,Saffron nola,3
What restaurants use unexpected ingredients well?,Lilette,2
What restaurants use unexpected ingredients well?,Satsuma Café,2
What restaurants use unexpected ingredients well?,Dreamy Weenies,3
What restaurants use unexpected ingredients well?,Arabella Casa Di Pasta,2
What restaurants use unexpected ingredients well?,Ba Chi Canteen,3
What restaurants use unexpected ingredients well?,Sofia,2
What restaurants use unexpected ingredients well?,Wayfare,3
What restaurants use unexpected ingredients well?,Mopho,3
What restaurants use unexpected ingredients well?,Bearcat Cafe,2
What restaurants use unexpected ingredients well?,SukhoThai,2
What restaurants use unexpected ingredients well?,Brigtsen's Restaurant,3
What restaurants use unexpected ingredients well?,Paladar 511,3
What restaurants use unexpected ingredients well?,Maypop Restaurant,3
What restaurants use unexpected ingredients well?,Juan's Flying Burrito,2
What restaurants use unexpected ingredients well?,Blaze Pizza,2
What restaurants use unexpected ingredients well?,Gyu-Kaku Japanese BBQ,2
What restaurants use unexpected ingredients well?,Herbsaint,2
What restaurants use unexpected ingredients well?,Boswell's Jamaican Grill,1
What restaurants use unexpected ingredients well?,Tito's Ceviche & Pisco,3
What restaurants use unexpected ingredients well?,The American Sector,2
What restaurants use unexpected ingredients well?,Dick & Jenny's,2
What restaurants use unexpected ingredients well?,Jacques-Imo's Cafe,3
What restaurants use unexpected ingredients well?,El Gato Negro,2
What restaurants use unexpected ingredients well?,Kin,3
What restaurants use unexpected ingredients well?,K-Paul's Louisiana Kitchen,2
What restaurants use unexpected ingredients well?,Cochon,3
What restaurants use unexpected ingredients well?,Patois Restaurant,3
What restaurants use unexpected ingredients well?,The Gallery Venue at Tomas Bistro,2
What restaurants use unexpected ingredients well?,La Macarena Pupuseria & Latin Cafe,3
What restaurants use unexpected ingredients well?,Red's Chinese,3
What restaurants use unexpected ingredients well?,SoBou,3
What restaurants use unexpected ingredients well?,Cafe Degas,2
What restaurants use unexpected ingredients well?,Mona's Cafe,2
What restaurants use unexpected ingredients well?,Sweet Soulfood,3
What restaurants use unexpected ingredients well?,Toups Meatery,3
What restaurants use unexpected ingredients well?,Meauxbar,3
What restaurants use unexpected ingredients well?,Noodle & Pie,2
What restaurants use unexpected ingredients well?,La Petite Grocery,2
What restaurants use unexpected ingredients well?,DTB,3
What restaurants use unexpected ingredients well?,Cafe Abyssinia,2
What restaurants use unexpected ingredients well?,Red Dog Diner,3
What restaurants use unexpected ingredients well?,Lola's,2
What restaurants use unexpected ingredients well?,Mint Modern Vietnamese Bistro & Bar,3
What restaurants use unexpected ingredients well?,Boucherie,3
What restaurants use unexpected ingredients well?,Josephine Estelle,2
What restaurants use unexpected ingredients well?,Restaurant R'evolution,3
What restaurants use unexpected ingredients well?,Poke Loa,2
What restaurants use unexpected ingredients well?,Shaya,3
What restaurants use unexpected ingredients well?,Lilly's Cafe,2
What restaurants use unexpected ingredients well?,Maïs Arepas,3
What restaurants use unexpected ingredients well?,Mizado Latin Kitchen,3
What restaurants use unexpected ingredients well?,Salon by Sucré,2
What restaurants use unexpected ingredients well?,Sylvain,2
What restaurants use unexpected ingredients well?,Ancora,2
What restaurants use unexpected ingredients well?,Vessel NOLA,2
What restaurants use unexpected ingredients well?,Angeline,2
What restaurants use unexpected ingredients well?,Vincent's Italian Cuisine,2
What restaurants use unexpected ingredients well?,Meril,2
What restaurants use unexpected ingredients well?,GG's Dine-O-Rama,2
What restaurants use unexpected ingredients well?,Pho Bistreaux,2
What restaurants use unexpected ingredients well?,Venezia Restaurant,2
What restaurants use unexpected ingredients well?,Adolfo's,2
What restaurants use unexpected ingredients well?,Dong Phuong,2
What restaurants use unexpected ingredients well?,Milk Bar,3
What restaurants use unexpected ingredients well?,Namese,2
What restaurants use unexpected ingredients well?,Eat New Orleans,2
What restaurants use unexpected ingredients well?,Criollo Restaurant,3
What restaurants use unexpected ingredients well?,Rebellion Bar & Urban Kitchen,2
What restaurants use unexpected ingredients well?,Irene's,2
What restaurants use unexpected ingredients well?,1000 Figs,2
What restaurants use unexpected ingredients well?,Ruby Slipper Cafe,2
What restaurants use unexpected ingredients well?,Restaurant Rebirth,2
What restaurants use unexpected ingredients well?,Brennan's Restaurant,2
What restaurants use unexpected ingredients well?,Ye Olde College Inn,2
What restaurants use unexpected ingredients well?,Saba,3
What restaurants use unexpected ingredients well?,Emeril's ,2
What restaurants use unexpected ingredients well?,Little Korea BBQ,2
What restaurants use unexpected ingredients well?,Yuki Izakaya,2
What restaurants use unexpected ingredients well?,La Crepe Nanou,2
What restaurants use unexpected ingredients well?,Emeril's Delmonico,2
What restaurants use unexpected ingredients well?,Cowbell,3
What restaurants use unexpected ingredients well?,Café Adelaide,2
What restaurants use unexpected ingredients well?,Slice Pizzeria,2
What restaurants use unexpected ingredients well?,Commander's Palace,2
What restaurants use unexpected ingredients well?,The Steakhouse,2
What restaurants use unexpected ingredients well?,Taqueria Guerrero,1
What restaurants use unexpected ingredients well?,Annunciation,2
What restaurants use unexpected ingredients well?,Mayas,3
What restaurants use unexpected ingredients well?,Domenica,3
What restaurants use unexpected ingredients well?,Café Amelie,2
What restaurants use unexpected ingredients well?,Mr John's Steakhouse,2
What restaurants use unexpected ingredients well?,Angeli on Decatur,2
What restaurants use unexpected ingredients well?,N 7,3
What restaurants use unexpected ingredients well?,Gris-Gris,2
What restaurants use unexpected ingredients well?,The Praline Connection,1
What restaurants use unexpected ingredients well?,New Orleans School of Cooking,1
What restaurants use unexpected ingredients well?,Nolé,2
What restaurants use unexpected ingredients well?,Bearcat CBD,2
What restaurants use unexpected ingredients well?,GW Fins,2
What restaurants use unexpected ingredients well?,Upperline,2
What restaurants use unexpected ingredients well?,Magasin Vietnamese Cafe,2
What restaurants use unexpected ingredients well?,Salú Bistro and Bar,2
What restaurants use unexpected ingredients well?,Capdeville,3
What restaurants use unexpected ingredients well?,Santa Fe,2
What restaurants use unexpected ingredients well?,Kebab,3
What restaurants use unexpected ingredients well?,Johnny Sanchez,3
What restaurants use unexpected ingredients well?,Del Fuego,2
What restaurants use unexpected ingredients well?,La Thai Uptown,2
What restaurants use unexpected ingredients well?,Toast,2
What restaurants use unexpected ingredients well?,Sucré,3
What restaurants use unexpected ingredients well?,Marcello's Restaurant & Wine Bar,2
What restaurants use unexpected ingredients well?,Trinity Restaurant New Orleans,3
What restaurants use unexpected ingredients well?,High Hat Cafe,2
What restaurants use unexpected ingredients well?,Another Broken Egg Cafe,2
What restaurants use unexpected ingredients well?,Hoshun Restaurant,2
What restaurants use unexpected ingredients well?,13 Monaghan,2
What restaurants use unexpected ingredients well?,Nomiya,2
What restaurants use unexpected ingredients well?,McClure's,3
What restaurants use unexpected ingredients well?,Charcoal's Gourmet Burger Bar,2
What restaurants use unexpected ingredients well?,Louisiana Pizza Kitchen,2
What restaurants use unexpected ingredients well?,Muriel's Jackson Square,2
What restaurants use unexpected ingredients well?,Dooky Chase's Restaurant,2
What restaurants use unexpected ingredients well?,Cavan,2
What restaurants use unexpected ingredients well?,Borgne,2
What restaurants use unexpected ingredients well?,The Company Burger,3
What restaurants use unexpected ingredients well?,Ignatius' Rue de La Course Coffeehouse,1
What restaurants use unexpected ingredients well?,Atchafalaya Restaurant,3
What restaurants use unexpected ingredients well?,Jung's Golden Dragon II,2
What restaurants use unexpected ingredients well?,Ralph's on the Park,2
What restaurants use unexpected ingredients well?,Cochon Butcher,2
What restaurants use unexpected ingredients well?,La Boca,1
What restaurants use unexpected ingredients well?,Brown Butter Southern Kitchen & Bar,2
What restaurants use unexpected ingredients well?,Galatoire's Restaurant,1
What restaurants use unexpected ingredients well?,Turkey and the Wolf,3
What restaurants use unexpected ingredients well?,Pêche,2
What restaurants use unexpected ingredients well?,Gumbo Shop,1
What restaurants use unexpected ingredients well?,Mikimoto,2
What restaurants use unexpected ingredients well?,Pho Tau Bay Restaurant,1
What restaurants use unexpected ingredients well?,The Italian Barrel,2
What restaurants use unexpected ingredients well?,Chophouse New Orleans,2
What restaurants use unexpected ingredients well?,Jagerhaus,2
What restaurants use unexpected ingredients well?,Three Muses,3
What restaurants use unexpected ingredients well?,Brennan's,3
What restaurants use unexpected ingredients well?,Tommy's Cuisine,2
What restaurants use unexpected ingredients well?,Baru Bistro & Tapas,3
What restaurants use unexpected ingredients well?,Tujague's Restaurant,1
What restaurants use unexpected ingredients well?,Lula Restaurant Distillery,2
What restaurants use unexpected ingredients well?,Copper Vine,2
What restaurants use unexpected ingredients well?,Midway Pizza,2
What restaurants use unexpected ingredients well?,The Court of Two Sisters,2
What restaurants use unexpected ingredients well?,NOLA Restaurant,1
What restaurants use unexpected ingredients well?,Clancy's Restaurant,2
What restaurants use unexpected ingredients well?,Tartine,2
What restaurants use unexpected ingredients well?,The Tasting Room,3
What restaurants use unexpected ingredients well?,Doris Metropolitan,2
What restaurants use unexpected ingredients well?,Justine,2
What restaurants use unexpected ingredients well?,Sake Cafe Uptown,3
What restaurants use unexpected ingredients well?,Breads on Oak Cafe & Bakery,2
What restaurants use unexpected ingredients well?,Saint Lawrence,2
What restaurants use unexpected ingredients well?,Auction House Market,2
What restaurants use unexpected ingredients well?,The Daily Beet,2
What restaurants use unexpected ingredients well?,New Orleans Cake Café & Bakery,2
What restaurants use unexpected ingredients well?,The Velvet Cactus,2
What restaurants use unexpected ingredients well?,Jack Rose,3
What restaurants use unexpected ingredients well?,Cane and Table,2
What restaurants use unexpected ingredients well?,Pizza Domenica,2
What restaurants use unexpected ingredients well?,Heard Dat Kitchen,3
What restaurants use unexpected ingredients well?,Felipe's Mexican Taqueria - French Quarter,1
What restaurants use unexpected ingredients well?,The Bombay Club,2
What restaurants use unexpected ingredients well?,9 Roses Cafe,2
What restaurants use unexpected ingredients well?,CellarDoor,2
What restaurants use unexpected ingredients well?,Apolline Restaurant,2
What restaurants use unexpected ingredients well?,New Orleans Hamburger & Seafood Co,1
What restaurants use unexpected ingredients well?,St Roch Market,2
What restaurants use unexpected ingredients well?,Vacherie,2
What restaurants use unexpected ingredients well?,The Halal Guys,1
What restaurants use unexpected ingredients well?,Cleo's,2
What restaurants use unexpected ingredients well?,Slim Goodies Diner,2
What restaurants use unexpected ingredients well?,Squeal,2
What restaurants use unexpected ingredients well?,Dian Xin,3
What restaurants use unexpected ingredients well?,Palace Café,2
What restaurants use unexpected ingredients well?,Kingfish,2
What restaurants use unexpected ingredients well?,Copeland's Cheesecake Bistro,1
What restaurants use unexpected ingredients well?,Coop's Place,2
What restaurants use unexpected ingredients well?,Russell's Marina Grill,2
What restaurants use unexpected ingredients well?,Fogo de Chão Brazilian Steakhouse,1
What restaurants use unexpected ingredients well?,Curio,2
What restaurants use unexpected ingredients well?,Piccola Gelateria,2
What restaurants use unexpected ingredients well?,Lebanon's Cafe,2
What restaurants use unexpected ingredients well?,Flamingo A-Go-Go,2
What restaurants use unexpected ingredients well?,Galatoire's 33 Bar & Steak,1
What restaurants use unexpected ingredients well?,The Delachaise,2
What restaurants use unexpected ingredients well?,Surrey's Café & Juice Bar,2
What restaurants use unexpected ingredients well?,Killer Poboys,3
What restaurants use unexpected ingredients well?,The Pelican Club,2
What restaurants use unexpected ingredients well?,Tableau,2
What restaurants use unexpected ingredients well?,Houston's Restaurant,1
What restaurants use unexpected ingredients well?,Coulis,3
What restaurants use unexpected ingredients well?,Red Fish Grill,2
What restaurants use unexpected ingredients well?,Nacho Mama's Mexican Grill,1
What restaurants use unexpected ingredients well?,Taqueria Corona,1
What restaurants use unexpected ingredients well?,Sassafras Restaurant,1
What restaurants use unexpected ingredients well?,Landry's Seafood House,1
What restaurants use unexpected ingredients well?,Meals From The Heart Cafe,2
What restaurants use unexpected ingredients well?,Felipe's Mexican Taqueria - Uptown,2
What restaurants use unexpected ingredients well?,HiVolt Coffee,2
What restaurants use unexpected ingredients well?,New Orleans Creole Cookery,2
What restaurants use unexpected ingredients well?,Beachbum Berry's Latitude 29,2
What restaurants use unexpected ingredients well?,Welty's Deli and Catering,1
What restaurants use unexpected ingredients well?,Dickie Brennan's Steakhouse,2
What restaurants use unexpected ingredients well?,Chiba,3
What restaurants use unexpected ingredients well?,Cafe Sbisa,2
What restaurants use unexpected ingredients well?,Rib Room,2
What restaurants use unexpected ingredients well?,Briquette,2
What restaurants use unexpected ingredients well?,Red Gravy,2
What restaurants use unexpected ingredients well?,Two Chicks Cafe,2
What restaurants use unexpected ingredients well?,Dolce Vita Pizzeria,3
What restaurants use unexpected ingredients well?,The Joint,2
What restaurants use unexpected ingredients well?,Casa Borrega,2
What restaurants use unexpected ingredients well?,Desi Vega's Steakhouse,2
What restaurants use unexpected ingredients well?,Mandina's Restaurant,1
What restaurants use unexpected ingredients well?,Arnaud's Restaurant,2
What restaurants use unexpected ingredients well?,Bon Ton Cafe,2
What restaurants use unexpected ingredients well?,Mr. B's Bistro,2
What restaurants use unexpected ingredients well?,The Original Pierre Maspero's,2
What restaurants use unexpected ingredients well?,Elizabeth's Restaurant,2
What restaurants use unexpected ingredients well?,Broussard's,2
What restaurants use unexpected ingredients well?,Bakery Bar,2
What restaurants use unexpected ingredients well?,Trenasse,2
What restaurants use unexpected ingredients well?,The Munch Factory,2
What restaurants use unexpected ingredients well?,La Casita,2
What restaurants use unexpected ingredients well?,Fat Boy Pantry,2
What restaurants use unexpected ingredients well?,Pizza Delicious,3
What restaurants use unexpected ingredients well?,Chartres House,2
What restaurants use unexpected ingredients well?,Cafe Conti,2
What restaurants use unexpected ingredients well?,Willa Jean,2
What restaurants use unexpected ingredients well?,biscuit & buns on banks,3
What restaurants use unexpected ingredients well?,The Grill,0
What restaurants use unexpected ingredients well?,Café at The Square,2
What restaurants use unexpected ingredients well?,Fharmacy Nola,3
What restaurants use unexpected ingredients well?,The Marigny Brasserie,1
What restaurants use unexpected ingredients well?,Katie's Restaurant & Bar,2
What restaurants use unexpected ingredients well?,Tsunami Sushi,3
What restaurants use unexpected ingredients well?,Crescent City Steak House,0
What restaurants use unexpected ingredients well?,Ninja Restaurant,1
What restaurants use unexpected ingredients well?,G's Pizza,2
What restaurants use unexpected ingredients well?,HORN'S EATERY,3
What restaurants use unexpected ingredients well?,Mona Lisa Restaurant,0
What restaurants use unexpected ingredients well?,Cuñada,2
What restaurants use unexpected ingredients well?,Pere Antoine Restaurant,1
What restaurants use unexpected ingredients well?,Please-U-Restaurant,2
What restaurants use unexpected ingredients well?,Frey Smoked Meat,2
What restaurants use unexpected ingredients well?,The Governor,3
What restaurants use unexpected ingredients well?,Willie's Chicken Shack,1
What restaurants use unexpected ingredients well?,Luke,2
What restaurants use unexpected ingredients well?,Riccobono’s Panola St. Cafe,2
What restaurants use unexpected ingredients well?,The Old Coffee Pot Restaurant,1
What restaurants use unexpected ingredients well?,Saint Cecilia,2
What restaurants use unexpected ingredients well?,Fullblast Brunch,2
What restaurants use unexpected ingredients well?,Little Tokyo Small Plates & Noodle Bar,2
What restaurants use unexpected ingredients well?,Evangeline,2
What restaurants use unexpected ingredients well?,Surrey's Uptown,2
What restaurants use unexpected ingredients well?,Pascal's Manale,2
What restaurants use unexpected ingredients well?,Huck Finn's Cafe,1
What restaurants use unexpected ingredients well?,Bayou Hot Wings,2
What restaurants use unexpected ingredients well?,Refuel Cafe,2
What restaurants use unexpected ingredients well?,Blue Oak BBQ,2
What restaurants use unexpected ingredients well?,Antoine's Restaurant,1
What restaurants use unexpected ingredients well?,The Irish House,1
What restaurants use unexpected ingredients well?,Amici,1
What restaurants use unexpected ingredients well?,Joey K's Restaurant & Bar,1
What restaurants use unexpected ingredients well?,Union Kitchen & Union Party Room,1
What restaurants use unexpected ingredients well?,Mimi's In The Marigny,3
What restaurants use unexpected ingredients well?,Central City BBQ,1
What restaurants use unexpected ingredients well?,Cafe Pontalba,1
What restaurants use unexpected ingredients well?,Orleans Grapevine Wine Bar & Bistro,2
What restaurants use unexpected ingredients well?,Superior Grill,0
What restaurants use unexpected ingredients well?,Port Of Call,1
What restaurants use unexpected ingredients well?,Oceana Grill,2
What restaurants use unexpected ingredients well?,Cafe Rose Nicaud,2
What restaurants use unexpected ingredients well?,The Camellia Grill,2
What restaurants use unexpected ingredients well?,Rock-n-Saké Bar & Sushi,2
What restaurants use unexpected ingredients well?,Five Happiness Chinese Restaurant,2
What restaurants use unexpected ingredients well?,The Original French Market Restaurant and Bar,2
What restaurants use unexpected ingredients well?,Crescent City Brewhouse,2
What restaurants use unexpected ingredients well?,Araña Taqueria y Cantina,2
What restaurants use unexpected ingredients well?,Bubba Gump Shrimp Co.,1
What restaurants use unexpected ingredients well?,Gordon Biersch Brewery Restaurant,1
What restaurants use unexpected ingredients well?,World Famous N'awlins Cafe & Spice Emporium,1
What restaurants use unexpected ingredients well?,Cafe Maspero,1
What restaurants use unexpected ingredients well?,Holy Crepes!,2
What restaurants use unexpected ingredients well?,Wakin' Bakin',2
What restaurants use unexpected ingredients well?,The Rum House,3
What restaurants use unexpected ingredients well?,Tout De Suite Cafe,2
What restaurants use unexpected ingredients well?,Felix's Restaurant & Oyster Bar,0
What restaurants use unexpected ingredients well?,Cafe Fleur De Lis,2
What restaurants use unexpected ingredients well?,Belle's Diner Nola,2
What restaurants use unexpected ingredients well?,Tru Burger,2
What restaurants use unexpected ingredients well?,Angelo Brocato,1
What restaurants use unexpected ingredients well?,Liberty Cheesesteaks,2
What restaurants use unexpected ingredients well?,Grand Isle,2
What restaurants use unexpected ingredients well?,Neyow's Creole Cafe,2
What restaurants use unexpected ingredients well?,Nonna Mia Cafe & Pizzeria,1
What restaurants use unexpected ingredients well?,Asuka Sushi & Hibachi,3
What restaurants use unexpected ingredients well?,Voodoo BBQ & Grill,2
What restaurants use unexpected ingredients well?,Basin Seafood & Spirits,2
What restaurants use unexpected ingredients well?,Sushi Brothers,2
What restaurants use unexpected ingredients well?,Legacy Kitchen's Craft Tavern,2
What restaurants use unexpected ingredients well?,Deanie's Seafood,1
What restaurants use unexpected ingredients well?,Little Gem Saloon,2
What restaurants use unexpected ingredients well?,Tacos And Beer,1
What restaurants use unexpected ingredients well?,BOIL Seafood House,3
What restaurants use unexpected ingredients well?,Liuzza's By The Track,2
What restaurants use unexpected ingredients well?,Faubourg Bistro,3
What restaurants use unexpected ingredients well?,Down The Hatch,1
What restaurants use unexpected ingredients well?,Yo Mama's Bar & Grill,3
What restaurants use unexpected ingredients well?,Avery's On Tulane,3
What restaurants use unexpected ingredients well?,Stanley,2
What restaurants use unexpected ingredients well?,Victory,3
What restaurants use unexpected ingredients well?,Mother's Restaurant,2
What restaurants use unexpected ingredients well?,The Backyard,2
What restaurants use unexpected ingredients well?,Ugly Dog Saloon & BBQ,1
What restaurants use unexpected ingredients well?,Cure,3
What restaurants use unexpected ingredients well?,Creole House Restaurant & Oyster Bar,1
What restaurants use unexpected ingredients well?,French Toast,3
What restaurants use unexpected ingredients well?,Manning's Sports Bar and Grill,1
What restaurants use unexpected ingredients well?,Morrow's,2
What restaurants use unexpected ingredients well?,Franks Restaurant,0
What restaurants use unexpected ingredients well?,Verti Marte,2
What restaurants use unexpected ingredients well?,Origami,2
What restaurants use unexpected ingredients well?,Warehouse Grille,2
What restaurants use unexpected ingredients well?,Magazine Pizza,2
What restaurants use unexpected ingredients well?,Wood Pizza Bistro and Taphouse,2
What restaurants use unexpected ingredients well?,The Country Club,2
What restaurants use unexpected ingredients well?,Superior Seafood & Oyster Bar,1
What restaurants use unexpected ingredients well?,Desire Oyster Bar,2
What restaurants use unexpected ingredients well?,Stein's Market and Deli,2
What restaurants use unexpected ingredients well?,Galliano Restaurant,2
What restaurants use unexpected ingredients well?,Bourbon House,1
What restaurants use unexpected ingredients well?,Reginelli's Pizzeria,2
What restaurants use unexpected ingredients well?,Streetcar Cafe,1
What restaurants use unexpected ingredients well?,Royal House,2
What restaurants use unexpected ingredients well?,Casamento's Restaurant,2
What restaurants use unexpected ingredients well?,Cornet,1
What restaurants use unexpected ingredients well?,Felipe's Mexican Taqueria - Mid City,0
What restaurants use unexpected ingredients well?,Shawarma on the Go,2
What restaurants use unexpected ingredients well?,Buffa's Bar & Restaurant,2
What restaurants use unexpected ingredients well?,Mulate's,0
What restaurants use unexpected ingredients well?,Mid City Pizza,2
What restaurants use unexpected ingredients well?,Li'l Dizzy's Cafe,2
What restaurants use unexpected ingredients well?,Avenue Cafe,2
What restaurants use unexpected ingredients well?,Remoulade,1
What restaurants use unexpected ingredients well?,The Market Cafe,0
What restaurants use unexpected ingredients well?,Estrella Steak & Lobster,1
What restaurants use unexpected ingredients well?,Hard Rock Cafe,0
What restaurants use unexpected ingredients well?,Fiorella's Cafe,1
What restaurants use unexpected ingredients well?,The Blue Crab Restaurant & Oyster Bar,1
What restaurants use unexpected ingredients well?,Gus's World Famous Fried Chicken,1
What restaurants use unexpected ingredients well?,Jimmy J's Cafe,2
What restaurants use unexpected ingredients well?,801 Royal,1
What restaurants use unexpected ingredients well?,Hobnobber's Variety Bar & Restaurant,2
What restaurants use unexpected ingredients well?,Ruby Slipper - New Orleans,3
What restaurants use unexpected ingredients well?,Ruth's Chris Steak House,1
What restaurants use unexpected ingredients well?,Le Bayou Restaurant,2
What restaurants use unexpected ingredients well?,Mena's Palace,1
What restaurants use unexpected ingredients well?,The Crazy Lobster Bar & Grill,1
What restaurants use unexpected ingredients well?,Cajun Seafood,1
What restaurants use unexpected ingredients well?,Snug Harbor Jazz Bistro,1
What restaurants use unexpected ingredients well?,The Trolley Stop Cafe,1
What restaurants use unexpected ingredients well?,District Donuts Sliders Brew,3
What restaurants use unexpected ingredients well?,St Charles Tavern,1
What restaurants use unexpected ingredients well?,Walk-On's Sports Bistreaux - New Orleans,1
What restaurants use unexpected ingredients well?,Geisha Sushi Bistro,2
What restaurants use unexpected ingredients well?,The Avenue Pub,2
What restaurants use unexpected ingredients well?,Who Dat Coffee Cafe,2
What restaurants use unexpected ingredients well?,Clover Grill,1
What restaurants use unexpected ingredients well?,Bittersweet Confections,2
What restaurants use unexpected ingredients well?,P & G Restaurant & Bar,1
What restaurants use unexpected ingredients well?,Lucy's Retired Surfers Bar & Restaurant,1
What restaurants use unexpected ingredients well?,Clesi's Restaurant & Catering,2
What restaurants use unexpected ingredients well?,Diamond Street Bar & Grill,1
What restaurants use unexpected ingredients well?,Willie Mae's Scotch House,2
What restaurants use unexpected ingredients well?,Ole Saint,2
What restaurants use unexpected ingredients well?,Mr Ed's Oyster Bar - Bienville,1
What restaurants use unexpected ingredients well?,Ernst Cafe,1
What restaurants use unexpected ingredients well?,The Vintage,2
What restaurants use unexpected ingredients well?,Crabby Jack's,2
What restaurants use unexpected ingredients well?,Gumbo POT,1
What restaurants use unexpected ingredients well?,Monty's on the Square,1
What restaurants use unexpected ingredients well?,Olde Nola Cookery,1
What restaurants use unexpected ingredients well?,Backatown Coffee Parlour,2
What restaurants use unexpected ingredients well?,Attiki Bar and Grill,1
What restaurants use unexpected ingredients well?,Two Chicks Café - CBD,2
What restaurants use unexpected ingredients well?,Coterie Restaurant & Oyster Bar,2
What restaurants use unexpected ingredients well?,Cafe Envie & Espresso Bar,1
What restaurants use unexpected ingredients well?,Majoria's Commerce Restaurant,1
What restaurants use unexpected ingredients well?,Gene's PO-Boys,2
What restaurants use unexpected ingredients well?,Daisy Dukes Cafe,1
What restaurants use unexpected ingredients well?,Daisy Dukes - French Quarter,1
What restaurants use unexpected ingredients well?,Bayou Burger & Sports Company,2
What restaurants use unexpected ingredients well?,Central Grocery & Deli,2
What restaurants use unexpected ingredients well?,Seaworthy,3
What restaurants use unexpected ingredients well?,The Original Italian Pie,1
What restaurants use unexpected ingredients well?,Cafe Beignet on Royal Street,0
What restaurants use unexpected ingredients well?,Napoleon House,1
What restaurants use unexpected ingredients well?,J's Seafood Dock,1
What restaurants use unexpected ingredients well?,Drago's Seafood Restaurant,1
What restaurants use unexpected ingredients well?,Gazebo Cafe,2
What restaurants use unexpected ingredients well?,Frankie & Johnny's,2
What restaurants use unexpected ingredients well?,Merchant,2
What restaurants use unexpected ingredients well?,La Boulangerie,1
What restaurants use unexpected ingredients well?,Pier 424 Seafood Market,1
What restaurants use unexpected ingredients well?,Seither's Seafood,2
What restaurants use unexpected ingredients well?,Gumbo Ya-Ya,1
What restaurants use unexpected ingredients well?,Krystal,0
What restaurants use unexpected ingredients well?,Cafe Beignet on Decatur Street,0
What restaurants use unexpected ingredients well?,WINO  Wine Institute of New Orleans,0
What restaurants use unexpected ingredients well?,Cafe Beignet on Bourbon Street,0
What restaurants use unexpected ingredients well?,Croissant D'Or Patisserie,1
What restaurants use unexpected ingredients well?,Mahony's Po-Boys & Seafood  - Uptown,2
What restaurants use unexpected ingredients well?,Brothers Food Mart,2
What restaurants use unexpected ingredients well?,Morning Call Coffee Stand,1
What restaurants use unexpected ingredients well?,Saints And Sinners,1
What restaurants use unexpected ingredients well?,Deja Vu Restaurant & Bar,1
What restaurants use unexpected ingredients well?,Parasol's,2
What restaurants use unexpected ingredients well?,Envie Espresso Bar & Cafe,1
What restaurants use unexpected ingredients well?,Mambo's,2
What restaurants use unexpected ingredients well?,IHOP,0
What restaurants use unexpected ingredients well?,Daisy Mae's Southern Fried Chicken & Breakfast,1
What restaurants use unexpected ingredients well?,Backspace Bar & Kitchen,2
What restaurants use unexpected ingredients well?,Copper Monkey Grill,3
What restaurants use unexpected ingredients well?,Guy's Po Boys,1
What restaurants use unexpected ingredients well?,Arnaud's French 75 Bar,2
What restaurants use unexpected ingredients well?,Le Pavillon Hotel,1
What restaurants use unexpected ingredients well?,Mahony's Po-Boys & Seafood,2
What restaurants use unexpected ingredients well?,Turtle Bay,1
What restaurants use unexpected ingredients well?,Columns,1
What restaurants use unexpected ingredients well?,The Maison,2
What restaurants use unexpected ingredients well?,Tracey's Original Irish Channel Bar,1
What restaurants use unexpected ingredients well?,Mr. Ed's Oyster Bar - St Charles Ave,1
What restaurants use unexpected ingredients well?,New Orleans Famous Beignets And Coffee,3
What restaurants use unexpected ingredients well?,Bevi Seafood,2
What restaurants use unexpected ingredients well?,Johnny's Po-Boys,1
What restaurants use unexpected ingredients well?,House of Blues New Orleans,1
What restaurants use unexpected ingredients well?,Daisy Dukes Express,1
What restaurants use unexpected ingredients well?,Corner Oyster House,1
What restaurants use unexpected ingredients well?,Acme Oyster House - Harrahs,1
What restaurants use unexpected ingredients well?,Revelator Coffee New Orleans,2
What restaurants use unexpected ingredients well?,Cooter Brown's,1
What restaurants use unexpected ingredients well?,We Dat's Chicken and Shrimp,2
What restaurants use unexpected ingredients well?,Crescent City Pizza Works,2
What restaurants use unexpected ingredients well?,Tiki Tolteca,3
What restaurants use unexpected ingredients well?,Cajun Mike's Pub & Grub,2
What restaurants use unexpected ingredients well?,NOLA Poboys,2
What restaurants use unexpected ingredients well?,Parkway Bakery & Tavern,1
What restaurants use unexpected ingredients well?,Gallier Restaurant & Oyster Bar,1
What restaurants use unexpected ingredients well?,Melba's,1
What restaurants use unexpected ingredients well?,Acme Oyster House,1
What restaurants use unexpected ingredients well?,The Howlin' Wolf,1
What restaurants use unexpected ingredients well?,Café Du Monde,0
What restaurants use unexpected ingredients well?,French Truck Coffee,1
What restaurants use unexpected ingredients well?,Mojo Coffee House,2
What restaurants use unexpected ingredients well?,Domilise Po-Boys & Bar,1
What restaurants use unexpected ingredients well?,The Blind Pelican,1
What restaurants use unexpected ingredients well?,The Jimani,2
What restaurants use unexpected ingredients well?,Pat O'Brien's Courtyard Restaurant,1
What restaurants use unexpected ingredients well?,Barcadia,2
What restaurants use unexpected ingredients well?,"The Ritz-Carlton, New Orleans",1
What restaurants use unexpected ingredients well?,BB King's Blues Club,1
What restaurants use unexpected ingredients well?,Steamboat Natchez,0
What restaurants use unexpected ingredients well?,Windsor Court Hotel,1
What restaurants use unexpected ingredients well?,Cafe Negril,1
What restaurants use unexpected ingredients well?,Sazerac Bar,1
What restaurants use unexpected ingredients well?,Vieux Carre Pizza,1
What restaurants use unexpected ingredients well?,Three Legged Dog,2
What restaurants use unexpected ingredients well?,Rue De La Course,1
What restaurants use unexpected ingredients well?,The Bulldog,0
What restaurants use unexpected ingredients well?,Pat O'Brien’s,2
What restaurants use unexpected ingredients well?,Embassy Suites by Hilton New Orleans,0
What restaurants use unexpected ingredients well?,Bamboula's,1
What restaurants use unexpected ingredients well?,30_90 NOLA,1
What restaurants use unexpected ingredients well?,New Orleans Marriott,1
What restaurants use unexpected ingredients well?,Dave & Buster's,0
What restaurants use unexpected ingredients well?,The Jazz Playhouse,1
What restaurants use unexpected ingredients well?,Hilton New Orleans Riverside,2
What restaurants use unexpected ingredients well?,Pirates Alley Cafe,2
What restaurants use unexpected ingredients well?,Sheraton New Orleans Hotel,1
What restaurants use unexpected ingredients well?,The American Sports Saloon,1
What restaurants use unexpected ingredients well?,W New Orleans - French Quarter,1
What restaurants use unexpected ingredients well?,Royal Sonesta New Orleans,1
What restaurants use unexpected ingredients well?,The Rusty Nail,0
What restaurants use unexpected ingredients well?,Old Absinthe House,0
What restaurants use unexpected ingredients well?,Hotel New Orleans Downtown,1
What restaurants use unexpected ingredients well?,Hot Tin,2
What restaurants use unexpected ingredients well?,The Old No 77 Hotel and Chandlery,2
What restaurants use unexpected ingredients well?,Fritzel's European Jazz Pub,0
What restaurants use unexpected ingredients well?,Paddlewheeler Creole Queen,0
What restaurants use unexpected ingredients well?,French Quarter Phantoms,0
Where can I find a place with a creative menu?,Louisiana Bistro,3
Where can I find a place with a creative menu?,Stella!,3
Where can I find a place with a creative menu?,Booty's Street Food,3
Where can I find a place with a creative menu?,Green Goddess,3
Where can I find a place with a creative menu?,Coquette,3
Where can I find a place with a creative menu?,Restaurant August,3
Where can I find a place with a creative menu?,Root,3
Where can I find a place with a creative menu?,Brigtsen's Restaurant,3
Where can I find a place with a creative menu?,Lilette,3
Where can I find a place with a creative menu?,Bayona,3
Where can I find a place with a creative menu?,Auction House Market,3
Where can I find a place with a creative menu?,Dick & Jenny's,3
Where can I find a place with a creative menu?,Paladar 511,3
Where can I find a place with a creative menu?,Compère Lapin,3
Where can I find a place with a creative menu?,Cafe Degas,2
Where can I find a place with a creative menu?,Gris-Gris,3
Where can I find a place with a creative menu?,Cowbell,3
Where can I find a place with a creative menu?,The Gallery Venue at Tomas Bistro,2
Where can I find a place with a creative menu?,Vessel NOLA,3
Where can I find a place with a creative menu?,Upperline,3
Where can I find a place with a creative menu?,Maypop Restaurant,3
Where can I find a place with a creative menu?,The American Sector,2
Where can I find a place with a creative menu?,Jack Rose,3
Where can I find a place with a creative menu?,El Gato Negro,3
Where can I find a place with a creative menu?,Kin,3
Where can I find a place with a creative menu?,Restaurant R'evolution,3
Where can I find a place with a creative menu?,K-Paul's Louisiana Kitchen,3
Where can I find a place with a creative menu?,The Tasting Room,3
Where can I find a place with a creative menu?,Meauxbar,3
Where can I find a place with a creative menu?,High Hat Cafe,3
Where can I find a place with a creative menu?,Mizado Latin Kitchen,3
Where can I find a place with a creative menu?,Dante's Kitchen,3
Where can I find a place with a creative menu?,Juan's Flying Burrito,3
Where can I find a place with a creative menu?,Herbsaint,3
Where can I find a place with a creative menu?,Capdeville,3
Where can I find a place with a creative menu?,The Grill,2
Where can I find a place with a creative menu?,St Roch Market,3
Where can I find a place with a creative menu?,La Petite Grocery,3
Where can I find a place with a creative menu?,Patois Restaurant,3
Where can I find a place with a creative menu?,Jacques-Imo's Cafe,3
Where can I find a place with a creative menu?,Wayfare,3
Where can I find a place with a creative menu?,Arabella Casa Di Pasta,3
Where can I find a place with a creative menu?,Josephine Estelle,3
Where can I find a place with a creative menu?,Nolé,3
Where can I find a place with a creative menu?,Clancy's Restaurant,3
Where can I find a place with a creative menu?,Café Amelie,3
Where can I find a place with a creative menu?,Adolfo's,3
Where can I find a place with a creative menu?,Sofia,3
Where can I find a place with a creative menu?,Trinity Restaurant New Orleans,3
Where can I find a place with a creative menu?,Three Muses,3
Where can I find a place with a creative menu?,Cochon,3
Where can I find a place with a creative menu?,Ye Olde College Inn,3
Where can I find a place with a creative menu?,Cavan,3
Where can I find a place with a creative menu?,The Delachaise,3
Where can I find a place with a creative menu?,Shaya,3
Where can I find a place with a creative menu?,Emeril's Delmonico,3
Where can I find a place with a creative menu?,N 7,3
Where can I find a place with a creative menu?,Salú Bistro and Bar,3
Where can I find a place with a creative menu?,Meril,3
Where can I find a place with a creative menu?,Dat Dog,3
Where can I find a place with a creative menu?,CellarDoor,3
Where can I find a place with a creative menu?,Rebellion Bar & Urban Kitchen,3
Where can I find a place with a creative menu?,Boucherie,3
Where can I find a place with a creative menu?,Brown Butter Southern Kitchen & Bar,3
Where can I find a place with a creative menu?,Irene's,3
Where can I find a place with a creative menu?,Saffron nola,3
Where can I find a place with a creative menu?,Eat New Orleans,3
Where can I find a place with a creative menu?,La Boca,2
Where can I find a place with a creative menu?,SoBou,3
Where can I find a place with a creative menu?,La Crepe Nanou,3
Where can I find a place with a creative menu?,New Orleans School of Cooking,2
Where can I find a place with a creative menu?,Tommy's Cuisine,2
Where can I find a place with a creative menu?,The Company Burger,2
Where can I find a place with a creative menu?,Dooky Chase's Restaurant,2
Where can I find a place with a creative menu?,Chophouse New Orleans,2
Where can I find a place with a creative menu?,Charcoal's Gourmet Burger Bar,3
Where can I find a place with a creative menu?,Vincent's Italian Cuisine,2
Where can I find a place with a creative menu?,Sylvain,3
Where can I find a place with a creative menu?,Angeline,3
Where can I find a place with a creative menu?,The Bombay Club,2
Where can I find a place with a creative menu?,Ruby Slipper Cafe,3
Where can I find a place with a creative menu?,Saint Lawrence,3
Where can I find a place with a creative menu?,Atchafalaya Restaurant,3
Where can I find a place with a creative menu?,1000 Figs,3
Where can I find a place with a creative menu?,Boswell's Jamaican Grill,2
Where can I find a place with a creative menu?,New Orleans Hamburger & Seafood Co,2
Where can I find a place with a creative menu?,GG's Dine-O-Rama,3
Where can I find a place with a creative menu?,Restaurant Rebirth,3
Where can I find a place with a creative menu?,Gyu-Kaku Japanese BBQ,2
Where can I find a place with a creative menu?,Marcello's Restaurant & Wine Bar,3
Where can I find a place with a creative menu?,SukhoThai,2
Where can I find a place with a creative menu?,Mona's Cafe,2
Where can I find a place with a creative menu?,Sneaky Pickle,3
Where can I find a place with a creative menu?,The Velvet Cactus,3
Where can I find a place with a creative menu?,The Camellia Grill,2
Where can I find a place with a creative menu?,Criollo Restaurant,3
Where can I find a place with a creative menu?,Borgne,2
Where can I find a place with a creative menu?,Mayas,3
Where can I find a place with a creative menu?,Red Dog Diner,3
Where can I find a place with a creative menu?,Saba,3
Where can I find a place with a creative menu?,Heard Dat Kitchen,3
Where can I find a place with a creative menu?,Muriel's Jackson Square,3
Where can I find a place with a creative menu?,Ralph's on the Park,3
Where can I find a place with a creative menu?,The Pelican Club,3
Where can I find a place with a creative menu?,Justine,3
Where can I find a place with a creative menu?,The Court of Two Sisters,2
Where can I find a place with a creative menu?,Commander's Palace,3
Where can I find a place with a creative menu?,Toups Meatery,3
Where can I find a place with a creative menu?,Salon by Sucré,3
Where can I find a place with a creative menu?,DTB,3
Where can I find a place with a creative menu?,Slice Pizzeria,3
Where can I find a place with a creative menu?,Satsuma Café,3
Where can I find a place with a creative menu?,Santa Fe,2
Where can I find a place with a creative menu?,Cochon Butcher,3
Where can I find a place with a creative menu?,Lola's,3
Where can I find a place with a creative menu?,Tujague's Restaurant,2
Where can I find a place with a creative menu?,Annunciation,3
Where can I find a place with a creative menu?,Arnaud's Restaurant,2
Where can I find a place with a creative menu?,Tableau,3
Where can I find a place with a creative menu?,Apolline Restaurant,3
Where can I find a place with a creative menu?,Cafe Sbisa,3
Where can I find a place with a creative menu?,Copper Vine,3
Where can I find a place with a creative menu?,Baru Bistro & Tapas,3
Where can I find a place with a creative menu?,Mopho,3
Where can I find a place with a creative menu?,Superior Grill,2
Where can I find a place with a creative menu?,Galatoire's Restaurant,2
Where can I find a place with a creative menu?,Cane and Table,3
Where can I find a place with a creative menu?,Mimi's In The Marigny,3
Where can I find a place with a creative menu?,Del Fuego,2
Where can I find a place with a creative menu?,Emeril's ,3
Where can I find a place with a creative menu?,Carmo,3
Where can I find a place with a creative menu?,Palace Café,2
Where can I find a place with a creative menu?,Briquette,3
Where can I find a place with a creative menu?,Ignatius' Rue de La Course Coffeehouse,2
Where can I find a place with a creative menu?,Red's Chinese,3
Where can I find a place with a creative menu?,Galatoire's 33 Bar & Steak,2
Where can I find a place with a creative menu?,Taqueria Guerrero,2
Where can I find a place with a creative menu?,Tito's Ceviche & Pisco,3
Where can I find a place with a creative menu?,Johnny Sanchez,3
Where can I find a place with a creative menu?,Lula Restaurant Distillery,3
Where can I find a place with a creative menu?,Beachbum Berry's Latitude 29,3
Where can I find a place with a creative menu?,Bakery Bar,3
Where can I find a place with a creative menu?,McClure's,2
Where can I find a place with a creative menu?,Pêche,3
Where can I find a place with a creative menu?,Cafe Abyssinia,3
Where can I find a place with a creative menu?,Maïs Arepas,3
Where can I find a place with a creative menu?,Cure,3
Where can I find a place with a creative menu?,Another Broken Egg Cafe,3
Where can I find a place with a creative menu?,The Munch Factory,3
Where can I find a place with a creative menu?,Casa Borrega,3
Where can I find a place with a creative menu?,GW Fins,3
Where can I find a place with a creative menu?,Mr John's Steakhouse,2
Where can I find a place with a creative menu?,The Steakhouse,2
Where can I find a place with a creative menu?,Avery's On Tulane,3
Where can I find a place with a creative menu?,Please-U-Restaurant,2
Where can I find a place with a creative menu?,Felipe's Mexican Taqueria - French Quarter,2
Where can I find a place with a creative menu?,Landry's Seafood House,2
Where can I find a place with a creative menu?,The Backyard,2
Where can I find a place with a creative menu?,Antoine's Restaurant,2
Where can I find a place with a creative menu?,La Casita,2
Where can I find a place with a creative menu?,Orleans Grapevine Wine Bar & Bistro,3
Where can I find a place with a creative menu?,Katie's Restaurant & Bar,3
Where can I find a place with a creative menu?,Joey K's Restaurant & Bar,2
Where can I find a place with a creative menu?,Legacy Kitchen's Craft Tavern,2
Where can I find a place with a creative menu?,Nirvana Indian Cuisine,2
Where can I find a place with a creative menu?,NOLA Restaurant,2
Where can I find a place with a creative menu?,The Italian Barrel,2
Where can I find a place with a creative menu?,Angeli on Decatur,2
Where can I find a place with a creative menu?,Vacherie,2
Where can I find a place with a creative menu?,The Marigny Brasserie,2
Where can I find a place with a creative menu?,Slim Goodies Diner,2
Where can I find a place with a creative menu?,Toast,3
Where can I find a place with a creative menu?,HORN'S EATERY,3
Where can I find a place with a creative menu?,Turkey and the Wolf,3
Where can I find a place with a creative menu?,Noodle & Pie,2
Where can I find a place with a creative menu?,Yo Mama's Bar & Grill,3
Where can I find a place with a creative menu?,Trenasse,3
Where can I find a place with a creative menu?,Faubourg Bistro,3
Where can I find a place with a creative menu?,The Country Club,2
Where can I find a place with a creative menu?,Taqueria Corona,1
Where can I find a place with a creative menu?,Milk Bar,3
Where can I find a place with a creative menu?,Doris Metropolitan,3
Where can I find a place with a creative menu?,Elizabeth's Restaurant,3
Where can I find a place with a creative menu?,Red Fish Grill,2
Where can I find a place with a creative menu?,The Joint,2
Where can I find a place with a creative menu?,Café at The Square,3
Where can I find a place with a creative menu?,Bennachin Restaurant,2
Where can I find a place with a creative menu?,Fogo de Chão Brazilian Steakhouse,1
Where can I find a place with a creative menu?,Kingfish,3
Where can I find a place with a creative menu?,Bearcat CBD,3
Where can I find a place with a creative menu?,Mona Lisa Restaurant,2
Where can I find a place with a creative menu?,Chartres House,2
Where can I find a place with a creative menu?,Yuki Izakaya,3
Where can I find a place with a creative menu?,Basin Seafood & Spirits,3
Where can I find a place with a creative menu?,Café Adelaide,3
Where can I find a place with a creative menu?,Riccobono’s Panola St. Cafe,2
Where can I find a place with a creative menu?,Flamingo A-Go-Go,2
Where can I find a place with a creative menu?,Brennan's Restaurant,2
Where can I find a place with a creative menu?,Little Korea BBQ,1
Where can I find a place with a creative menu?,Louisiana Pizza Kitchen,3
Where can I find a place with a creative menu?,Hobnobber's Variety Bar & Restaurant,2
Where can I find a place with a creative menu?,Fharmacy Nola,3
Where can I find a place with a creative menu?,Victory,3
Where can I find a place with a creative menu?,Li'l Dizzy's Cafe,2
Where can I find a place with a creative menu?,Rib Room,2
Where can I find a place with a creative menu?,Curio,3
Where can I find a place with a creative menu?,Crescent City Brewhouse,2
Where can I find a place with a creative menu?,Russell's Marina Grill,3
Where can I find a place with a creative menu?,Down The Hatch,2
Where can I find a place with a creative menu?,Mr. B's Bistro,2
Where can I find a place with a creative menu?,The Praline Connection,2
Where can I find a place with a creative menu?,Kebab,3
Where can I find a place with a creative menu?,The Avenue Pub,2
Where can I find a place with a creative menu?,Dickie Brennan's Steakhouse,2
Where can I find a place with a creative menu?,Mandina's Restaurant,2
Where can I find a place with a creative menu?,Venezia Restaurant,2
Where can I find a place with a creative menu?,Coop's Place,2
Where can I find a place with a creative menu?,The Original Pierre Maspero's,2
Where can I find a place with a creative menu?,New Orleans Cake Café & Bakery,3
Where can I find a place with a creative menu?,Crescent City Steak House,1
Where can I find a place with a creative menu?,Bearcat Cafe,3
Where can I find a place with a creative menu?,Araña Taqueria y Cantina,2
Where can I find a place with a creative menu?,Sassafras Restaurant,2
Where can I find a place with a creative menu?,La Macarena Pupuseria & Latin Cafe,2
Where can I find a place with a creative menu?,Mint Modern Vietnamese Bistro & Bar,3
Where can I find a place with a creative menu?,Buffa's Bar & Restaurant,2
Where can I find a place with a creative menu?,Desi Vega's Steakhouse,2
Where can I find a place with a creative menu?,Ugly Dog Saloon & BBQ,2
Where can I find a place with a creative menu?,Jagerhaus,2
Where can I find a place with a creative menu?,Central City BBQ,1
Where can I find a place with a creative menu?,Sake Cafe Uptown,3
Where can I find a place with a creative menu?,New Orleans Creole Cookery,2
Where can I find a place with a creative menu?,Majoria's Commerce Restaurant,2
Where can I find a place with a creative menu?,Port Of Call,1
Where can I find a place with a creative menu?,Dreamy Weenies,3
Where can I find a place with a creative menu?,The Original French Market Restaurant and Bar,2
Where can I find a place with a creative menu?,Bon Ton Cafe,2
Where can I find a place with a creative menu?,The Irish House,2
Where can I find a place with a creative menu?,Felipe's Mexican Taqueria - Uptown,2
Where can I find a place with a creative menu?,Domenica,3
Where can I find a place with a creative menu?,Saint Cecilia,3
Where can I find a place with a creative menu?,13 Monaghan,2
Where can I find a place with a creative menu?,La Thai Uptown,2
Where can I find a place with a creative menu?,Clover Grill,2
Where can I find a place with a creative menu?,Squeal,2
Where can I find a place with a creative menu?,Ancora,3
Where can I find a place with a creative menu?,Cleo's,3
Where can I find a place with a creative menu?,WINO  Wine Institute of New Orleans,2
Where can I find a place with a creative menu?,Gumbo Shop,2
Where can I find a place with a creative menu?,Houston's Restaurant,2
Where can I find a place with a creative menu?,Blue Oak BBQ,2
Where can I find a place with a creative menu?,Seaworthy,3
Where can I find a place with a creative menu?,Tru Burger,2
Where can I find a place with a creative menu?,biscuit & buns on banks,3
Where can I find a place with a creative menu?,Evangeline,3
Where can I find a place with a creative menu?,Belle's Diner Nola,2
Where can I find a place with a creative menu?,Midway Pizza,2
Where can I find a place with a creative menu?,Seed,3
Where can I find a place with a creative menu?,Backspace Bar & Kitchen,2
Where can I find a place with a creative menu?,Huck Finn's Cafe,1
Where can I find a place with a creative menu?,P & G Restaurant & Bar,2
Where can I find a place with a creative menu?,Brennan's,3
Where can I find a place with a creative menu?,Cafe Maspero,2
Where can I find a place with a creative menu?,Tout De Suite Cafe,3
Where can I find a place with a creative menu?,Superior Seafood & Oyster Bar,2
Where can I find a place with a creative menu?,Luke,2
Where can I find a place with a creative menu?,Namese,3
Where can I find a place with a creative menu?,Broussard's,3
Where can I find a place with a creative menu?,Cuñada,3
Where can I find a place with a creative menu?,Hoshun Restaurant,2
Where can I find a place with a creative menu?,Who Dat Coffee Cafe,3
Where can I find a place with a creative menu?,Little Gem Saloon,2
Where can I find a place with a creative menu?,Lebanon's Cafe,2
Where can I find a place with a creative menu?,Willie's Chicken Shack,2
Where can I find a place with a creative menu?,Hard Rock Cafe,2
Where can I find a place with a creative menu?,Ba Chi Canteen,3
Where can I find a place with a creative menu?,Lucy's Retired Surfers Bar & Restaurant,2
Where can I find a place with a creative menu?,Ernst Cafe,1
Where can I find a place with a creative menu?,Fullblast Brunch,3
Where can I find a place with a creative menu?,St Charles Tavern,2
Where can I find a place with a creative menu?,Walk-On's Sports Bistreaux - New Orleans,2
Where can I find a place with a creative menu?,Fat Boy Pantry,3
Where can I find a place with a creative menu?,Sweet Soulfood,3
Where can I find a place with a creative menu?,Voodoo BBQ & Grill,2
Where can I find a place with a creative menu?,The Rum House,3
Where can I find a place with a creative menu?,Oceana Grill,2
Where can I find a place with a creative menu?,Coulis,3
Where can I find a place with a creative menu?,Pascal's Manale,2
Where can I find a place with a creative menu?,Cornet,2
Where can I find a place with a creative menu?,The Vintage,3
Where can I find a place with a creative menu?,Gordon Biersch Brewery Restaurant,2
Where can I find a place with a creative menu?,Rock-n-Saké Bar & Sushi,3
Where can I find a place with a creative menu?,Copeland's Cheesecake Bistro,2
Where can I find a place with a creative menu?,Pizza Delicious,3
Where can I find a place with a creative menu?,Deanie's Seafood,1
Where can I find a place with a creative menu?,Felipe's Mexican Taqueria - Mid City,2
Where can I find a place with a creative menu?,Killer Poboys,3
Where can I find a place with a creative menu?,Willa Jean,3
Where can I find a place with a creative menu?,Warehouse Grille,2
Where can I find a place with a creative menu?,Little Tokyo Small Plates & Noodle Bar,2
Where can I find a place with a creative menu?,Red Gravy,2
Where can I find a place with a creative menu?,Frey Smoked Meat,2
Where can I find a place with a creative menu?,Pho Bistreaux,2
Where can I find a place with a creative menu?,Pizza Domenica,3
Where can I find a place with a creative menu?,Diamond Street Bar & Grill,2
Where can I find a place with a creative menu?,Tsunami Sushi,3
Where can I find a place with a creative menu?,Blaze Pizza,3
Where can I find a place with a creative menu?,Estrella Steak & Lobster,2
Where can I find a place with a creative menu?,Snug Harbor Jazz Bistro,2
Where can I find a place with a creative menu?,Tartine,3
Where can I find a place with a creative menu?,The Old Coffee Pot Restaurant,2
Where can I find a place with a creative menu?,801 Royal,2
Where can I find a place with a creative menu?,The Market Cafe,2
Where can I find a place with a creative menu?,The Trolley Stop Cafe,2
Where can I find a place with a creative menu?,Wakin' Bakin',3
Where can I find a place with a creative menu?,Ole Saint,2
Where can I find a place with a creative menu?,Amici,2
Where can I find a place with a creative menu?,Felix's Restaurant & Oyster Bar,2
Where can I find a place with a creative menu?,Chiba,3
Where can I find a place with a creative menu?,Creole House Restaurant & Oyster Bar,2
Where can I find a place with a creative menu?,Galliano Restaurant,3
Where can I find a place with a creative menu?,Nacho Mama's Mexican Grill,2
Where can I find a place with a creative menu?,Welty's Deli and Catering,2
Where can I find a place with a creative menu?,Frankie & Johnny's,2
Where can I find a place with a creative menu?,Cafe Fleur De Lis,2
Where can I find a place with a creative menu?,Stanley,3
Where can I find a place with a creative menu?,Coterie Restaurant & Oyster Bar,2
Where can I find a place with a creative menu?,Casamento's Restaurant,1
Where can I find a place with a creative menu?,Cafe Rose Nicaud,2
Where can I find a place with a creative menu?,Verti Marte,3
Where can I find a place with a creative menu?,Bayou Hot Wings,2
Where can I find a place with a creative menu?,Refuel Cafe,2
Where can I find a place with a creative menu?,Grand Isle,2
Where can I find a place with a creative menu?,Tacos And Beer,2
Where can I find a place with a creative menu?,Neyow's Creole Cafe,2
Where can I find a place with a creative menu?,Le Bayou Restaurant,2
Where can I find a place with a creative menu?,The Maison,2
Where can I find a place with a creative menu?,Parasol's,2
Where can I find a place with a creative menu?,The Governor,2
Where can I find a place with a creative menu?,Dong Phuong,2
Where can I find a place with a creative menu?,Fiorella's Cafe,2
Where can I find a place with a creative menu?,Deja Vu Restaurant & Bar,2
Where can I find a place with a creative menu?,Columns,2
Where can I find a place with a creative menu?,Magasin Vietnamese Cafe,2
Where can I find a place with a creative menu?,The Halal Guys,1
Where can I find a place with a creative menu?,Union Kitchen & Union Party Room,2
Where can I find a place with a creative menu?,Liuzza's By The Track,2
Where can I find a place with a creative menu?,Streetcar Cafe,2
Where can I find a place with a creative menu?,Surrey's Uptown,3
Where can I find a place with a creative menu?,Cafe Conti,3
Where can I find a place with a creative menu?,Ruth's Chris Steak House,1
Where can I find a place with a creative menu?,Two Chicks Cafe,3
Where can I find a place with a creative menu?,Crabby Jack's,3
Where can I find a place with a creative menu?,Stein's Market and Deli,3
Where can I find a place with a creative menu?,Manning's Sports Bar and Grill,2
Where can I find a place with a creative menu?,Desire Oyster Bar,2
Where can I find a place with a creative menu?,The Blue Crab Restaurant & Oyster Bar,2
Where can I find a place with a creative menu?,Tracey's Original Irish Channel Bar,2
Where can I find a place with a creative menu?,Mulate's,1
Where can I find a place with a creative menu?,Bourbon House,2
Where can I find a place with a creative menu?,Gus's World Famous Fried Chicken,0
Where can I find a place with a creative menu?,Cooter Brown's,2
Where can I find a place with a creative menu?,Turtle Bay,2
Where can I find a place with a creative menu?,Guy's Po Boys,2
Where can I find a place with a creative menu?,Pho Tau Bay Restaurant,2
Where can I find a place with a creative menu?,Pere Antoine Restaurant,1
Where can I find a place with a creative menu?,The Daily Beet,3
Where can I find a place with a creative menu?,Cafe Pontalba,2
Where can I find a place with a creative menu?,Jung's Golden Dragon II,2
Where can I find a place with a creative menu?,9 Roses Cafe,2
Where can I find a place with a creative menu?,The Howlin' Wolf,2
Where can I find a place with a creative menu?,Jimmy J's Cafe,3
Where can I find a place with a creative menu?,Morrow's,2
Where can I find a place with a creative menu?,Bayou Burger & Sports Company,2
Where can I find a place with a creative menu?,Mr Ed's Oyster Bar - Bienville,2
Where can I find a place with a creative menu?,Arnaud's French 75 Bar,3
Where can I find a place with a creative menu?,Gazebo Cafe,2
Where can I find a place with a creative menu?,Sucré,3
Where can I find a place with a creative menu?,Mikimoto,2
Where can I find a place with a creative menu?,Saints And Sinners,2
Where can I find a place with a creative menu?,Ninja Restaurant,2
Where can I find a place with a creative menu?,Seither's Seafood,3
Where can I find a place with a creative menu?,Nonna Mia Cafe & Pizzeria,2
Where can I find a place with a creative menu?,The Jimani,2
Where can I find a place with a creative menu?,Mena's Palace,2
Where can I find a place with a creative menu?,Remoulade,2
Where can I find a place with a creative menu?,Surrey's Café & Juice Bar,3
Where can I find a place with a creative menu?,Attiki Bar and Grill,2
Where can I find a place with a creative menu?,Royal House,2
Where can I find a place with a creative menu?,Lilly's Cafe,2
Where can I find a place with a creative menu?,Wood Pizza Bistro and Taphouse,3
Where can I find a place with a creative menu?,HiVolt Coffee,3
Where can I find a place with a creative menu?,Shawarma on the Go,2
Where can I find a place with a creative menu?,Domilise Po-Boys & Bar,1
Where can I find a place with a creative menu?,Barcadia,2
Where can I find a place with a creative menu?,Liberty Cheesesteaks,2
Where can I find a place with a creative menu?,Nomiya,3
Where can I find a place with a creative menu?,Le Pavillon Hotel,2
Where can I find a place with a creative menu?,Parkway Bakery & Tavern,2
Where can I find a place with a creative menu?,Meals From The Heart Cafe,2
Where can I find a place with a creative menu?,BOIL Seafood House,2
Where can I find a place with a creative menu?,Bubba Gump Shrimp Co.,2
Where can I find a place with a creative menu?,"The Ritz-Carlton, New Orleans",2
Where can I find a place with a creative menu?,Olde Nola Cookery,2
Where can I find a place with a creative menu?,Cafe Beignet on Bourbon Street,2
Where can I find a place with a creative menu?,Brothers Food Mart,1
Where can I find a place with a creative menu?,Tiki Tolteca,3
Where can I find a place with a creative menu?,Asuka Sushi & Hibachi,3
Where can I find a place with a creative menu?,Cajun Seafood,2
Where can I find a place with a creative menu?,Poke Loa,3
Where can I find a place with a creative menu?,Clesi's Restaurant & Catering,2
Where can I find a place with a creative menu?,Cajun Mike's Pub & Grub,2
Where can I find a place with a creative menu?,Copper Monkey Grill,2
Where can I find a place with a creative menu?,Mambo's,2
Where can I find a place with a creative menu?,Cafe Envie & Espresso Bar,2
Where can I find a place with a creative menu?,Mahony's Po-Boys & Seafood,2
Where can I find a place with a creative menu?,Franks Restaurant,1
Where can I find a place with a creative menu?,Pier 424 Seafood Market,2
Where can I find a place with a creative menu?,Willie Mae's Scotch House,2
Where can I find a place with a creative menu?,House of Blues New Orleans,2
Where can I find a place with a creative menu?,Daisy Dukes - French Quarter,1
Where can I find a place with a creative menu?,Monty's on the Square,2
Where can I find a place with a creative menu?,Gallier Restaurant & Oyster Bar,2
Where can I find a place with a creative menu?,Ruby Slipper - New Orleans,3
Where can I find a place with a creative menu?,Five Happiness Chinese Restaurant,2
Where can I find a place with a creative menu?,Breads on Oak Cafe & Bakery,3
Where can I find a place with a creative menu?,Napoleon House,1
Where can I find a place with a creative menu?,Cafe Negril,2
Where can I find a place with a creative menu?,World Famous N'awlins Cafe & Spice Emporium,2
Where can I find a place with a creative menu?,Dolce Vita Pizzeria,3
Where can I find a place with a creative menu?,Dian Xin,3
Where can I find a place with a creative menu?,Mother's Restaurant,2
Where can I find a place with a creative menu?,French Toast,3
Where can I find a place with a creative menu?,Merchant,3
Where can I find a place with a creative menu?,Backatown Coffee Parlour,2
Where can I find a place with a creative menu?,J's Seafood Dock,2
Where can I find a place with a creative menu?,The Crazy Lobster Bar & Grill,2
Where can I find a place with a creative menu?,G's Pizza,2
Where can I find a place with a creative menu?,District Donuts Sliders Brew,3
Where can I find a place with a creative menu?,Sushi Brothers,3
Where can I find a place with a creative menu?,Johnny's Po-Boys,2
Where can I find a place with a creative menu?,Mahony's Po-Boys & Seafood  - Uptown,2
Where can I find a place with a creative menu?,Windsor Court Hotel,2
Where can I find a place with a creative menu?,Gene's PO-Boys,1
Where can I find a place with a creative menu?,Acme Oyster House,2
Where can I find a place with a creative menu?,Reginelli's Pizzeria,3
Where can I find a place with a creative menu?,Avenue Cafe,3
Where can I find a place with a creative menu?,NOLA Poboys,2
Where can I find a place with a creative menu?,Mr. Ed's Oyster Bar - St Charles Ave,2
Where can I find a place with a creative menu?,The Bulldog,2
Where can I find a place with a creative menu?,Krystal,0
Where can I find a place with a creative menu?,Mid City Pizza,3
Where can I find a place with a creative menu?,The Rusty Nail,2
Where can I find a place with a creative menu?,Geisha Sushi Bistro,2
Where can I find a place with a creative menu?,Bevi Seafood,2
Where can I find a place with a creative menu?,Gumbo POT,2
Where can I find a place with a creative menu?,Morning Call Coffee Stand,1
Where can I find a place with a creative menu?,Origami,3
Where can I find a place with a creative menu?,30_90 NOLA,2
Where can I find a place with a creative menu?,BB King's Blues Club,2
Where can I find a place with a creative menu?,Cafe Beignet on Decatur Street,2
Where can I find a place with a creative menu?,Corner Oyster House,1
Where can I find a place with a creative menu?,Pat O'Brien's Courtyard Restaurant,2
Where can I find a place with a creative menu?,The Blind Pelican,2
Where can I find a place with a creative menu?,Daisy Dukes Cafe,2
Where can I find a place with a creative menu?,Drago's Seafood Restaurant,2
Where can I find a place with a creative menu?,Sazerac Bar,3
Where can I find a place with a creative menu?,Cafe Beignet on Royal Street,1
Where can I find a place with a creative menu?,The Old No 77 Hotel and Chandlery,3
Where can I find a place with a creative menu?,Bittersweet Confections,2
Where can I find a place with a creative menu?,Pirates Alley Cafe,2
Where can I find a place with a creative menu?,Croissant D'Or Patisserie,2
Where can I find a place with a creative menu?,Bamboula's,2
Where can I find a place with a creative menu?,Two Chicks Café - CBD,3
Where can I find a place with a creative menu?,Steamboat Natchez,2
Where can I find a place with a creative menu?,Daisy Dukes Express,2
Where can I find a place with a creative menu?,Gumbo Ya-Ya,2
Where can I find a place with a creative menu?,Acme Oyster House - Harrahs,1
Where can I find a place with a creative menu?,Daisy Mae's Southern Fried Chicken & Breakfast,2
Where can I find a place with a creative menu?,Hilton New Orleans Riverside,2
Where can I find a place with a creative menu?,Angelo Brocato,3
Where can I find a place with a creative menu?,Melba's,2
Where can I find a place with a creative menu?,New Orleans Marriott,2
Where can I find a place with a creative menu?,Pat O'Brien’s,2
Where can I find a place with a creative menu?,We Dat's Chicken and Shrimp,2
Where can I find a place with a creative menu?,Hot Tin,2
Where can I find a place with a creative menu?,The Jazz Playhouse,2
Where can I find a place with a creative menu?,Piccola Gelateria,3
Where can I find a place with a creative menu?,Café Du Monde,1
Where can I find a place with a creative menu?,Hotel New Orleans Downtown,2
Where can I find a place with a creative menu?,Magazine Pizza,2
Where can I find a place with a creative menu?,Rue De La Course,1
Where can I find a place with a creative menu?,Envie Espresso Bar & Cafe,2
Where can I find a place with a creative menu?,Mojo Coffee House,2
Where can I find a place with a creative menu?,La Boulangerie,2
Where can I find a place with a creative menu?,The Original Italian Pie,2
Where can I find a place with a creative menu?,Embassy Suites by Hilton New Orleans,1
Where can I find a place with a creative menu?,Three Legged Dog,1
Where can I find a place with a creative menu?,IHOP,1
Where can I find a place with a creative menu?,New Orleans Famous Beignets And Coffee,1
Where can I find a place with a creative menu?,Sheraton New Orleans Hotel,1
Where can I find a place with a creative menu?,Central Grocery & Deli,1
Where can I find a place with a creative menu?,W New Orleans - French Quarter,2
Where can I find a place with a creative menu?,Royal Sonesta New Orleans,2
Where can I find a place with a creative menu?,French Truck Coffee,2
Where can I find a place with a creative menu?,Crescent City Pizza Works,3
Where can I find a place with a creative menu?,The American Sports Saloon,2
Where can I find a place with a creative menu?,Revelator Coffee New Orleans,2
Where can I find a place with a creative menu?,Vieux Carre Pizza,2
Where can I find a place with a creative menu?,Old Absinthe House,2
Where can I find a place with a creative menu?,Dave & Buster's,1
Where can I find a place with a creative menu?,Fritzel's European Jazz Pub,0
Where can I find a place with a creative menu?,Holy Crepes!,3
Where can I find a place with a creative menu?,Paddlewheeler Creole Queen,2
Where can I find a place with a creative menu?,French Quarter Phantoms,0
Which restaurants create a memorable atmosphere?,Stella!,3
Which restaurants create a memorable atmosphere?,Patois Restaurant,3
Which restaurants create a memorable atmosphere?,Jack Rose,3
Which restaurants create a memorable atmosphere?,Brigtsen's Restaurant,3
Which restaurants create a memorable atmosphere?,Vessel NOLA,3
Which restaurants create a memorable atmosphere?,Restaurant August,3
Which restaurants create a memorable atmosphere?,Upperline,3
Which restaurants create a memorable atmosphere?,Lilette,3
Which restaurants create a memorable atmosphere?,Louisiana Bistro,3
Which restaurants create a memorable atmosphere?,Green Goddess,3
Which restaurants create a memorable atmosphere?,Restaurant R'evolution,3
Which restaurants create a memorable atmosphere?,Paladar 511,3
Which restaurants create a memorable atmosphere?,Café Amelie,3
Which restaurants create a memorable atmosphere?,Bayona,3
Which restaurants create a memorable atmosphere?,Booty's Street Food,3
Which restaurants create a memorable atmosphere?,Boucherie,3
Which restaurants create a memorable atmosphere?,Josephine Estelle,3
Which restaurants create a memorable atmosphere?,Saffron nola,3
Which restaurants create a memorable atmosphere?,Emeril's Delmonico,3
Which restaurants create a memorable atmosphere?,Auction House Market,3
Which restaurants create a memorable atmosphere?,K-Paul's Louisiana Kitchen,2
Which restaurants create a memorable atmosphere?,Sofia,3
Which restaurants create a memorable atmosphere?,Cafe Degas,3
Which restaurants create a memorable atmosphere?,CellarDoor,3
Which restaurants create a memorable atmosphere?,The Court of Two Sisters,3
Which restaurants create a memorable atmosphere?,Vincent's Italian Cuisine,3
Which restaurants create a memorable atmosphere?,Compère Lapin,3
Which restaurants create a memorable atmosphere?,The Bombay Club,3
Which restaurants create a memorable atmosphere?,Dick & Jenny's,3
Which restaurants create a memorable atmosphere?,The American Sector,2
Which restaurants create a memorable atmosphere?,Mizado Latin Kitchen,3
Which restaurants create a memorable atmosphere?,Gris-Gris,3
Which restaurants create a memorable atmosphere?,Irene's,3
Which restaurants create a memorable atmosphere?,Commander's Palace,3
Which restaurants create a memorable atmosphere?,Criollo Restaurant,3
Which restaurants create a memorable atmosphere?,Tommy's Cuisine,3
Which restaurants create a memorable atmosphere?,The Gallery Venue at Tomas Bistro,3
Which restaurants create a memorable atmosphere?,Coquette,3
Which restaurants create a memorable atmosphere?,Cavan,3
Which restaurants create a memorable atmosphere?,Chophouse New Orleans,3
Which restaurants create a memorable atmosphere?,SukhoThai,3
Which restaurants create a memorable atmosphere?,Kin,3
Which restaurants create a memorable atmosphere?,Meauxbar,3
Which restaurants create a memorable atmosphere?,Clancy's Restaurant,3
Which restaurants create a memorable atmosphere?,Muriel's Jackson Square,3
Which restaurants create a memorable atmosphere?,N 7,3
Which restaurants create a memorable atmosphere?,Trinity Restaurant New Orleans,3
Which restaurants create a memorable atmosphere?,Root,3
Which restaurants create a memorable atmosphere?,Herbsaint,3
Which restaurants create a memorable atmosphere?,Galatoire's Restaurant,3
Which restaurants create a memorable atmosphere?,Justine,3
Which restaurants create a memorable atmosphere?,La Crepe Nanou,3
Which restaurants create a memorable atmosphere?,Ralph's on the Park,3
Which restaurants create a memorable atmosphere?,The Tasting Room,3
Which restaurants create a memorable atmosphere?,Meril,3
Which restaurants create a memorable atmosphere?,Tableau,3
Which restaurants create a memorable atmosphere?,Palace Café,3
Which restaurants create a memorable atmosphere?,Dante's Kitchen,3
Which restaurants create a memorable atmosphere?,Borgne,3
Which restaurants create a memorable atmosphere?,Crescent City Steak House,3
Which restaurants create a memorable atmosphere?,La Petite Grocery,3
Which restaurants create a memorable atmosphere?,Atchafalaya Restaurant,3
Which restaurants create a memorable atmosphere?,SoBou,3
Which restaurants create a memorable atmosphere?,Cowbell,3
Which restaurants create a memorable atmosphere?,Casa Borrega,3
Which restaurants create a memorable atmosphere?,El Gato Negro,2
Which restaurants create a memorable atmosphere?,Arnaud's Restaurant,3
Which restaurants create a memorable atmosphere?,Shaya,3
Which restaurants create a memorable atmosphere?,Restaurant Rebirth,3
Which restaurants create a memorable atmosphere?,The Grill,3
Which restaurants create a memorable atmosphere?,Cafe Sbisa,3
Which restaurants create a memorable atmosphere?,Annunciation,2
Which restaurants create a memorable atmosphere?,Ye Olde College Inn,3
Which restaurants create a memorable atmosphere?,Jacques-Imo's Cafe,3
Which restaurants create a memorable atmosphere?,Mr John's Steakhouse,3
Which restaurants create a memorable atmosphere?,Rebellion Bar & Urban Kitchen,3
Which restaurants create a memorable atmosphere?,Wayfare,3
Which restaurants create a memorable atmosphere?,Juan's Flying Burrito,3
Which restaurants create a memorable atmosphere?,Sylvain,3
Which restaurants create a memorable atmosphere?,Angeline,3
Which restaurants create a memorable atmosphere?,Eat New Orleans,3
Which restaurants create a memorable atmosphere?,Dooky Chase's Restaurant,3
Which restaurants create a memorable atmosphere?,The Italian Barrel,3
Which restaurants create a memorable atmosphere?,Salú Bistro and Bar,2
Which restaurants create a memorable atmosphere?,Cochon,3
Which restaurants create a memorable atmosphere?,The Delachaise,3
Which restaurants create a memorable atmosphere?,Capdeville,3
Which restaurants create a memorable atmosphere?,La Thai Uptown,3
Which restaurants create a memorable atmosphere?,Antoine's Restaurant,3
Which restaurants create a memorable atmosphere?,Briquette,3
Which restaurants create a memorable atmosphere?,Landry's Seafood House,3
Which restaurants create a memorable atmosphere?,Maypop Restaurant,3
Which restaurants create a memorable atmosphere?,Ruby Slipper Cafe,3
Which restaurants create a memorable atmosphere?,St Roch Market,3
Which restaurants create a memorable atmosphere?,Café at The Square,3
Which restaurants create a memorable atmosphere?,Columns,3
Which restaurants create a memorable atmosphere?,Emeril's ,3
Which restaurants create a memorable atmosphere?,The Camellia Grill,3
Which restaurants create a memorable atmosphere?,Nolé,3
Which restaurants create a memorable atmosphere?,Marcello's Restaurant & Wine Bar,3
Where can I eat food connected to the neighborhood?,St Roch Market,3
Where can I eat food connected to the neighborhood?,Mona's Cafe,3
Where can I eat food connected to the neighborhood?,Auction House Market,3
Where can I eat food connected to the neighborhood?,Louisiana Bistro,3
Where can I eat food connected to the neighborhood?,Sneaky Pickle,3
Where can I eat food connected to the neighborhood?,Green Goddess,3
Where can I eat food connected to the neighborhood?,Booty's Street Food,3
Where can I eat food connected to the neighborhood?,Brigtsen's Restaurant,3
Where can I eat food connected to the neighborhood?,Patois Restaurant,3
Where can I eat food connected to the neighborhood?,Juan's Flying Burrito,3
Where can I eat food connected to the neighborhood?,Cafe Abyssinia,3
Where can I eat food connected to the neighborhood?,Satsuma Café,3
Where can I eat food connected to the neighborhood?,El Gato Negro,2
Where can I eat food connected to the neighborhood?,New Orleans Hamburger & Seafood Co,2
Where can I eat food connected to the neighborhood?,Riccobono’s Panola St. Cafe,3
Where can I eat food connected to the neighborhood?,Taqueria Guerrero,3
Where can I eat food connected to the neighborhood?,High Hat Cafe,3
Where can I eat food connected to the neighborhood?,Dick & Jenny's,3
Where can I eat food connected to the neighborhood?,Bennachin Restaurant,3
Where can I eat food connected to the neighborhood?,Slim Goodies Diner,3
Where can I eat food connected to the neighborhood?,Dat Dog,3
Where can I eat food connected to the neighborhood?,Please-U-Restaurant,3
Where can I eat food connected to the neighborhood?,The Camellia Grill,3
Where can I eat food connected to the neighborhood?,The Grill,3
Where can I eat food connected to the neighborhood?,Lebanon's Cafe,3
Where can I eat food connected to the neighborhood?,Dong Phuong,3
Where can I eat food connected to the neighborhood?,Clancy's Restaurant,3
Where can I eat food connected to the neighborhood?,Upperline,3
Where can I eat food connected to the neighborhood?,SukhoThai,2
Where can I eat food connected to the neighborhood?,Cafe Maspero,2
Where can I eat food connected to the neighborhood?,Tout De Suite Cafe,3
Where can I eat food connected to the neighborhood?,13 Monaghan,2
Where can I eat food connected to the neighborhood?,Heard Dat Kitchen,3
Where can I eat food connected to the neighborhood?,K-Paul's Louisiana Kitchen,2
Where can I eat food connected to the neighborhood?,The Backyard,3
Where can I eat food connected to the neighborhood?,Ruby Slipper Cafe,2
Where can I eat food connected to the neighborhood?,Felipe's Mexican Taqueria - French Quarter,2
Where can I eat food connected to the neighborhood?,Stella!,2
Where can I eat food connected to the neighborhood?,Ignatius' Rue de La Course Coffeehouse,3
Where can I eat food connected to the neighborhood?,Lilette,2
Where can I eat food connected to the neighborhood?,Kin,3
Where can I eat food connected to the neighborhood?,Saffron nola,3
Where can I eat food connected to the neighborhood?,Jacques-Imo's Cafe,3
Where can I eat food connected to the neighborhood?,Eat New Orleans,3
Where can I eat food connected to the neighborhood?,Carmo,3
Where can I eat food connected to the neighborhood?,Superior Grill,2
Where can I eat food connected to the neighborhood?,Root,2
Where can I eat food connected to the neighborhood?,Taqueria Corona,2
Where can I eat food connected to the neighborhood?,Bayona,3
Where can I eat food connected to the neighborhood?,Maïs Arepas,3
Where can I eat food connected to the neighborhood?,La Macarena Pupuseria & Latin Cafe,3
Where can I eat food connected to the neighborhood?,The American Sector,2
Where can I eat food connected to the neighborhood?,Cowbell,3
Where can I eat food connected to the neighborhood?,Ye Olde College Inn,3
Where can I eat food connected to the neighborhood?,Restaurant August,2
Where can I eat food connected to the neighborhood?,Dante's Kitchen,3
Where can I eat food connected to the neighborhood?,Avery's On Tulane,3
Where can I eat food connected to the neighborhood?,The Company Burger,2
Where can I eat food connected to the neighborhood?,Hobnobber's Variety Bar & Restaurant,3
Where can I eat food connected to the neighborhood?,Nirvana Indian Cuisine,2
Where can I eat food connected to the neighborhood?,Shaya,3
Where can I eat food connected to the neighborhood?,Gris-Gris,3
Where can I eat food connected to the neighborhood?,Boucherie,3
Where can I eat food connected to the neighborhood?,Toast,3
Where can I eat food connected to the neighborhood?,Little Korea BBQ,3
Where can I eat food connected to the neighborhood?,New Orleans Cake Café & Bakery,3
Where can I eat food connected to the neighborhood?,Joey K's Restaurant & Bar,3
Where can I eat food connected to the neighborhood?,Seed,2
Where can I eat food connected to the neighborhood?,Majoria's Commerce Restaurant,3
Where can I eat food connected to the neighborhood?,Dreamy Weenies,3
Where can I eat food connected to the neighborhood?,Boswell's Jamaican Grill,3
Where can I eat food connected to the neighborhood?,Ugly Dog Saloon & BBQ,2
Where can I eat food connected to the neighborhood?,1000 Figs,3
Where can I eat food connected to the neighborhood?,Milk Bar,2
Where can I eat food connected to the neighborhood?,The Praline Connection,3
Where can I eat food connected to the neighborhood?,Coquette,2
Where can I eat food connected to the neighborhood?,La Petite Grocery,3
Where can I eat food connected to the neighborhood?,P & G Restaurant & Bar,3
Where can I eat food connected to the neighborhood?,Dooky Chase's Restaurant,3
Where can I eat food connected to the neighborhood?,Lola's,3
Where can I eat food connected to the neighborhood?,Herbsaint,3
Where can I eat food connected to the neighborhood?,Compère Lapin,3
Where can I eat food connected to the neighborhood?,Liuzza's By The Track,3
Where can I eat food connected to the neighborhood?,Mizado Latin Kitchen,2
Where can I eat food connected to the neighborhood?,Angeli on Decatur,3
Where can I eat food connected to the neighborhood?,Sassafras Restaurant,3
Where can I eat food connected to the neighborhood?,Frankie & Johnny's,3
Where can I eat food connected to the neighborhood?,Vincent's Italian Cuisine,3
Where can I eat food connected to the neighborhood?,The Trolley Stop Cafe,3
Where can I eat food connected to the neighborhood?,Felipe's Mexican Taqueria - Uptown,2
Where can I eat food connected to the neighborhood?,La Crepe Nanou,2
Where can I eat food connected to the neighborhood?,Surrey's Uptown,3
Where can I eat food connected to the neighborhood?,Atchafalaya Restaurant,3
Where can I eat food connected to the neighborhood?,The Delachaise,2
Where can I eat food connected to the neighborhood?,Salú Bistro and Bar,2
Where can I eat food connected to the neighborhood?,Mandina's Restaurant,3
Where can I eat food connected to the neighborhood?,Meauxbar,3
Where can I eat food connected to the neighborhood?,Cajun Seafood,3
Where can I eat food connected to the neighborhood?,The Munch Factory,3
Where can I eat food connected to the neighborhood?,Verti Marte,3
Where can I eat food connected to the neighborhood?,Elizabeth's Restaurant,3
Where can I eat food connected to the neighborhood?,Rebellion Bar & Urban Kitchen,2
Where can I eat food connected to the neighborhood?,Magasin Vietnamese Cafe,3
Where can I eat food connected to the neighborhood?,Bon Ton Cafe,3
Where can I eat food connected to the neighborhood?,The Velvet Cactus,2
Where can I eat food connected to the neighborhood?,Casa Borrega,3
Where can I eat food connected to the neighborhood?,Voodoo BBQ & Grill,2
Where can I eat food connected to the neighborhood?,Houston's Restaurant,2
Where can I eat food connected to the neighborhood?,Cafe Degas,3
Where can I eat food connected to the neighborhood?,Sweet Soulfood,3
Where can I eat food connected to the neighborhood?,Crescent City Steak House,3
Where can I eat food connected to the neighborhood?,Saint Lawrence,3
Where can I eat food connected to the neighborhood?,Red's Chinese,3
Where can I eat food connected to the neighborhood?,Slice Pizzeria,3
Where can I eat food connected to the neighborhood?,La Casita,3
Where can I eat food connected to the neighborhood?,Ba Chi Canteen,2
Where can I eat food connected to the neighborhood?,Cleo's,3
Where can I eat food connected to the neighborhood?,La Boca,3
Where can I eat food connected to the neighborhood?,Restaurant R'evolution,3
Where can I eat food connected to the neighborhood?,Chartres House,3
Where can I eat food connected to the neighborhood?,Five Happiness Chinese Restaurant,2
Where can I eat food connected to the neighborhood?,Cavan,3
Where can I eat food connected to the neighborhood?,The Market Cafe,3
Where can I eat food connected to the neighborhood?,Cochon,3
Where can I eat food connected to the neighborhood?,Mint Modern Vietnamese Bistro & Bar,3
Where can I eat food connected to the neighborhood?,The Joint,3
Where can I eat food connected to the neighborhood?,McClure's,2
Where can I eat food connected to the neighborhood?,Willie's Chicken Shack,2
Where can I eat food connected to the neighborhood?,Tujague's Restaurant,3
Where can I eat food connected to the neighborhood?,Who Dat Coffee Cafe,3
Where can I eat food connected to the neighborhood?,Capdeville,3
Where can I eat food connected to the neighborhood?,Charcoal's Gourmet Burger Bar,2
Where can I eat food connected to the neighborhood?,Buffa's Bar & Restaurant,3
Where can I eat food connected to the neighborhood?,Commander's Palace,3
Where can I eat food connected to the neighborhood?,The Avenue Pub,3
Where can I eat food connected to the neighborhood?,Galatoire's Restaurant,3
Where can I eat food connected to the neighborhood?,Meals From The Heart Cafe,3
Where can I eat food connected to the neighborhood?,Down The Hatch,2
Where can I eat food connected to the neighborhood?,Café at The Square,2
Where can I eat food connected to the neighborhood?,Welty's Deli and Catering,3
Where can I eat food connected to the neighborhood?,Refuel Cafe,2
Where can I eat food connected to the neighborhood?,Squeal,3
Where can I eat food connected to the neighborhood?,Another Broken Egg Cafe,2
Where can I eat food connected to the neighborhood?,Cochon Butcher,3
Where can I eat food connected to the neighborhood?,The Pelican Club,2
Where can I eat food connected to the neighborhood?,Paladar 511,3
Where can I eat food connected to the neighborhood?,Brennan's Restaurant,2
Where can I eat food connected to the neighborhood?,Restaurant Rebirth,3
Where can I eat food connected to the neighborhood?,Chophouse New Orleans,1
Where can I eat food connected to the neighborhood?,Arnaud's Restaurant,3
Where can I eat food connected to the neighborhood?,New Orleans School of Cooking,3
Where can I eat food connected to the neighborhood?,Gyu-Kaku Japanese BBQ,1
Where can I eat food connected to the neighborhood?,Clover Grill,3
Where can I eat food connected to the neighborhood?,Tracey's Original Irish Channel Bar,3
Where can I eat food connected to the neighborhood?,Café Amelie,2
Where can I eat food connected to the neighborhood?,Mena's Palace,3
Where can I eat food connected to the neighborhood?,Emeril's Delmonico,2
Where can I eat food connected to the neighborhood?,Landry's Seafood House,1
Where can I eat food connected to the neighborhood?,Mayas,2
Where can I eat food connected to the neighborhood?,Parkway Bakery & Tavern,3
Where can I eat food connected to the neighborhood?,HORN'S EATERY,3
Where can I eat food connected to the neighborhood?,New Orleans Creole Cookery,3
Where can I eat food connected to the neighborhood?,N 7,2
Where can I eat food connected to the neighborhood?,La Thai Uptown,2
Where can I eat food connected to the neighborhood?,The Marigny Brasserie,3
Where can I eat food connected to the neighborhood?,GG's Dine-O-Rama,2
Where can I eat food connected to the neighborhood?,Noodle & Pie,2
Where can I eat food connected to the neighborhood?,Baru Bistro & Tapas,2
Where can I eat food connected to the neighborhood?,Brown Butter Southern Kitchen & Bar,3
Where can I eat food connected to the neighborhood?,Nolé,2
Where can I eat food connected to the neighborhood?,Coop's Place,3
Where can I eat food connected to the neighborhood?,Del Fuego,3
Where can I eat food connected to the neighborhood?,Li'l Dizzy's Cafe,3
Where can I eat food connected to the neighborhood?,Bearcat Cafe,3
Where can I eat food connected to the neighborhood?,Wayfare,2
Where can I eat food connected to the neighborhood?,Mimi's In The Marigny,3
Where can I eat food connected to the neighborhood?,Lilly's Cafe,3
Where can I eat food connected to the neighborhood?,Cafe Rose Nicaud,3
Where can I eat food connected to the neighborhood?,Palace Café,2
Where can I eat food connected to the neighborhood?,Pho Tau Bay Restaurant,2
Where can I eat food connected to the neighborhood?,Pho Bistreaux,2
Where can I eat food connected to the neighborhood?,Crescent City Brewhouse,3
Where can I eat food connected to the neighborhood?,The Tasting Room,2
Where can I eat food connected to the neighborhood?,Adolfo's,3
Where can I eat food connected to the neighborhood?,Cafe Pontalba,2
Where can I eat food connected to the neighborhood?,Three Muses,3
Where can I eat food connected to the neighborhood?,Crabby Jack's,3
Where can I eat food connected to the neighborhood?,The Gallery Venue at Tomas Bistro,2
Where can I eat food connected to the neighborhood?,Yo Mama's Bar & Grill,3
Where can I eat food connected to the neighborhood?,Antoine's Restaurant,2
Where can I eat food connected to the neighborhood?,biscuit & buns on banks,3
Where can I eat food connected to the neighborhood?,Muriel's Jackson Square,3
Where can I eat food connected to the neighborhood?,Vacherie,3
Where can I eat food connected to the neighborhood?,Russell's Marina Grill,3
Where can I eat food connected to the neighborhood?,Central City BBQ,2
Where can I eat food connected to the neighborhood?,St Charles Tavern,2
Where can I eat food connected to the neighborhood?,Red Dog Diner,3
Where can I eat food connected to the neighborhood?,Breads on Oak Cafe & Bakery,3
Where can I eat food connected to the neighborhood?,The Old Coffee Pot Restaurant,2
Where can I eat food connected to the neighborhood?,Yuki Izakaya,2
Where can I eat food connected to the neighborhood?,Gumbo Shop,3
Where can I eat food connected to the neighborhood?,Ralph's on the Park,3
Where can I eat food connected to the neighborhood?,Irene's,3
Where can I eat food connected to the neighborhood?,Maypop Restaurant,3
Where can I eat food connected to the neighborhood?,Wakin' Bakin',3
Where can I eat food connected to the neighborhood?,9 Roses Cafe,2
Where can I eat food connected to the neighborhood?,Stein's Market and Deli,3
Where can I eat food connected to the neighborhood?,Domilise Po-Boys & Bar,3
Where can I eat food connected to the neighborhood?,Brothers Food Mart,3
Where can I eat food connected to the neighborhood?,Port Of Call,3
Where can I eat food connected to the neighborhood?,Angeline,3
Where can I eat food connected to the neighborhood?,Walk-On's Sports Bistreaux - New Orleans,2
Where can I eat food connected to the neighborhood?,Tommy's Cuisine,2
Where can I eat food connected to the neighborhood?,Cooter Brown's,2
Where can I eat food connected to the neighborhood?,Kebab,2
Where can I eat food connected to the neighborhood?,Namese,2
Where can I eat food connected to the neighborhood?,Annunciation,2
Where can I eat food connected to the neighborhood?,Sylvain,3
Where can I eat food connected to the neighborhood?,The Daily Beet,2
Where can I eat food connected to the neighborhood?,Le Bayou Restaurant,3
Where can I eat food connected to the neighborhood?,Nacho Mama's Mexican Grill,2
Where can I eat food connected to the neighborhood?,Blue Oak BBQ,3
Where can I eat food connected to the neighborhood?,Little Tokyo Small Plates & Noodle Bar,3
Where can I eat food connected to the neighborhood?,Jung's Golden Dragon II,2
Where can I eat food connected to the neighborhood?,Coulis,3
Where can I eat food connected to the neighborhood?,Santa Fe,2
Where can I eat food connected to the neighborhood?,Mr John's Steakhouse,2
Where can I eat food connected to the neighborhood?,Trinity Restaurant New Orleans,2
Where can I eat food connected to the neighborhood?,Jagerhaus,2
Where can I eat food connected to the neighborhood?,CellarDoor,2
Where can I eat food connected to the neighborhood?,Fat Boy Pantry,3
Where can I eat food connected to the neighborhood?,The Original French Market Restaurant and Bar,3
Where can I eat food connected to the neighborhood?,The Original Pierre Maspero's,3
Where can I eat food connected to the neighborhood?,Deja Vu Restaurant & Bar,3
Where can I eat food connected to the neighborhood?,The Court of Two Sisters,3
Where can I eat food connected to the neighborhood?,Mopho,2
Where can I eat food connected to the neighborhood?,Surrey's Café & Juice Bar,3
Where can I eat food connected to the neighborhood?,Tacos And Beer,2
Where can I eat food connected to the neighborhood?,Johnny Sanchez,3
Where can I eat food connected to the neighborhood?,Bearcat CBD,2
Where can I eat food connected to the neighborhood?,The Irish House,2
Where can I eat food connected to the neighborhood?,Legacy Kitchen's Craft Tavern,2
Where can I eat food connected to the neighborhood?,Louisiana Pizza Kitchen,2
Where can I eat food connected to the neighborhood?,Fogo de Chão Brazilian Steakhouse,0
Where can I eat food connected to the neighborhood?,Mother's Restaurant,3
Where can I eat food connected to the neighborhood?,Pizza Delicious,2
Where can I eat food connected to the neighborhood?,Briquette,2
Where can I eat food connected to the neighborhood?,Orleans Grapevine Wine Bar & Bistro,2
Where can I eat food connected to the neighborhood?,Saba,2
Where can I eat food connected to the neighborhood?,Felipe's Mexican Taqueria - Mid City,2
Where can I eat food connected to the neighborhood?,Jack Rose,2
Where can I eat food connected to the neighborhood?,Tru Burger,2
Where can I eat food connected to the neighborhood?,Dickie Brennan's Steakhouse,2
Where can I eat food connected to the neighborhood?,Meril,2
Where can I eat food connected to the neighborhood?,Cafe Envie & Espresso Bar,3
Where can I eat food connected to the neighborhood?,Avenue Cafe,3
Where can I eat food connected to the neighborhood?,Ernst Cafe,3
Where can I eat food connected to the neighborhood?,Guy's Po Boys,3
Where can I eat food connected to the neighborhood?,Emeril's ,2
Where can I eat food connected to the neighborhood?,Hard Rock Cafe,0
Where can I eat food connected to the neighborhood?,Killer Poboys,3
Where can I eat food connected to the neighborhood?,The Bombay Club,2
Where can I eat food connected to the neighborhood?,Toups Meatery,3
Where can I eat food connected to the neighborhood?,Snug Harbor Jazz Bistro,2
Where can I eat food connected to the neighborhood?,Tableau,2
Where can I eat food connected to the neighborhood?,Vessel NOLA,2
Where can I eat food connected to the neighborhood?,SoBou,3
Where can I eat food connected to the neighborhood?,Cane and Table,3
Where can I eat food connected to the neighborhood?,Cuñada,3
Where can I eat food connected to the neighborhood?,Belle's Diner Nola,2
Where can I eat food connected to the neighborhood?,Cornet,3
Where can I eat food connected to the neighborhood?,Estrella Steak & Lobster,1
Where can I eat food connected to the neighborhood?,Red Fish Grill,2
Where can I eat food connected to the neighborhood?,Copeland's Cheesecake Bistro,1
Where can I eat food connected to the neighborhood?,Remoulade,3
Where can I eat food connected to the neighborhood?,Gordon Biersch Brewery Restaurant,1
Where can I eat food connected to the neighborhood?,District Donuts Sliders Brew,3
Where can I eat food connected to the neighborhood?,Ruth's Chris Steak House,1
Where can I eat food connected to the neighborhood?,Criollo Restaurant,3
Where can I eat food connected to the neighborhood?,Sofia,2
Where can I eat food connected to the neighborhood?,Borgne,3
Where can I eat food connected to the neighborhood?,Katie's Restaurant & Bar,3
Where can I eat food connected to the neighborhood?,Hoshun Restaurant,2
Where can I eat food connected to the neighborhood?,Morning Call Coffee Stand,3
Where can I eat food connected to the neighborhood?,Mr. B's Bistro,3
Where can I eat food connected to the neighborhood?,Tito's Ceviche & Pisco,3
Where can I eat food connected to the neighborhood?,Faubourg Bistro,3
Where can I eat food connected to the neighborhood?,Gazebo Cafe,3
Where can I eat food connected to the neighborhood?,Neyow's Creole Cafe,3
Where can I eat food connected to the neighborhood?,Huck Finn's Cafe,3
Where can I eat food connected to the neighborhood?,Pascal's Manale,3
Where can I eat food connected to the neighborhood?,Bakery Bar,3
Where can I eat food connected to the neighborhood?,Tartine,3
Where can I eat food connected to the neighborhood?,Marcello's Restaurant & Wine Bar,2
Where can I eat food connected to the neighborhood?,Beachbum Berry's Latitude 29,2
Where can I eat food connected to the neighborhood?,Doris Metropolitan,2
Where can I eat food connected to the neighborhood?,Pêche,3
Where can I eat food connected to the neighborhood?,The Steakhouse,1
Where can I eat food connected to the neighborhood?,Mulate's,3
Where can I eat food connected to the neighborhood?,Willie Mae's Scotch House,3
Where can I eat food connected to the neighborhood?,Arabella Casa Di Pasta,2
Where can I eat food connected to the neighborhood?,Parasol's,3
Where can I eat food connected to the neighborhood?,Backatown Coffee Parlour,3
Where can I eat food connected to the neighborhood?,The Rum House,3
Where can I eat food connected to the neighborhood?,Venezia Restaurant,3
Where can I eat food connected to the neighborhood?,Diamond Street Bar & Grill,3
Where can I eat food connected to the neighborhood?,Turkey and the Wolf,3
Where can I eat food connected to the neighborhood?,Cafe Sbisa,3
Where can I eat food connected to the neighborhood?,Justine,2
Where can I eat food connected to the neighborhood?,Gene's PO-Boys,3
Where can I eat food connected to the neighborhood?,Josephine Estelle,2
Where can I eat food connected to the neighborhood?,Warehouse Grille,2
Where can I eat food connected to the neighborhood?,Fiorella's Cafe,3
Where can I eat food connected to the neighborhood?,Basin Seafood & Spirits,2
Where can I eat food connected to the neighborhood?,Little Gem Saloon,2
Where can I eat food connected to the neighborhood?,Creole House Restaurant & Oyster Bar,3
Where can I eat food connected to the neighborhood?,The Jimani,2
Where can I eat food connected to the neighborhood?,Red Gravy,3
Where can I eat food connected to the neighborhood?,Curio,3
Where can I eat food connected to the neighborhood?,Fharmacy Nola,3
Where can I eat food connected to the neighborhood?,Galatoire's 33 Bar & Steak,2
Where can I eat food connected to the neighborhood?,The Italian Barrel,3
Where can I eat food connected to the neighborhood?,DTB,3
Where can I eat food connected to the neighborhood?,The Country Club,3
Where can I eat food connected to the neighborhood?,Ole Saint,2
Where can I eat food connected to the neighborhood?,Fullblast Brunch,3
Where can I eat food connected to the neighborhood?,Lucy's Retired Surfers Bar & Restaurant,2
Where can I eat food connected to the neighborhood?,NOLA Restaurant,3
Where can I eat food connected to the neighborhood?,Copper Vine,2
Where can I eat food connected to the neighborhood?,Galliano Restaurant,3
Where can I eat food connected to the neighborhood?,Lula Restaurant Distillery,2
Where can I eat food connected to the neighborhood?,The Bulldog,2
Where can I eat food connected to the neighborhood?,Cajun Mike's Pub & Grub,3
Where can I eat food connected to the neighborhood?,The Halal Guys,2
Where can I eat food connected to the neighborhood?,Felix's Restaurant & Oyster Bar,3
Where can I eat food connected to the neighborhood?,HiVolt Coffee,2
Where can I eat food connected to the neighborhood?,Flamingo A-Go-Go,2
Where can I eat food connected to the neighborhood?,Superior Seafood & Oyster Bar,3
Where can I eat food connected to the neighborhood?,Café Adelaide,2
Where can I eat food connected to the neighborhood?,Stanley,3
Where can I eat food connected to the neighborhood?,Dian Xin,2
Where can I eat food connected to the neighborhood?,Attiki Bar and Grill,2
Where can I eat food connected to the neighborhood?,Evangeline,3
Where can I eat food connected to the neighborhood?,Cafe Fleur De Lis,2
Where can I eat food connected to the neighborhood?,Casamento's Restaurant,3
Where can I eat food connected to the neighborhood?,Cafe Beignet on Bourbon Street,3
Where can I eat food connected to the neighborhood?,Streetcar Cafe,3
Where can I eat food connected to the neighborhood?,Oceana Grill,2
Where can I eat food connected to the neighborhood?,Mahony's Po-Boys & Seafood  - Uptown,3
Where can I eat food connected to the neighborhood?,Pere Antoine Restaurant,2
Where can I eat food connected to the neighborhood?,Krystal,2
Where can I eat food connected to the neighborhood?,The Howlin' Wolf,2
Where can I eat food connected to the neighborhood?,The Rusty Nail,3
Where can I eat food connected to the neighborhood?,Desi Vega's Steakhouse,2
Where can I eat food connected to the neighborhood?,Sake Cafe Uptown,2
Where can I eat food connected to the neighborhood?,Apolline Restaurant,3
Where can I eat food connected to the neighborhood?,The Maison,2
Where can I eat food connected to the neighborhood?,Cafe Conti,2
Where can I eat food connected to the neighborhood?,Olde Nola Cookery,3
Where can I eat food connected to the neighborhood?,Nomiya,2
Where can I eat food connected to the neighborhood?,Frey Smoked Meat,2
Where can I eat food connected to the neighborhood?,Brennan's,3
Where can I eat food connected to the neighborhood?,GW Fins,2
Where can I eat food connected to the neighborhood?,Saint Cecilia,3
Where can I eat food connected to the neighborhood?,Desire Oyster Bar,2
Where can I eat food connected to the neighborhood?,Bourbon House,3
Where can I eat food connected to the neighborhood?,Bubba Gump Shrimp Co.,1
Where can I eat food connected to the neighborhood?,Seither's Seafood,3
Where can I eat food connected to the neighborhood?,Poke Loa,1
Where can I eat food connected to the neighborhood?,Trenasse,3
Where can I eat food connected to the neighborhood?,Midway Pizza,3
Where can I eat food connected to the neighborhood?,Bayou Burger & Sports Company,2
Where can I eat food connected to the neighborhood?,Grand Isle,2
Where can I eat food connected to the neighborhood?,Deanie's Seafood,3
Where can I eat food connected to the neighborhood?,Luke,2
Where can I eat food connected to the neighborhood?,Daisy Dukes - French Quarter,3
Where can I eat food connected to the neighborhood?,801 Royal,2
Where can I eat food connected to the neighborhood?,WINO  Wine Institute of New Orleans,2
Where can I eat food connected to the neighborhood?,Coterie Restaurant & Oyster Bar,3
Where can I eat food connected to the neighborhood?,Willa Jean,3
Where can I eat food connected to the neighborhood?,Kingfish,3
Where can I eat food connected to the neighborhood?,Araña Taqueria y Cantina,2
Where can I eat food connected to the neighborhood?,Turtle Bay,2
Where can I eat food connected to the neighborhood?,Salon by Sucré,2
Where can I eat food connected to the neighborhood?,Gus's World Famous Fried Chicken,2
Where can I eat food connected to the neighborhood?,Jimmy J's Cafe,3
Where can I eat food connected to the neighborhood?,Johnny's Po-Boys,3
Where can I eat food connected to the neighborhood?,World Famous N'awlins Cafe & Spice Emporium,2
Where can I eat food connected to the neighborhood?,Rib Room,2
Where can I eat food connected to the neighborhood?,Franks Restaurant,2
Where can I eat food connected to the neighborhood?,The Vintage,2
Where can I eat food connected to the neighborhood?,Cafe Negril,3
Where can I eat food connected to the neighborhood?,Ancora,3
Where can I eat food connected to the neighborhood?,Barcadia,2
Where can I eat food connected to the neighborhood?,Manning's Sports Bar and Grill,2
Where can I eat food connected to the neighborhood?,Merchant,2
Where can I eat food connected to the neighborhood?,Columns,3
Where can I eat food connected to the neighborhood?,Cure,3
Where can I eat food connected to the neighborhood?,Gumbo POT,2
Where can I eat food connected to the neighborhood?,Backspace Bar & Kitchen,2
Where can I eat food connected to the neighborhood?,Mona Lisa Restaurant,3
Where can I eat food connected to the neighborhood?,Rock-n-Saké Bar & Sushi,2
Where can I eat food connected to the neighborhood?,Copper Monkey Grill,3
Where can I eat food connected to the neighborhood?,Two Chicks Cafe,2
Where can I eat food connected to the neighborhood?,Liberty Cheesesteaks,2
Where can I eat food connected to the neighborhood?,Melba's,3
Where can I eat food connected to the neighborhood?,Broussard's,2
Where can I eat food connected to the neighborhood?,Wood Pizza Bistro and Taphouse,2
Where can I eat food connected to the neighborhood?,The Crazy Lobster Bar & Grill,2
Where can I eat food connected to the neighborhood?,Mid City Pizza,3
Where can I eat food connected to the neighborhood?,Clesi's Restaurant & Catering,3
Where can I eat food connected to the neighborhood?,Union Kitchen & Union Party Room,2
Where can I eat food connected to the neighborhood?,Corner Oyster House,1
Where can I eat food connected to the neighborhood?,The Governor,2
Where can I eat food connected to the neighborhood?,Saints And Sinners,2
Where can I eat food connected to the neighborhood?,Bayou Hot Wings,2
Where can I eat food connected to the neighborhood?,Napoleon House,3
Where can I eat food connected to the neighborhood?,Croissant D'Or Patisserie,3
Where can I eat food connected to the neighborhood?,J's Seafood Dock,3
Where can I eat food connected to the neighborhood?,Morrow's,3
Where can I eat food connected to the neighborhood?,Blaze Pizza,2
Where can I eat food connected to the neighborhood?,Mr Ed's Oyster Bar - Bienville,2
Where can I eat food connected to the neighborhood?,Mojo Coffee House,3
Where can I eat food connected to the neighborhood?,Nonna Mia Cafe & Pizzeria,2
Where can I eat food connected to the neighborhood?,Ruby Slipper - New Orleans,3
Where can I eat food connected to the neighborhood?,Pizza Domenica,3
Where can I eat food connected to the neighborhood?,Shawarma on the Go,2
Where can I eat food connected to the neighborhood?,Mambo's,3
Where can I eat food connected to the neighborhood?,Acme Oyster House,2
Where can I eat food connected to the neighborhood?,Monty's on the Square,2
Where can I eat food connected to the neighborhood?,Sucré,1
Where can I eat food connected to the neighborhood?,Royal House,2
Where can I eat food connected to the neighborhood?,Gumbo Ya-Ya,2
Where can I eat food connected to the neighborhood?,Café Du Monde,3
Where can I eat food connected to the neighborhood?,Mikimoto,2
Where can I eat food connected to the neighborhood?,NOLA Poboys,3
Where can I eat food connected to the neighborhood?,House of Blues New Orleans,2
Where can I eat food connected to the neighborhood?,Rue De La Course,2
Where can I eat food connected to the neighborhood?,The Blue Crab Restaurant & Oyster Bar,2
Where can I eat food connected to the neighborhood?,Domenica,2
Where can I eat food connected to the neighborhood?,Daisy Dukes Express,2
Where can I eat food connected to the neighborhood?,Gallier Restaurant & Oyster Bar,3
Where can I eat food connected to the neighborhood?,Ninja Restaurant,2
Where can I eat food connected to the neighborhood?,Sushi Brothers,2
Where can I eat food connected to the neighborhood?,Victory,3
Where can I eat food connected to the neighborhood?,Tsunami Sushi,1
Where can I eat food connected to the neighborhood?,La Boulangerie,2
Where can I eat food connected to the neighborhood?,Mahony's Po-Boys & Seafood,3
Where can I eat food connected to the neighborhood?,Central Grocery & Deli,3
Where can I eat food connected to the neighborhood?,French Toast,3
Where can I eat food connected to the neighborhood?,Pirates Alley Cafe,2
Where can I eat food connected to the neighborhood?,Reginelli's Pizzeria,2
Where can I eat food connected to the neighborhood?,Bevi Seafood,3
Where can I eat food connected to the neighborhood?,Amici,2
Where can I eat food connected to the neighborhood?,Chiba,3
Where can I eat food connected to the neighborhood?,Bittersweet Confections,2
Where can I eat food connected to the neighborhood?,Cafe Beignet on Royal Street,3
Where can I eat food connected to the neighborhood?,Asuka Sushi & Hibachi,2
Where can I eat food connected to the neighborhood?,Mr. Ed's Oyster Bar - St Charles Ave,3
Where can I eat food connected to the neighborhood?,IHOP,0
Where can I eat food connected to the neighborhood?,Tiki Tolteca,2
Where can I eat food connected to the neighborhood?,Seaworthy,3
Where can I eat food connected to the neighborhood?,BB King's Blues Club,2
Where can I eat food connected to the neighborhood?,Daisy Dukes Cafe,2
Where can I eat food connected to the neighborhood?,Pier 424 Seafood Market,3
Where can I eat food connected to the neighborhood?,30_90 NOLA,2
Where can I eat food connected to the neighborhood?,Bamboula's,2
Where can I eat food connected to the neighborhood?,Cafe Beignet on Decatur Street,3
Where can I eat food connected to the neighborhood?,BOIL Seafood House,2
Where can I eat food connected to the neighborhood?,We Dat's Chicken and Shrimp,2
Where can I eat food connected to the neighborhood?,G's Pizza,3
Where can I eat food connected to the neighborhood?,Pat O'Brien’s,2
Where can I eat food connected to the neighborhood?,Pat O'Brien's Courtyard Restaurant,2
Where can I eat food connected to the neighborhood?,Arnaud's French 75 Bar,2
Where can I eat food connected to the neighborhood?,French Truck Coffee,2
Where can I eat food connected to the neighborhood?,Envie Espresso Bar & Cafe,2
Where can I eat food connected to the neighborhood?,Angelo Brocato,3
Where can I eat food connected to the neighborhood?,Geisha Sushi Bistro,1
Where can I eat food connected to the neighborhood?,The Blind Pelican,2
Where can I eat food connected to the neighborhood?,Two Chicks Café - CBD,2
Where can I eat food connected to the neighborhood?,Daisy Mae's Southern Fried Chicken & Breakfast,2
Where can I eat food connected to the neighborhood?,Acme Oyster House - Harrahs,2
Where can I eat food connected to the neighborhood?,Origami,2
Where can I eat food connected to the neighborhood?,"The Ritz-Carlton, New Orleans",2
Where can I eat food connected to the neighborhood?,New Orleans Famous Beignets And Coffee,3
Where can I eat food connected to the neighborhood?,Piccola Gelateria,2
Where can I eat food connected to the neighborhood?,Dolce Vita Pizzeria,2
Where can I eat food connected to the neighborhood?,Dave & Buster's,0
Where can I eat food connected to the neighborhood?,The Jazz Playhouse,2
Where can I eat food connected to the neighborhood?,The Original Italian Pie,2
Where can I eat food connected to the neighborhood?,Three Legged Dog,3
Where can I eat food connected to the neighborhood?,Crescent City Pizza Works,2
Where can I eat food connected to the neighborhood?,The American Sports Saloon,2
Where can I eat food connected to the neighborhood?,Drago's Seafood Restaurant,2
Where can I eat food connected to the neighborhood?,The Old No 77 Hotel and Chandlery,2
Where can I eat food connected to the neighborhood?,Windsor Court Hotel,2
Where can I eat food connected to the neighborhood?,Steamboat Natchez,2
Where can I eat food connected to the neighborhood?,Embassy Suites by Hilton New Orleans,1
Where can I eat food connected to the neighborhood?,Le Pavillon Hotel,1
Where can I eat food connected to the neighborhood?,Fritzel's European Jazz Pub,2
Where can I eat food connected to the neighborhood?,Hilton New Orleans Riverside,2
Where can I eat food connected to the neighborhood?,Sheraton New Orleans Hotel,2
Where can I eat food connected to the neighborhood?,Vieux Carre Pizza,3
Where can I eat food connected to the neighborhood?,W New Orleans - French Quarter,2
Where can I eat food connected to the neighborhood?,Royal Sonesta New Orleans,2
Where can I eat food connected to the neighborhood?,Revelator Coffee New Orleans,1
Where can I eat food connected to the neighborhood?,Hotel New Orleans Downtown,2
Where can I eat food connected to the neighborhood?,New Orleans Marriott,2
Where can I eat food connected to the neighborhood?,Magazine Pizza,3
Where can I eat food connected to the neighborhood?,Hot Tin,2
Where can I eat food connected to the neighborhood?,Holy Crepes!,2
Where can I eat food connected to the neighborhood?,Old Absinthe House,2
Where can I eat food connected to the neighborhood?,Sazerac Bar,3
Where can I eat food connected to the neighborhood?,Paddlewheeler Creole Queen,3
Where can I eat food connected to the neighborhood?,French Quarter Phantoms,0
Suggest a restaurant where breakfast or brunch stands out.,Ruby Slipper Cafe,3
Suggest a restaurant where breakfast or brunch stands out.,Coulis,3
Suggest a restaurant where breakfast or brunch stands out.,Toast,3
Suggest a restaurant where breakfast or brunch stands out.,Tartine,3
Suggest a restaurant where breakfast or brunch stands out.,Stanley,3
Suggest a restaurant where breakfast or brunch stands out.,Russell's Marina Grill,3
Suggest a restaurant where breakfast or brunch stands out.,Cafe Conti,3
Suggest a restaurant where breakfast or brunch stands out.,Satsuma Café,3
Suggest a restaurant where breakfast or brunch stands out.,Ruby Slipper - New Orleans,3
Suggest a restaurant where breakfast or brunch stands out.,Surrey's Uptown,3
Suggest a restaurant where breakfast or brunch stands out.,GG's Dine-O-Rama,3
Suggest a restaurant where breakfast or brunch stands out.,Cafe Fleur De Lis,3
Suggest a restaurant where breakfast or brunch stands out.,Another Broken Egg Cafe,3
Suggest a restaurant where breakfast or brunch stands out.,Two Chicks Cafe,3
Suggest a restaurant where breakfast or brunch stands out.,Riccobono’s Panola St. Cafe,3
Suggest a restaurant where breakfast or brunch stands out.,Brennan's Restaurant,3
Suggest a restaurant where breakfast or brunch stands out.,French Toast,3
Suggest a restaurant where breakfast or brunch stands out.,Wakin' Bakin',3
Suggest a restaurant where breakfast or brunch stands out.,Elizabeth's Restaurant,3
Suggest a restaurant where breakfast or brunch stands out.,Apolline Restaurant,3
Suggest a restaurant where breakfast or brunch stands out.,New Orleans Cake Café & Bakery,3
Suggest a restaurant where breakfast or brunch stands out.,Surrey's Café & Juice Bar,3
Suggest a restaurant where breakfast or brunch stands out.,Refuel Cafe,3
Suggest a restaurant where breakfast or brunch stands out.,Café at The Square,3
Suggest a restaurant where breakfast or brunch stands out.,biscuit & buns on banks,3
Suggest a restaurant where breakfast or brunch stands out.,Fullblast Brunch,3
Suggest a restaurant where breakfast or brunch stands out.,Tout De Suite Cafe,3
Suggest a restaurant where breakfast or brunch stands out.,Jimmy J's Cafe,3
Suggest a restaurant where breakfast or brunch stands out.,HiVolt Coffee,3
Suggest a restaurant where breakfast or brunch stands out.,The Old Coffee Pot Restaurant,3
Suggest a restaurant where breakfast or brunch stands out.,HORN'S EATERY,3
Suggest a restaurant where breakfast or brunch stands out.,Willa Jean,3
Suggest a restaurant where breakfast or brunch stands out.,Slim Goodies Diner,3
Suggest a restaurant where breakfast or brunch stands out.,Dante's Kitchen,3
Suggest a restaurant where breakfast or brunch stands out.,Bearcat Cafe,3
Suggest a restaurant where breakfast or brunch stands out.,Breads on Oak Cafe & Bakery,3
Suggest a restaurant where breakfast or brunch stands out.,Brennan's,3
Suggest a restaurant where breakfast or brunch stands out.,DTB,3
Suggest a restaurant where breakfast or brunch stands out.,Croissant D'Or Patisserie,3
Suggest a restaurant where breakfast or brunch stands out.,Eat New Orleans,3
Suggest a restaurant where breakfast or brunch stands out.,Red Gravy,3
Suggest a restaurant where breakfast or brunch stands out.,The Daily Beet,3
Suggest a restaurant where breakfast or brunch stands out.,Brown Butter Southern Kitchen & Bar,3
Suggest a restaurant where breakfast or brunch stands out.,Merchant,3
Suggest a restaurant where breakfast or brunch stands out.,Bearcat CBD,3
Suggest a restaurant where breakfast or brunch stands out.,Cafe Rose Nicaud,3
Suggest a restaurant where breakfast or brunch stands out.,Patois Restaurant,3
Suggest a restaurant where breakfast or brunch stands out.,Majoria's Commerce Restaurant,3
Suggest a restaurant where breakfast or brunch stands out.,Milk Bar,1
Suggest a restaurant where breakfast or brunch stands out.,Restaurant August,1
Suggest a restaurant where breakfast or brunch stands out.,Warehouse Grille,3
Suggest a restaurant where breakfast or brunch stands out.,Two Chicks Café - CBD,3
Suggest a restaurant where breakfast or brunch stands out.,Meals From The Heart Cafe,3
Suggest a restaurant where breakfast or brunch stands out.,Cafe Degas,3
Suggest a restaurant where breakfast or brunch stands out.,Jagerhaus,3
Suggest a restaurant where breakfast or brunch stands out.,Atchafalaya Restaurant,3
Suggest a restaurant where breakfast or brunch stands out.,The Grill,3
Suggest a restaurant where breakfast or brunch stands out.,Wayfare,3
Suggest a restaurant where breakfast or brunch stands out.,Cochon,0
Suggest a restaurant where breakfast or brunch stands out.,Red Dog Diner,3
Suggest a restaurant where breakfast or brunch stands out.,Please-U-Restaurant,3
Suggest a restaurant where breakfast or brunch stands out.,Noodle & Pie,0
Suggest a restaurant where breakfast or brunch stands out.,Avenue Cafe,3
Suggest a restaurant where breakfast or brunch stands out.,Angeline,3
Suggest a restaurant where breakfast or brunch stands out.,Vacherie,3
Suggest a restaurant where breakfast or brunch stands out.,Paladar 511,3
Suggest a restaurant where breakfast or brunch stands out.,Coquette,3
Suggest a restaurant where breakfast or brunch stands out.,Compère Lapin,3
Suggest a restaurant where breakfast or brunch stands out.,Mena's Palace,3
Suggest a restaurant where breakfast or brunch stands out.,Lilette,1
Suggest a restaurant where breakfast or brunch stands out.,Cafe Beignet on Royal Street,3
Suggest a restaurant where breakfast or brunch stands out.,Cafe Envie & Espresso Bar,3
Suggest a restaurant where breakfast or brunch stands out.,La Boulangerie,3
Suggest a restaurant where breakfast or brunch stands out.,La Crepe Nanou,2
Suggest a restaurant where breakfast or brunch stands out.,Fat Boy Pantry,3
Suggest a restaurant where breakfast or brunch stands out.,Envie Espresso Bar & Cafe,3
Suggest a restaurant where breakfast or brunch stands out.,Criollo Restaurant,3
Suggest a restaurant where breakfast or brunch stands out.,The Trolley Stop Cafe,3
Suggest a restaurant where breakfast or brunch stands out.,Copper Vine,3
Suggest a restaurant where breakfast or brunch stands out.,Clancy's Restaurant,0
Suggest a restaurant where breakfast or brunch stands out.,P & G Restaurant & Bar,3
Suggest a restaurant where breakfast or brunch stands out.,Dong Phuong,2
Suggest a restaurant where breakfast or brunch stands out.,Broussard's,3
Suggest a restaurant where breakfast or brunch stands out.,The Camellia Grill,3
Suggest a restaurant where breakfast or brunch stands out.,Sylvain,2
Suggest a restaurant where breakfast or brunch stands out.,Katie's Restaurant & Bar,3
Suggest a restaurant where breakfast or brunch stands out.,Streetcar Cafe,3
Suggest a restaurant where breakfast or brunch stands out.,La Petite Grocery,2
Suggest a restaurant where breakfast or brunch stands out.,Holy Crepes!,3
Suggest a restaurant where breakfast or brunch stands out.,SoBou,2
Suggest a restaurant where breakfast or brunch stands out.,Kebab,0
Suggest a restaurant where breakfast or brunch stands out.,Salon by Sucré,3
Suggest a restaurant where breakfast or brunch stands out.,Seed,3
Suggest a restaurant where breakfast or brunch stands out.,Ignatius' Rue de La Course Coffeehouse,2
Suggest a restaurant where breakfast or brunch stands out.,Who Dat Coffee Cafe,3
Suggest a restaurant where breakfast or brunch stands out.,Root,2
Suggest a restaurant where breakfast or brunch stands out.,Stella!,3
Suggest a restaurant where breakfast or brunch stands out.,Boucherie,2
Suggest a restaurant where breakfast or brunch stands out.,The Court of Two Sisters,3
Suggest a restaurant where breakfast or brunch stands out.,Dick & Jenny's,1
Suggest a restaurant where breakfast or brunch stands out.,Cochon Butcher,0
Suggest a restaurant where breakfast or brunch stands out.,Li'l Dizzy's Cafe,3
Suggest a restaurant where breakfast or brunch stands out.,Palace Café,3
Suggest a restaurant where breakfast or brunch stands out.,Mopho,1
Suggest a restaurant where breakfast or brunch stands out.,Willie's Chicken Shack,0
Suggest a restaurant where breakfast or brunch stands out.,Commander's Palace,2
Suggest a restaurant where breakfast or brunch stands out.,Brigtsen's Restaurant,0
Suggest a restaurant where breakfast or brunch stands out.,The Irish House,3
Suggest a restaurant where breakfast or brunch stands out.,High Hat Cafe,2
Suggest a restaurant where breakfast or brunch stands out.,Muriel's Jackson Square,3
Suggest a restaurant where breakfast or brunch stands out.,Dat Dog,0
Suggest a restaurant where breakfast or brunch stands out.,The Vintage,3
Suggest a restaurant where breakfast or brunch stands out.,Killer Poboys,1
Suggest a restaurant where breakfast or brunch stands out.,Magasin Vietnamese Cafe,1
Suggest a restaurant where breakfast or brunch stands out.,Vincent's Italian Cuisine,0
Suggest a restaurant where breakfast or brunch stands out.,Embassy Suites by Hilton New Orleans,3
Suggest a restaurant where breakfast or brunch stands out.,Capdeville,1
Suggest a restaurant where breakfast or brunch stands out.,Luke,3
Suggest a restaurant where breakfast or brunch stands out.,Green Goddess,2
Suggest a restaurant where breakfast or brunch stands out.,Meauxbar,1
Suggest a restaurant where breakfast or brunch stands out.,Booty's Street Food,3
Suggest a restaurant where breakfast or brunch stands out.,Restaurant R'evolution,2
Suggest a restaurant where breakfast or brunch stands out.,Café Adelaide,2
Suggest a restaurant where breakfast or brunch stands out.,The Gallery Venue at Tomas Bistro,0
Suggest a restaurant where breakfast or brunch stands out.,13 Monaghan,2
Suggest a restaurant where breakfast or brunch stands out.,Jacques-Imo's Cafe,0
Suggest a restaurant where breakfast or brunch stands out.,Belle's Diner Nola,3
Suggest a restaurant where breakfast or brunch stands out.,Curio,3
Suggest a restaurant where breakfast or brunch stands out.,Vessel NOLA,3
Suggest a restaurant where breakfast or brunch stands out.,The Country Club,3
Suggest a restaurant where breakfast or brunch stands out.,Herbsaint,0
Suggest a restaurant where breakfast or brunch stands out.,The Governor,3
Suggest a restaurant where breakfast or brunch stands out.,District Donuts Sliders Brew,3
Suggest a restaurant where breakfast or brunch stands out.,Café Amelie,3
Suggest a restaurant where breakfast or brunch stands out.,Toups Meatery,1
Suggest a restaurant where breakfast or brunch stands out.,Mint Modern Vietnamese Bistro & Bar,2
Suggest a restaurant where breakfast or brunch stands out.,Borgne,0
Suggest a restaurant where breakfast or brunch stands out.,Monty's on the Square,3
Suggest a restaurant where breakfast or brunch stands out.,Saint Cecilia,3
Suggest a restaurant where breakfast or brunch stands out.,La Macarena Pupuseria & Latin Cafe,3
Suggest a restaurant where breakfast or brunch stands out.,Sneaky Pickle,2
Suggest a restaurant where breakfast or brunch stands out.,St Charles Tavern,2
Suggest a restaurant where breakfast or brunch stands out.,Ralph's on the Park,3
Suggest a restaurant where breakfast or brunch stands out.,The Company Burger,0
Suggest a restaurant where breakfast or brunch stands out.,Ye Olde College Inn,2
Suggest a restaurant where breakfast or brunch stands out.,The American Sector,0
Suggest a restaurant where breakfast or brunch stands out.,Union Kitchen & Union Party Room,2
Suggest a restaurant where breakfast or brunch stands out.,Salú Bistro and Bar,3
Suggest a restaurant where breakfast or brunch stands out.,Ba Chi Canteen,0
Suggest a restaurant where breakfast or brunch stands out.,Mother's Restaurant,3
Suggest a restaurant where breakfast or brunch stands out.,Emeril's ,1
Suggest a restaurant where breakfast or brunch stands out.,Landry's Seafood House,0
Suggest a restaurant where breakfast or brunch stands out.,Pho Tau Bay Restaurant,1
Suggest a restaurant where breakfast or brunch stands out.,Kin,2
Suggest a restaurant where breakfast or brunch stands out.,Upperline,0
Suggest a restaurant where breakfast or brunch stands out.,Mona's Cafe,2
Suggest a restaurant where breakfast or brunch stands out.,Shaya,2
Suggest a restaurant where breakfast or brunch stands out.,1000 Figs,0
Suggest a restaurant where breakfast or brunch stands out.,Maypop Restaurant,3
Suggest a restaurant where breakfast or brunch stands out.,SukhoThai,0
Suggest a restaurant where breakfast or brunch stands out.,Rib Room,1
Suggest a restaurant where breakfast or brunch stands out.,Trenasse,2
Suggest a restaurant where breakfast or brunch stands out.,Cavan,2
Suggest a restaurant where breakfast or brunch stands out.,Superior Seafood & Oyster Bar,2
Suggest a restaurant where breakfast or brunch stands out.,The Delachaise,0
Suggest a restaurant where breakfast or brunch stands out.,K-Paul's Louisiana Kitchen,1
Suggest a restaurant where breakfast or brunch stands out.,The Steakhouse,0
Suggest a restaurant where breakfast or brunch stands out.,Lilly's Cafe,0
Suggest a restaurant where breakfast or brunch stands out.,Pho Bistreaux,0
Suggest a restaurant where breakfast or brunch stands out.,Saba,3
Suggest a restaurant where breakfast or brunch stands out.,Mizado Latin Kitchen,3
Suggest a restaurant where breakfast or brunch stands out.,Avery's On Tulane,2
Suggest a restaurant where breakfast or brunch stands out.,Jack Rose,3
Suggest a restaurant where breakfast or brunch stands out.,Bayona,1
Suggest a restaurant where breakfast or brunch stands out.,Backatown Coffee Parlour,3
Suggest a restaurant where breakfast or brunch stands out.,Namese,1
Suggest a restaurant where breakfast or brunch stands out.,Pêche,0
Suggest a restaurant where breakfast or brunch stands out.,NOLA Restaurant,1
Suggest a restaurant where breakfast or brunch stands out.,Dian Xin,3
Suggest a restaurant where breakfast or brunch stands out.,Galatoire's 33 Bar & Steak,0
Suggest a restaurant where breakfast or brunch stands out.,Meril,1
Suggest a restaurant where breakfast or brunch stands out.,Annunciation,1
Suggest a restaurant where breakfast or brunch stands out.,Hobnobber's Variety Bar & Restaurant,3
Suggest a restaurant where breakfast or brunch stands out.,Crabby Jack's,0
Suggest a restaurant where breakfast or brunch stands out.,Bon Ton Cafe,2
Suggest a restaurant where breakfast or brunch stands out.,Turkey and the Wolf,0
Suggest a restaurant where breakfast or brunch stands out.,Louisiana Bistro,0
Suggest a restaurant where breakfast or brunch stands out.,Mr John's Steakhouse,0
Suggest a restaurant where breakfast or brunch stands out.,Restaurant Rebirth,1
Suggest a restaurant where breakfast or brunch stands out.,Galatoire's Restaurant,1
Suggest a restaurant where breakfast or brunch stands out.,Stein's Market and Deli,3
Suggest a restaurant where breakfast or brunch stands out.,Bennachin Restaurant,0
Suggest a restaurant where breakfast or brunch stands out.,Sofia,3
Suggest a restaurant where breakfast or brunch stands out.,Sassafras Restaurant,2
Suggest a restaurant where breakfast or brunch stands out.,GW Fins,0
Suggest a restaurant where breakfast or brunch stands out.,Cafe Beignet on Decatur Street,2
Suggest a restaurant where breakfast or brunch stands out.,French Truck Coffee,3
Suggest a restaurant where breakfast or brunch stands out.,Cowbell,2
Suggest a restaurant where breakfast or brunch stands out.,The Praline Connection,1
Suggest a restaurant where breakfast or brunch stands out.,Rebellion Bar & Urban Kitchen,1
Suggest a restaurant where breakfast or brunch stands out.,Bittersweet Confections,3
Suggest a restaurant where breakfast or brunch stands out.,Maïs Arepas,1
Suggest a restaurant where breakfast or brunch stands out.,Mayas,2
Suggest a restaurant where breakfast or brunch stands out.,Desire Oyster Bar,2
Suggest a restaurant where breakfast or brunch stands out.,Santa Fe,3
Suggest a restaurant where breakfast or brunch stands out.,Poke Loa,0
Suggest a restaurant where breakfast or brunch stands out.,Irene's,1
Suggest a restaurant where breakfast or brunch stands out.,Fiorella's Cafe,3
Suggest a restaurant where breakfast or brunch stands out.,The Pelican Club,0
Suggest a restaurant where breakfast or brunch stands out.,Cane and Table,1
Suggest a restaurant where breakfast or brunch stands out.,Sucré,2
Suggest a restaurant where breakfast or brunch stands out.,El Gato Negro,0
Suggest a restaurant where breakfast or brunch stands out.,Lula Restaurant Distillery,3
Suggest a restaurant where breakfast or brunch stands out.,Carmo,1
Suggest a restaurant where breakfast or brunch stands out.,Basin Seafood & Spirits,2
Suggest a restaurant where breakfast or brunch stands out.,Faubourg Bistro,1
Suggest a restaurant where breakfast or brunch stands out.,Nomiya,0
Suggest a restaurant where breakfast or brunch stands out.,Red's Chinese,0
Suggest a restaurant where breakfast or brunch stands out.,Verti Marte,2
Suggest a restaurant where breakfast or brunch stands out.,Welty's Deli and Catering,2
Suggest a restaurant where breakfast or brunch stands out.,Josephine Estelle,3
Suggest a restaurant where breakfast or brunch stands out.,Johnny's Po-Boys,3
Suggest a restaurant where breakfast or brunch stands out.,Lola's,2
Suggest a restaurant where breakfast or brunch stands out.,Pere Antoine Restaurant,2
Suggest a restaurant where breakfast or brunch stands out.,Jung's Golden Dragon II,0
Suggest a restaurant where breakfast or brunch stands out.,Tito's Ceviche & Pisco,0
Suggest a restaurant where breakfast or brunch stands out.,Clover Grill,3
Suggest a restaurant where breakfast or brunch stands out.,Daisy Dukes - French Quarter,3
Suggest a restaurant where breakfast or brunch stands out.,Baru Bistro & Tapas,1
Suggest a restaurant where breakfast or brunch stands out.,Gumbo Shop,0
Suggest a restaurant where breakfast or brunch stands out.,Justine,3
Suggest a restaurant where breakfast or brunch stands out.,New Orleans Hamburger & Seafood Co,0
Suggest a restaurant where breakfast or brunch stands out.,Mahony's Po-Boys & Seafood  - Uptown,1
Suggest a restaurant where breakfast or brunch stands out.,Gyu-Kaku Japanese BBQ,0
Suggest a restaurant where breakfast or brunch stands out.,Blue Oak BBQ,0
Suggest a restaurant where breakfast or brunch stands out.,Kingfish,2
Suggest a restaurant where breakfast or brunch stands out.,Squeal,0
Suggest a restaurant where breakfast or brunch stands out.,Auction House Market,2
Suggest a restaurant where breakfast or brunch stands out.,Mr. B's Bistro,3
Suggest a restaurant where breakfast or brunch stands out.,Cafe Beignet on Bourbon Street,3
Suggest a restaurant where breakfast or brunch stands out.,Three Muses,0
Suggest a restaurant where breakfast or brunch stands out.,Parkway Bakery & Tavern,0
Suggest a restaurant where breakfast or brunch stands out.,N 7,0
Suggest a restaurant where breakfast or brunch stands out.,Tommy's Cuisine,0
Suggest a restaurant where breakfast or brunch stands out.,Adolfo's,0
Suggest a restaurant where breakfast or brunch stands out.,Brothers Food Mart,2
Suggest a restaurant where breakfast or brunch stands out.,La Thai Uptown,0
Suggest a restaurant where breakfast or brunch stands out.,Daisy Mae's Southern Fried Chicken & Breakfast,3
Suggest a restaurant where breakfast or brunch stands out.,Johnny Sanchez,3
Suggest a restaurant where breakfast or brunch stands out.,Saint Lawrence,2
Suggest a restaurant where breakfast or brunch stands out.,Juan's Flying Burrito,1
Suggest a restaurant where breakfast or brunch stands out.,Tujague's Restaurant,1
Suggest a restaurant where breakfast or brunch stands out.,Little Korea BBQ,0
Suggest a restaurant where breakfast or brunch stands out.,Taqueria Guerrero,2
Suggest a restaurant where breakfast or brunch stands out.,Saffron nola,1
Suggest a restaurant where breakfast or brunch stands out.,Charcoal's Gourmet Burger Bar,1
Suggest a restaurant where breakfast or brunch stands out.,Columns,3
Suggest a restaurant where breakfast or brunch stands out.,Cafe Abyssinia,0
Suggest a restaurant where breakfast or brunch stands out.,The Bombay Club,2
Suggest a restaurant where breakfast or brunch stands out.,Trinity Restaurant New Orleans,2
Suggest a restaurant where breakfast or brunch stands out.,Arabella Casa Di Pasta,0
Suggest a restaurant where breakfast or brunch stands out.,St Roch Market,3
Suggest a restaurant where breakfast or brunch stands out.,Willie Mae's Scotch House,0
Suggest a restaurant where breakfast or brunch stands out.,Crescent City Steak House,0
Suggest a restaurant where breakfast or brunch stands out.,Dreamy Weenies,0
Suggest a restaurant where breakfast or brunch stands out.,801 Royal,2
Suggest a restaurant where breakfast or brunch stands out.,Arnaud's Restaurant,3
Suggest a restaurant where breakfast or brunch stands out.,Deanie's Seafood,0
Suggest a restaurant where breakfast or brunch stands out.,Bakery Bar,3
Suggest a restaurant where breakfast or brunch stands out.,Nolé,2
Suggest a restaurant where breakfast or brunch stands out.,Legacy Kitchen's Craft Tavern,2
Suggest a restaurant where breakfast or brunch stands out.,Frey Smoked Meat,1
Suggest a restaurant where breakfast or brunch stands out.,Emeril's Delmonico,0
Suggest a restaurant where breakfast or brunch stands out.,The Original Pierre Maspero's,2
Suggest a restaurant where breakfast or brunch stands out.,Casamento's Restaurant,0
Suggest a restaurant where breakfast or brunch stands out.,Red Fish Grill,0
Suggest a restaurant where breakfast or brunch stands out.,Domenica,1
Suggest a restaurant where breakfast or brunch stands out.,Ole Saint,1
Suggest a restaurant where breakfast or brunch stands out.,Yuki Izakaya,0
Suggest a restaurant where breakfast or brunch stands out.,Morning Call Coffee Stand,3
Suggest a restaurant where breakfast or brunch stands out.,9 Roses Cafe,1
Suggest a restaurant where breakfast or brunch stands out.,New Orleans Famous Beignets And Coffee,3
Suggest a restaurant where breakfast or brunch stands out.,Mandina's Restaurant,0
Suggest a restaurant where breakfast or brunch stands out.,Rue De La Course,2
Suggest a restaurant where breakfast or brunch stands out.,The Italian Barrel,0
Suggest a restaurant where breakfast or brunch stands out.,The Velvet Cactus,2
Suggest a restaurant where breakfast or brunch stands out.,Lebanon's Cafe,1
Suggest a restaurant where breakfast or brunch stands out.,Nirvana Indian Cuisine,0
Suggest a restaurant where breakfast or brunch stands out.,Briquette,0
Suggest a restaurant where breakfast or brunch stands out.,Daisy Dukes Cafe,3
Suggest a restaurant where breakfast or brunch stands out.,Slice Pizzeria,0
Suggest a restaurant where breakfast or brunch stands out.,Joey K's Restaurant & Bar,0
Suggest a restaurant where breakfast or brunch stands out.,Dooky Chase's Restaurant,2
Suggest a restaurant where breakfast or brunch stands out.,Houston's Restaurant,0
Suggest a restaurant where breakfast or brunch stands out.,Little Gem Saloon,3
Suggest a restaurant where breakfast or brunch stands out.,Central Grocery & Deli,0
Suggest a restaurant where breakfast or brunch stands out.,Deja Vu Restaurant & Bar,3
Suggest a restaurant where breakfast or brunch stands out.,Huck Finn's Cafe,2
Suggest a restaurant where breakfast or brunch stands out.,Crescent City Brewhouse,0
Suggest a restaurant where breakfast or brunch stands out.,Antoine's Restaurant,1
Suggest a restaurant where breakfast or brunch stands out.,Piccola Gelateria,2
Suggest a restaurant where breakfast or brunch stands out.,McClure's,2
Suggest a restaurant where breakfast or brunch stands out.,Mojo Coffee House,2
Suggest a restaurant where breakfast or brunch stands out.,The Backyard,1
Suggest a restaurant where breakfast or brunch stands out.,Guy's Po Boys,0
Suggest a restaurant where breakfast or brunch stands out.,Gris-Gris,2
Suggest a restaurant where breakfast or brunch stands out.,Marcello's Restaurant & Wine Bar,0
Suggest a restaurant where breakfast or brunch stands out.,Liuzza's By The Track,0
Suggest a restaurant where breakfast or brunch stands out.,The Blue Crab Restaurant & Oyster Bar,0
Suggest a restaurant where breakfast or brunch stands out.,Bourbon House,1
Suggest a restaurant where breakfast or brunch stands out.,Cafe Maspero,2
Suggest a restaurant where breakfast or brunch stands out.,Chophouse New Orleans,0
Suggest a restaurant where breakfast or brunch stands out.,Hoshun Restaurant,0
Suggest a restaurant where breakfast or brunch stands out.,Cafe Pontalba,2
Suggest a restaurant where breakfast or brunch stands out.,Gene's PO-Boys,2
Suggest a restaurant where breakfast or brunch stands out.,Angeli on Decatur,1
Suggest a restaurant where breakfast or brunch stands out.,Liberty Cheesesteaks,0
Suggest a restaurant where breakfast or brunch stands out.,Venezia Restaurant,0
Suggest a restaurant where breakfast or brunch stands out.,Felix's Restaurant & Oyster Bar,0
Suggest a restaurant where breakfast or brunch stands out.,The Original French Market Restaurant and Bar,2
Suggest a restaurant where breakfast or brunch stands out.,Domilise Po-Boys & Bar,0
Suggest a restaurant where breakfast or brunch stands out.,Grand Isle,0
Suggest a restaurant where breakfast or brunch stands out.,Tru Burger,0
Suggest a restaurant where breakfast or brunch stands out.,Coterie Restaurant & Oyster Bar,3
Suggest a restaurant where breakfast or brunch stands out.,Dickie Brennan's Steakhouse,0
Suggest a restaurant where breakfast or brunch stands out.,The Munch Factory,1
Suggest a restaurant where breakfast or brunch stands out.,The Rum House,0
Suggest a restaurant where breakfast or brunch stands out.,Tableau,3
Suggest a restaurant where breakfast or brunch stands out.,Cafe Sbisa,3
Suggest a restaurant where breakfast or brunch stands out.,Pascal's Manale,0
Suggest a restaurant where breakfast or brunch stands out.,Gus's World Famous Fried Chicken,0
Suggest a restaurant where breakfast or brunch stands out.,Fharmacy Nola,1
Suggest a restaurant where breakfast or brunch stands out.,Gordon Biersch Brewery Restaurant,0
Suggest a restaurant where breakfast or brunch stands out.,Cooter Brown's,2
Suggest a restaurant where breakfast or brunch stands out.,Boswell's Jamaican Grill,0
Suggest a restaurant where breakfast or brunch stands out.,Five Happiness Chinese Restaurant,0
Suggest a restaurant where breakfast or brunch stands out.,Del Fuego,0
Suggest a restaurant where breakfast or brunch stands out.,Galliano Restaurant,0
Suggest a restaurant where breakfast or brunch stands out.,Shawarma on the Go,0
Suggest a restaurant where breakfast or brunch stands out.,Franks Restaurant,0
Suggest a restaurant where breakfast or brunch stands out.,Ernst Cafe,0
Suggest a restaurant where breakfast or brunch stands out.,Oceana Grill,3
Suggest a restaurant where breakfast or brunch stands out.,Lucy's Retired Surfers Bar & Restaurant,2
Suggest a restaurant where breakfast or brunch stands out.,Royal House,2
Suggest a restaurant where breakfast or brunch stands out.,Angelo Brocato,0
Suggest a restaurant where breakfast or brunch stands out.,CellarDoor,2
Suggest a restaurant where breakfast or brunch stands out.,The Joint,0
Suggest a restaurant where breakfast or brunch stands out.,La Boca,0
Suggest a restaurant where breakfast or brunch stands out.,Mikimoto,0
Suggest a restaurant where breakfast or brunch stands out.,Copeland's Cheesecake Bistro,1
Suggest a restaurant where breakfast or brunch stands out.,Central City BBQ,0
Suggest a restaurant where breakfast or brunch stands out.,Flamingo A-Go-Go,2
Suggest a restaurant where breakfast or brunch stands out.,Chartres House,1
Suggest a restaurant where breakfast or brunch stands out.,Taqueria Corona,1
Suggest a restaurant where breakfast or brunch stands out.,J's Seafood Dock,0
Suggest a restaurant where breakfast or brunch stands out.,Felipe's Mexican Taqueria - French Quarter,0
Suggest a restaurant where breakfast or brunch stands out.,Evangeline,3
Suggest a restaurant where breakfast or brunch stands out.,La Casita,1
Suggest a restaurant where breakfast or brunch stands out.,Bevi Seafood,0
Suggest a restaurant where breakfast or brunch stands out.,Mr Ed's Oyster Bar - Bienville,0
Suggest a restaurant where breakfast or brunch stands out.,Cleo's,0
Suggest a restaurant where breakfast or brunch stands out.,Morrow's,3
Suggest a restaurant where breakfast or brunch stands out.,Frankie & Johnny's,0
Suggest a restaurant where breakfast or brunch stands out.,NOLA Poboys,0
Suggest a restaurant where breakfast or brunch stands out.,The Tasting Room,1
Suggest a restaurant where breakfast or brunch stands out.,Voodoo BBQ & Grill,0
Suggest a restaurant where breakfast or brunch stands out.,Ruth's Chris Steak House,0
Suggest a restaurant where breakfast or brunch stands out.,Tracey's Original Irish Channel Bar,0
Suggest a restaurant where breakfast or brunch stands out.,Remoulade,1
Suggest a restaurant where breakfast or brunch stands out.,Yo Mama's Bar & Grill,0
Suggest a restaurant where breakfast or brunch stands out.,Cajun Seafood,0
Suggest a restaurant where breakfast or brunch stands out.,The Marigny Brasserie,2
Suggest a restaurant where breakfast or brunch stands out.,Sweet Soulfood,2
Suggest a restaurant where breakfast or brunch stands out.,Drago's Seafood Restaurant,0
Suggest a restaurant where breakfast or brunch stands out.,Down The Hatch,2
Suggest a restaurant where breakfast or brunch stands out.,Krystal,1
Suggest a restaurant where breakfast or brunch stands out.,Chiba,1
Suggest a restaurant where breakfast or brunch stands out.,Felipe's Mexican Taqueria - Uptown,1
Suggest a restaurant where breakfast or brunch stands out.,Neyow's Creole Cafe,0
Suggest a restaurant where breakfast or brunch stands out.,New Orleans Creole Cookery,1
Suggest a restaurant where breakfast or brunch stands out.,World Famous N'awlins Cafe & Spice Emporium,1
Suggest a restaurant where breakfast or brunch stands out.,Louisiana Pizza Kitchen,0
Suggest a restaurant where breakfast or brunch stands out.,The Market Cafe,2
Suggest a restaurant where breakfast or brunch stands out.,Pizza Domenica,2
Suggest a restaurant where breakfast or brunch stands out.,Mulate's,0
Suggest a restaurant where breakfast or brunch stands out.,Napoleon House,0
Suggest a restaurant where breakfast or brunch stands out.,Creole House Restaurant & Oyster Bar,3
Suggest a restaurant where breakfast or brunch stands out.,Coop's Place,2
Suggest a restaurant where breakfast or brunch stands out.,Desi Vega's Steakhouse,0
Suggest a restaurant where breakfast or brunch stands out.,Orleans Grapevine Wine Bar & Bistro,0
Suggest a restaurant where breakfast or brunch stands out.,Heard Dat Kitchen,0
Suggest a restaurant where breakfast or brunch stands out.,Gumbo POT,1
Suggest a restaurant where breakfast or brunch stands out.,IHOP,3
Suggest a restaurant where breakfast or brunch stands out.,Mimi's In The Marigny,2
Suggest a restaurant where breakfast or brunch stands out.,Ancora,0
Suggest a restaurant where breakfast or brunch stands out.,Bayou Hot Wings,0
Suggest a restaurant where breakfast or brunch stands out.,Diamond Street Bar & Grill,0
Suggest a restaurant where breakfast or brunch stands out.,Ugly Dog Saloon & BBQ,1
Suggest a restaurant where breakfast or brunch stands out.,Daisy Dukes Express,2
Suggest a restaurant where breakfast or brunch stands out.,Midway Pizza,0
Suggest a restaurant where breakfast or brunch stands out.,Blaze Pizza,0
Suggest a restaurant where breakfast or brunch stands out.,Seither's Seafood,0
Suggest a restaurant where breakfast or brunch stands out.,Fogo de Chão Brazilian Steakhouse,0
Suggest a restaurant where breakfast or brunch stands out.,Olde Nola Cookery,1
Suggest a restaurant where breakfast or brunch stands out.,Seaworthy,0
Suggest a restaurant where breakfast or brunch stands out.,Manning's Sports Bar and Grill,0
Suggest a restaurant where breakfast or brunch stands out.,Estrella Steak & Lobster,0
Suggest a restaurant where breakfast or brunch stands out.,Nacho Mama's Mexican Grill,0
Suggest a restaurant where breakfast or brunch stands out.,Araña Taqueria y Cantina,2
Suggest a restaurant where breakfast or brunch stands out.,Amici,1
Suggest a restaurant where breakfast or brunch stands out.,Superior Grill,2
Suggest a restaurant where breakfast or brunch stands out.,Walk-On's Sports Bistreaux - New Orleans,0
Suggest a restaurant where breakfast or brunch stands out.,Sake Cafe Uptown,0
Suggest a restaurant where breakfast or brunch stands out.,New Orleans School of Cooking,3
Suggest a restaurant where breakfast or brunch stands out.,Doris Metropolitan,0
Suggest a restaurant where breakfast or brunch stands out.,Little Tokyo Small Plates & Noodle Bar,0
Suggest a restaurant where breakfast or brunch stands out.,Le Bayou Restaurant,1
Suggest a restaurant where breakfast or brunch stands out.,Parasol's,0
Suggest a restaurant where breakfast or brunch stands out.,The Halal Guys,0
Suggest a restaurant where breakfast or brunch stands out.,Mahony's Po-Boys & Seafood,0
Suggest a restaurant where breakfast or brunch stands out.,Revelator Coffee New Orleans,2
Suggest a restaurant where breakfast or brunch stands out.,Melba's,2
Suggest a restaurant where breakfast or brunch stands out.,Café Du Monde,3
Suggest a restaurant where breakfast or brunch stands out.,Casa Borrega,1
Suggest a restaurant where breakfast or brunch stands out.,The Crazy Lobster Bar & Grill,0
Suggest a restaurant where breakfast or brunch stands out.,Gazebo Cafe,1
Suggest a restaurant where breakfast or brunch stands out.,Le Pavillon Hotel,2
Suggest a restaurant where breakfast or brunch stands out.,Acme Oyster House - Harrahs,0
Suggest a restaurant where breakfast or brunch stands out.,Gumbo Ya-Ya,1
Suggest a restaurant where breakfast or brunch stands out.,Gallier Restaurant & Oyster Bar,3
Suggest a restaurant where breakfast or brunch stands out.,Backspace Bar & Kitchen,2
Suggest a restaurant where breakfast or brunch stands out.,Clesi's Restaurant & Catering,0
Suggest a restaurant where breakfast or brunch stands out.,The Avenue Pub,1
Suggest a restaurant where breakfast or brunch stands out.,Acme Oyster House,0
Suggest a restaurant where breakfast or brunch stands out.,Cuñada,2
Suggest a restaurant where breakfast or brunch stands out.,Buffa's Bar & Restaurant,3
Suggest a restaurant where breakfast or brunch stands out.,Tacos And Beer,0
Suggest a restaurant where breakfast or brunch stands out.,Ninja Restaurant,0
Suggest a restaurant where breakfast or brunch stands out.,Port Of Call,0
Suggest a restaurant where breakfast or brunch stands out.,Cajun Mike's Pub & Grub,0
Suggest a restaurant where breakfast or brunch stands out.,Mona Lisa Restaurant,1
Suggest a restaurant where breakfast or brunch stands out.,G's Pizza,0
Suggest a restaurant where breakfast or brunch stands out.,Victory,0
Suggest a restaurant where breakfast or brunch stands out.,Beachbum Berry's Latitude 29,1
Suggest a restaurant where breakfast or brunch stands out.,Cornet,1
Suggest a restaurant where breakfast or brunch stands out.,Bubba Gump Shrimp Co.,0
Suggest a restaurant where breakfast or brunch stands out.,Corner Oyster House,0
Suggest a restaurant where breakfast or brunch stands out.,Reginelli's Pizzeria,0
Suggest a restaurant where breakfast or brunch stands out.,Felipe's Mexican Taqueria - Mid City,0
Suggest a restaurant where breakfast or brunch stands out.,Tsunami Sushi,0
Suggest a restaurant where breakfast or brunch stands out.,Nonna Mia Cafe & Pizzeria,0
Suggest a restaurant where breakfast or brunch stands out.,Mr. Ed's Oyster Bar - St Charles Ave,0
Suggest a restaurant where breakfast or brunch stands out.,Sushi Brothers,0
Suggest a restaurant where breakfast or brunch stands out.,Pizza Delicious,0
Suggest a restaurant where breakfast or brunch stands out.,Bayou Burger & Sports Company,0
Suggest a restaurant where breakfast or brunch stands out.,The Blind Pelican,0
Suggest a restaurant where breakfast or brunch stands out.,Snug Harbor Jazz Bistro,0
Suggest a restaurant where breakfast or brunch stands out.,BOIL Seafood House,0
Suggest a restaurant where breakfast or brunch stands out.,Asuka Sushi & Hibachi,0
Suggest a restaurant where breakfast or brunch stands out.,Copper Monkey Grill,2
Suggest a restaurant where breakfast or brunch stands out.,Hard Rock Cafe,0
Suggest a restaurant where breakfast or brunch stands out.,Arnaud's French 75 Bar,2
Suggest a restaurant where breakfast or brunch stands out.,Attiki Bar and Grill,0
Suggest a restaurant where breakfast or brunch stands out.,Pier 424 Seafood Market,0
Suggest a restaurant where breakfast or brunch stands out.,Origami,0
Suggest a restaurant where breakfast or brunch stands out.,Dolce Vita Pizzeria,0
Suggest a restaurant where breakfast or brunch stands out.,The Jimani,1
Suggest a restaurant where breakfast or brunch stands out.,House of Blues New Orleans,2
Suggest a restaurant where breakfast or brunch stands out.,The Original Italian Pie,0
Suggest a restaurant where breakfast or brunch stands out.,Mambo's,2
Suggest a restaurant where breakfast or brunch stands out.,Turtle Bay,2
Suggest a restaurant where breakfast or brunch stands out.,Windsor Court Hotel,2
Suggest a restaurant where breakfast or brunch stands out.,Geisha Sushi Bistro,0
Suggest a restaurant where breakfast or brunch stands out.,Rock-n-Saké Bar & Sushi,0
Suggest a restaurant where breakfast or brunch stands out.,WINO  Wine Institute of New Orleans,0
Suggest a restaurant where breakfast or brunch stands out.,Wood Pizza Bistro and Taphouse,0
Suggest a restaurant where breakfast or brunch stands out.,Mid City Pizza,0
Suggest a restaurant where breakfast or brunch stands out.,Magazine Pizza,0
Suggest a restaurant where breakfast or brunch stands out.,Hilton New Orleans Riverside,2
Suggest a restaurant where breakfast or brunch stands out.,Saints And Sinners,2
Suggest a restaurant where breakfast or brunch stands out.,"The Ritz-Carlton, New Orleans",3
Suggest a restaurant where breakfast or brunch stands out.,We Dat's Chicken and Shrimp,0
Suggest a restaurant where breakfast or brunch stands out.,Crescent City Pizza Works,0
Suggest a restaurant where breakfast or brunch stands out.,Cure,0
Suggest a restaurant where breakfast or brunch stands out.,Steamboat Natchez,1
Suggest a restaurant where breakfast or brunch stands out.,The Howlin' Wolf,1
Suggest a restaurant where breakfast or brunch stands out.,Three Legged Dog,0
Suggest a restaurant where breakfast or brunch stands out.,The Old No 77 Hotel and Chandlery,2
Suggest a restaurant where breakfast or brunch stands out.,W New Orleans - French Quarter,2
Suggest a restaurant where breakfast or brunch stands out.,New Orleans Marriott,2
Suggest a restaurant where breakfast or brunch stands out.,Sheraton New Orleans Hotel,1
Suggest a restaurant where breakfast or brunch stands out.,Vieux Carre Pizza,0
Suggest a restaurant where breakfast or brunch stands out.,Sazerac Bar,1
Suggest a restaurant where breakfast or brunch stands out.,The Maison,3
Suggest a restaurant where breakfast or brunch stands out.,Barcadia,0
Suggest a restaurant where breakfast or brunch stands out.,Pat O'Brien's Courtyard Restaurant,1
Suggest a restaurant where breakfast or brunch stands out.,The Bulldog,0
Suggest a restaurant where breakfast or brunch stands out.,BB King's Blues Club,0
Suggest a restaurant where breakfast or brunch stands out.,Royal Sonesta New Orleans,3
Suggest a restaurant where breakfast or brunch stands out.,Pirates Alley Cafe,0
Suggest a restaurant where breakfast or brunch stands out.,The American Sports Saloon,1
Suggest a restaurant where breakfast or brunch stands out.,Old Absinthe House,0
Suggest a restaurant where breakfast or brunch stands out.,Bamboula's,1
Suggest a restaurant where breakfast or brunch stands out.,Cafe Negril,0
Suggest a restaurant where breakfast or brunch stands out.,30_90 NOLA,1
Suggest a restaurant where breakfast or brunch stands out.,Tiki Tolteca,0
Suggest a restaurant where breakfast or brunch stands out.,Pat O'Brien’s,0
Suggest a restaurant where breakfast or brunch stands out.,Hotel New Orleans Downtown,2
Suggest a restaurant where breakfast or brunch stands out.,The Rusty Nail,0
Suggest a restaurant where breakfast or brunch stands out.,The Jazz Playhouse,0
Suggest a restaurant where breakfast or brunch stands out.,Dave & Buster's,0
Suggest a restaurant where breakfast or brunch stands out.,Hot Tin,0
Suggest a restaurant where breakfast or brunch stands out.,Fritzel's European Jazz Pub,0
Suggest a restaurant where breakfast or brunch stands out.,Paddlewheeler Creole Queen,1
Suggest a restaurant where breakfast or brunch stands out.,French Quarter Phantoms,0
Where can I find dining experiences that work in any weather?,Green Goddess,2
Where can I find dining experiences that work in any weather?,The Rusty Nail,3
Where can I find dining experiences that work in any weather?,Café Amelie,3
Where can I find dining experiences that work in any weather?,The Bulldog,3
Where can I find dining experiences that work in any weather?,Columns,3
Where can I find dining experiences that work in any weather?,Hot Tin,3
Where can I find dining experiences that work in any weather?,Dat Dog,3
Where can I find dining experiences that work in any weather?,The Court of Two Sisters,3
Where can I find dining experiences that work in any weather?,Flamingo A-Go-Go,3
Where can I find dining experiences that work in any weather?,Le Pavillon Hotel,2
Where can I find dining experiences that work in any weather?,Santa Fe,3
Where can I find dining experiences that work in any weather?,Wood Pizza Bistro and Taphouse,3
Where can I find dining experiences that work in any weather?,Cafe Degas,2
Where can I find dining experiences that work in any weather?,Stella!,2
Where can I find dining experiences that work in any weather?,The Country Club,3
Where can I find dining experiences that work in any weather?,Satsuma Café,3
Where can I find dining experiences that work in any weather?,Landry's Seafood House,3
Where can I find dining experiences that work in any weather?,The Joint,3
Where can I find dining experiences that work in any weather?,Ralph's on the Park,2
Where can I find dining experiences that work in any weather?,Copper Vine,3
Where can I find dining experiences that work in any weather?,Dante's Kitchen,2
Where can I find dining experiences that work in any weather?,The Tasting Room,3
Where can I find dining experiences that work in any weather?,The Backyard,2
Where can I find dining experiences that work in any weather?,Lilette,2
Where can I find dining experiences that work in any weather?,W New Orleans - French Quarter,2
Where can I find dining experiences that work in any weather?,CellarDoor,3
Where can I find dining experiences that work in any weather?,Windsor Court Hotel,2
Where can I find dining experiences that work in any weather?,Another Broken Egg Cafe,3
Where can I find dining experiences that work in any weather?,Sylvain,3
Where can I find dining experiences that work in any weather?,Brigtsen's Restaurant,2
Where can I find dining experiences that work in any weather?,Dick & Jenny's,2
Where can I find dining experiences that work in any weather?,The Delachaise,2
Where can I find dining experiences that work in any weather?,Warehouse Grille,3
Where can I find dining experiences that work in any weather?,Salú Bistro and Bar,2
Where can I find dining experiences that work in any weather?,Auction House Market,3
Where can I find dining experiences that work in any weather?,"The Ritz-Carlton, New Orleans",3
Where can I find dining experiences that work in any weather?,Mona's Cafe,3
Where can I find dining experiences that work in any weather?,Bayona,3
Where can I find dining experiences that work in any weather?,Patois Restaurant,2
Where can I find dining experiences that work in any weather?,Commander's Palace,2
Where can I find dining experiences that work in any weather?,Cure,2
Where can I find dining experiences that work in any weather?,The Avenue Pub,2
Where can I find dining experiences that work in any weather?,Muriel's Jackson Square,3
Where can I find dining experiences that work in any weather?,Hotel New Orleans Downtown,2
Where can I find dining experiences that work in any weather?,Meauxbar,2
Where can I find dining experiences that work in any weather?,The Velvet Cactus,3
Where can I find dining experiences that work in any weather?,Blue Oak BBQ,2
Where can I find dining experiences that work in any weather?,Central City BBQ,2
Where can I find dining experiences that work in any weather?,Ugly Dog Saloon & BBQ,3
Where can I find dining experiences that work in any weather?,Tableau,3
Where can I find dining experiences that work in any weather?,The American Sector,3
Where can I find dining experiences that work in any weather?,Cowbell,2
Where can I find dining experiences that work in any weather?,Royal Sonesta New Orleans,3
Where can I find dining experiences that work in any weather?,The Blue Crab Restaurant & Oyster Bar,3
Where can I find dining experiences that work in any weather?,Toast,2
Where can I find dining experiences that work in any weather?,Cafe Beignet on Bourbon Street,3
Where can I find dining experiences that work in any weather?,Who Dat Coffee Cafe,3
Where can I find dining experiences that work in any weather?,La Petite Grocery,2
Where can I find dining experiences that work in any weather?,Gazebo Cafe,3
Where can I find dining experiences that work in any weather?,N 7,3
Where can I find dining experiences that work in any weather?,New Orleans Marriott,2
Where can I find dining experiences that work in any weather?,Pat O'Brien’s,3
Where can I find dining experiences that work in any weather?,Bearcat CBD,3
Where can I find dining experiences that work in any weather?,Restaurant August,3
Where can I find dining experiences that work in any weather?,McClure's,2
Where can I find dining experiences that work in any weather?,The Bombay Club,3
Where can I find dining experiences that work in any weather?,Cooter Brown's,2
Where can I find dining experiences that work in any weather?,Shaya,3
Where can I find dining experiences that work in any weather?,Boucherie,3
Where can I find dining experiences that work in any weather?,The Howlin' Wolf,2
Where can I find dining experiences that work in any weather?,Paladar 511,3
Where can I find dining experiences that work in any weather?,Down The Hatch,2
Where can I find dining experiences that work in any weather?,Galatoire's Restaurant,3
Where can I find dining experiences that work in any weather?,La Crepe Nanou,3
Where can I find dining experiences that work in any weather?,Restaurant R'evolution,3
Where can I find dining experiences that work in any weather?,Angeline,3
Where can I find dining experiences that work in any weather?,Cane and Table,2
Where can I find dining experiences that work in any weather?,GG's Dine-O-Rama,3
Where can I find dining experiences that work in any weather?,Coquette,2
Where can I find dining experiences that work in any weather?,Morning Call Coffee Stand,2
Where can I find dining experiences that work in any weather?,Gris-Gris,3
Where can I find dining experiences that work in any weather?,Vessel NOLA,2
Where can I find dining experiences that work in any weather?,Mizado Latin Kitchen,3
Where can I find dining experiences that work in any weather?,Sheraton New Orleans Hotel,2
Where can I find dining experiences that work in any weather?,Crescent City Brewhouse,2
Where can I find dining experiences that work in any weather?,Herbsaint,2
Where can I find dining experiences that work in any weather?,Charcoal's Gourmet Burger Bar,2
Where can I find dining experiences that work in any weather?,Apolline Restaurant,2
Where can I find dining experiences that work in any weather?,Manning's Sports Bar and Grill,3
Where can I find dining experiences that work in any weather?,Jack Rose,3
Where can I find dining experiences that work in any weather?,Louisiana Bistro,3
Where can I find dining experiences that work in any weather?,Ruby Slipper Cafe,2
Where can I find dining experiences that work in any weather?,Arnaud's Restaurant,3
Where can I find dining experiences that work in any weather?,Victory,2
Where can I find dining experiences that work in any weather?,Cafe Abyssinia,2
Where can I find dining experiences that work in any weather?,Cafe Beignet on Royal Street,2
Where can I find dining experiences that work in any weather?,The Pelican Club,2
Where can I find dining experiences that work in any weather?,Bayou Hot Wings,2
Where can I find dining experiences that work in any weather?,Kin,2
Where can I find dining experiences that work in any weather?,Baru Bistro & Tapas,3
Where can I find dining experiences that work in any weather?,Clancy's Restaurant,3
Where can I find dining experiences that work in any weather?,Squeal,2
Where can I find dining experiences that work in any weather?,Atchafalaya Restaurant,3
Where can I find dining experiences that work in any weather?,Nonna Mia Cafe & Pizzeria,3
Where can I find dining experiences that work in any weather?,Orleans Grapevine Wine Bar & Bistro,3
Where can I find dining experiences that work in any weather?,Jacques-Imo's Cafe,2
Where can I find dining experiences that work in any weather?,Root,1
Where can I find dining experiences that work in any weather?,Irene's,3
Where can I find dining experiences that work in any weather?,SoBou,3
Where can I find dining experiences that work in any weather?,The Camellia Grill,2
Where can I find dining experiences that work in any weather?,The Gallery Venue at Tomas Bistro,2
Where can I find dining experiences that work in any weather?,Ernst Cafe,2
Where can I find dining experiences that work in any weather?,Mopho,2
Where can I find dining experiences that work in any weather?,Saba,3
Where can I find dining experiences that work in any weather?,The Vintage,3
Where can I find dining experiences that work in any weather?,Heard Dat Kitchen,2
Where can I find dining experiences that work in any weather?,The Old No 77 Hotel and Chandlery,3
Where can I find dining experiences that work in any weather?,The Grill,3
Where can I find dining experiences that work in any weather?,SukhoThai,2
Where can I find dining experiences that work in any weather?,Emeril's Delmonico,2
Where can I find dining experiences that work in any weather?,Wayfare,3
Where can I find dining experiences that work in any weather?,Nirvana Indian Cuisine,2
Where can I find dining experiences that work in any weather?,New Orleans Hamburger & Seafood Co,2
Where can I find dining experiences that work in any weather?,Hilton New Orleans Riverside,2
Where can I find dining experiences that work in any weather?,Eat New Orleans,2
Where can I find dining experiences that work in any weather?,Mimi's In The Marigny,3
Where can I find dining experiences that work in any weather?,Beachbum Berry's Latitude 29,3
Where can I find dining experiences that work in any weather?,Backatown Coffee Parlour,3
Where can I find dining experiences that work in any weather?,Cafe Sbisa,3
Where can I find dining experiences that work in any weather?,Gyu-Kaku Japanese BBQ,3
Where can I find dining experiences that work in any weather?,Embassy Suites by Hilton New Orleans,2
Where can I find dining experiences that work in any weather?,Napoleon House,3
Where can I find dining experiences that work in any weather?,Tujague's Restaurant,3
Where can I find dining experiences that work in any weather?,Rib Room,3
Where can I find dining experiences that work in any weather?,Sake Cafe Uptown,2
Where can I find dining experiences that work in any weather?,Palace Café,2
Where can I find dining experiences that work in any weather?,Slice Pizzeria,3
Where can I find dining experiences that work in any weather?,Magasin Vietnamese Cafe,3
Where can I find dining experiences that work in any weather?,K-Paul's Louisiana Kitchen,2
Where can I find dining experiences that work in any weather?,Booty's Street Food,2
Where can I find dining experiences that work in any weather?,Surrey's Uptown,3
Where can I find dining experiences that work in any weather?,Lebanon's Cafe,2
Where can I find dining experiences that work in any weather?,Chartres House,3
Where can I find dining experiences that work in any weather?,Cornet,2
Where can I find dining experiences that work in any weather?,The Marigny Brasserie,2
Where can I find dining experiences that work in any weather?,Del Fuego,3
Where can I find dining experiences that work in any weather?,Galatoire's 33 Bar & Steak,2
Where can I find dining experiences that work in any weather?,Bearcat Cafe,3
Where can I find dining experiences that work in any weather?,Walk-On's Sports Bistreaux - New Orleans,2
Where can I find dining experiences that work in any weather?,Upperline,3
Where can I find dining experiences that work in any weather?,Rue De La Course,3
Where can I find dining experiences that work in any weather?,Lola's,2
Where can I find dining experiences that work in any weather?,Bakery Bar,3
Where can I find dining experiences that work in any weather?,Pat O'Brien's Courtyard Restaurant,3
Where can I find dining experiences that work in any weather?,Angeli on Decatur,2
Where can I find dining experiences that work in any weather?,The Maison,3
Where can I find dining experiences that work in any weather?,Borgne,2
Where can I find dining experiences that work in any weather?,The Italian Barrel,2
Where can I find dining experiences that work in any weather?,Lula Restaurant Distillery,2
Where can I find dining experiences that work in any weather?,Criollo Restaurant,2
Where can I find dining experiences that work in any weather?,Cochon,2
Where can I find dining experiences that work in any weather?,Namese,3
Where can I find dining experiences that work in any weather?,Turtle Bay,3
Where can I find dining experiences that work in any weather?,St Roch Market,3
Where can I find dining experiences that work in any weather?,Restaurant Rebirth,2
Where can I find dining experiences that work in any weather?,Mr. B's Bistro,2
Where can I find dining experiences that work in any weather?,Red Dog Diner,3
Where can I find dining experiences that work in any weather?,Vincent's Italian Cuisine,3
Where can I find dining experiences that work in any weather?,Tommy's Cuisine,2
Where can I find dining experiences that work in any weather?,Capdeville,2
Where can I find dining experiences that work in any weather?,Katie's Restaurant & Bar,3
Where can I find dining experiences that work in any weather?,Evangeline,3
Where can I find dining experiences that work in any weather?,Mr John's Steakhouse,2
Where can I find dining experiences that work in any weather?,Trinity Restaurant New Orleans,3
Where can I find dining experiences that work in any weather?,La Thai Uptown,2
Where can I find dining experiences that work in any weather?,Juan's Flying Burrito,3
Where can I find dining experiences that work in any weather?,Crescent City Steak House,2
Where can I find dining experiences that work in any weather?,Brennan's Restaurant,2
Where can I find dining experiences that work in any weather?,Milk Bar,2
Where can I find dining experiences that work in any weather?,Little Korea BBQ,2
Where can I find dining experiences that work in any weather?,Snug Harbor Jazz Bistro,3
Where can I find dining experiences that work in any weather?,The Steakhouse,1
Where can I find dining experiences that work in any weather?,Cafe Envie & Espresso Bar,3
Where can I find dining experiences that work in any weather?,Josephine Estelle,2
Where can I find dining experiences that work in any weather?,French Truck Coffee,2
Where can I find dining experiences that work in any weather?,Felix's Restaurant & Oyster Bar,2
Where can I find dining experiences that work in any weather?,Antoine's Restaurant,2
Where can I find dining experiences that work in any weather?,Broussard's,2
Where can I find dining experiences that work in any weather?,biscuit & buns on banks,2
Where can I find dining experiences that work in any weather?,Midway Pizza,3
Where can I find dining experiences that work in any weather?,Little Gem Saloon,2
Where can I find dining experiences that work in any weather?,Superior Seafood & Oyster Bar,2
Where can I find dining experiences that work in any weather?,Mid City Pizza,3
Where can I find dining experiences that work in any weather?,Cafe Pontalba,3
Where can I find dining experiences that work in any weather?,Dickie Brennan's Steakhouse,2
Where can I find dining experiences that work in any weather?,Barcadia,2
Where can I find dining experiences that work in any weather?,Annunciation,2
Where can I find dining experiences that work in any weather?,Voodoo BBQ & Grill,2
Where can I find dining experiences that work in any weather?,Mojo Coffee House,2
Where can I find dining experiences that work in any weather?,Brennan's,2
Where can I find dining experiences that work in any weather?,Ye Olde College Inn,2
Where can I find dining experiences that work in any weather?,Sofia,2
Where can I find dining experiences that work in any weather?,El Gato Negro,2
Where can I find dining experiences that work in any weather?,Amici,3
Where can I find dining experiences that work in any weather?,Vacherie,2
Where can I find dining experiences that work in any weather?,Cavan,2
Where can I find dining experiences that work in any weather?,Café Adelaide,2
Where can I find dining experiences that work in any weather?,New Orleans Cake Café & Bakery,3
Where can I find dining experiences that work in any weather?,NOLA Restaurant,2
Where can I find dining experiences that work in any weather?,The Market Cafe,3
Where can I find dining experiences that work in any weather?,Yuki Izakaya,2
Where can I find dining experiences that work in any weather?,Chophouse New Orleans,3
Where can I find dining experiences that work in any weather?,HORN'S EATERY,2
Where can I find dining experiences that work in any weather?,Tiki Tolteca,3
Where can I find dining experiences that work in any weather?,Red Fish Grill,2
Where can I find dining experiences that work in any weather?,Riccobono’s Panola St. Cafe,2
Where can I find dining experiences that work in any weather?,Brown Butter Southern Kitchen & Bar,2
Where can I find dining experiences that work in any weather?,Dooky Chase's Restaurant,3
Where can I find dining experiences that work in any weather?,Russell's Marina Grill,2
Where can I find dining experiences that work in any weather?,Buffa's Bar & Restaurant,2
Where can I find dining experiences that work in any weather?,Curio,2
Where can I find dining experiences that work in any weather?,Jagerhaus,2
Where can I find dining experiences that work in any weather?,1000 Figs,1
Where can I find dining experiences that work in any weather?,Pascal's Manale,3
Where can I find dining experiences that work in any weather?,GW Fins,3
Where can I find dining experiences that work in any weather?,Tito's Ceviche & Pisco,2
Where can I find dining experiences that work in any weather?,Blaze Pizza,2
Where can I find dining experiences that work in any weather?,Café at The Square,3
Where can I find dining experiences that work in any weather?,Briquette,2
Where can I find dining experiences that work in any weather?,Tartine,2
Where can I find dining experiences that work in any weather?,Marcello's Restaurant & Wine Bar,2
Where can I find dining experiences that work in any weather?,Ignatius' Rue de La Course Coffeehouse,2
Where can I find dining experiences that work in any weather?,New Orleans Creole Cookery,3
Where can I find dining experiences that work in any weather?,Tracey's Original Irish Channel Bar,2
Where can I find dining experiences that work in any weather?,The American Sports Saloon,3
Where can I find dining experiences that work in any weather?,Legacy Kitchen's Craft Tavern,3
Where can I find dining experiences that work in any weather?,Emeril's ,2
Where can I find dining experiences that work in any weather?,La Casita,2
Where can I find dining experiences that work in any weather?,The Governor,2
Where can I find dining experiences that work in any weather?,Tout De Suite Cafe,2
Where can I find dining experiences that work in any weather?,Justine,3
Where can I find dining experiences that work in any weather?,Fogo de Chão Brazilian Steakhouse,3
Where can I find dining experiences that work in any weather?,BOIL Seafood House,3
Where can I find dining experiences that work in any weather?,Lucy's Retired Surfers Bar & Restaurant,2
Where can I find dining experiences that work in any weather?,Ruth's Chris Steak House,2
Where can I find dining experiences that work in any weather?,Pizza Domenica,3
Where can I find dining experiences that work in any weather?,Coop's Place,2
Where can I find dining experiences that work in any weather?,Louisiana Pizza Kitchen,2
Where can I find dining experiences that work in any weather?,Compère Lapin,2
Where can I find dining experiences that work in any weather?,Saffron nola,2
Where can I find dining experiences that work in any weather?,Salon by Sucré,3
Where can I find dining experiences that work in any weather?,Cafe Maspero,2
Where can I find dining experiences that work in any weather?,Huck Finn's Cafe,2
Where can I find dining experiences that work in any weather?,Ole Saint,2
Where can I find dining experiences that work in any weather?,Café Du Monde,2
Where can I find dining experiences that work in any weather?,Desi Vega's Steakhouse,3
Where can I find dining experiences that work in any weather?,Casa Borrega,3
Where can I find dining experiences that work in any weather?,Dreamy Weenies,3
Where can I find dining experiences that work in any weather?,Houston's Restaurant,2
Where can I find dining experiences that work in any weather?,Meril,2
Where can I find dining experiences that work in any weather?,High Hat Cafe,3
Where can I find dining experiences that work in any weather?,Three Muses,2
Where can I find dining experiences that work in any weather?,Toups Meatery,2
Where can I find dining experiences that work in any weather?,Rock-n-Saké Bar & Sushi,3
Where can I find dining experiences that work in any weather?,Le Bayou Restaurant,2
Where can I find dining experiences that work in any weather?,Frey Smoked Meat,2
Where can I find dining experiences that work in any weather?,Elizabeth's Restaurant,2
Where can I find dining experiences that work in any weather?,Pêche,3
Where can I find dining experiences that work in any weather?,Bennachin Restaurant,2
Where can I find dining experiences that work in any weather?,Ba Chi Canteen,3
Where can I find dining experiences that work in any weather?,Stein's Market and Deli,2
Where can I find dining experiences that work in any weather?,Kingfish,2
Where can I find dining experiences that work in any weather?,Deanie's Seafood,2
Where can I find dining experiences that work in any weather?,Maypop Restaurant,3
Where can I find dining experiences that work in any weather?,Saint Lawrence,2
Where can I find dining experiences that work in any weather?,House of Blues New Orleans,3
Where can I find dining experiences that work in any weather?,Gumbo Shop,3
Where can I find dining experiences that work in any weather?,Rebellion Bar & Urban Kitchen,2
Where can I find dining experiences that work in any weather?,The Jimani,2
Where can I find dining experiences that work in any weather?,Backspace Bar & Kitchen,2
Where can I find dining experiences that work in any weather?,Nolé,2
Where can I find dining experiences that work in any weather?,13 Monaghan,3
Where can I find dining experiences that work in any weather?,Diamond Street Bar & Grill,2
Where can I find dining experiences that work in any weather?,Grand Isle,2
Where can I find dining experiences that work in any weather?,Gordon Biersch Brewery Restaurant,2
Where can I find dining experiences that work in any weather?,Adolfo's,3
Where can I find dining experiences that work in any weather?,Willa Jean,3
Where can I find dining experiences that work in any weather?,Port Of Call,3
Where can I find dining experiences that work in any weather?,Trenasse,2
Where can I find dining experiences that work in any weather?,Cochon Butcher,3
Where can I find dining experiences that work in any weather?,Hoshun Restaurant,3
Where can I find dining experiences that work in any weather?,Luke,2
Where can I find dining experiences that work in any weather?,DTB,2
Where can I find dining experiences that work in any weather?,The Original French Market Restaurant and Bar,2
Where can I find dining experiences that work in any weather?,Mayas,2
Where can I find dining experiences that work in any weather?,Ancora,2
Where can I find dining experiences that work in any weather?,Domenica,3
Where can I find dining experiences that work in any weather?,Doris Metropolitan,3
Where can I find dining experiences that work in any weather?,Estrella Steak & Lobster,2
Where can I find dining experiences that work in any weather?,Attiki Bar and Grill,3
Where can I find dining experiences that work in any weather?,The Old Coffee Pot Restaurant,2
Where can I find dining experiences that work in any weather?,Slim Goodies Diner,3
Where can I find dining experiences that work in any weather?,Seaworthy,2
Where can I find dining experiences that work in any weather?,WINO  Wine Institute of New Orleans,2
Where can I find dining experiences that work in any weather?,Basin Seafood & Spirits,2
Where can I find dining experiences that work in any weather?,Welty's Deli and Catering,3
Where can I find dining experiences that work in any weather?,Stanley,3
Where can I find dining experiences that work in any weather?,Avenue Cafe,3
Where can I find dining experiences that work in any weather?,Cafe Rose Nicaud,2
Where can I find dining experiences that work in any weather?,Parasol's,2
Where can I find dining experiences that work in any weather?,Frankie & Johnny's,2
Where can I find dining experiences that work in any weather?,The Irish House,2
Where can I find dining experiences that work in any weather?,Mambo's,3
Where can I find dining experiences that work in any weather?,Arnaud's French 75 Bar,2
Where can I find dining experiences that work in any weather?,Saint Cecilia,2
Where can I find dining experiences that work in any weather?,Yo Mama's Bar & Grill,2
Where can I find dining experiences that work in any weather?,St Charles Tavern,3
Where can I find dining experiences that work in any weather?,Li'l Dizzy's Cafe,3
Where can I find dining experiences that work in any weather?,Liuzza's By The Track,3
Where can I find dining experiences that work in any weather?,The Original Pierre Maspero's,2
Where can I find dining experiences that work in any weather?,Avery's On Tulane,2
Where can I find dining experiences that work in any weather?,Bubba Gump Shrimp Co.,2
Where can I find dining experiences that work in any weather?,Bamboula's,2
Where can I find dining experiences that work in any weather?,The Jazz Playhouse,3
Where can I find dining experiences that work in any weather?,Bourbon House,2
Where can I find dining experiences that work in any weather?,Coulis,2
Where can I find dining experiences that work in any weather?,Little Tokyo Small Plates & Noodle Bar,2
Where can I find dining experiences that work in any weather?,Superior Grill,2
Where can I find dining experiences that work in any weather?,The Blind Pelican,2
Where can I find dining experiences that work in any weather?,Royal House,2
Where can I find dining experiences that work in any weather?,Cajun Seafood,3
Where can I find dining experiences that work in any weather?,Joey K's Restaurant & Bar,3
Where can I find dining experiences that work in any weather?,Bon Ton Cafe,3
Where can I find dining experiences that work in any weather?,New Orleans Famous Beignets And Coffee,3
Where can I find dining experiences that work in any weather?,Boswell's Jamaican Grill,3
Where can I find dining experiences that work in any weather?,La Boca,3
Where can I find dining experiences that work in any weather?,Noodle & Pie,2
Where can I find dining experiences that work in any weather?,Maïs Arepas,2
Where can I find dining experiences that work in any weather?,Sneaky Pickle,2
Where can I find dining experiences that work in any weather?,Deja Vu Restaurant & Bar,2
Where can I find dining experiences that work in any weather?,Pirates Alley Cafe,2
Where can I find dining experiences that work in any weather?,Crabby Jack's,2
Where can I find dining experiences that work in any weather?,Hard Rock Cafe,2
Where can I find dining experiences that work in any weather?,Mandina's Restaurant,2
Where can I find dining experiences that work in any weather?,Carmo,2
Where can I find dining experiences that work in any weather?,Sushi Brothers,2
Where can I find dining experiences that work in any weather?,The Crazy Lobster Bar & Grill,2
Where can I find dining experiences that work in any weather?,Please-U-Restaurant,2
Where can I find dining experiences that work in any weather?,Cafe Beignet on Decatur Street,2
Where can I find dining experiences that work in any weather?,Chiba,3
Where can I find dining experiences that work in any weather?,Killer Poboys,2
Where can I find dining experiences that work in any weather?,P & G Restaurant & Bar,2
Where can I find dining experiences that work in any weather?,Union Kitchen & Union Party Room,2
Where can I find dining experiences that work in any weather?,Verti Marte,3
Where can I find dining experiences that work in any weather?,Copeland's Cheesecake Bistro,2
Where can I find dining experiences that work in any weather?,Sazerac Bar,3
Where can I find dining experiences that work in any weather?,Coterie Restaurant & Oyster Bar,3
Where can I find dining experiences that work in any weather?,Tsunami Sushi,2
Where can I find dining experiences that work in any weather?,Desire Oyster Bar,3
Where can I find dining experiences that work in any weather?,Jimmy J's Cafe,2
Where can I find dining experiences that work in any weather?,Pere Antoine Restaurant,2
Where can I find dining experiences that work in any weather?,Oceana Grill,2
Where can I find dining experiences that work in any weather?,Kebab,3
Where can I find dining experiences that work in any weather?,Cleo's,3
Where can I find dining experiences that work in any weather?,Refuel Cafe,3
Where can I find dining experiences that work in any weather?,Fullblast Brunch,2
Where can I find dining experiences that work in any weather?,Mint Modern Vietnamese Bistro & Bar,2
Where can I find dining experiences that work in any weather?,Lilly's Cafe,2
Where can I find dining experiences that work in any weather?,Nomiya,3
Where can I find dining experiences that work in any weather?,Mona Lisa Restaurant,2
Where can I find dining experiences that work in any weather?,Fritzel's European Jazz Pub,3
Where can I find dining experiences that work in any weather?,Cajun Mike's Pub & Grub,2
Where can I find dining experiences that work in any weather?,Majoria's Commerce Restaurant,3
Where can I find dining experiences that work in any weather?,30_90 NOLA,2
Where can I find dining experiences that work in any weather?,Fiorella's Cafe,2
Where can I find dining experiences that work in any weather?,The Rum House,3
Where can I find dining experiences that work in any weather?,Steamboat Natchez,3
Where can I find dining experiences that work in any weather?,Mikimoto,3
Where can I find dining experiences that work in any weather?,9 Roses Cafe,3
Where can I find dining experiences that work in any weather?,Hobnobber's Variety Bar & Restaurant,3
Where can I find dining experiences that work in any weather?,Red's Chinese,3
Where can I find dining experiences that work in any weather?,Saints And Sinners,2
Where can I find dining experiences that work in any weather?,Remoulade,2
Where can I find dining experiences that work in any weather?,Turkey and the Wolf,2
Where can I find dining experiences that work in any weather?,The Praline Connection,2
Where can I find dining experiences that work in any weather?,Red Gravy,1
Where can I find dining experiences that work in any weather?,Parkway Bakery & Tavern,2
Where can I find dining experiences that work in any weather?,The Company Burger,2
Where can I find dining experiences that work in any weather?,Pizza Delicious,2
Where can I find dining experiences that work in any weather?,Clesi's Restaurant & Catering,3
Where can I find dining experiences that work in any weather?,Bayou Burger & Sports Company,2
Where can I find dining experiences that work in any weather?,G's Pizza,2
Where can I find dining experiences that work in any weather?,The Halal Guys,2
Where can I find dining experiences that work in any weather?,Bevi Seafood,2
Where can I find dining experiences that work in any weather?,Breads on Oak Cafe & Bakery,3
Where can I find dining experiences that work in any weather?,Mulate's,2
Where can I find dining experiences that work in any weather?,The Munch Factory,3
Where can I find dining experiences that work in any weather?,Asuka Sushi & Hibachi,2
Where can I find dining experiences that work in any weather?,Gumbo POT,2
Where can I find dining experiences that work in any weather?,Ninja Restaurant,2
Where can I find dining experiences that work in any weather?,Pho Bistreaux,3
Where can I find dining experiences that work in any weather?,Surrey's Café & Juice Bar,2
Where can I find dining experiences that work in any weather?,Arabella Casa Di Pasta,2
Where can I find dining experiences that work in any weather?,HiVolt Coffee,2
Where can I find dining experiences that work in any weather?,Casamento's Restaurant,3
Where can I find dining experiences that work in any weather?,801 Royal,3
Where can I find dining experiences that work in any weather?,Felipe's Mexican Taqueria - Uptown,2
Where can I find dining experiences that work in any weather?,Morrow's,1
Where can I find dining experiences that work in any weather?,Willie's Chicken Shack,2
Where can I find dining experiences that work in any weather?,Revelator Coffee New Orleans,3
Where can I find dining experiences that work in any weather?,Seither's Seafood,2
Where can I find dining experiences that work in any weather?,Five Happiness Chinese Restaurant,2
Where can I find dining experiences that work in any weather?,The Trolley Stop Cafe,2
Where can I find dining experiences that work in any weather?,Belle's Diner Nola,3
Where can I find dining experiences that work in any weather?,Olde Nola Cookery,3
Where can I find dining experiences that work in any weather?,Wakin' Bakin',2
Where can I find dining experiences that work in any weather?,Felipe's Mexican Taqueria - Mid City,2
Where can I find dining experiences that work in any weather?,Reginelli's Pizzeria,2
Where can I find dining experiences that work in any weather?,Franks Restaurant,2
Where can I find dining experiences that work in any weather?,Mother's Restaurant,3
Where can I find dining experiences that work in any weather?,Sassafras Restaurant,2
Where can I find dining experiences that work in any weather?,Acme Oyster House - Harrahs,2
Where can I find dining experiences that work in any weather?,Guy's Po Boys,3
Where can I find dining experiences that work in any weather?,Neyow's Creole Cafe,2
Where can I find dining experiences that work in any weather?,Origami,2
Where can I find dining experiences that work in any weather?,Domilise Po-Boys & Bar,2
Where can I find dining experiences that work in any weather?,Krystal,2
Where can I find dining experiences that work in any weather?,Fharmacy Nola,2
Where can I find dining experiences that work in any weather?,Shawarma on the Go,2
Where can I find dining experiences that work in any weather?,Venezia Restaurant,2
Where can I find dining experiences that work in any weather?,Taqueria Corona,2
Where can I find dining experiences that work in any weather?,Geisha Sushi Bistro,2
Where can I find dining experiences that work in any weather?,Seed,2
Where can I find dining experiences that work in any weather?,Pho Tau Bay Restaurant,3
Where can I find dining experiences that work in any weather?,Galliano Restaurant,2
Where can I find dining experiences that work in any weather?,Dong Phuong,2
Where can I find dining experiences that work in any weather?,Streetcar Cafe,2
Where can I find dining experiences that work in any weather?,La Macarena Pupuseria & Latin Cafe,3
Where can I find dining experiences that work in any weather?,Tacos And Beer,2
Where can I find dining experiences that work in any weather?,Ruby Slipper - New Orleans,2
Where can I find dining experiences that work in any weather?,BB King's Blues Club,3
Where can I find dining experiences that work in any weather?,We Dat's Chicken and Shrimp,1
Where can I find dining experiences that work in any weather?,Envie Espresso Bar & Cafe,3
Where can I find dining experiences that work in any weather?,Daisy Dukes - French Quarter,3
Where can I find dining experiences that work in any weather?,Mena's Palace,3
Where can I find dining experiences that work in any weather?,Jung's Golden Dragon II,2
Where can I find dining experiences that work in any weather?,Cafe Fleur De Lis,3
Where can I find dining experiences that work in any weather?,Creole House Restaurant & Oyster Bar,3
Where can I find dining experiences that work in any weather?,Drago's Seafood Restaurant,3
Where can I find dining experiences that work in any weather?,Merchant,3
Where can I find dining experiences that work in any weather?,Acme Oyster House,2
Where can I find dining experiences that work in any weather?,Cafe Conti,2
Where can I find dining experiences that work in any weather?,Clover Grill,3
Where can I find dining experiences that work in any weather?,Cafe Negril,3
Where can I find dining experiences that work in any weather?,Faubourg Bistro,2
Where can I find dining experiences that work in any weather?,Fat Boy Pantry,2
Where can I find dining experiences that work in any weather?,Mahony's Po-Boys & Seafood  - Uptown,2
Where can I find dining experiences that work in any weather?,Pier 424 Seafood Market,2
Where can I find dining experiences that work in any weather?,Mr. Ed's Oyster Bar - St Charles Ave,2
Where can I find dining experiences that work in any weather?,Three Legged Dog,2
Where can I find dining experiences that work in any weather?,Dian Xin,3
Where can I find dining experiences that work in any weather?,Corner Oyster House,1
Where can I find dining experiences that work in any weather?,Tru Burger,2
Where can I find dining experiences that work in any weather?,Gallier Restaurant & Oyster Bar,2
Where can I find dining experiences that work in any weather?,Daisy Dukes Express,3
Where can I find dining experiences that work in any weather?,Sweet Soulfood,3
Where can I find dining experiences that work in any weather?,Copper Monkey Grill,2
Where can I find dining experiences that work in any weather?,J's Seafood Dock,2
Where can I find dining experiences that work in any weather?,Gumbo Ya-Ya,2
Where can I find dining experiences that work in any weather?,Monty's on the Square,2
Where can I find dining experiences that work in any weather?,Mahony's Po-Boys & Seafood,2
Where can I find dining experiences that work in any weather?,Dolce Vita Pizzeria,2
Where can I find dining experiences that work in any weather?,District Donuts Sliders Brew,3
Where can I find dining experiences that work in any weather?,Gene's PO-Boys,2
Where can I find dining experiences that work in any weather?,New Orleans School of Cooking,3
Where can I find dining experiences that work in any weather?,French Toast,3
Where can I find dining experiences that work in any weather?,Meals From The Heart Cafe,2
Where can I find dining experiences that work in any weather?,Melba's,3
Where can I find dining experiences that work in any weather?,Felipe's Mexican Taqueria - French Quarter,2
Where can I find dining experiences that work in any weather?,Araña Taqueria y Cantina,2
Where can I find dining experiences that work in any weather?,Brothers Food Mart,3
Where can I find dining experiences that work in any weather?,Johnny's Po-Boys,3
Where can I find dining experiences that work in any weather?,Liberty Cheesesteaks,2
Where can I find dining experiences that work in any weather?,Dave & Buster's,3
Where can I find dining experiences that work in any weather?,Johnny Sanchez,2
Where can I find dining experiences that work in any weather?,Mr Ed's Oyster Bar - Bienville,2
Where can I find dining experiences that work in any weather?,Two Chicks Cafe,2
Where can I find dining experiences that work in any weather?,Willie Mae's Scotch House,3
Where can I find dining experiences that work in any weather?,Croissant D'Or Patisserie,3
Where can I find dining experiences that work in any weather?,Vieux Carre Pizza,3
Where can I find dining experiences that work in any weather?,Nacho Mama's Mexican Grill,2
Where can I find dining experiences that work in any weather?,Taqueria Guerrero,2
Where can I find dining experiences that work in any weather?,Magazine Pizza,2
Where can I find dining experiences that work in any weather?,Gus's World Famous Fried Chicken,2
Where can I find dining experiences that work in any weather?,Old Absinthe House,2
Where can I find dining experiences that work in any weather?,NOLA Poboys,3
Where can I find dining experiences that work in any weather?,The Daily Beet,3
Where can I find dining experiences that work in any weather?,Crescent City Pizza Works,3
Where can I find dining experiences that work in any weather?,Cuñada,2
Where can I find dining experiences that work in any weather?,Daisy Dukes Cafe,2
Where can I find dining experiences that work in any weather?,Daisy Mae's Southern Fried Chicken & Breakfast,2
Where can I find dining experiences that work in any weather?,Bittersweet Confections,2
Where can I find dining experiences that work in any weather?,La Boulangerie,2
Where can I find dining experiences that work in any weather?,Paddlewheeler Creole Queen,3
Where can I find dining experiences that work in any weather?,Two Chicks Café - CBD,2
Where can I find dining experiences that work in any weather?,Angelo Brocato,3
Where can I find dining experiences that work in any weather?,IHOP,3
Where can I find dining experiences that work in any weather?,Sucré,3
Where can I find dining experiences that work in any weather?,The Original Italian Pie,2
Where can I find dining experiences that work in any weather?,World Famous N'awlins Cafe & Spice Emporium,2
Where can I find dining experiences that work in any weather?,Poke Loa,2
Where can I find dining experiences that work in any weather?,Central Grocery & Deli,3
Where can I find dining experiences that work in any weather?,Piccola Gelateria,2
Where can I find dining experiences that work in any weather?,French Quarter Phantoms,1
Where can I find dining experiences that work in any weather?,Holy Crepes!,3
What restaurants adapt their space seasonally?,Stella!,1
What restaurants adapt their space seasonally?,Cafe Degas,1
What restaurants adapt their space seasonally?,Café Amelie,1
What restaurants adapt their space seasonally?,Columns,2
What restaurants adapt their space seasonally?,Green Goddess,1
What restaurants adapt their space seasonally?,Lilette,0
What restaurants adapt their space seasonally?,Brigtsen's Restaurant,0
What restaurants adapt their space seasonally?,The Court of Two Sisters,0
What restaurants adapt their space seasonally?,Restaurant August,3
What restaurants adapt their space seasonally?,Patois Restaurant,2
What restaurants adapt their space seasonally?,Bayona,0
What restaurants adapt their space seasonally?,Dick & Jenny's,2
What restaurants adapt their space seasonally?,Dante's Kitchen,1
What restaurants adapt their space seasonally?,La Crepe Nanou,0
What restaurants adapt their space seasonally?,Commander's Palace,0
What restaurants adapt their space seasonally?,Santa Fe,1
What restaurants adapt their space seasonally?,Coquette,3
What restaurants adapt their space seasonally?,Dat Dog,2
What restaurants adapt their space seasonally?,Restaurant R'evolution,0
What restaurants adapt their space seasonally?,Louisiana Bistro,0
What restaurants adapt their space seasonally?,The Bombay Club,0
What restaurants adapt their space seasonally?,Flamingo A-Go-Go,0
What restaurants adapt their space seasonally?,La Petite Grocery,0
What restaurants adapt their space seasonally?,Galatoire's Restaurant,0
What restaurants adapt their space seasonally?,Arnaud's Restaurant,0
What restaurants adapt their space seasonally?,Josephine Estelle,0
What restaurants adapt their space seasonally?,The Tasting Room,0
What restaurants adapt their space seasonally?,Paladar 511,0
What restaurants adapt their space seasonally?,Satsuma Café,2
What restaurants adapt their space seasonally?,CellarDoor,0
What restaurants adapt their space seasonally?,Jack Rose,0
What restaurants adapt their space seasonally?,Boucherie,2
What restaurants adapt their space seasonally?,Another Broken Egg Cafe,0
What restaurants adapt their space seasonally?,Upperline,0
What restaurants adapt their space seasonally?,Criollo Restaurant,1
What restaurants adapt their space seasonally?,Booty's Street Food,2
What restaurants adapt their space seasonally?,Muriel's Jackson Square,0
What restaurants adapt their space seasonally?,Meauxbar,2
What restaurants adapt their space seasonally?,Ruby Slipper Cafe,1
What restaurants adapt their space seasonally?,Mona's Cafe,0
What restaurants adapt their space seasonally?,Copper Vine,0
What restaurants adapt their space seasonally?,Kin,2
What restaurants adapt their space seasonally?,Auction House Market,0
What restaurants adapt their space seasonally?,Tableau,0
What restaurants adapt their space seasonally?,Mizado Latin Kitchen,0
What restaurants adapt their space seasonally?,Emeril's Delmonico,0
What restaurants adapt their space seasonally?,Vessel NOLA,0
What restaurants adapt their space seasonally?,The Delachaise,0
What restaurants adapt their space seasonally?,K-Paul's Louisiana Kitchen,0
What restaurants adapt their space seasonally?,Salú Bistro and Bar,0
What restaurants adapt their space seasonally?,Windsor Court Hotel,1
What restaurants adapt their space seasonally?,N 7,1
What restaurants adapt their space seasonally?,The American Sector,1
What restaurants adapt their space seasonally?,Morning Call Coffee Stand,0
What restaurants adapt their space seasonally?,Cafe Sbisa,0
What restaurants adapt their space seasonally?,Sylvain,2
What restaurants adapt their space seasonally?,SukhoThai,0
What restaurants adapt their space seasonally?,Gris-Gris,0
What restaurants adapt their space seasonally?,Angeline,1
What restaurants adapt their space seasonally?,Shaya,0
What restaurants adapt their space seasonally?,Herbsaint,1
What restaurants adapt their space seasonally?,Ralph's on the Park,1
What restaurants adapt their space seasonally?,Root,2
What restaurants adapt their space seasonally?,Slice Pizzeria,0
What restaurants adapt their space seasonally?,The Rusty Nail,1
What restaurants adapt their space seasonally?,Cafe Abyssinia,0
What restaurants adapt their space seasonally?,The Country Club,1
What restaurants adapt their space seasonally?,Café Adelaide,0
What restaurants adapt their space seasonally?,Clancy's Restaurant,2
What restaurants adapt their space seasonally?,Vincent's Italian Cuisine,0
What restaurants adapt their space seasonally?,Who Dat Coffee Cafe,0
What restaurants adapt their space seasonally?,Compère Lapin,1
What restaurants adapt their space seasonally?,Sofia,1
What restaurants adapt their space seasonally?,Mr John's Steakhouse,0
What restaurants adapt their space seasonally?,Palace Café,0
What restaurants adapt their space seasonally?,Landry's Seafood House,1
What restaurants adapt their space seasonally?,Orleans Grapevine Wine Bar & Bistro,0
What restaurants adapt their space seasonally?,Cavan,3
What restaurants adapt their space seasonally?,The Grill,0
What restaurants adapt their space seasonally?,El Gato Negro,2
What restaurants adapt their space seasonally?,The Velvet Cactus,1
What restaurants adapt their space seasonally?,Tujague's Restaurant,0
What restaurants adapt their space seasonally?,Tommy's Cuisine,0
What restaurants adapt their space seasonally?,Saffron nola,0
What restaurants adapt their space seasonally?,Wayfare,0
What restaurants adapt their space seasonally?,Irene's,0
What restaurants adapt their space seasonally?,Eat New Orleans,0
What restaurants adapt their space seasonally?,The Bulldog,2
What restaurants adapt their space seasonally?,Jacques-Imo's Cafe,0
What restaurants adapt their space seasonally?,Cafe Beignet on Bourbon Street,0
What restaurants adapt their space seasonally?,Juan's Flying Burrito,0
What restaurants adapt their space seasonally?,Wood Pizza Bistro and Taphouse,0
What restaurants adapt their space seasonally?,Café at The Square,0
What restaurants adapt their space seasonally?,SoBou,1
What restaurants adapt their space seasonally?,Nonna Mia Cafe & Pizzeria,0
What restaurants adapt their space seasonally?,"The Ritz-Carlton, New Orleans",0
What restaurants adapt their space seasonally?,Justine,0
What restaurants adapt their space seasonally?,The Gallery Venue at Tomas Bistro,0
What restaurants adapt their space seasonally?,Borgne,0
What restaurants adapt their space seasonally?,Atchafalaya Restaurant,0
What restaurants adapt their space seasonally?,Cure,3
What restaurants adapt their space seasonally?,Le Pavillon Hotel,0
What restaurants adapt their space seasonally?,St Roch Market,0
What restaurants adapt their space seasonally?,Briquette,0
What restaurants adapt their space seasonally?,Cowbell,0
What restaurants adapt their space seasonally?,Annunciation,0
What restaurants adapt their space seasonally?,Bearcat CBD,2
What restaurants adapt their space seasonally?,Angeli on Decatur,0
What restaurants adapt their space seasonally?,Riccobono’s Panola St. Cafe,0
What restaurants adapt their space seasonally?,Cafe Envie & Espresso Bar,0
What restaurants adapt their space seasonally?,Apolline Restaurant,1
What restaurants adapt their space seasonally?,Rib Room,0
What restaurants adapt their space seasonally?,The Marigny Brasserie,0
What restaurants adapt their space seasonally?,Gazebo Cafe,0
What restaurants adapt their space seasonally?,Chophouse New Orleans,0
What restaurants adapt their space seasonally?,The Pelican Club,0
What restaurants adapt their space seasonally?,The Backyard,0
What restaurants adapt their space seasonally?,The Italian Barrel,0
What restaurants adapt their space seasonally?,Galatoire's 33 Bar & Steak,0
What restaurants adapt their space seasonally?,GG's Dine-O-Rama,0
What restaurants adapt their space seasonally?,The Market Cafe,0
What restaurants adapt their space seasonally?,Broussard's,1
What restaurants adapt their space seasonally?,Saba,0
What restaurants adapt their space seasonally?,Louisiana Pizza Kitchen,0
What restaurants adapt their space seasonally?,Brennan's Restaurant,0
What restaurants adapt their space seasonally?,Toast,0
What restaurants adapt their space seasonally?,Brennan's,0
What restaurants adapt their space seasonally?,Marcello's Restaurant & Wine Bar,0
What restaurants adapt their space seasonally?,Ye Olde College Inn,0
What restaurants adapt their space seasonally?,Meril,0
What restaurants adapt their space seasonally?,Antoine's Restaurant,0
What restaurants adapt their space seasonally?,biscuit & buns on banks,0
What restaurants adapt their space seasonally?,The Camellia Grill,0
What restaurants adapt their space seasonally?,Restaurant Rebirth,0
What restaurants adapt their space seasonally?,Amici,0
What restaurants adapt their space seasonally?,Mopho,2
What restaurants adapt their space seasonally?,Bearcat Cafe,0
What restaurants adapt their space seasonally?,New Orleans Marriott,0
What restaurants adapt their space seasonally?,Dickie Brennan's Steakhouse,0
What restaurants adapt their space seasonally?,Cafe Maspero,0
What restaurants adapt their space seasonally?,New Orleans Hamburger & Seafood Co,0
What restaurants adapt their space seasonally?,Brown Butter Southern Kitchen & Bar,0
What restaurants adapt their space seasonally?,Dooky Chase's Restaurant,0
What restaurants adapt their space seasonally?,Trinity Restaurant New Orleans,0
What restaurants adapt their space seasonally?,La Boca,0
What restaurants adapt their space seasonally?,The Blue Crab Restaurant & Oyster Bar,0
What restaurants adapt their space seasonally?,Manning's Sports Bar and Grill,0
What restaurants adapt their space seasonally?,The Vintage,0
What restaurants adapt their space seasonally?,Nolé,1
What restaurants adapt their space seasonally?,Emeril's ,0
What restaurants adapt their space seasonally?,Felix's Restaurant & Oyster Bar,0
What restaurants adapt their space seasonally?,Ignatius' Rue de La Course Coffeehouse,0
What restaurants adapt their space seasonally?,High Hat Cafe,2
What restaurants adapt their space seasonally?,Cafe Beignet on Royal Street,0
What restaurants adapt their space seasonally?,Nirvana Indian Cuisine,0
What restaurants adapt their space seasonally?,Charcoal's Gourmet Burger Bar,0
What restaurants adapt their space seasonally?,Domenica,0
What restaurants adapt their space seasonally?,Red Dog Diner,1
What restaurants adapt their space seasonally?,Pizza Domenica,0
What restaurants adapt their space seasonally?,Salon by Sucré,0
What restaurants adapt their space seasonally?,DTB,0
What restaurants adapt their space seasonally?,Gyu-Kaku Japanese BBQ,0
What restaurants adapt their space seasonally?,Chartres House,0
What restaurants adapt their space seasonally?,Casa Borrega,2
What restaurants adapt their space seasonally?,Backatown Coffee Parlour,0
What restaurants adapt their space seasonally?,Mayas,0
What restaurants adapt their space seasonally?,Doris Metropolitan,0
What restaurants adapt their space seasonally?,Lola's,0
What restaurants adapt their space seasonally?,Vacherie,0
What restaurants adapt their space seasonally?,The Steakhouse,0
What restaurants adapt their space seasonally?,Sneaky Pickle,3
What restaurants adapt their space seasonally?,Ancora,0
What restaurants adapt their space seasonally?,Tout De Suite Cafe,0
What restaurants adapt their space seasonally?,La Thai Uptown,0
What restaurants adapt their space seasonally?,Cane and Table,0
What restaurants adapt their space seasonally?,Embassy Suites by Hilton New Orleans,0
What restaurants adapt their space seasonally?,Maypop Restaurant,0
What restaurants adapt their space seasonally?,W New Orleans - French Quarter,0
What restaurants adapt their space seasonally?,Ruth's Chris Steak House,0
What restaurants adapt their space seasonally?,HORN'S EATERY,0
What restaurants adapt their space seasonally?,Desi Vega's Steakhouse,0
What restaurants adapt their space seasonally?,Del Fuego,0
What restaurants adapt their space seasonally?,Surrey's Uptown,0
What restaurants adapt their space seasonally?,Pizza Delicious,1
What restaurants adapt their space seasonally?,Saint Cecilia,2
What restaurants adapt their space seasonally?,The Avenue Pub,0
What restaurants adapt their space seasonally?,Capdeville,0
What restaurants adapt their space seasonally?,Hot Tin,0
What restaurants adapt their space seasonally?,Tito's Ceviche & Pisco,1
What restaurants adapt their space seasonally?,Mr. B's Bistro,0
What restaurants adapt their space seasonally?,Fogo de Chão Brazilian Steakhouse,0
What restaurants adapt their space seasonally?,Snug Harbor Jazz Bistro,0
What restaurants adapt their space seasonally?,Crescent City Steak House,0
What restaurants adapt their space seasonally?,NOLA Restaurant,0
What restaurants adapt their space seasonally?,Hotel New Orleans Downtown,0
What restaurants adapt their space seasonally?,Blaze Pizza,0
What restaurants adapt their space seasonally?,Bakery Bar,0
What restaurants adapt their space seasonally?,Superior Seafood & Oyster Bar,0
What restaurants adapt their space seasonally?,Cafe Rose Nicaud,0
What restaurants adapt their space seasonally?,Houston's Restaurant,0
What restaurants adapt their space seasonally?,Walk-On's Sports Bistreaux - New Orleans,0
What restaurants adapt their space seasonally?,The Maison,0
What restaurants adapt their space seasonally?,Lula Restaurant Distillery,0
What restaurants adapt their space seasonally?,1000 Figs,2
What restaurants adapt their space seasonally?,Beachbum Berry's Latitude 29,0
What restaurants adapt their space seasonally?,Warehouse Grille,0
What restaurants adapt their space seasonally?,Bon Ton Cafe,0
What restaurants adapt their space seasonally?,Down The Hatch,0
What restaurants adapt their space seasonally?,Copeland's Cheesecake Bistro,0
What restaurants adapt their space seasonally?,Cornet,0
What restaurants adapt their space seasonally?,Legacy Kitchen's Craft Tavern,0
What restaurants adapt their space seasonally?,Please-U-Restaurant,0
What restaurants adapt their space seasonally?,Slim Goodies Diner,0
What restaurants adapt their space seasonally?,St Charles Tavern,0
What restaurants adapt their space seasonally?,Royal Sonesta New Orleans,0
What restaurants adapt their space seasonally?,Curio,0
What restaurants adapt their space seasonally?,GW Fins,0
What restaurants adapt their space seasonally?,Little Gem Saloon,0
What restaurants adapt their space seasonally?,Red's Chinese,0
What restaurants adapt their space seasonally?,Rebellion Bar & Urban Kitchen,0
What restaurants adapt their space seasonally?,The Governor,0
What restaurants adapt their space seasonally?,Milk Bar,0
What restaurants adapt their space seasonally?,Bennachin Restaurant,0
What restaurants adapt their space seasonally?,Cochon,1
What restaurants adapt their space seasonally?,Pêche,0
What restaurants adapt their space seasonally?,Sake Cafe Uptown,0
What restaurants adapt their space seasonally?,Russell's Marina Grill,0
What restaurants adapt their space seasonally?,New Orleans Creole Cookery,0
What restaurants adapt their space seasonally?,Yuki Izakaya,0
What restaurants adapt their space seasonally?,French Truck Coffee,0
What restaurants adapt their space seasonally?,Midway Pizza,0
What restaurants adapt their space seasonally?,La Casita,0
What restaurants adapt their space seasonally?,The Joint,0
What restaurants adapt their space seasonally?,Saint Lawrence,0
What restaurants adapt their space seasonally?,Magasin Vietnamese Cafe,1
What restaurants adapt their space seasonally?,New Orleans Cake Café & Bakery,0
What restaurants adapt their space seasonally?,Boswell's Jamaican Grill,0
What restaurants adapt their space seasonally?,Lebanon's Cafe,0
What restaurants adapt their space seasonally?,Noodle & Pie,1
What restaurants adapt their space seasonally?,Katie's Restaurant & Bar,0
What restaurants adapt their space seasonally?,Baru Bistro & Tapas,0
What restaurants adapt their space seasonally?,Little Korea BBQ,2
What restaurants adapt their space seasonally?,Evangeline,1
What restaurants adapt their space seasonally?,Mojo Coffee House,0
What restaurants adapt their space seasonally?,Carmo,0
What restaurants adapt their space seasonally?,Three Muses,0
What restaurants adapt their space seasonally?,Joey K's Restaurant & Bar,0
What restaurants adapt their space seasonally?,Pascal's Manale,0
What restaurants adapt their space seasonally?,Buffa's Bar & Restaurant,0
What restaurants adapt their space seasonally?,Mid City Pizza,0
What restaurants adapt their space seasonally?,Elizabeth's Restaurant,0
What restaurants adapt their space seasonally?,Ugly Dog Saloon & BBQ,0
What restaurants adapt their space seasonally?,Cooter Brown's,0
What restaurants adapt their space seasonally?,Pat O'Brien’s,0
What restaurants adapt their space seasonally?,The Old Coffee Pot Restaurant,0
What restaurants adapt their space seasonally?,Gumbo Shop,0
What restaurants adapt their space seasonally?,Kingfish,0
What restaurants adapt their space seasonally?,Stanley,0
What restaurants adapt their space seasonally?,Mimi's In The Marigny,0
What restaurants adapt their space seasonally?,Pat O'Brien's Courtyard Restaurant,0
What restaurants adapt their space seasonally?,Blue Oak BBQ,0
What restaurants adapt their space seasonally?,Crescent City Brewhouse,0
What restaurants adapt their space seasonally?,Frankie & Johnny's,0
What restaurants adapt their space seasonally?,Deja Vu Restaurant & Bar,0
What restaurants adapt their space seasonally?,Napoleon House,0
What restaurants adapt their space seasonally?,Red Fish Grill,0
What restaurants adapt their space seasonally?,Deanie's Seafood,0
What restaurants adapt their space seasonally?,Superior Grill,0
What restaurants adapt their space seasonally?,Maïs Arepas,0
What restaurants adapt their space seasonally?,Felipe's Mexican Taqueria - Uptown,0
What restaurants adapt their space seasonally?,Adolfo's,0
What restaurants adapt their space seasonally?,Cafe Conti,0
What restaurants adapt their space seasonally?,Coop's Place,0
What restaurants adapt their space seasonally?,The Original French Market Restaurant and Bar,0
What restaurants adapt their space seasonally?,Cafe Pontalba,0
What restaurants adapt their space seasonally?,Victory,0
What restaurants adapt their space seasonally?,Mandina's Restaurant,0
What restaurants adapt their space seasonally?,Namese,2
What restaurants adapt their space seasonally?,Hard Rock Cafe,0
What restaurants adapt their space seasonally?,Estrella Steak & Lobster,0
What restaurants adapt their space seasonally?,Port Of Call,0
What restaurants adapt their space seasonally?,The Munch Factory,0
What restaurants adapt their space seasonally?,Huck Finn's Cafe,0
What restaurants adapt their space seasonally?,Arabella Casa Di Pasta,0
What restaurants adapt their space seasonally?,Red Gravy,0
What restaurants adapt their space seasonally?,Le Bayou Restaurant,0
What restaurants adapt their space seasonally?,Bourbon House,0
What restaurants adapt their space seasonally?,Avenue Cafe,0
What restaurants adapt their space seasonally?,The Original Pierre Maspero's,0
What restaurants adapt their space seasonally?,13 Monaghan,0
What restaurants adapt their space seasonally?,Union Kitchen & Union Party Room,1
What restaurants adapt their space seasonally?,Bayou Hot Wings,0
What restaurants adapt their space seasonally?,The Trolley Stop Cafe,0
What restaurants adapt their space seasonally?,The Praline Connection,0
What restaurants adapt their space seasonally?,Tartine,0
What restaurants adapt their space seasonally?,The Old No 77 Hotel and Chandlery,0
What restaurants adapt their space seasonally?,The Irish House,0
What restaurants adapt their space seasonally?,Morrow's,0
What restaurants adapt their space seasonally?,Li'l Dizzy's Cafe,0
What restaurants adapt their space seasonally?,Majoria's Commerce Restaurant,0
What restaurants adapt their space seasonally?,Sassafras Restaurant,0
What restaurants adapt their space seasonally?,Hilton New Orleans Riverside,0
What restaurants adapt their space seasonally?,La Macarena Pupuseria & Latin Cafe,0
What restaurants adapt their space seasonally?,Toups Meatery,0
What restaurants adapt their space seasonally?,Café Du Monde,0
What restaurants adapt their space seasonally?,Central City BBQ,0
What restaurants adapt their space seasonally?,Mint Modern Vietnamese Bistro & Bar,0
What restaurants adapt their space seasonally?,Sheraton New Orleans Hotel,0
What restaurants adapt their space seasonally?,Seaworthy,0
What restaurants adapt their space seasonally?,Cafe Beignet on Decatur Street,0
What restaurants adapt their space seasonally?,P & G Restaurant & Bar,0
What restaurants adapt their space seasonally?,Refuel Cafe,0
What restaurants adapt their space seasonally?,Ernst Cafe,0
What restaurants adapt their space seasonally?,Venezia Restaurant,0
What restaurants adapt their space seasonally?,Basin Seafood & Spirits,0
What restaurants adapt their space seasonally?,Jagerhaus,0
What restaurants adapt their space seasonally?,Fiorella's Cafe,0
What restaurants adapt their space seasonally?,Avery's On Tulane,0
What restaurants adapt their space seasonally?,Fullblast Brunch,0
What restaurants adapt their space seasonally?,Bubba Gump Shrimp Co.,0
What restaurants adapt their space seasonally?,Grand Isle,0
What restaurants adapt their space seasonally?,Royal House,0
What restaurants adapt their space seasonally?,Cleo's,0
What restaurants adapt their space seasonally?,Mona Lisa Restaurant,0
What restaurants adapt their space seasonally?,Little Tokyo Small Plates & Noodle Bar,0
What restaurants adapt their space seasonally?,Willa Jean,1
What restaurants adapt their space seasonally?,Casamento's Restaurant,1
What restaurants adapt their space seasonally?,Ole Saint,0
What restaurants adapt their space seasonally?,Squeal,0
What restaurants adapt their space seasonally?,WINO  Wine Institute of New Orleans,0
What restaurants adapt their space seasonally?,Saints And Sinners,0
What restaurants adapt their space seasonally?,Coterie Restaurant & Oyster Bar,0
What restaurants adapt their space seasonally?,Reginelli's Pizzeria,0
What restaurants adapt their space seasonally?,Hoshun Restaurant,0
What restaurants adapt their space seasonally?,HiVolt Coffee,0
What restaurants adapt their space seasonally?,The Howlin' Wolf,0
What restaurants adapt their space seasonally?,Taqueria Corona,0
What restaurants adapt their space seasonally?,Tsunami Sushi,0
What restaurants adapt their space seasonally?,Trenasse,0
What restaurants adapt their space seasonally?,Tracey's Original Irish Channel Bar,0
What restaurants adapt their space seasonally?,Rue De La Course,0
What restaurants adapt their space seasonally?,Streetcar Cafe,0
What restaurants adapt their space seasonally?,BOIL Seafood House,0
What restaurants adapt their space seasonally?,Lucy's Retired Surfers Bar & Restaurant,0
What restaurants adapt their space seasonally?,Croissant D'Or Patisserie,0
What restaurants adapt their space seasonally?,Coulis,0
What restaurants adapt their space seasonally?,Heard Dat Kitchen,0
What restaurants adapt their space seasonally?,Dreamy Weenies,0
What restaurants adapt their space seasonally?,Desire Oyster Bar,0
What restaurants adapt their space seasonally?,Wakin' Bakin',0
What restaurants adapt their space seasonally?,Tacos And Beer,0
What restaurants adapt their space seasonally?,Luke,0
What restaurants adapt their space seasonally?,Ba Chi Canteen,0
What restaurants adapt their space seasonally?,Backspace Bar & Kitchen,0
What restaurants adapt their space seasonally?,Sweet Soulfood,0
What restaurants adapt their space seasonally?,McClure's,0
What restaurants adapt their space seasonally?,Gordon Biersch Brewery Restaurant,0
What restaurants adapt their space seasonally?,Pere Antoine Restaurant,0
What restaurants adapt their space seasonally?,Seed,0
What restaurants adapt their space seasonally?,Arnaud's French 75 Bar,0
What restaurants adapt their space seasonally?,Felipe's Mexican Taqueria - Mid City,0
What restaurants adapt their space seasonally?,Belle's Diner Nola,0
What restaurants adapt their space seasonally?,Merchant,0
What restaurants adapt their space seasonally?,Mother's Restaurant,0
What restaurants adapt their space seasonally?,Liuzza's By The Track,0
What restaurants adapt their space seasonally?,Daisy Dukes - French Quarter,0
What restaurants adapt their space seasonally?,Stein's Market and Deli,0
What restaurants adapt their space seasonally?,Jimmy J's Cafe,0
What restaurants adapt their space seasonally?,G's Pizza,0
What restaurants adapt their space seasonally?,Rock-n-Saké Bar & Sushi,0
What restaurants adapt their space seasonally?,Welty's Deli and Catering,0
What restaurants adapt their space seasonally?,Diamond Street Bar & Grill,0
What restaurants adapt their space seasonally?,Remoulade,0
What restaurants adapt their space seasonally?,Oceana Grill,0
What restaurants adapt their space seasonally?,Dolce Vita Pizzeria,2
What restaurants adapt their space seasonally?,Turtle Bay,0
What restaurants adapt their space seasonally?,Mena's Palace,0
What restaurants adapt their space seasonally?,Cafe Fleur De Lis,0
What restaurants adapt their space seasonally?,Bamboula's,0
What restaurants adapt their space seasonally?,9 Roses Cafe,0
What restaurants adapt their space seasonally?,Creole House Restaurant & Oyster Bar,0
What restaurants adapt their space seasonally?,Nacho Mama's Mexican Grill,0
What restaurants adapt their space seasonally?,Kebab,0
What restaurants adapt their space seasonally?,Johnny Sanchez,0
What restaurants adapt their space seasonally?,Attiki Bar and Grill,0
What restaurants adapt their space seasonally?,The Crazy Lobster Bar & Grill,0
What restaurants adapt their space seasonally?,Willie's Chicken Shack,0
What restaurants adapt their space seasonally?,Neyow's Creole Cafe,0
What restaurants adapt their space seasonally?,The Blind Pelican,0
What restaurants adapt their space seasonally?,Pho Tau Bay Restaurant,0
What restaurants adapt their space seasonally?,The Jimani,0
What restaurants adapt their space seasonally?,House of Blues New Orleans,1
What restaurants adapt their space seasonally?,The Company Burger,0
What restaurants adapt their space seasonally?,Mulate's,0
What restaurants adapt their space seasonally?,The Daily Beet,0
What restaurants adapt their space seasonally?,Franks Restaurant,0
What restaurants adapt their space seasonally?,Barcadia,0
What restaurants adapt their space seasonally?,Crabby Jack's,0
What restaurants adapt their space seasonally?,New Orleans School of Cooking,0
What restaurants adapt their space seasonally?,Hobnobber's Variety Bar & Restaurant,0
What restaurants adapt their space seasonally?,Ninja Restaurant,0
What restaurants adapt their space seasonally?,The Jazz Playhouse,0
What restaurants adapt their space seasonally?,Gumbo POT,0
What restaurants adapt their space seasonally?,Verti Marte,0
What restaurants adapt their space seasonally?,Five Happiness Chinese Restaurant,0
What restaurants adapt their space seasonally?,Sushi Brothers,0
What restaurants adapt their space seasonally?,New Orleans Famous Beignets And Coffee,0
What restaurants adapt their space seasonally?,Clover Grill,0
What restaurants adapt their space seasonally?,Felipe's Mexican Taqueria - French Quarter,0
What restaurants adapt their space seasonally?,Cochon Butcher,0
What restaurants adapt their space seasonally?,Araña Taqueria y Cantina,1
What restaurants adapt their space seasonally?,Ruby Slipper - New Orleans,0
What restaurants adapt their space seasonally?,Voodoo BBQ & Grill,0
What restaurants adapt their space seasonally?,Revelator Coffee New Orleans,0
What restaurants adapt their space seasonally?,Parasol's,0
What restaurants adapt their space seasonally?,Mambo's,1
What restaurants adapt their space seasonally?,Galliano Restaurant,0
What restaurants adapt their space seasonally?,30_90 NOLA,0
What restaurants adapt their space seasonally?,Surrey's Café & Juice Bar,0
What restaurants adapt their space seasonally?,Lilly's Cafe,0
What restaurants adapt their space seasonally?,Taqueria Guerrero,0
What restaurants adapt their space seasonally?,Fat Boy Pantry,0
What restaurants adapt their space seasonally?,Pho Bistreaux,0
What restaurants adapt their space seasonally?,Turkey and the Wolf,0
What restaurants adapt their space seasonally?,Chiba,0
What restaurants adapt their space seasonally?,Fharmacy Nola,0
What restaurants adapt their space seasonally?,Tiki Tolteca,0
What restaurants adapt their space seasonally?,BB King's Blues Club,0
What restaurants adapt their space seasonally?,The Rum House,0
What restaurants adapt their space seasonally?,Nomiya,0
What restaurants adapt their space seasonally?,Frey Smoked Meat,0
What restaurants adapt their space seasonally?,Two Chicks Cafe,0
What restaurants adapt their space seasonally?,Meals From The Heart Cafe,0
What restaurants adapt their space seasonally?,Breads on Oak Cafe & Bakery,1
What restaurants adapt their space seasonally?,Olde Nola Cookery,0
What restaurants adapt their space seasonally?,Envie Espresso Bar & Cafe,0
What restaurants adapt their space seasonally?,Pier 424 Seafood Market,0
What restaurants adapt their space seasonally?,Mahony's Po-Boys & Seafood,0
What restaurants adapt their space seasonally?,Cajun Seafood,0
What restaurants adapt their space seasonally?,Mr Ed's Oyster Bar - Bienville,0
What restaurants adapt their space seasonally?,Clesi's Restaurant & Catering,0
What restaurants adapt their space seasonally?,Parkway Bakery & Tavern,0
What restaurants adapt their space seasonally?,Drago's Seafood Restaurant,0
What restaurants adapt their space seasonally?,Dave & Buster's,0
What restaurants adapt their space seasonally?,Daisy Dukes Express,0
What restaurants adapt their space seasonally?,Dian Xin,0
What restaurants adapt their space seasonally?,Gallier Restaurant & Oyster Bar,0
What restaurants adapt their space seasonally?,Bayou Burger & Sports Company,0
What restaurants adapt their space seasonally?,French Toast,0
What restaurants adapt their space seasonally?,Seither's Seafood,0
What restaurants adapt their space seasonally?,Yo Mama's Bar & Grill,0
What restaurants adapt their space seasonally?,801 Royal,0
What restaurants adapt their space seasonally?,Mikimoto,0
What restaurants adapt their space seasonally?,Monty's on the Square,0
What restaurants adapt their space seasonally?,Cafe Negril,0
What restaurants adapt their space seasonally?,The American Sports Saloon,0
What restaurants adapt their space seasonally?,Mr. Ed's Oyster Bar - St Charles Ave,1
What restaurants adapt their space seasonally?,Jung's Golden Dragon II,0
What restaurants adapt their space seasonally?,J's Seafood Dock,0
What restaurants adapt their space seasonally?,Sazerac Bar,0
What restaurants adapt their space seasonally?,Gumbo Ya-Ya,0
What restaurants adapt their space seasonally?,Corner Oyster House,0
What restaurants adapt their space seasonally?,Faubourg Bistro,0
What restaurants adapt their space seasonally?,Willie Mae's Scotch House,0
What restaurants adapt their space seasonally?,Krystal,0
What restaurants adapt their space seasonally?,Angelo Brocato,1
What restaurants adapt their space seasonally?,Acme Oyster House,0
What restaurants adapt their space seasonally?,Killer Poboys,0
What restaurants adapt their space seasonally?,Dong Phuong,0
What restaurants adapt their space seasonally?,Daisy Dukes Cafe,0
What restaurants adapt their space seasonally?,Cajun Mike's Pub & Grub,0
What restaurants adapt their space seasonally?,Melba's,0
What restaurants adapt their space seasonally?,Domilise Po-Boys & Bar,0
What restaurants adapt their space seasonally?,Bevi Seafood,0
What restaurants adapt their space seasonally?,Magazine Pizza,0
What restaurants adapt their space seasonally?,Mahony's Po-Boys & Seafood  - Uptown,0
What restaurants adapt their space seasonally?,Cuñada,0
What restaurants adapt their space seasonally?,Poke Loa,0
What restaurants adapt their space seasonally?,Fritzel's European Jazz Pub,0
What restaurants adapt their space seasonally?,Tru Burger,0
What restaurants adapt their space seasonally?,The Halal Guys,0
What restaurants adapt their space seasonally?,Pirates Alley Cafe,0
What restaurants adapt their space seasonally?,Origami,0
What restaurants adapt their space seasonally?,Guy's Po Boys,0
What restaurants adapt their space seasonally?,Steamboat Natchez,0
What restaurants adapt their space seasonally?,Asuka Sushi & Hibachi,0
What restaurants adapt their space seasonally?,District Donuts Sliders Brew,0
What restaurants adapt their space seasonally?,Liberty Cheesesteaks,0
What restaurants adapt their space seasonally?,Geisha Sushi Bistro,0
What restaurants adapt their space seasonally?,Bittersweet Confections,0
What restaurants adapt their space seasonally?,The Original Italian Pie,0
What restaurants adapt their space seasonally?,Vieux Carre Pizza,0
What restaurants adapt their space seasonally?,Gus's World Famous Fried Chicken,0
What restaurants adapt their space seasonally?,Brothers Food Mart,0
What restaurants adapt their space seasonally?,Acme Oyster House - Harrahs,0
What restaurants adapt their space seasonally?,Johnny's Po-Boys,0
What restaurants adapt their space seasonally?,La Boulangerie,0
What restaurants adapt their space seasonally?,Sucré,2
What restaurants adapt their space seasonally?,IHOP,0
What restaurants adapt their space seasonally?,Shawarma on the Go,0
What restaurants adapt their space seasonally?,Daisy Mae's Southern Fried Chicken & Breakfast,0
What restaurants adapt their space seasonally?,We Dat's Chicken and Shrimp,0
What restaurants adapt their space seasonally?,Copper Monkey Grill,0
What restaurants adapt their space seasonally?,World Famous N'awlins Cafe & Spice Emporium,0
What restaurants adapt their space seasonally?,Two Chicks Café - CBD,0
What restaurants adapt their space seasonally?,Piccola Gelateria,0
What restaurants adapt their space seasonally?,Crescent City Pizza Works,0
What restaurants adapt their space seasonally?,NOLA Poboys,0
What restaurants adapt their space seasonally?,Gene's PO-Boys,0
What restaurants adapt their space seasonally?,Three Legged Dog,0
What restaurants adapt their space seasonally?,Central Grocery & Deli,0
What restaurants adapt their space seasonally?,Old Absinthe House,0
What restaurants adapt their space seasonally?,Holy Crepes!,0
What restaurants adapt their space seasonally?,Paddlewheeler Creole Queen,0
What restaurants adapt their space seasonally?,French Quarter Phantoms,0
Where can I dine and learn about the dishes?,Louisiana Bistro,3
Where can I dine and learn about the dishes?,New Orleans School of Cooking,3
Where can I dine and learn about the dishes?,Stella!,3
Where can I dine and learn about the dishes?,Gris-Gris,3
Where can I dine and learn about the dishes?,Coquette,2
Where can I dine and learn about the dishes?,Green Goddess,3
Where can I dine and learn about the dishes?,Bayona,3
Where can I dine and learn about the dishes?,Restaurant R'evolution,3
Where can I dine and learn about the dishes?,Restaurant August,3
Where can I dine and learn about the dishes?,Gyu-Kaku Japanese BBQ,3
Where can I dine and learn about the dishes?,The Tasting Room,3
Where can I dine and learn about the dishes?,Brigtsen's Restaurant,3
Where can I dine and learn about the dishes?,Root,3
Where can I dine and learn about the dishes?,K-Paul's Louisiana Kitchen,2
Where can I dine and learn about the dishes?,WINO  Wine Institute of New Orleans,3
Where can I dine and learn about the dishes?,The Camellia Grill,3
Where can I dine and learn about the dishes?,Cafe Abyssinia,3
Where can I dine and learn about the dishes?,Herbsaint,3
Where can I dine and learn about the dishes?,Patois Restaurant,2
Where can I dine and learn about the dishes?,Clancy's Restaurant,3
Where can I dine and learn about the dishes?,The Grill,3
Where can I dine and learn about the dishes?,Dick & Jenny's,2
Where can I dine and learn about the dishes?,Compère Lapin,3
Where can I dine and learn about the dishes?,La Boca,2
Where can I dine and learn about the dishes?,Upperline,3
Where can I dine and learn about the dishes?,Commander's Palace,3
Where can I dine and learn about the dishes?,Booty's Street Food,2
Where can I dine and learn about the dishes?,The Gallery Venue at Tomas Bistro,2
Where can I dine and learn about the dishes?,Irene's,2
Where can I dine and learn about the dishes?,Emeril's Delmonico,2
Where can I dine and learn about the dishes?,Shaya,3
Where can I dine and learn about the dishes?,N 7,2
Where can I dine and learn about the dishes?,Boucherie,2
Where can I dine and learn about the dishes?,Kin,3
Where can I dine and learn about the dishes?,The Delachaise,3
Where can I dine and learn about the dishes?,Orleans Grapevine Wine Bar & Bistro,2
Where can I dine and learn about the dishes?,Toups Meatery,2
Where can I dine and learn about the dishes?,Café Amelie,3
Where can I dine and learn about the dishes?,Trinity Restaurant New Orleans,3
Where can I dine and learn about the dishes?,Chophouse New Orleans,2
Where can I dine and learn about the dishes?,The American Sector,2
Where can I dine and learn about the dishes?,Saffron nola,3
Where can I dine and learn about the dishes?,SukhoThai,2
Where can I dine and learn about the dishes?,Auction House Market,3
Where can I dine and learn about the dishes?,Jacques-Imo's Cafe,2
Where can I dine and learn about the dishes?,Lilette,2
Where can I dine and learn about the dishes?,Cafe Degas,2
Where can I dine and learn about the dishes?,Meauxbar,3
Where can I dine and learn about the dishes?,Mr John's Steakhouse,2
Where can I dine and learn about the dishes?,Antoine's Restaurant,3
Where can I dine and learn about the dishes?,Josephine Estelle,2
Where can I dine and learn about the dishes?,Briquette,2
Where can I dine and learn about the dishes?,Marcello's Restaurant & Wine Bar,3
Where can I dine and learn about the dishes?,Ye Olde College Inn,2
Where can I dine and learn about the dishes?,Cowbell,2
Where can I dine and learn about the dishes?,The Pelican Club,2
Where can I dine and learn about the dishes?,The Court of Two Sisters,2
Where can I dine and learn about the dishes?,Vincent's Italian Cuisine,2
Where can I dine and learn about the dishes?,Mona's Cafe,2
Where can I dine and learn about the dishes?,Paladar 511,3
Where can I dine and learn about the dishes?,Tommy's Cuisine,2
Where can I dine and learn about the dishes?,Salú Bistro and Bar,2
Where can I dine and learn about the dishes?,Eat New Orleans,2
Where can I dine and learn about the dishes?,Crescent City Steak House,2
Where can I dine and learn about the dishes?,Ruby Slipper Cafe,2
Where can I dine and learn about the dishes?,Landry's Seafood House,2
Where can I dine and learn about the dishes?,Meril,3
Where can I dine and learn about the dishes?,Muriel's Jackson Square,3
Where can I dine and learn about the dishes?,Criollo Restaurant,2
Where can I dine and learn about the dishes?,St Roch Market,3
Where can I dine and learn about the dishes?,Dooky Chase's Restaurant,3
Where can I dine and learn about the dishes?,Tujague's Restaurant,3
Where can I dine and learn about the dishes?,Sneaky Pickle,3
Where can I dine and learn about the dishes?,La Crepe Nanou,2
Where can I dine and learn about the dishes?,1000 Figs,2
Where can I dine and learn about the dishes?,Galatoire's Restaurant,3
Where can I dine and learn about the dishes?,La Petite Grocery,2
Where can I dine and learn about the dishes?,El Gato Negro,2
Where can I dine and learn about the dishes?,Restaurant Rebirth,3
Where can I dine and learn about the dishes?,Juan's Flying Burrito,2
Where can I dine and learn about the dishes?,Copper Vine,2
Where can I dine and learn about the dishes?,Galatoire's 33 Bar & Steak,2
Where can I dine and learn about the dishes?,Annunciation,2
Where can I dine and learn about the dishes?,Emeril's ,2
Where can I dine and learn about the dishes?,Fogo de Chão Brazilian Steakhouse,2
Where can I dine and learn about the dishes?,High Hat Cafe,2
Where can I dine and learn about the dishes?,Atchafalaya Restaurant,3
Where can I dine and learn about the dishes?,Brown Butter Southern Kitchen & Bar,2
Where can I dine and learn about the dishes?,The Irish House,2
Where can I dine and learn about the dishes?,Saba,3
Where can I dine and learn about the dishes?,Slice Pizzeria,2
Where can I dine and learn about the dishes?,Sofia,2
Where can I dine and learn about the dishes?,The Joint,1
Where can I dine and learn about the dishes?,Brennan's Restaurant,2
Where can I dine and learn about the dishes?,Adolfo's,3
Where can I dine and learn about the dishes?,Dante's Kitchen,2
Where can I dine and learn about the dishes?,Wayfare,2
Where can I dine and learn about the dishes?,Borgne,3
Where can I dine and learn about the dishes?,Vessel NOLA,3
Where can I dine and learn about the dishes?,Ralph's on the Park,2
Where can I dine and learn about the dishes?,Cochon,2
Where can I dine and learn about the dishes?,The Steakhouse,2
Where can I dine and learn about the dishes?,Pêche,2
Where can I dine and learn about the dishes?,McClure's,3
Where can I dine and learn about the dishes?,The Italian Barrel,2
Where can I dine and learn about the dishes?,New Orleans Hamburger & Seafood Co,1
Where can I dine and learn about the dishes?,Arnaud's Restaurant,2
Where can I dine and learn about the dishes?,Three Muses,3
Where can I dine and learn about the dishes?,Red Fish Grill,3
Where can I dine and learn about the dishes?,Sassafras Restaurant,2
Where can I dine and learn about the dishes?,Toast,3
Where can I dine and learn about the dishes?,NOLA Restaurant,2
Where can I dine and learn about the dishes?,Tableau,2
Where can I dine and learn about the dishes?,Dickie Brennan's Steakhouse,2
Where can I dine and learn about the dishes?,Charcoal's Gourmet Burger Bar,1
Where can I dine and learn about the dishes?,GW Fins,2
Where can I dine and learn about the dishes?,Jack Rose,3
Where can I dine and learn about the dishes?,Mizado Latin Kitchen,1
Where can I dine and learn about the dishes?,Nirvana Indian Cuisine,2
Where can I dine and learn about the dishes?,SoBou,2
Where can I dine and learn about the dishes?,Angeline,2
Where can I dine and learn about the dishes?,Maypop Restaurant,3
Where can I dine and learn about the dishes?,Ugly Dog Saloon & BBQ,1
Where can I dine and learn about the dishes?,La Thai Uptown,2
Where can I dine and learn about the dishes?,Cafe Sbisa,3
Where can I dine and learn about the dishes?,Red's Chinese,3
Where can I dine and learn about the dishes?,Palace Café,2
Where can I dine and learn about the dishes?,Mayas,2
Where can I dine and learn about the dishes?,The Bombay Club,2
Where can I dine and learn about the dishes?,Cavan,2
Where can I dine and learn about the dishes?,Little Korea BBQ,3
Where can I dine and learn about the dishes?,Doris Metropolitan,3
Where can I dine and learn about the dishes?,Ruth's Chris Steak House,2
Where can I dine and learn about the dishes?,Sylvain,2
Where can I dine and learn about the dishes?,DTB,3
Where can I dine and learn about the dishes?,Satsuma Café,2
Where can I dine and learn about the dishes?,Heard Dat Kitchen,3
Where can I dine and learn about the dishes?,Boswell's Jamaican Grill,2
Where can I dine and learn about the dishes?,Lola's,2
Where can I dine and learn about the dishes?,Nolé,2
Where can I dine and learn about the dishes?,Rebellion Bar & Urban Kitchen,2
Where can I dine and learn about the dishes?,The Backyard,1
Where can I dine and learn about the dishes?,Brennan's,3
Where can I dine and learn about the dishes?,Saint Lawrence,2
Where can I dine and learn about the dishes?,Houston's Restaurant,2
Where can I dine and learn about the dishes?,Chartres House,2
Where can I dine and learn about the dishes?,Arabella Casa Di Pasta,2
Where can I dine and learn about the dishes?,Desi Vega's Steakhouse,2
Where can I dine and learn about the dishes?,Walk-On's Sports Bistreaux - New Orleans,2
Where can I dine and learn about the dishes?,Majoria's Commerce Restaurant,2
Where can I dine and learn about the dishes?,Superior Grill,1
Where can I dine and learn about the dishes?,New Orleans Creole Cookery,2
Where can I dine and learn about the dishes?,Lula Restaurant Distillery,3
Where can I dine and learn about the dishes?,Baru Bistro & Tapas,2
Where can I dine and learn about the dishes?,Voodoo BBQ & Grill,2
Where can I dine and learn about the dishes?,13 Monaghan,2
Where can I dine and learn about the dishes?,Rib Room,2
Where can I dine and learn about the dishes?,Elizabeth's Restaurant,2
Where can I dine and learn about the dishes?,Please-U-Restaurant,3
Where can I dine and learn about the dishes?,Café at The Square,2
Where can I dine and learn about the dishes?,Blue Oak BBQ,2
Where can I dine and learn about the dishes?,HORN'S EATERY,2
Where can I dine and learn about the dishes?,Bennachin Restaurant,3
Where can I dine and learn about the dishes?,Dat Dog,2
Where can I dine and learn about the dishes?,Cochon Butcher,2
Where can I dine and learn about the dishes?,Legacy Kitchen's Craft Tavern,2
Where can I dine and learn about the dishes?,Slim Goodies Diner,2
Where can I dine and learn about the dishes?,Squeal,2
Where can I dine and learn about the dishes?,Central City BBQ,2
Where can I dine and learn about the dishes?,Capdeville,2
Where can I dine and learn about the dishes?,Another Broken Egg Cafe,2
Where can I dine and learn about the dishes?,Vacherie,2
Where can I dine and learn about the dishes?,biscuit & buns on banks,2
Where can I dine and learn about the dishes?,Mimi's In The Marigny,3
Where can I dine and learn about the dishes?,Carmo,2
Where can I dine and learn about the dishes?,The Marigny Brasserie,2
Where can I dine and learn about the dishes?,Russell's Marina Grill,2
Where can I dine and learn about the dishes?,GG's Dine-O-Rama,2
Where can I dine and learn about the dishes?,Li'l Dizzy's Cafe,2
Where can I dine and learn about the dishes?,Kingfish,2
Where can I dine and learn about the dishes?,The Munch Factory,2
Where can I dine and learn about the dishes?,Riccobono’s Panola St. Cafe,2
Where can I dine and learn about the dishes?,Noodle & Pie,2
Where can I dine and learn about the dishes?,Apolline Restaurant,2
Where can I dine and learn about the dishes?,Crescent City Brewhouse,2
Where can I dine and learn about the dishes?,Mandina's Restaurant,2
Where can I dine and learn about the dishes?,Little Gem Saloon,3
Where can I dine and learn about the dishes?,Deanie's Seafood,2
Where can I dine and learn about the dishes?,CellarDoor,2
Where can I dine and learn about the dishes?,Katie's Restaurant & Bar,2
Where can I dine and learn about the dishes?,Mr. B's Bistro,2
Where can I dine and learn about the dishes?,Lebanon's Cafe,2
Where can I dine and learn about the dishes?,Justine,2
Where can I dine and learn about the dishes?,Felipe's Mexican Taqueria - French Quarter,2
Where can I dine and learn about the dishes?,Joey K's Restaurant & Bar,2
Where can I dine and learn about the dishes?,The Velvet Cactus,2
Where can I dine and learn about the dishes?,Café Adelaide,2
Where can I dine and learn about the dishes?,Port Of Call,2
Where can I dine and learn about the dishes?,Tito's Ceviche & Pisco,3
Where can I dine and learn about the dishes?,Down The Hatch,2
Where can I dine and learn about the dishes?,Milk Bar,1
Where can I dine and learn about the dishes?,Pascal's Manale,2
Where can I dine and learn about the dishes?,Maïs Arepas,3
Where can I dine and learn about the dishes?,Cane and Table,2
Where can I dine and learn about the dishes?,Santa Fe,2
Where can I dine and learn about the dishes?,The Country Club,2
Where can I dine and learn about the dishes?,Avery's On Tulane,2
Where can I dine and learn about the dishes?,Flamingo A-Go-Go,2
Where can I dine and learn about the dishes?,Bearcat CBD,3
Where can I dine and learn about the dishes?,Venezia Restaurant,2
Where can I dine and learn about the dishes?,Domenica,2
Where can I dine and learn about the dishes?,Bon Ton Cafe,2
Where can I dine and learn about the dishes?,Louisiana Pizza Kitchen,2
Where can I dine and learn about the dishes?,Ignatius' Rue de La Course Coffeehouse,2
Where can I dine and learn about the dishes?,Hobnobber's Variety Bar & Restaurant,2
Where can I dine and learn about the dishes?,Red Gravy,2
Where can I dine and learn about the dishes?,Bakery Bar,1
Where can I dine and learn about the dishes?,Angeli on Decatur,2
Where can I dine and learn about the dishes?,The Original French Market Restaurant and Bar,2
Where can I dine and learn about the dishes?,The Avenue Pub,2
Where can I dine and learn about the dishes?,Beachbum Berry's Latitude 29,3
Where can I dine and learn about the dishes?,Red Dog Diner,2
Where can I dine and learn about the dishes?,Cafe Maspero,2
Where can I dine and learn about the dishes?,Taqueria Corona,1
Where can I dine and learn about the dishes?,Huck Finn's Cafe,2
Where can I dine and learn about the dishes?,La Casita,2
Where can I dine and learn about the dishes?,Tracey's Original Irish Channel Bar,2
Where can I dine and learn about the dishes?,Salon by Sucré,2
Where can I dine and learn about the dishes?,Coop's Place,2
Where can I dine and learn about the dishes?,Ancora,3
Where can I dine and learn about the dishes?,St Charles Tavern,2
Where can I dine and learn about the dishes?,Bearcat Cafe,2
Where can I dine and learn about the dishes?,Superior Seafood & Oyster Bar,2
Where can I dine and learn about the dishes?,Clover Grill,2
Where can I dine and learn about the dishes?,La Macarena Pupuseria & Latin Cafe,3
Where can I dine and learn about the dishes?,Evangeline,2
Where can I dine and learn about the dishes?,P & G Restaurant & Bar,2
Where can I dine and learn about the dishes?,New Orleans Cake Café & Bakery,2
Where can I dine and learn about the dishes?,The Praline Connection,2
Where can I dine and learn about the dishes?,Trenasse,2
Where can I dine and learn about the dishes?,The Old Coffee Pot Restaurant,2
Where can I dine and learn about the dishes?,The Trolley Stop Cafe,2
Where can I dine and learn about the dishes?,Sake Cafe Uptown,2
Where can I dine and learn about the dishes?,Broussard's,2
Where can I dine and learn about the dishes?,Mint Modern Vietnamese Bistro & Bar,2
Where can I dine and learn about the dishes?,Ba Chi Canteen,2
Where can I dine and learn about the dishes?,Gumbo Shop,2
Where can I dine and learn about the dishes?,Manning's Sports Bar and Grill,1
Where can I dine and learn about the dishes?,Mona Lisa Restaurant,2
Where can I dine and learn about the dishes?,Curio,2
Where can I dine and learn about the dishes?,The Original Pierre Maspero's,2
Where can I dine and learn about the dishes?,Welty's Deli and Catering,3
Where can I dine and learn about the dishes?,Mopho,2
Where can I dine and learn about the dishes?,Frey Smoked Meat,2
Where can I dine and learn about the dishes?,Johnny Sanchez,2
Where can I dine and learn about the dishes?,Cafe Rose Nicaud,2
Where can I dine and learn about the dishes?,Taqueria Guerrero,2
Where can I dine and learn about the dishes?,Refuel Cafe,2
Where can I dine and learn about the dishes?,Cornet,2
Where can I dine and learn about the dishes?,Le Bayou Restaurant,2
Where can I dine and learn about the dishes?,Willie's Chicken Shack,2
Where can I dine and learn about the dishes?,Cafe Pontalba,2
Where can I dine and learn about the dishes?,Gordon Biersch Brewery Restaurant,2
Where can I dine and learn about the dishes?,Hard Rock Cafe,2
Where can I dine and learn about the dishes?,Fullblast Brunch,2
Where can I dine and learn about the dishes?,Buffa's Bar & Restaurant,2
Where can I dine and learn about the dishes?,Jagerhaus,2
Where can I dine and learn about the dishes?,Steamboat Natchez,3
Where can I dine and learn about the dishes?,Wakin' Bakin',2
Where can I dine and learn about the dishes?,Del Fuego,2
Where can I dine and learn about the dishes?,Snug Harbor Jazz Bistro,2
Where can I dine and learn about the dishes?,Namese,2
Where can I dine and learn about the dishes?,Stanley,2
Where can I dine and learn about the dishes?,Seed,2
Where can I dine and learn about the dishes?,Ole Saint,2
Where can I dine and learn about the dishes?,Felix's Restaurant & Oyster Bar,2
Where can I dine and learn about the dishes?,Felipe's Mexican Taqueria - Uptown,2
Where can I dine and learn about the dishes?,Tout De Suite Cafe,2
Where can I dine and learn about the dishes?,Basin Seafood & Spirits,2
Where can I dine and learn about the dishes?,Midway Pizza,2
Where can I dine and learn about the dishes?,Cure,3
Where can I dine and learn about the dishes?,Pho Bistreaux,2
Where can I dine and learn about the dishes?,Dong Phuong,3
Where can I dine and learn about the dishes?,Diamond Street Bar & Grill,2
Where can I dine and learn about the dishes?,Copeland's Cheesecake Bistro,1
Where can I dine and learn about the dishes?,The Company Burger,2
Where can I dine and learn about the dishes?,Frankie & Johnny's,2
Where can I dine and learn about the dishes?,Hoshun Restaurant,1
Where can I dine and learn about the dishes?,Yuki Izakaya,2
Where can I dine and learn about the dishes?,Cleo's,2
Where can I dine and learn about the dishes?,Warehouse Grille,2
Where can I dine and learn about the dishes?,Sweet Soulfood,3
Where can I dine and learn about the dishes?,Magasin Vietnamese Cafe,2
Where can I dine and learn about the dishes?,Tartine,2
Where can I dine and learn about the dishes?,Galliano Restaurant,3
Where can I dine and learn about the dishes?,Oceana Grill,2
Where can I dine and learn about the dishes?,The Rum House,2
Where can I dine and learn about the dishes?,Amici,2
Where can I dine and learn about the dishes?,Pizza Delicious,2
Where can I dine and learn about the dishes?,Cajun Seafood,2
Where can I dine and learn about the dishes?,Tacos And Beer,1
Where can I dine and learn about the dishes?,Estrella Steak & Lobster,2
Where can I dine and learn about the dishes?,Mother's Restaurant,2
Where can I dine and learn about the dishes?,Yo Mama's Bar & Grill,2
Where can I dine and learn about the dishes?,The Market Cafe,1
Where can I dine and learn about the dishes?,Who Dat Coffee Cafe,2
Where can I dine and learn about the dishes?,Casa Borrega,3
Where can I dine and learn about the dishes?,Little Tokyo Small Plates & Noodle Bar,2
Where can I dine and learn about the dishes?,Deja Vu Restaurant & Bar,2
Where can I dine and learn about the dishes?,Bourbon House,2
Where can I dine and learn about the dishes?,Mr Ed's Oyster Bar - Bienville,2
Where can I dine and learn about the dishes?,Ernst Cafe,2
Where can I dine and learn about the dishes?,Dreamy Weenies,2
Where can I dine and learn about the dishes?,Seither's Seafood,2
Where can I dine and learn about the dishes?,The Blue Crab Restaurant & Oyster Bar,2
Where can I dine and learn about the dishes?,Nacho Mama's Mexican Grill,1
Where can I dine and learn about the dishes?,Pizza Domenica,2
Where can I dine and learn about the dishes?,Cafe Fleur De Lis,2
Where can I dine and learn about the dishes?,Faubourg Bistro,2
Where can I dine and learn about the dishes?,Casamento's Restaurant,2
Where can I dine and learn about the dishes?,Cooter Brown's,2
Where can I dine and learn about the dishes?,Bubba Gump Shrimp Co.,2
Where can I dine and learn about the dishes?,The Governor,2
Where can I dine and learn about the dishes?,Saint Cecilia,2
Where can I dine and learn about the dishes?,Creole House Restaurant & Oyster Bar,2
Where can I dine and learn about the dishes?,Coulis,2
Where can I dine and learn about the dishes?,801 Royal,2
Where can I dine and learn about the dishes?,Fharmacy Nola,3
Where can I dine and learn about the dishes?,Rock-n-Saké Bar & Sushi,2
Where can I dine and learn about the dishes?,Grand Isle,2
Where can I dine and learn about the dishes?,Willa Jean,2
Where can I dine and learn about the dishes?,Nonna Mia Cafe & Pizzeria,2
Where can I dine and learn about the dishes?,Blaze Pizza,2
Where can I dine and learn about the dishes?,Morrow's,1
Where can I dine and learn about the dishes?,Mulate's,2
Where can I dine and learn about the dishes?,The Howlin' Wolf,2
Where can I dine and learn about the dishes?,Nomiya,2
Where can I dine and learn about the dishes?,Surrey's Uptown,2
Where can I dine and learn about the dishes?,Columns,2
Where can I dine and learn about the dishes?,Fat Boy Pantry,2
Where can I dine and learn about the dishes?,Luke,2
Where can I dine and learn about the dishes?,Kebab,2
Where can I dine and learn about the dishes?,BOIL Seafood House,2
Where can I dine and learn about the dishes?,Parasol's,2
Where can I dine and learn about the dishes?,Saints And Sinners,2
Where can I dine and learn about the dishes?,Turkey and the Wolf,2
Where can I dine and learn about the dishes?,The Maison,2
Where can I dine and learn about the dishes?,Lucy's Retired Surfers Bar & Restaurant,1
Where can I dine and learn about the dishes?,Coterie Restaurant & Oyster Bar,2
Where can I dine and learn about the dishes?,Neyow's Creole Cafe,2
Where can I dine and learn about the dishes?,Wood Pizza Bistro and Taphouse,2
Where can I dine and learn about the dishes?,Pho Tau Bay Restaurant,2
Where can I dine and learn about the dishes?,Fiorella's Cafe,1
Where can I dine and learn about the dishes?,Mena's Palace,2
Where can I dine and learn about the dishes?,Tsunami Sushi,2
Where can I dine and learn about the dishes?,Killer Poboys,2
Where can I dine and learn about the dishes?,Verti Marte,1
Where can I dine and learn about the dishes?,9 Roses Cafe,2
Where can I dine and learn about the dishes?,Victory,3
Where can I dine and learn about the dishes?,Jimmy J's Cafe,2
Where can I dine and learn about the dishes?,Gazebo Cafe,2
Where can I dine and learn about the dishes?,Belle's Diner Nola,2
Where can I dine and learn about the dishes?,Liuzza's By The Track,2
Where can I dine and learn about the dishes?,Ninja Restaurant,1
Where can I dine and learn about the dishes?,Felipe's Mexican Taqueria - Mid City,2
Where can I dine and learn about the dishes?,Cafe Conti,2
Where can I dine and learn about the dishes?,The Halal Guys,2
Where can I dine and learn about the dishes?,Liberty Cheesesteaks,1
Where can I dine and learn about the dishes?,Clesi's Restaurant & Catering,2
Where can I dine and learn about the dishes?,Cuñada,2
Where can I dine and learn about the dishes?,Parkway Bakery & Tavern,2
Where can I dine and learn about the dishes?,Pere Antoine Restaurant,1
Where can I dine and learn about the dishes?,Guy's Po Boys,2
Where can I dine and learn about the dishes?,The Jimani,2
Where can I dine and learn about the dishes?,The Rusty Nail,2
Where can I dine and learn about the dishes?,Desire Oyster Bar,3
Where can I dine and learn about the dishes?,Crabby Jack's,2
Where can I dine and learn about the dishes?,Surrey's Café & Juice Bar,2
Where can I dine and learn about the dishes?,The Bulldog,1
Where can I dine and learn about the dishes?,Union Kitchen & Union Party Room,1
Where can I dine and learn about the dishes?,Lilly's Cafe,2
Where can I dine and learn about the dishes?,Dian Xin,2
Where can I dine and learn about the dishes?,Streetcar Cafe,2
Where can I dine and learn about the dishes?,Attiki Bar and Grill,2
Where can I dine and learn about the dishes?,Seaworthy,2
Where can I dine and learn about the dishes?,Olde Nola Cookery,2
Where can I dine and learn about the dishes?,Franks Restaurant,1
Where can I dine and learn about the dishes?,Araña Taqueria y Cantina,1
Where can I dine and learn about the dishes?,Five Happiness Chinese Restaurant,1
Where can I dine and learn about the dishes?,Turtle Bay,2
Where can I dine and learn about the dishes?,Breads on Oak Cafe & Bakery,2
Where can I dine and learn about the dishes?,Pier 424 Seafood Market,1
Where can I dine and learn about the dishes?,Bayou Burger & Sports Company,2
Where can I dine and learn about the dishes?,Two Chicks Cafe,1
Where can I dine and learn about the dishes?,The Vintage,2
Where can I dine and learn about the dishes?,Jung's Golden Dragon II,3
Where can I dine and learn about the dishes?,Poke Loa,2
Where can I dine and learn about the dishes?,House of Blues New Orleans,2
Where can I dine and learn about the dishes?,The Crazy Lobster Bar & Grill,1
Where can I dine and learn about the dishes?,The Daily Beet,2
Where can I dine and learn about the dishes?,Remoulade,2
Where can I dine and learn about the dishes?,Chiba,2
Where can I dine and learn about the dishes?,District Donuts Sliders Brew,2
Where can I dine and learn about the dishes?,Stein's Market and Deli,2
Where can I dine and learn about the dishes?,Meals From The Heart Cafe,2
Where can I dine and learn about the dishes?,Backspace Bar & Kitchen,2
Where can I dine and learn about the dishes?,Willie Mae's Scotch House,2
Where can I dine and learn about the dishes?,Domilise Po-Boys & Bar,2
Where can I dine and learn about the dishes?,Sushi Brothers,2
Where can I dine and learn about the dishes?,Cafe Envie & Espresso Bar,2
Where can I dine and learn about the dishes?,Ruby Slipper - New Orleans,2
Where can I dine and learn about the dishes?,Mr. Ed's Oyster Bar - St Charles Ave,2
Where can I dine and learn about the dishes?,Gumbo POT,1
Where can I dine and learn about the dishes?,Mikimoto,2
Where can I dine and learn about the dishes?,Bevi Seafood,2
Where can I dine and learn about the dishes?,Napoleon House,2
Where can I dine and learn about the dishes?,Pat O'Brien's Courtyard Restaurant,2
Where can I dine and learn about the dishes?,Acme Oyster House,2
Where can I dine and learn about the dishes?,J's Seafood Dock,2
Where can I dine and learn about the dishes?,Royal House,2
Where can I dine and learn about the dishes?,Dolce Vita Pizzeria,2
Where can I dine and learn about the dishes?,Barcadia,1
Where can I dine and learn about the dishes?,Tiki Tolteca,2
Where can I dine and learn about the dishes?,"The Ritz-Carlton, New Orleans",2
Where can I dine and learn about the dishes?,Mahony's Po-Boys & Seafood,2
Where can I dine and learn about the dishes?,Tru Burger,0
Where can I dine and learn about the dishes?,Brothers Food Mart,1
Where can I dine and learn about the dishes?,Windsor Court Hotel,3
Where can I dine and learn about the dishes?,Le Pavillon Hotel,2
Where can I dine and learn about the dishes?,Monty's on the Square,2
Where can I dine and learn about the dishes?,Pat O'Brien’s,2
Where can I dine and learn about the dishes?,The Blind Pelican,1
Where can I dine and learn about the dishes?,French Toast,2
Where can I dine and learn about the dishes?,Gus's World Famous Fried Chicken,2
Where can I dine and learn about the dishes?,Cajun Mike's Pub & Grub,2
Where can I dine and learn about the dishes?,Daisy Dukes - French Quarter,1
Where can I dine and learn about the dishes?,Morning Call Coffee Stand,2
Where can I dine and learn about the dishes?,HiVolt Coffee,1
Where can I dine and learn about the dishes?,Reginelli's Pizzeria,2
Where can I dine and learn about the dishes?,Shawarma on the Go,2
Where can I dine and learn about the dishes?,Backatown Coffee Parlour,2
Where can I dine and learn about the dishes?,Mambo's,3
Where can I dine and learn about the dishes?,BB King's Blues Club,2
Where can I dine and learn about the dishes?,Johnny's Po-Boys,2
Where can I dine and learn about the dishes?,Asuka Sushi & Hibachi,1
Where can I dine and learn about the dishes?,IHOP,1
Where can I dine and learn about the dishes?,Copper Monkey Grill,2
Where can I dine and learn about the dishes?,Bayou Hot Wings,2
Where can I dine and learn about the dishes?,Arnaud's French 75 Bar,3
Where can I dine and learn about the dishes?,Corner Oyster House,1
Where can I dine and learn about the dishes?,Mid City Pizza,1
Where can I dine and learn about the dishes?,Geisha Sushi Bistro,1
Where can I dine and learn about the dishes?,Gumbo Ya-Ya,2
Where can I dine and learn about the dishes?,Avenue Cafe,1
Where can I dine and learn about the dishes?,Cafe Beignet on Bourbon Street,2
Where can I dine and learn about the dishes?,Cafe Negril,2
Where can I dine and learn about the dishes?,Dave & Buster's,0
Where can I dine and learn about the dishes?,Krystal,1
Where can I dine and learn about the dishes?,World Famous N'awlins Cafe & Spice Emporium,2
Where can I dine and learn about the dishes?,Gallier Restaurant & Oyster Bar,2
Where can I dine and learn about the dishes?,Origami,2
Where can I dine and learn about the dishes?,Merchant,3
Where can I dine and learn about the dishes?,Mahony's Po-Boys & Seafood  - Uptown,2
Where can I dine and learn about the dishes?,Bamboula's,2
Where can I dine and learn about the dishes?,Daisy Mae's Southern Fried Chicken & Breakfast,2
Where can I dine and learn about the dishes?,Drago's Seafood Restaurant,2
Where can I dine and learn about the dishes?,Two Chicks Café - CBD,2
Where can I dine and learn about the dishes?,The American Sports Saloon,1
Where can I dine and learn about the dishes?,G's Pizza,2
Where can I dine and learn about the dishes?,Acme Oyster House - Harrahs,2
Where can I dine and learn about the dishes?,Three Legged Dog,1
Where can I dine and learn about the dishes?,Gene's PO-Boys,1
Where can I dine and learn about the dishes?,NOLA Poboys,2
Where can I dine and learn about the dishes?,Melba's,2
Where can I dine and learn about the dishes?,30_90 NOLA,2
Where can I dine and learn about the dishes?,The Original Italian Pie,1
Where can I dine and learn about the dishes?,Daisy Dukes Express,1
Where can I dine and learn about the dishes?,Hilton New Orleans Riverside,2
Where can I dine and learn about the dishes?,New Orleans Marriott,2
Where can I dine and learn about the dishes?,Rue De La Course,2
Where can I dine and learn about the dishes?,Daisy Dukes Cafe,1
Where can I dine and learn about the dishes?,Croissant D'Or Patisserie,1
Where can I dine and learn about the dishes?,The Jazz Playhouse,1
Where can I dine and learn about the dishes?,Pirates Alley Cafe,2
Where can I dine and learn about the dishes?,Sucré,0
Where can I dine and learn about the dishes?,The Old No 77 Hotel and Chandlery,3
Where can I dine and learn about the dishes?,Café Du Monde,2
Where can I dine and learn about the dishes?,Embassy Suites by Hilton New Orleans,2
Where can I dine and learn about the dishes?,Paddlewheeler Creole Queen,3
Where can I dine and learn about the dishes?,Sheraton New Orleans Hotel,2
Where can I dine and learn about the dishes?,Crescent City Pizza Works,1
Where can I dine and learn about the dishes?,Hotel New Orleans Downtown,2
Where can I dine and learn about the dishes?,We Dat's Chicken and Shrimp,1
Where can I dine and learn about the dishes?,Bittersweet Confections,1
Where can I dine and learn about the dishes?,Cafe Beignet on Royal Street,2
Where can I dine and learn about the dishes?,Royal Sonesta New Orleans,2
Where can I dine and learn about the dishes?,Mojo Coffee House,2
Where can I dine and learn about the dishes?,W New Orleans - French Quarter,2
Where can I dine and learn about the dishes?,Central Grocery & Deli,2
Where can I dine and learn about the dishes?,Hot Tin,1
Where can I dine and learn about the dishes?,Magazine Pizza,1
Where can I dine and learn about the dishes?,La Boulangerie,1
Where can I dine and learn about the dishes?,Cafe Beignet on Decatur Street,2
Where can I dine and learn about the dishes?,Envie Espresso Bar & Cafe,1
Where can I dine and learn about the dishes?,Angelo Brocato,2
Where can I dine and learn about the dishes?,French Truck Coffee,2
Where can I dine and learn about the dishes?,Vieux Carre Pizza,1
Where can I dine and learn about the dishes?,Sazerac Bar,1
Where can I dine and learn about the dishes?,French Quarter Phantoms,1
Where can I dine and learn about the dishes?,Fritzel's European Jazz Pub,1
Where can I dine and learn about the dishes?,Piccola Gelateria,2
Where can I dine and learn about the dishes?,Revelator Coffee New Orleans,2
Where can I dine and learn about the dishes?,Old Absinthe House,2
Where can I dine and learn about the dishes?,New Orleans Famous Beignets And Coffee,2
Where can I dine and learn about the dishes?,Holy Crepes!,3
Which restaurants successfully blend different cuisines?,Sake Cafe Uptown,2
Which restaurants successfully blend different cuisines?,SukhoThai,2
Which restaurants successfully blend different cuisines?,Saffron nola,3
Which restaurants successfully blend different cuisines?,Yuki Izakaya,2
Which restaurants successfully blend different cuisines?,El Gato Negro,2
Which restaurants successfully blend different cuisines?,Tsunami Sushi,2
Which restaurants successfully blend different cuisines?,Juan's Flying Burrito,3
Which restaurants successfully blend different cuisines?,Hoshun Restaurant,2
Which restaurants successfully blend different cuisines?,Chiba,3
Which restaurants successfully blend different cuisines?,Louisiana Bistro,3
Which restaurants successfully blend different cuisines?,Mikimoto,2
Which restaurants successfully blend different cuisines?,Mizado Latin Kitchen,3
Which restaurants successfully blend different cuisines?,Ninja Restaurant,2
Which restaurants successfully blend different cuisines?,Booty's Street Food,3
Which restaurants successfully blend different cuisines?,Taqueria Guerrero,0
Which restaurants successfully blend different cuisines?,Little Korea BBQ,1
Which restaurants successfully blend different cuisines?,Stella!,3
Which restaurants successfully blend different cuisines?,Paladar 511,3
Which restaurants successfully blend different cuisines?,Gyu-Kaku Japanese BBQ,2
Which restaurants successfully blend different cuisines?,Sushi Brothers,2
Which restaurants successfully blend different cuisines?,Maypop Restaurant,3
Which restaurants successfully blend different cuisines?,Coquette,3
Which restaurants successfully blend different cuisines?,Rock-n-Saké Bar & Sushi,3
Which restaurants successfully blend different cuisines?,Asuka Sushi & Hibachi,3
Which restaurants successfully blend different cuisines?,Origami,3
Which restaurants successfully blend different cuisines?,Bayona,3
Which restaurants successfully blend different cuisines?,Noodle & Pie,3
Which restaurants successfully blend different cuisines?,La Thai Uptown,3
Which restaurants successfully blend different cuisines?,Arabella Casa Di Pasta,2
Which restaurants successfully blend different cuisines?,Compère Lapin,3
Which restaurants successfully blend different cuisines?,Red's Chinese,3
Which restaurants successfully blend different cuisines?,Root,3
Which restaurants successfully blend different cuisines?,Nirvana Indian Cuisine,2
Which restaurants successfully blend different cuisines?,Rebellion Bar & Urban Kitchen,3
Which restaurants successfully blend different cuisines?,Geisha Sushi Bistro,2
Which restaurants successfully blend different cuisines?,Sofia,2
Which restaurants successfully blend different cuisines?,Johnny Sanchez,3
Which restaurants successfully blend different cuisines?,The Velvet Cactus,3
Which restaurants successfully blend different cuisines?,Del Fuego,2
Which restaurants successfully blend different cuisines?,Tito's Ceviche & Pisco,3
Which restaurants successfully blend different cuisines?,Restaurant August,3
Which restaurants successfully blend different cuisines?,Jung's Golden Dragon II,2
Which restaurants successfully blend different cuisines?,Vincent's Italian Cuisine,0
Which restaurants successfully blend different cuisines?,Green Goddess,3
Which restaurants successfully blend different cuisines?,Josephine Estelle,3
Which restaurants successfully blend different cuisines?,The Italian Barrel,1
Which restaurants successfully blend different cuisines?,Ba Chi Canteen,3
Which restaurants successfully blend different cuisines?,Nolé,2
Which restaurants successfully blend different cuisines?,Little Tokyo Small Plates & Noodle Bar,2
Which restaurants successfully blend different cuisines?,Kin,3
Which restaurants successfully blend different cuisines?,Venezia Restaurant,1
Which restaurants successfully blend different cuisines?,Brigtsen's Restaurant,2
Which restaurants successfully blend different cuisines?,Marcello's Restaurant & Wine Bar,1
Which restaurants successfully blend different cuisines?,Taqueria Corona,1
Which restaurants successfully blend different cuisines?,Beachbum Berry's Latitude 29,3
Which restaurants successfully blend different cuisines?,Mayas,3
Which restaurants successfully blend different cuisines?,Santa Fe,2
Which restaurants successfully blend different cuisines?,Saba,3
Which restaurants successfully blend different cuisines?,Auction House Market,2
Which restaurants successfully blend different cuisines?,Felipe's Mexican Taqueria - French Quarter,1
Which restaurants successfully blend different cuisines?,Wayfare,2
Which restaurants successfully blend different cuisines?,Shaya,3
Which restaurants successfully blend different cuisines?,Herbsaint,3
Which restaurants successfully blend different cuisines?,Mona's Cafe,2
Which restaurants successfully blend different cuisines?,Casa Borrega,2
Which restaurants successfully blend different cuisines?,Superior Grill,1
Which restaurants successfully blend different cuisines?,Cuñada,2
Which restaurants successfully blend different cuisines?,Araña Taqueria y Cantina,2
Which restaurants successfully blend different cuisines?,Dante's Kitchen,3
Which restaurants successfully blend different cuisines?,Baru Bistro & Tapas,3
Which restaurants successfully blend different cuisines?,La Casita,2
Which restaurants successfully blend different cuisines?,Mopho,3
Which restaurants successfully blend different cuisines?,Maïs Arepas,2
Which restaurants successfully blend different cuisines?,The American Sector,1
Which restaurants successfully blend different cuisines?,K-Paul's Louisiana Kitchen,2
Which restaurants successfully blend different cuisines?,Tommy's Cuisine,2
Which restaurants successfully blend different cuisines?,Adolfo's,2
Which restaurants successfully blend different cuisines?,Carmo,3
Which restaurants successfully blend different cuisines?,SoBou,3
Which restaurants successfully blend different cuisines?,Meril,3
Which restaurants successfully blend different cuisines?,High Hat Cafe,1
Which restaurants successfully blend different cuisines?,La Petite Grocery,2
Which restaurants successfully blend different cuisines?,Salú Bistro and Bar,2
Which restaurants successfully blend different cuisines?,Felipe's Mexican Taqueria - Uptown,0
Which restaurants successfully blend different cuisines?,Restaurant R'evolution,3
Which restaurants successfully blend different cuisines?,Dick & Jenny's,2
Which restaurants successfully blend different cuisines?,La Macarena Pupuseria & Latin Cafe,2
Which restaurants successfully blend different cuisines?,Annunciation,2
Which restaurants successfully blend different cuisines?,Irene's,2
Which restaurants successfully blend different cuisines?,Five Happiness Chinese Restaurant,2
Which restaurants successfully blend different cuisines?,Red Dog Diner,3
Which restaurants successfully blend different cuisines?,Patois Restaurant,2
Which restaurants successfully blend different cuisines?,Emeril's Delmonico,2
Which restaurants successfully blend different cuisines?,Cafe Degas,2
Which restaurants successfully blend different cuisines?,Satsuma Café,2
Which restaurants successfully blend different cuisines?,Gris-Gris,3
Which restaurants successfully blend different cuisines?,Nacho Mama's Mexican Grill,2
Which restaurants successfully blend different cuisines?,Trinity Restaurant New Orleans,2
Which restaurants successfully blend different cuisines?,Cochon,2
Which restaurants successfully blend different cuisines?,Meauxbar,2
Which restaurants successfully blend different cuisines?,Vessel NOLA,2
Which restaurants successfully blend different cuisines?,Café Amelie,2
Which restaurants successfully blend different cuisines?,Bennachin Restaurant,3
Which restaurants successfully blend different cuisines?,Cafe Abyssinia,2
Which restaurants successfully blend different cuisines?,N 7,2
Which restaurants successfully blend different cuisines?,The Gallery Venue at Tomas Bistro,1
Which restaurants successfully blend different cuisines?,Cowbell,2
Which restaurants successfully blend different cuisines?,Boucherie,3
Which restaurants successfully blend different cuisines?,Mint Modern Vietnamese Bistro & Bar,3
Which restaurants successfully blend different cuisines?,Criollo Restaurant,2
Which restaurants successfully blend different cuisines?,Ancora,3
Which restaurants successfully blend different cuisines?,Boswell's Jamaican Grill,3
Which restaurants successfully blend different cuisines?,Borgne,2
Which restaurants successfully blend different cuisines?,DTB,3
Which restaurants successfully blend different cuisines?,Lilette,2
Which restaurants successfully blend different cuisines?,GW Fins,2
Which restaurants successfully blend different cuisines?,Sylvain,2
Which restaurants successfully blend different cuisines?,Ruby Slipper Cafe,2
Which restaurants successfully blend different cuisines?,Lula Restaurant Distillery,2
Which restaurants successfully blend different cuisines?,Jagerhaus,3
Which restaurants successfully blend different cuisines?,Dat Dog,3
Which restaurants successfully blend different cuisines?,Nomiya,1
Which restaurants successfully blend different cuisines?,Jack Rose,2
Which restaurants successfully blend different cuisines?,Dian Xin,2
Which restaurants successfully blend different cuisines?,Eat New Orleans,2
Which restaurants successfully blend different cuisines?,Jacques-Imo's Cafe,2
Which restaurants successfully blend different cuisines?,Salon by Sucré,2
Which restaurants successfully blend different cuisines?,Cavan,2
Which restaurants successfully blend different cuisines?,Ignatius' Rue de La Course Coffeehouse,2
Which restaurants successfully blend different cuisines?,La Boca,2
Which restaurants successfully blend different cuisines?,Upperline,2
Which restaurants successfully blend different cuisines?,Restaurant Rebirth,2
Which restaurants successfully blend different cuisines?,Atchafalaya Restaurant,2
Which restaurants successfully blend different cuisines?,Cane and Table,3
Which restaurants successfully blend different cuisines?,Saint Lawrence,2
Which restaurants successfully blend different cuisines?,Namese,2
Which restaurants successfully blend different cuisines?,Capdeville,2
Which restaurants successfully blend different cuisines?,La Crepe Nanou,2
Which restaurants successfully blend different cuisines?,McClure's,3
Which restaurants successfully blend different cuisines?,Katie's Restaurant & Bar,2
Which restaurants successfully blend different cuisines?,Poke Loa,2
Which restaurants successfully blend different cuisines?,Domenica,2
Which restaurants successfully blend different cuisines?,Sassafras Restaurant,2
Which restaurants successfully blend different cuisines?,Lola's,3
Which restaurants successfully blend different cuisines?,Sneaky Pickle,2
Which restaurants successfully blend different cuisines?,Lebanon's Cafe,2
Which restaurants successfully blend different cuisines?,GG's Dine-O-Rama,2
Which restaurants successfully blend different cuisines?,The Tasting Room,2
Which restaurants successfully blend different cuisines?,The Bombay Club,2
Which restaurants successfully blend different cuisines?,Slice Pizzeria,2
Which restaurants successfully blend different cuisines?,Three Muses,3
Which restaurants successfully blend different cuisines?,Café Adelaide,2
Which restaurants successfully blend different cuisines?,New Orleans School of Cooking,2
Which restaurants successfully blend different cuisines?,Brown Butter Southern Kitchen & Bar,2
Which restaurants successfully blend different cuisines?,Cleo's,2
Which restaurants successfully blend different cuisines?,Louisiana Pizza Kitchen,3
Which restaurants successfully blend different cuisines?,Pêche,2
Which restaurants successfully blend different cuisines?,Ye Olde College Inn,2
Which restaurants successfully blend different cuisines?,Angeline,2
Which restaurants successfully blend different cuisines?,Emeril's ,2
Which restaurants successfully blend different cuisines?,Felipe's Mexican Taqueria - Mid City,0
Which restaurants successfully blend different cuisines?,Angeli on Decatur,1
Which restaurants successfully blend different cuisines?,Kingfish,2
Which restaurants successfully blend different cuisines?,NOLA Restaurant,2
Which restaurants successfully blend different cuisines?,Curio,2
Which restaurants successfully blend different cuisines?,Victory,3
Which restaurants successfully blend different cuisines?,CellarDoor,2
Which restaurants successfully blend different cuisines?,Briquette,2
Which restaurants successfully blend different cuisines?,Clancy's Restaurant,2
Which restaurants successfully blend different cuisines?,Magasin Vietnamese Cafe,2
Which restaurants successfully blend different cuisines?,Basin Seafood & Spirits,2
Which restaurants successfully blend different cuisines?,The Praline Connection,1
Which restaurants successfully blend different cuisines?,Tacos And Beer,2
Which restaurants successfully blend different cuisines?,Dooky Chase's Restaurant,2
Which restaurants successfully blend different cuisines?,The Delachaise,2
Which restaurants successfully blend different cuisines?,Trenasse,3
Which restaurants successfully blend different cuisines?,Coop's Place,2
Which restaurants successfully blend different cuisines?,New Orleans Hamburger & Seafood Co,2
Which restaurants successfully blend different cuisines?,New Orleans Creole Cookery,2
Which restaurants successfully blend different cuisines?,Muriel's Jackson Square,2
Which restaurants successfully blend different cuisines?,Galatoire's Restaurant,1
Which restaurants successfully blend different cuisines?,Gumbo Shop,2
Which restaurants successfully blend different cuisines?,Milk Bar,2
Which restaurants successfully blend different cuisines?,Landry's Seafood House,1
Which restaurants successfully blend different cuisines?,Dong Phuong,3
Which restaurants successfully blend different cuisines?,Amici,2
Which restaurants successfully blend different cuisines?,The Steakhouse,2
Which restaurants successfully blend different cuisines?,Chophouse New Orleans,1
Which restaurants successfully blend different cuisines?,Blaze Pizza,3
Which restaurants successfully blend different cuisines?,1000 Figs,2
Which restaurants successfully blend different cuisines?,Bon Ton Cafe,2
Which restaurants successfully blend different cuisines?,The Rum House,3
Which restaurants successfully blend different cuisines?,The Munch Factory,2
Which restaurants successfully blend different cuisines?,Neyow's Creole Cafe,1
Which restaurants successfully blend different cuisines?,Toups Meatery,2
Which restaurants successfully blend different cuisines?,Dolce Vita Pizzeria,2
Which restaurants successfully blend different cuisines?,Fogo de Chão Brazilian Steakhouse,1
Which restaurants successfully blend different cuisines?,Cochon Butcher,2
Which restaurants successfully blend different cuisines?,Justine,2
Which restaurants successfully blend different cuisines?,Mona Lisa Restaurant,1
Which restaurants successfully blend different cuisines?,Cure,2
Which restaurants successfully blend different cuisines?,Seed,2
Which restaurants successfully blend different cuisines?,Ralph's on the Park,2
Which restaurants successfully blend different cuisines?,St Roch Market,3
Which restaurants successfully blend different cuisines?,Commander's Palace,2
Which restaurants successfully blend different cuisines?,Oceana Grill,2
Which restaurants successfully blend different cuisines?,Doris Metropolitan,2
Which restaurants successfully blend different cuisines?,Huck Finn's Cafe,2
Which restaurants successfully blend different cuisines?,Pho Tau Bay Restaurant,1
Which restaurants successfully blend different cuisines?,Flamingo A-Go-Go,2
Which restaurants successfully blend different cuisines?,Palace Café,2
Which restaurants successfully blend different cuisines?,Cafe Sbisa,2
Which restaurants successfully blend different cuisines?,Tujague's Restaurant,2
Which restaurants successfully blend different cuisines?,Copper Vine,2
Which restaurants successfully blend different cuisines?,Turkey and the Wolf,3
Which restaurants successfully blend different cuisines?,13 Monaghan,2
Which restaurants successfully blend different cuisines?,Another Broken Egg Cafe,2
Which restaurants successfully blend different cuisines?,Heard Dat Kitchen,2
Which restaurants successfully blend different cuisines?,Legacy Kitchen's Craft Tavern,2
Which restaurants successfully blend different cuisines?,The Original French Market Restaurant and Bar,2
Which restaurants successfully blend different cuisines?,Chartres House,2
Which restaurants successfully blend different cuisines?,Red Fish Grill,2
Which restaurants successfully blend different cuisines?,The Irish House,1
Which restaurants successfully blend different cuisines?,The Original Pierre Maspero's,2
Which restaurants successfully blend different cuisines?,Mimi's In The Marigny,3
Which restaurants successfully blend different cuisines?,Pizza Delicious,2
Which restaurants successfully blend different cuisines?,The Halal Guys,2
Which restaurants successfully blend different cuisines?,Pizza Domenica,2
Which restaurants successfully blend different cuisines?,Café at The Square,2
Which restaurants successfully blend different cuisines?,The Grill,0
Which restaurants successfully blend different cuisines?,Lilly's Cafe,2
Which restaurants successfully blend different cuisines?,Evangeline,2
Which restaurants successfully blend different cuisines?,Mandina's Restaurant,2
Which restaurants successfully blend different cuisines?,Houston's Restaurant,2
Which restaurants successfully blend different cuisines?,Apolline Restaurant,2
Which restaurants successfully blend different cuisines?,Fharmacy Nola,3
Which restaurants successfully blend different cuisines?,9 Roses Cafe,2
Which restaurants successfully blend different cuisines?,Bearcat CBD,1
Which restaurants successfully blend different cuisines?,Willie's Chicken Shack,1
Which restaurants successfully blend different cuisines?,Mr. B's Bistro,1
Which restaurants successfully blend different cuisines?,The Court of Two Sisters,2
Which restaurants successfully blend different cuisines?,Toast,2
Which restaurants successfully blend different cuisines?,Two Chicks Cafe,2
Which restaurants successfully blend different cuisines?,HORN'S EATERY,3
Which restaurants successfully blend different cuisines?,Pascal's Manale,1
Which restaurants successfully blend different cuisines?,Welty's Deli and Catering,0
Which restaurants successfully blend different cuisines?,Bearcat Cafe,2
Which restaurants successfully blend different cuisines?,Kebab,2
Which restaurants successfully blend different cuisines?,BOIL Seafood House,2
Which restaurants successfully blend different cuisines?,Brennan's Restaurant,1
Which restaurants successfully blend different cuisines?,The Company Burger,0
Which restaurants successfully blend different cuisines?,Tartine,2
Which restaurants successfully blend different cuisines?,Felix's Restaurant & Oyster Bar,1
Which restaurants successfully blend different cuisines?,Vacherie,2
Which restaurants successfully blend different cuisines?,The Pelican Club,2
Which restaurants successfully blend different cuisines?,Galliano Restaurant,2
Which restaurants successfully blend different cuisines?,The Marigny Brasserie,2
Which restaurants successfully blend different cuisines?,Creole House Restaurant & Oyster Bar,2
Which restaurants successfully blend different cuisines?,Mr John's Steakhouse,1
Which restaurants successfully blend different cuisines?,Fullblast Brunch,2
Which restaurants successfully blend different cuisines?,The Governor,2
Which restaurants successfully blend different cuisines?,Galatoire's 33 Bar & Steak,2
Which restaurants successfully blend different cuisines?,Superior Seafood & Oyster Bar,2
Which restaurants successfully blend different cuisines?,Surrey's Café & Juice Bar,2
Which restaurants successfully blend different cuisines?,Pho Bistreaux,2
Which restaurants successfully blend different cuisines?,Russell's Marina Grill,2
Which restaurants successfully blend different cuisines?,Crescent City Brewhouse,2
Which restaurants successfully blend different cuisines?,Midway Pizza,1
Which restaurants successfully blend different cuisines?,Nonna Mia Cafe & Pizzeria,0
Which restaurants successfully blend different cuisines?,Orleans Grapevine Wine Bar & Bistro,2
Which restaurants successfully blend different cuisines?,Saint Cecilia,2
Which restaurants successfully blend different cuisines?,Arnaud's Restaurant,2
Which restaurants successfully blend different cuisines?,Tableau,2
Which restaurants successfully blend different cuisines?,The Camellia Grill,0
Which restaurants successfully blend different cuisines?,Joey K's Restaurant & Bar,2
Which restaurants successfully blend different cuisines?,Dreamy Weenies,3
Which restaurants successfully blend different cuisines?,Copeland's Cheesecake Bistro,1
Which restaurants successfully blend different cuisines?,Please-U-Restaurant,2
Which restaurants successfully blend different cuisines?,Cafe Maspero,2
Which restaurants successfully blend different cuisines?,Red Gravy,2
Which restaurants successfully blend different cuisines?,The Joint,0
Which restaurants successfully blend different cuisines?,Deanie's Seafood,0
Which restaurants successfully blend different cuisines?,Brennan's,2
Which restaurants successfully blend different cuisines?,Gordon Biersch Brewery Restaurant,1
Which restaurants successfully blend different cuisines?,Cafe Conti,2
Which restaurants successfully blend different cuisines?,Elizabeth's Restaurant,3
Which restaurants successfully blend different cuisines?,Seaworthy,1
Which restaurants successfully blend different cuisines?,Tiki Tolteca,3
Which restaurants successfully blend different cuisines?,Remoulade,2
Which restaurants successfully blend different cuisines?,New Orleans Cake Café & Bakery,2
Which restaurants successfully blend different cuisines?,Crescent City Steak House,0
Which restaurants successfully blend different cuisines?,Liuzza's By The Track,1
Which restaurants successfully blend different cuisines?,Desi Vega's Steakhouse,0
Which restaurants successfully blend different cuisines?,Luke,2
Which restaurants successfully blend different cuisines?,Bakery Bar,1
Which restaurants successfully blend different cuisines?,Cornet,2
Which restaurants successfully blend different cuisines?,Willa Jean,2
Which restaurants successfully blend different cuisines?,Squeal,2
Which restaurants successfully blend different cuisines?,Sweet Soulfood,2
Which restaurants successfully blend different cuisines?,Morrow's,2
Which restaurants successfully blend different cuisines?,Broussard's,2
Which restaurants successfully blend different cuisines?,Union Kitchen & Union Party Room,2
Which restaurants successfully blend different cuisines?,Dickie Brennan's Steakhouse,0
Which restaurants successfully blend different cuisines?,Grand Isle,1
Which restaurants successfully blend different cuisines?,Bayou Hot Wings,2
Which restaurants successfully blend different cuisines?,Faubourg Bistro,2
Which restaurants successfully blend different cuisines?,Slim Goodies Diner,2
Which restaurants successfully blend different cuisines?,Riccobono’s Panola St. Cafe,1
Which restaurants successfully blend different cuisines?,Rib Room,0
Which restaurants successfully blend different cuisines?,Refuel Cafe,1
Which restaurants successfully blend different cuisines?,Warehouse Grille,1
Which restaurants successfully blend different cuisines?,The Vintage,1
Which restaurants successfully blend different cuisines?,Pere Antoine Restaurant,1
Which restaurants successfully blend different cuisines?,Desire Oyster Bar,1
Which restaurants successfully blend different cuisines?,Cafe Pontalba,2
Which restaurants successfully blend different cuisines?,Streetcar Cafe,2
Which restaurants successfully blend different cuisines?,Coulis,2
Which restaurants successfully blend different cuisines?,Down The Hatch,2
Which restaurants successfully blend different cuisines?,Mr Ed's Oyster Bar - Bienville,1
Which restaurants successfully blend different cuisines?,WINO  Wine Institute of New Orleans,0
Which restaurants successfully blend different cuisines?,Casamento's Restaurant,0
Which restaurants successfully blend different cuisines?,Lucy's Retired Surfers Bar & Restaurant,1
Which restaurants successfully blend different cuisines?,The Daily Beet,2
Which restaurants successfully blend different cuisines?,The Old Coffee Pot Restaurant,1
Which restaurants successfully blend different cuisines?,801 Royal,1
Which restaurants successfully blend different cuisines?,G's Pizza,2
Which restaurants successfully blend different cuisines?,Cajun Seafood,1
Which restaurants successfully blend different cuisines?,Antoine's Restaurant,1
Which restaurants successfully blend different cuisines?,Cafe Rose Nicaud,1
Which restaurants successfully blend different cuisines?,Le Bayou Restaurant,1
Which restaurants successfully blend different cuisines?,Li'l Dizzy's Cafe,2
Which restaurants successfully blend different cuisines?,Cafe Fleur De Lis,2
Which restaurants successfully blend different cuisines?,Blue Oak BBQ,2
Which restaurants successfully blend different cuisines?,The Country Club,2
Which restaurants successfully blend different cuisines?,Mulate's,2
Which restaurants successfully blend different cuisines?,Bubba Gump Shrimp Co.,1
Which restaurants successfully blend different cuisines?,Fiorella's Cafe,2
Which restaurants successfully blend different cuisines?,Gus's World Famous Fried Chicken,0
Which restaurants successfully blend different cuisines?,Stein's Market and Deli,2
Which restaurants successfully blend different cuisines?,Sucré,1
Which restaurants successfully blend different cuisines?,Coterie Restaurant & Oyster Bar,2
Which restaurants successfully blend different cuisines?,Bourbon House,1
Which restaurants successfully blend different cuisines?,Clesi's Restaurant & Catering,2
Which restaurants successfully blend different cuisines?,Attiki Bar and Grill,2
Which restaurants successfully blend different cuisines?,Franks Restaurant,1
Which restaurants successfully blend different cuisines?,Buffa's Bar & Restaurant,2
Which restaurants successfully blend different cuisines?,Surrey's Uptown,2
Which restaurants successfully blend different cuisines?,Cafe Envie & Espresso Bar,1
Which restaurants successfully blend different cuisines?,Charcoal's Gourmet Burger Bar,2
Which restaurants successfully blend different cuisines?,Ugly Dog Saloon & BBQ,2
Which restaurants successfully blend different cuisines?,HiVolt Coffee,0
Which restaurants successfully blend different cuisines?,Port Of Call,0
Which restaurants successfully blend different cuisines?,Yo Mama's Bar & Grill,2
Which restaurants successfully blend different cuisines?,Wood Pizza Bistro and Taphouse,2
Which restaurants successfully blend different cuisines?,Majoria's Commerce Restaurant,2
Which restaurants successfully blend different cuisines?,Stanley,2
Which restaurants successfully blend different cuisines?,Tout De Suite Cafe,2
Which restaurants successfully blend different cuisines?,biscuit & buns on banks,2
Which restaurants successfully blend different cuisines?,Killer Poboys,3
Which restaurants successfully blend different cuisines?,Frey Smoked Meat,1
Which restaurants successfully blend different cuisines?,Reginelli's Pizzeria,1
Which restaurants successfully blend different cuisines?,Jimmy J's Cafe,1
Which restaurants successfully blend different cuisines?,Walk-On's Sports Bistreaux - New Orleans,2
Which restaurants successfully blend different cuisines?,Shawarma on the Go,1
Which restaurants successfully blend different cuisines?,Hard Rock Cafe,2
Which restaurants successfully blend different cuisines?,Hobnobber's Variety Bar & Restaurant,2
Which restaurants successfully blend different cuisines?,Ernst Cafe,1
Which restaurants successfully blend different cuisines?,Avery's On Tulane,2
Which restaurants successfully blend different cuisines?,Mid City Pizza,2
Which restaurants successfully blend different cuisines?,Who Dat Coffee Cafe,1
Which restaurants successfully blend different cuisines?,The Crazy Lobster Bar & Grill,0
Which restaurants successfully blend different cuisines?,Central City BBQ,1
Which restaurants successfully blend different cuisines?,The Blue Crab Restaurant & Oyster Bar,1
Which restaurants successfully blend different cuisines?,Mena's Palace,1
Which restaurants successfully blend different cuisines?,Wakin' Bakin',1
Which restaurants successfully blend different cuisines?,Frankie & Johnny's,1
Which restaurants successfully blend different cuisines?,Olde Nola Cookery,2
Which restaurants successfully blend different cuisines?,Drago's Seafood Restaurant,2
Which restaurants successfully blend different cuisines?,Royal House,2
Which restaurants successfully blend different cuisines?,Fat Boy Pantry,2
Which restaurants successfully blend different cuisines?,St Charles Tavern,1
Which restaurants successfully blend different cuisines?,Belle's Diner Nola,2
Which restaurants successfully blend different cuisines?,Gumbo POT,0
Which restaurants successfully blend different cuisines?,Angelo Brocato,0
Which restaurants successfully blend different cuisines?,Piccola Gelateria,0
Which restaurants successfully blend different cuisines?,Seither's Seafood,2
Which restaurants successfully blend different cuisines?,Little Gem Saloon,1
Which restaurants successfully blend different cuisines?,Voodoo BBQ & Grill,2
Which restaurants successfully blend different cuisines?,Ole Saint,2
Which restaurants successfully blend different cuisines?,The Avenue Pub,2
Which restaurants successfully blend different cuisines?,Cafe Beignet on Decatur Street,0
Which restaurants successfully blend different cuisines?,The Market Cafe,2
Which restaurants successfully blend different cuisines?,Ruth's Chris Steak House,0
Which restaurants successfully blend different cuisines?,J's Seafood Dock,1
Which restaurants successfully blend different cuisines?,Backatown Coffee Parlour,1
Which restaurants successfully blend different cuisines?,Liberty Cheesesteaks,0
Which restaurants successfully blend different cuisines?,Ruby Slipper - New Orleans,2
Which restaurants successfully blend different cuisines?,Mother's Restaurant,1
Which restaurants successfully blend different cuisines?,Diamond Street Bar & Grill,1
Which restaurants successfully blend different cuisines?,Napoleon House,2
Which restaurants successfully blend different cuisines?,Merchant,2
Which restaurants successfully blend different cuisines?,The Trolley Stop Cafe,1
Which restaurants successfully blend different cuisines?,Arnaud's French 75 Bar,1
Which restaurants successfully blend different cuisines?,Avenue Cafe,0
Which restaurants successfully blend different cuisines?,Willie Mae's Scotch House,0
Which restaurants successfully blend different cuisines?,P & G Restaurant & Bar,1
Which restaurants successfully blend different cuisines?,Pier 424 Seafood Market,1
Which restaurants successfully blend different cuisines?,Daisy Dukes - French Quarter,1
Which restaurants successfully blend different cuisines?,Estrella Steak & Lobster,1
Which restaurants successfully blend different cuisines?,Cafe Beignet on Royal Street,1
Which restaurants successfully blend different cuisines?,Manning's Sports Bar and Grill,1
Which restaurants successfully blend different cuisines?,Meals From The Heart Cafe,1
Which restaurants successfully blend different cuisines?,Backspace Bar & Kitchen,0
Which restaurants successfully blend different cuisines?,Gallier Restaurant & Oyster Bar,1
Which restaurants successfully blend different cuisines?,The Original Italian Pie,0
Which restaurants successfully blend different cuisines?,Deja Vu Restaurant & Bar,2
Which restaurants successfully blend different cuisines?,World Famous N'awlins Cafe & Spice Emporium,2
Which restaurants successfully blend different cuisines?,Snug Harbor Jazz Bistro,2
Which restaurants successfully blend different cuisines?,Cafe Beignet on Bourbon Street,0
Which restaurants successfully blend different cuisines?,Gazebo Cafe,2
Which restaurants successfully blend different cuisines?,Mahony's Po-Boys & Seafood,1
Which restaurants successfully blend different cuisines?,Magazine Pizza,0
Which restaurants successfully blend different cuisines?,Columns,0
Which restaurants successfully blend different cuisines?,The Backyard,2
Which restaurants successfully blend different cuisines?,Brothers Food Mart,0
Which restaurants successfully blend different cuisines?,Monty's on the Square,1
Which restaurants successfully blend different cuisines?,Mambo's,2
Which restaurants successfully blend different cuisines?,Sazerac Bar,0
Which restaurants successfully blend different cuisines?,Verti Marte,3
Which restaurants successfully blend different cuisines?,District Donuts Sliders Brew,2
Which restaurants successfully blend different cuisines?,Cajun Mike's Pub & Grub,2
Which restaurants successfully blend different cuisines?,Saints And Sinners,1
Which restaurants successfully blend different cuisines?,Crescent City Pizza Works,2
Which restaurants successfully blend different cuisines?,Turtle Bay,1
Which restaurants successfully blend different cuisines?,Mr. Ed's Oyster Bar - St Charles Ave,1
Which restaurants successfully blend different cuisines?,Crabby Jack's,2
Which restaurants successfully blend different cuisines?,Two Chicks Café - CBD,2
Which restaurants successfully blend different cuisines?,French Toast,1
Which restaurants successfully blend different cuisines?,Bayou Burger & Sports Company,1
Which restaurants successfully blend different cuisines?,The Jimani,1
Which restaurants successfully blend different cuisines?,Copper Monkey Grill,2
Which restaurants successfully blend different cuisines?,Parasol's,1
Which restaurants successfully blend different cuisines?,Central Grocery & Deli,1
Which restaurants successfully blend different cuisines?,Corner Oyster House,0
Which restaurants successfully blend different cuisines?,New Orleans Famous Beignets And Coffee,2
Which restaurants successfully blend different cuisines?,Bevi Seafood,0
Which restaurants successfully blend different cuisines?,Envie Espresso Bar & Cafe,1
Which restaurants successfully blend different cuisines?,Tru Burger,2
Which restaurants successfully blend different cuisines?,Clover Grill,0
Which restaurants successfully blend different cuisines?,Acme Oyster House,1
Which restaurants successfully blend different cuisines?,Cooter Brown's,1
Which restaurants successfully blend different cuisines?,Gumbo Ya-Ya,2
Which restaurants successfully blend different cuisines?,The Blind Pelican,0
Which restaurants successfully blend different cuisines?,Daisy Dukes Cafe,1
Which restaurants successfully blend different cuisines?,Revelator Coffee New Orleans,0
Which restaurants successfully blend different cuisines?,Guy's Po Boys,1
Which restaurants successfully blend different cuisines?,Morning Call Coffee Stand,1
Which restaurants successfully blend different cuisines?,Tracey's Original Irish Channel Bar,1
Which restaurants successfully blend different cuisines?,Acme Oyster House - Harrahs,0
Which restaurants successfully blend different cuisines?,The Howlin' Wolf,1
Which restaurants successfully blend different cuisines?,House of Blues New Orleans,1
Which restaurants successfully blend different cuisines?,The Maison,2
Which restaurants successfully blend different cuisines?,We Dat's Chicken and Shrimp,1
Which restaurants successfully blend different cuisines?,Café Du Monde,0
Which restaurants successfully blend different cuisines?,Domilise Po-Boys & Bar,0
Which restaurants successfully blend different cuisines?,Cafe Negril,2
Which restaurants successfully blend different cuisines?,Croissant D'Or Patisserie,0
Which restaurants successfully blend different cuisines?,NOLA Poboys,1
Which restaurants successfully blend different cuisines?,Breads on Oak Cafe & Bakery,0
Which restaurants successfully blend different cuisines?,Daisy Mae's Southern Fried Chicken & Breakfast,1
Which restaurants successfully blend different cuisines?,Pat O'Brien's Courtyard Restaurant,2
Which restaurants successfully blend different cuisines?,Le Pavillon Hotel,0
Which restaurants successfully blend different cuisines?,Mahony's Po-Boys & Seafood  - Uptown,2
Which restaurants successfully blend different cuisines?,Krystal,0
Which restaurants successfully blend different cuisines?,French Truck Coffee,0
Which restaurants successfully blend different cuisines?,Mojo Coffee House,0
Which restaurants successfully blend different cuisines?,Gene's PO-Boys,1
Which restaurants successfully blend different cuisines?,"The Ritz-Carlton, New Orleans",1
Which restaurants successfully blend different cuisines?,Pat O'Brien’s,1
Which restaurants successfully blend different cuisines?,Melba's,2
Which restaurants successfully blend different cuisines?,Daisy Dukes Express,1
Which restaurants successfully blend different cuisines?,Parkway Bakery & Tavern,1
Which restaurants successfully blend different cuisines?,Bittersweet Confections,0
Which restaurants successfully blend different cuisines?,Rue De La Course,0
Which restaurants successfully blend different cuisines?,La Boulangerie,0
Which restaurants successfully blend different cuisines?,Barcadia,1
Which restaurants successfully blend different cuisines?,Johnny's Po-Boys,1
Which restaurants successfully blend different cuisines?,Steamboat Natchez,1
Which restaurants successfully blend different cuisines?,Windsor Court Hotel,1
Which restaurants successfully blend different cuisines?,Vieux Carre Pizza,0
Which restaurants successfully blend different cuisines?,BB King's Blues Club,0
Which restaurants successfully blend different cuisines?,Three Legged Dog,0
Which restaurants successfully blend different cuisines?,The Bulldog,0
Which restaurants successfully blend different cuisines?,IHOP,0
Which restaurants successfully blend different cuisines?,Hot Tin,0
Which restaurants successfully blend different cuisines?,30_90 NOLA,2
Which restaurants successfully blend different cuisines?,New Orleans Marriott,1
Which restaurants successfully blend different cuisines?,Embassy Suites by Hilton New Orleans,1
Which restaurants successfully blend different cuisines?,Pirates Alley Cafe,0
Which restaurants successfully blend different cuisines?,The Rusty Nail,2
Which restaurants successfully blend different cuisines?,W New Orleans - French Quarter,2
Which restaurants successfully blend different cuisines?,The Jazz Playhouse,1
Which restaurants successfully blend different cuisines?,Holy Crepes!,2
Which restaurants successfully blend different cuisines?,Hilton New Orleans Riverside,1
Which restaurants successfully blend different cuisines?,Old Absinthe House,0
Which restaurants successfully blend different cuisines?,Bamboula's,0
Which restaurants successfully blend different cuisines?,Hotel New Orleans Downtown,1
Which restaurants successfully blend different cuisines?,The Old No 77 Hotel and Chandlery,2
Which restaurants successfully blend different cuisines?,The American Sports Saloon,0
Which restaurants successfully blend different cuisines?,Sheraton New Orleans Hotel,1
Which restaurants successfully blend different cuisines?,Royal Sonesta New Orleans,1
Which restaurants successfully blend different cuisines?,Dave & Buster's,0
Which restaurants successfully blend different cuisines?,Fritzel's European Jazz Pub,0
Which restaurants successfully blend different cuisines?,Paddlewheeler Creole Queen,0
Which restaurants successfully blend different cuisines?,French Quarter Phantoms,0
